date,equity,openLeapsValue,shortCallLiability,availableCash,openContracts,qqqAdjClose,qqqRsi,qqqIv,vixClose,vixMean,vixStd
2021-08-13,20000,0,0,20000,0,357.935913,62.718432,0.257756,15.45,18.093755,7.307586
2021-08-16,20000,0,0,20000,0,358.091187,62.990945,0.257741,16.120001,18.09308,7.306427
2021-08-17,20000,0,0,20000,0,354.937103,54.307147,0.257723,17.91,18.093018,7.305179
2021-08-18,20000,0,0,20000,0,351.520935,46.784296,0.257847,21.57,18.094206,7.304213
2021-08-19,20000,0,0,20000,0,353.219299,50.45856,0.257713,21.67,18.095427,7.303265
2021-08-20,20000,0,0,20000,0,356.878052,57.298612,0.2575,18.559999,18.095586,7.302022
2021-08-23,20000,0,0,20000,0,362.215759,64.910241,0.257935,17.15,18.095263,7.300797
2021-08-24,20000,0,0,20000,0,363.322144,66.253026,0.257873,17.219999,18.094964,7.299569
2021-08-25,20000,0,0,20000,0,363.73938,66.769471,0.257746,16.790001,18.094519,7.298363
2021-08-26,20000,0,0,20000,0,361.429626,61.187117,0.256767,18.84,18.094773,7.297131
2021-08-27,20000,0,0,20000,0,364.942749,65.862181,0.256931,16.389999,18.094192,7.295955
2021-08-30,20000,0,0,20000,0,369.0383,70.346453,0.257173,16.190001,18.093543,7.294796
2021-08-31,20000,0,0,20000,0,368.737396,69.622839,0.257046,16.48,18.092994,7.293614
2021-09-01,20000,0,0,20000,0,369.348816,70.291556,0.256331,16.110001,18.092319,7.292464
2021-09-02,20000,0,0,20000,0,369.174133,69.818664,0.256133,16.41,18.091746,7.291288
2021-09-03,20000,0,0,20000,0,370.309601,71.176104,0.248072,16.41,18.091174,7.290113
2021-09-07,20000,0,0,20000,0,370.833649,71.806356,0.247451,18.139999,18.09119,7.288873
2021-09-08,20000,0,0,20000,0,369.542877,67.86993,0.239939,17.959999,18.091146,7.287634
2021-09-09,20000,0,0,20000,0,368.271576,64.140395,0.237697,18.799999,18.091387,7.286406
2021-09-10,20000,0,0,20000,0,365.476593,56.756157,0.23654,20.950001,18.092358,7.285359
2021-09-13,20000,0,0,20000,0,365.224213,56.127791,0.236342,19.370001,18.092792,7.284159
2021-09-14,20000,0,0,20000,0,364.185822,53.503152,0.235613,19.459999,18.093256,7.282965
2021-09-15,20000,0,0,20000,0,366.893494,58.900143,0.235224,18.18,18.093286,7.281729
2021-09-16,20000,0,0,20000,0,367.145782,59.373322,0.2343,18.690001,18.093488,7.280501
2021-09-17,20000,0,0,20000,0,362.797974,48.920496,0.233942,20.809999,18.09441,7.279438
2021-09-20,20000,0,0,20000,0,355.301331,36.868082,0.234841,25.709999,18.096992,7.279554
2021-09-21,20000,0,0,20000,0,355.738678,37.830372,0.234837,24.360001,18.099115,7.279233
2021-09-22,20000,0,0,20000,0,359.061401,44.723971,0.234129,20.870001,18.100054,7.278178
2021-09-23,20000,0,0,20000,0,362.374451,50.605191,0.231076,18.629999,18.100234,7.276951
2021-09-24,20000,0,0,20000,0,362.714478,51.179314,0.231043,17.75,18.100115,7.275721
2021-09-27,20000,0,0,20000,0,359.819244,46.249964,0.229843,18.76,18.100339,7.274499
2021-09-28,20000,0,0,20000,0,349.637177,33.888194,0.231458,23.25,18.102081,7.273885
2021-09-29,20000,0,0,20000,0,349.063995,33.347841,0.231383,22.559999,18.103589,7.273116
2021-09-30,20000,0,0,20000,0,347.781464,32.11393,0.231349,23.139999,18.105293,7.272476
2021-10-01,20000,0,0,20000,0,349.938354,36.377481,0.230753,21.1,18.106305,7.271454
2021-10-04,20000,0,0,20000,0,342.593414,29.567446,0.229563,22.959999,18.107945,7.270773
2021-10-05,20000,0,0,20000,0,347.218018,37.500885,0.228774,21.299999,18.109024,7.269781
2021-10-06,20000,0,0,20000,0,349.442902,40.947134,0.227716,21,18.11,7.268747
2021-10-07,20000,0,0,20000,0,352.648987,45.602008,0.227101,19.540001,18.110483,7.267567
2021-10-08,20000,0,0,20000,0,350.890442,43.573162,0.227158,18.77,18.110705,7.26635
2021-10-11,20000,0,0,20000,0,348.19928,40.59653,0.226755,20,18.111343,7.265206
2021-10-12,20000,0,0,20000,0,346.984894,39.292123,0.224015,19.85,18.111929,7.264051
2021-10-13,20000,0,0,20000,0,349.763519,43.745975,0.224179,18.639999,18.112107,7.262832
2021-10-14,20000,0,0,20000,0,356.204956,52.454381,0.224875,16.860001,18.111685,7.261644
2021-10-15,20000,0,0,20000,0,358.44928,55.06451,0.224777,16.299999,18.111075,7.260497
2021-10-18,20000,0,0,20000,0,362.053802,58.961178,0.224901,16.309999,18.110468,7.259349
2021-10-19,20000,0,0,20000,0,364.793518,61.681116,0.224044,15.7,18.109657,7.258261
2021-10-20,20000,0,0,20000,0,364.317535,60.925616,0.22406,15.49,18.108775,7.257198
2021-10-21,20000,0,0,20000,0,366.542419,63.194912,0.224127,15.01,18.107732,7.256199
2021-10-22,20000,0,0,20000,0,363.462616,58.159661,0.224418,15.43,18.106831,7.255144
2021-10-25,20000,0,0,20000,0,367.183655,62.089907,0.22468,15.24,18.105868,7.254115
2021-10-26,20000,0,0,20000,0,368.339813,63.245159,0.223837,15.98,18.105153,7.253
2021-10-27,20000,0,0,20000,0,369.194763,64.115985,0.223701,16.98,18.104775,7.25181
2021-10-28,20000,0,0,20000,0,373.294769,68.028115,0.218499,16.530001,18.104246,7.250649
2021-10-29,20000,0,0,20000,0,375.131012,69.625297,0.217696,16.26,18.103627,7.24951
2021-11-01,20000,0,0,20000,0,376.413513,70.725294,0.215258,16.41,18.103058,7.248359
2021-11-02,20000,0,0,20000,0,377.987427,72.06243,0.215281,16.030001,18.102362,7.247242
2021-11-03,20000,0,0,20000,0,382.000031,75.17553,0.214731,15.1,18.101355,7.246234
2021-11-04,20000,0,0,20000,0,386.896729,78.346514,0.209071,15.44,18.100463,7.245183
2021-11-05,20000,0,0,20000,0,387.2659,78.568779,0.206991,16.48,18.09992,7.244029
2021-11-08,20000,0,0,20000,0,386.741272,77.353625,0.207014,17.219999,18.099625,7.242832
2021-11-09,20000,0,0,20000,0,384.079285,71.325716,0.205568,17.780001,18.099518,7.241621
2021-11-10,20000,0,0,20000,0,378.434387,60.550236,0.20516,18.73,18.099729,7.240417
2021-11-11,20000,0,0,20000,0,379.483643,61.708229,0.203626,17.66,18.099582,7.239209
2021-11-12,20000,0,0,20000,0,383.476837,65.82024,0.203803,16.290001,18.098976,7.238073
2021-11-15,20000,0,0,20000,0,383.389404,65.653995,0.203612,16.49,18.098438,7.236921
2021-11-16,20000,0,0,20000,0,386.119537,68.34278,0.203583,16.370001,18.09786,7.23578
2021-11-17,20000,0,0,20000,0,386.323486,68.540909,0.203515,17.110001,18.097529,7.234592
2021-11-18,20000,0,0,20000,0,390.326324,72.21625,0.203536,17.59,18.09736,7.233388
2021-11-19,20000,0,0,20000,0,392.502625,73.995111,0.203451,17.91,18.097297,7.23218
2021-11-22,20000,0,0,20000,0,387.945984,64.660414,0.203812,19.17,18.097655,7.230999
2021-11-23,20000,0,0,20000,0,386.177765,61.42225,0.203928,19.379999,18.098083,7.229829
2021-11-24,20000,0,0,20000,0,387.421417,62.832109,0.203368,18.58,18.098244,7.228627
2021-11-26,20000,0,0,20000,0,380.076355,50.981674,0.204743,28.620001,18.101755,7.229976
2021-11-29,20000,0,0,20000,0,388.324951,60.085989,0.20597,22.959999,18.103376,7.229314
2021-11-30,20000,0,0,20000,0,382.621796,52.785923,0.206857,27.190001,18.106405,7.230012
2021-12-01,20000,0,0,20000,0,376.112366,45.927301,0.207537,31.120001,18.110743,7.232711
2021-12-02,20000,0,0,20000,0,378.823059,48.904601,0.207669,27.950001,18.114022,7.233735
2021-12-03,20000,0,0,20000,0,372.235809,42.745176,0.208859,30.67,18.118205,7.236159
2021-12-06,20000,0,0,20000,0,375.218597,46.058159,0.208996,27.18,18.121222,7.236844
2021-12-07,20000,0,0,20000,0,386.517731,56.359701,0.211746,21.889999,18.122477,7.235965
2021-12-08,20000,0,0,20000,0,388.247253,57.691593,0.211768,19.9,18.123068,7.234833
2021-12-09,20000,0,0,20000,0,382.534393,52.041647,0.210666,21.58,18.124218,7.233904
2021-12-10,20000,0,0,20000,0,386.692688,55.460814,0.210961,18.690001,18.124406,7.232708
2021-12-13,20000,0,0,20000,0,381.106171,50.274981,0.21176,20.309999,18.125133,7.231615
2021-12-14,20000,0,0,20000,0,377.161652,46.937707,0.212074,21.889999,18.126384,7.230739
2021-12-15,20000,0,0,20000,0,385.759979,54.091518,0.213334,19.290001,18.126771,7.229569
2021-12-16,20000,0,0,20000,0,375.840363,46.331031,0.215727,20.57,18.127582,7.228505
2021-12-17,20000,0,0,20000,0,373.965179,45.016223,0.215737,21.57,18.128725,7.227576
2021-12-20,20000,0,0,20000,0,370.337616,42.503355,0.216063,22.870001,18.130299,7.226893
2021-12-21,20000,0,0,20000,0,378.625885,49.446908,0.217543,21.01,18.131254,7.225884
2021-12-22,20000,0,0,20000,0,383.23703,52.857879,0.217945,18.629999,18.13142,7.224691
2021-12-23,20000,0,0,20000,0,386.126221,54.910722,0.217965,17.959999,18.131363,7.223493
2021-12-27,20000,0,0,20000,0,392.507813,59.142791,0.218707,17.68,18.131213,7.2223
2021-12-28,20000,0,0,20000,0,390.68866,57.486376,0.218547,17.540001,18.131017,7.221111
2021-12-29,20000,0,0,20000,0,390.63031,57.430816,0.218551,16.950001,18.130626,7.219947
2021-12-30,20000,0,0,20000,0,389.463013,56.259365,0.218601,17.33,18.130361,7.218765
2021-12-31,20000,0,0,20000,0,387.030945,53.797198,0.218767,17.219999,18.13006,7.217589
2022-01-03,20000,0,0,20000,0,390.756775,56.908528,0.218243,16.6,18.129553,7.216448
2022-01-04,20000,0,0,20000,0,385.688507,51.798576,0.218726,16.91,18.12915,7.215288
2022-01-05,20000,0,0,20000,0,373.839722,42.247731,0.221392,19.73,18.129679,7.214153
2022-01-06,20000,0,0,20000,0,373.576996,42.062535,0.219658,19.610001,18.130169,7.213011
2022-01-07,20000,0,0,20000,0,369.530121,39.211241,0.21963,18.76,18.130377,7.211827
2022-01-10,20000,0,0,20000,0,369.773315,39.476755,0.218858,19.4,18.130796,7.210673
2022-01-11,20000,0,0,20000,0,375.328156,45.348518,0.219495,18.41,18.130888,7.209483
2022-01-12,20000,0,0,20000,0,376.816528,46.83679,0.219413,17.620001,18.13072,7.208299
2022-01-13,20000,0,0,20000,0,367.389923,39.500004,0.221526,20.309999,18.131439,7.207217
2022-01-14,20000,0,0,20000,0,369.676056,41.87789,0.221374,19.190001,18.131788,7.206054
2022-01-18,20000,0,0,20000,0,360.473297,35.781229,0.222946,22.790001,18.133325,7.205362
2022-01-19,20000,0,0,20000,0,356.514038,33.520257,0.221752,23.85,18.135209,7.204921
2022-01-20,20000,6184.61026,0,13815.38974,1,351.883514,31.049155,0.222166,25.59,18.137666,7.205004
2022-01-21,19371.468016,5556.078276,0,13815.38974,1,342.126221,26.599374,0.224758,28.85,18.141196,7.206441
2022-01-24,19461.316451,5645.926711,0,13815.38974,1,343.692383,28.37378,0.224615,29.9,18.145069,7.208413
2022-01-25,18962.750478,5147.360738,0,13815.38974,1,335.725128,25.055501,0.226414,31.16,18.149355,7.211094
2022-01-26,18880.483406,5065.093666,0,13815.38974,1,335.199799,24.849146,0.223809,31.959999,18.153901,7.21426
2022-01-27,18665.713289,4850.323549,0,13815.38974,1,331.824188,23.509295,0.224057,30.49,18.15796,7.216542
2022-01-28,19362.329162,5546.939421,0,13815.38974,1,342.233124,35.125355,0.22555,27.66,18.161086,7.217413
2022-01-31,20119.838377,6304.448637,0,13815.38974,1,353.177246,44.643982,0.22675,24.83,18.163279,7.217239
2022-02-01,20274.557045,6459.167304,0,13815.38974,1,355.580078,46.499993,0.226089,21.959999,18.164527,7.216381
2022-02-02,20478.987142,6663.597401,0,13815.38974,1,358.469391,48.726206,0.226211,22.09,18.165817,7.215545
2022-02-03,19547.610373,5732.220633,0,13815.38974,1,343.935638,39.763057,0.23132,24.35,18.167848,7.21523
2022-02-04,19845.065985,6029.676245,0,13815.38974,1,348.274353,43.126441,0.231757,23.219999,18.169507,7.214626
2022-02-07,19642.655208,5827.265468,0,13815.38974,1,345.472717,41.514502,0.231849,22.860001,18.171047,7.213942
2022-02-08,19909.413873,6094.024132,0,13815.38974,1,349.354126,44.603716,0.232217,21.440001,18.17212,7.213001
2022-02-09,20445.017666,6629.627926,0,13815.38974,1,356.757233,50.025673,0.233514,19.959999,18.172707,7.21189
2022-02-10,19902.317595,6086.927854,0,13815.38974,1,348.682953,44.867651,0.235099,23.91,18.174588,7.211455
2022-02-11,19212.006738,5396.616997,0,13815.38974,1,337.622162,38.943899,0.238228,27.360001,18.1776,7.21219
2022-02-14,19225.589825,5410.200085,0,13815.38974,1,338.040405,39.270406,0.238207,28.33,18.180928,7.21335
2022-02-15,19807.693558,5992.303817,0,13815.38974,1,346.445435,45.569778,0.239923,25.700001,18.183391,7.213452
2022-02-16,19796.200734,5980.810994,0,13815.38974,1,346.35788,45.516813,0.239858,24.290001,18.185391,7.213117
2022-02-17,19157.242453,5341.852713,0,13815.38974,1,336.055908,39.673691,0.24257,28.110001,18.188641,7.214171
2022-02-18,18880.860969,5065.471228,0,13815.38974,1,332.223053,37.732894,0.240882,27.75,18.191771,7.215064
2022-02-22,18660.303361,4844.913621,0,13815.38974,1,328.886292,36.07823,0.241171,28.809999,18.195245,7.21644
2022-02-23,18180.13233,10388.427146,0,7791.705184,2,320.461823,32.234816,0.243011,31.02,18.199441,7.218986
2022-02-24,19577.00258,11785.297396,0,7791.705184,2,331.230743,40.90167,0.242425,30.32,18.203404,7.221133
2022-02-25,20294.36196,12502.656775,0,7791.705184,2,336.367218,44.544801,0.243053,27.59,18.206473,7.221946
2022-02-28,20329.025833,12537.320649,0,7791.705184,2,337.369171,45.253759,0.240508,30.15,18.210376,7.223993
2022-03-01,19604.422801,11812.717616,0,7791.705184,2,332.203522,42.254502,0.240437,33.32,18.215312,7.227974
2022-03-02,20308.219466,12516.514282,0,7791.705184,2,337.777679,46.383958,0.238547,30.74,18.219402,7.230337
2022-03-03,19624.362481,11832.657296,0,7791.705184,2,332.952606,43.485115,0.238343,30.48,18.223405,7.232549
2022-03-04,18963.758537,11172.053353,0,7791.705184,2,328.127594,40.74298,0.238388,31.98,18.227895,7.235638
2022-03-07,17427.800348,15524.858611,0,1902.941737,3,316.025848,34.813342,0.240181,36.450001,18.23384,7.241941
2022-03-08,16924.696951,15021.755214,0,1902.941737,3,314.556885,34.163385,0.235767,35.130001,18.239351,7.247186
2022-03-09,19344.701327,17441.759589,0,1902.941737,3,325.880371,42.997905,0.239491,32.450001,18.243984,7.250546
2022-03-10,18543.154875,16640.213138,0,1902.941737,3,322.261505,41.09975,0.238351,30.23,18.247891,7.252593
2022-03-11,17259.452653,15356.510916,0,1902.941737,3,315.578308,37.782547,0.239491,30.75,18.251965,7.254922
2022-03-14,16101.723257,14198.781519,0,1902.941737,3,309.517761,35.022054,0.240296,31.77,18.256368,7.257841
2022-03-15,18091.321058,16188.379321,0,1902.941737,3,319.226379,42.295429,0.243051,29.83,18.260137,7.259664
2022-03-16,20670.988583,18768.046846,0,1902.941737,3,331.06543,49.690823,0.24688,26.67,18.262874,7.260068
2022-03-17,21393.302245,19490.360508,0,1902.941737,3,335.073364,51.936538,0.244376,25.67,18.265285,7.260116
2022-03-18,22917.878079,21014.936342,0,1902.941737,3,341.931641,55.589709,0.245507,23.870001,18.267108,7.259638
2022-03-21,22628.967899,20726.026162,0,1902.941737,3,340.980957,54.966039,0.244566,23.530001,18.26882,7.259078
2022-03-22,24146.894755,22243.953018,0,1902.941737,3,347.68222,58.500393,0.245565,22.940001,18.270338,7.258386
2022-03-23,23011.266928,21108.325191,0,1902.941737,3,342.685516,55.032236,0.245323,23.57,18.27206,7.257835
2022-03-24,24759.756915,22856.815178,0,1902.941737,3,350.302307,59.020465,0.246658,21.67,18.273164,7.256914
2022-03-25,24654.840991,22751.899253,0,1902.941737,3,350.010162,58.805036,0.246062,20.809999,18.273988,7.255879
2022-03-28,25881.63759,23978.695853,0,1902.941737,3,355.425537,61.60283,0.246702,19.629999,18.274429,7.254742
2022-03-29,27323.327115,25420.385378,0,1902.941737,3,361.542328,64.532894,0.247397,18.9,18.274632,7.253573
2022-03-30,26367.536707,24464.59497,0,1902.941737,3,357.54895,61.246924,0.24718,19.33,18.274974,7.25242
2022-03-31,25320.005752,23417.064015,0,1902.941737,3,353.117188,57.733495,0.246888,20.559999,18.275715,7.25136
2022-04-01,25107.172395,23204.230658,0,1902.941737,3,352.44516,57.197673,0.245804,19.629999,18.276154,7.250225
2022-04-04,26795.811529,24892.869792,0,1902.941737,3,359.701447,61.366975,0.24697,18.57,18.27625,7.249052
2022-04-05,25002.595589,23099.653852,0,1902.941737,3,351.7146,55.014817,0.248483,21.030001,18.277142,7.248046
2022-04-06,23325.226409,21422.284672,0,1902.941737,3,344.07843,49.716125,0.249624,22.1,18.27838,7.247198
2022-04-07,23489.568801,21586.627064,0,1902.941737,3,344.896576,50.268785,0.249539,21.549999,18.27944,7.246264
2022-04-08,22442.630756,20539.689019,0,1902.941737,3,340.075165,46.991059,0.250122,21.16,18.280372,7.245276
2022-04-11,20739.636866,18836.695128,0,1902.941737,3,332.029877,42.062485,0.251405,24.370001,18.282343,7.244931
2022-04-12,20416.209929,18513.268192,0,1902.941737,3,330.627289,41.250206,0.251035,24.26,18.284277,7.244556
2022-04-13,21849.67252,19946.730782,0,1902.941737,3,337.348053,46.574168,0.251547,21.82,18.28542,7.243664
2022-04-14,20274.574008,18371.632271,0,1902.941737,3,329.633759,41.882537,0.25308,22.700001,18.286848,7.242927
2022-04-18,20263.42981,18360.488073,0,1902.941737,3,329.887054,42.088818,0.25284,22.17,18.288103,7.242093
2022-04-19,21862.129552,19959.187815,0,1902.941737,3,337.260345,47.887279,0.254069,21.370001,18.289099,7.241134
2022-04-20,20822.946014,18920.004277,0,1902.941737,3,332.341553,44.673734,0.254487,20.32,18.289755,7.240056
2022-04-21,19425.063757,17522.12202,0,1902.941737,3,325.465027,40.574414,0.255311,22.68,18.291172,7.239317
2022-04-22,17784.703721,15881.761984,0,1902.941737,3,316.942383,36.147258,0.256841,28.209999,18.294374,7.240341
2022-04-25,18561.105512,16658.163775,0,1902.941737,3,321.013824,39.541098,0.257186,27.02,18.297189,7.240869
2022-04-26,16398.862004,14495.920267,0,1902.941737,3,308.897186,33.785836,0.261225,33.52,18.3021,7.244862
2022-04-27,16315.830721,14412.888984,0,1902.941737,3,308.527039,33.624826,0.2612,31.6,18.306388,7.247628
2022-04-28,18549.106012,16646.164274,0,1902.941737,3,319.484619,42.379162,0.264547,29.99,18.310155,7.249495
2022-04-29,16062.008051,14159.066313,0,1902.941737,3,305.108307,35.722237,0.270118,33.400002,18.315018,7.253387
2022-05-02,16992.78768,15089.845943,0,1902.941737,3,310.202393,39.357231,0.270803,32.34,18.319536,7.256586
2022-05-03,17002.56384,15099.622102,0,1902.941737,3,310.533569,39.596389,0.26994,29.25,18.323056,7.258068
2022-05-04,19145.466209,17242.524472,0,1902.941737,3,321.033356,46.764603,0.272865,25.42,18.325341,7.258016
2022-05-05,16364.066351,14461.124614,0,1902.941737,3,304.864777,39.074716,0.279676,31.200001,18.329485,7.260523
2022-05-06,15701.315597,13798.373859,0,1902.941737,3,301.212219,37.571667,0.279857,30.190001,18.333301,7.262471
2022-05-09,13744.178296,11841.236559,0,1902.941737,3,289.426697,33.141808,0.282248,34.75,18.338582,7.267269
2022-05-10,14335.234723,12432.292986,0,1902.941737,3,292.942932,35.582143,0.282638,32.990002,18.343293,7.270848
2022-05-11,12920.037116,11017.095379,0,1902.941737,3,284.254791,32.432186,0.283191,32.560001,18.347862,7.274146
2022-05-12,12793.744751,10890.803014,0,1902.941737,3,283.582642,32.194731,0.283037,31.77,18.352175,7.276956
2022-05-13,14602.509233,12699.567496,0,1902.941737,3,294.092255,39.636631,0.285217,28.870001,18.355554,7.278228
2022-05-16,13998.422271,12095.480533,0,1902.941737,3,290.683228,38.173086,0.285459,27.469999,18.358481,7.278892
2022-05-17,15338.087527,13435.14579,0,1902.941737,3,298.21228,43.164501,0.287035,26.1,18.360966,7.279045
2022-05-18,13149.241862,11246.300125,0,1902.941737,3,283.572998,36.922777,0.29327,30.959999,18.36501,7.281375
2022-05-19,12857.747466,10954.805728,0,1902.941737,3,282.053497,36.335458,0.292383,29.35,18.368534,7.282865
2022-05-20,12705.04141,10802.099673,0,1902.941737,3,281.176758,35.979832,0.292336,29.43,18.372081,7.284391
2022-05-23,13406.951267,11504.009529,0,1902.941737,3,285.852173,39.386771,0.29232,28.48,18.375322,7.285471
2022-05-24,12478.647139,10575.705402,0,1902.941737,3,279.774231,36.655834,0.293397,29.450001,18.378872,7.287001
2022-05-25,13099.299948,11196.358211,0,1902.941737,3,283.68985,39.563147,0.293871,28.370001,18.382073,7.288028
2022-05-26,14450.197481,12547.255744,0,1902.941737,3,291.550049,45.018462,0.295739,27.5,18.384994,7.288687
2022-05-27,16191.757476,14288.815739,0,1902.941737,3,301.066101,50.807721,0.298274,25.719999,18.387342,7.288702
2022-05-31,15991.686469,14088.744732,0,1902.941737,3,300.267456,50.328756,0.298265,26.190001,18.38984,7.288871
2022-06-01,15591.591835,13688.650098,0,1902.941737,3,298.046692,48.946993,0.298375,25.690001,18.392176,7.288875
2022-06-02,17103.998298,15201.056561,0,1902.941737,3,306.208893,53.951095,0.29992,24.719999,18.3942,7.288587
2022-06-03,15704.140038,13801.198301,0,1902.941737,3,298.241486,48.911346,0.300857,24.790001,18.396246,7.288319
2022-06-06,15834.911029,13931.969292,0,1902.941737,3,299.234955,49.544255,0.300863,25.07,18.398379,7.28813
2022-06-07,16285.626694,14382.684957,0,1902.941737,3,301.816071,51.234567,0.301052,24.02,18.400176,7.287658
2022-06-08,15890.732035,13987.790298,0,1902.941737,3,299.644073,49.724949,0.301166,23.959999,18.401952,7.287171
2022-06-09,14557.051719,12654.109982,0,1902.941737,3,291.618286,44.506512,0.302599,26.09,18.404408,7.287302
2022-06-10,12996.368772,11093.427035,0,1902.941737,3,281.332733,38.875723,0.305544,27.75,18.407391,7.288052
2022-06-13,11194.07435,9291.132613,0,1902.941737,3,268.25174,33.13428,0.310448,34.02,18.412375,7.292225
2022-06-14,11248.096044,9345.154306,0,1902.941737,3,268.7388,33.527929,0.310389,32.689999,18.41693,7.29552
2022-06-15,12280.746,10377.804263,0,1902.941737,3,275.449677,38.868087,0.311874,29.620001,18.420504,7.2971
2022-06-16,10789.091872,8886.150135,0,1902.941737,3,264.336212,33.997152,0.315211,32.950001,18.425137,7.300548
2022-06-17,11238.554497,9335.61276,0,1902.941737,3,267.550476,36.47668,0.315486,31.129999,18.429187,7.302907
2022-06-21,12226.330322,10323.388585,0,1902.941737,3,274.30069,41.451136,0.316888,30.190001,18.432935,7.304761
2022-06-22,12143.231019,10240.289282,0,1902.941737,3,273.900604,41.244977,0.316657,28.950001,18.436285,7.306009
2022-06-23,12769.952082,10867.010345,0,1902.941737,3,277.979736,44.287403,0.317207,29.049999,18.439666,7.3073
2022-06-24,14377.339924,12474.398187,0,1902.941737,3,287.504364,50.70592,0.319786,27.23,18.442464,7.30782
2022-06-27,13992.943716,12090.001979,0,1902.941737,3,285.396454,49.350841,0.319886,26.950001,18.445172,7.308233
2022-06-28,12678.090225,10775.148488,0,1902.941737,3,276.701385,44.113799,0.321565,28.360001,18.448326,7.30921
2022-06-29,12700.953984,10798.012247,0,1902.941737,3,276.955017,44.29948,0.321527,28.16,18.451415,7.310099
2022-06-30,12179.592958,10276.651221,0,1902.941737,3,273.519958,42.25198,0.321828,28.709999,18.454677,7.311225
2022-07-01,12441.298318,10538.356581,0,1902.941737,3,275.325378,43.72421,0.32195,26.700001,18.457298,7.311541
2022-07-05,13122.323402,11219.381665,0,1902.941737,3,280.038849,47.488152,0.322326,27.540001,18.460184,7.312171
2022-07-06,13391.816168,11488.87443,0,1902.941737,3,281.834503,48.890606,0.322384,26.73,18.462811,7.312495
2022-07-07,14392.176391,12489.234654,0,1902.941737,3,287.865356,53.392808,0.323447,26.08,18.46523,7.312593
2022-07-08,14434.143816,12531.202079,0,1902.941737,3,288.22644,53.656036,0.323394,24.639999,18.46719,7.31226
2022-07-11,13429.745516,11526.803778,0,1902.941737,3,282.068695,48.61366,0.324248,26.17,18.469635,7.312387
2022-07-12,12991.879976,11088.938239,0,1902.941737,3,279.336182,46.524262,0.324372,27.290001,18.472433,7.312914
2022-07-13,12888.01994,10985.078203,0,1902.941737,3,278.760437,46.074917,0.324373,26.82,18.475081,7.313265
2022-07-14,13028.560375,11125.618638,0,1902.941737,3,279.755859,47.027522,0.324401,26.4,18.477594,7.313467
2022-07-15,13844.602794,11941.661057,0,1902.941737,3,284.830414,51.710773,0.325107,24.23,18.479417,7.313024
2022-07-18,13415.111376,11512.169638,0,1902.941737,3,282.419983,49.473341,0.325119,25.299999,18.481578,7.312873
2022-07-19,14895.446249,12992.504512,0,1902.941737,3,291.105377,56.737137,0.327129,24.5,18.483484,7.312499
2022-07-20,15674.069597,13771.127859,0,1902.941737,3,295.721222,60.026148,0.327393,23.879999,18.485193,7.311971
2022-07-21,16411.376166,14508.434429,0,1902.941737,3,299.966339,62.825266,0.327729,23.110001,18.486657,7.311277
2022-07-22,15503.504144,13600.562406,0,1902.941737,3,294.70636,57.456626,0.328252,23.030001,18.488095,7.310566
2022-07-25,15158.659472,13255.717735,0,1902.941737,3,293.027832,55.817436,0.327969,23.360001,18.489636,7.309923
2022-07-26,14218.176394,12315.234657,0,1902.941737,3,287.270203,50.495813,0.328759,24.690001,18.491597,7.309598
2022-07-27,16409.921638,14506.9799,0,1902.941737,3,299.410095,59.305589,0.332413,23.24,18.493098,7.30893
2022-07-28,16919.995222,15017.053485,0,1902.941737,3,302.337738,61.103315,0.332603,22.33,18.494311,7.308093
2022-07-29,17933.288928,16030.347191,0,1902.941737,3,307.85144,64.301804,0.333348,21.33,18.495207,7.307112
2022-08-01,17846.82923,15943.887493,0,1902.941737,3,307.665955,64.110811,0.333301,22.84,18.496579,7.306365
2022-08-02,17662.612934,15759.671197,0,1902.941737,3,306.748779,63.112572,0.333313,23.93,18.498295,7.305849
2022-08-03,19267.044697,17364.10296,0,1902.941737,3,315.102295,67.999752,0.334843,21.950001,18.499384,7.304953
2022-08-04,19533.258995,17630.317258,0,1902.941737,3,316.575836,68.785378,0.334893,21.440001,18.500312,7.303987
2022-08-05,19024.775091,17121.833353,0,1902.941737,3,313.989716,65.735157,0.33492,21.15,18.501148,7.302986
2022-08-08,18781.042297,16878.10056,0,1902.941737,3,312.974823,64.525882,0.334904,21.290001,18.502028,7.302002
2022-08-09,18112.926218,16209.984481,0,1902.941737,3,309.432373,60.352475,0.335145,21.77,18.503058,7.301081
2022-08-10,19795.101416,17892.159679,0,1902.941737,3,318.069,66.107935,0.33679,19.74,18.503448,7.299963
2022-08-11,19433.421374,17530.479637,0,1902.941737,3,316.26355,64.015858,0.336846,20.200001,18.503982,7.298875
2022-08-12,20642.609056,18739.667319,0,1902.941737,3,322.421356,67.763028,0.337644,19.530001,18.504306,7.297748
2022-08-15,21109.435834,19206.494097,0,1902.941737,3,325.026947,69.223446,0.337764,19.950001,18.504761,7.296644
2022-08-16,20941.05167,19038.109933,0,1902.941737,3,324.265869,68.250836,0.337771,19.690001,18.505134,7.295525
2022-08-17,20201.46695,18298.525213,0,1902.941737,3,320.567169,63.575833,0.33788,19.9,18.505573,7.294419
2022-08-18,20327.295905,18424.354168,0,1902.941737,3,321.338104,64.12739,0.337712,19.559999,18.505904,7.293295
2022-08-19,19132.928713,17229.986976,0,1902.941737,3,315.072968,56.623372,0.338449,20.6,18.506563,7.292243
2022-08-22,17586.923495,15683.981758,0,1902.941737,3,306.777985,48.526794,0.339657,23.799999,18.508227,7.2917
2022-08-23,17502.663939,15599.722201,0,1902.941737,3,306.524292,48.299324,0.339147,24.110001,18.509987,7.29123
2022-08-24,17647.023679,15744.081942,0,1902.941737,3,307.412354,49.197065,0.339145,22.82,18.511342,7.290484
2022-08-25,18664.295063,16761.353326,0,1902.941737,3,312.847961,54.414653,0.33984,21.780001,18.512368,7.289569
2022-08-26,16459.260337,14556.3186,0,1902.941737,3,300.024933,43.154707,0.34336,25.559999,18.514581,7.289494
2022-08-29,15890.466705,13987.524968,0,1902.941737,3,297.068024,41.045505,0.343306,26.209999,18.516996,7.289625
2022-08-30,15304.721494,13401.779757,0,1902.941737,3,293.759766,38.762793,0.343226,26.209999,18.51941,7.289755
2022-08-31,15002.227398,13099.285661,0,1902.941737,3,292.051971,37.600282,0.343277,25.870001,18.521716,7.289773
2022-09-01,15006.122144,13103.180407,0,1902.941737,3,292.178833,37.749631,0.343267,25.559999,18.523923,7.289696
2022-09-02,14320.941709,12417.999972,0,1902.941737,3,288.050842,34.828513,0.343637,25.469999,18.5261,7.28959
2022-09-06,13920.508534,12017.566797,0,1902.941737,3,285.981934,33.432182,0.343683,26.91,18.528728,7.289958
2022-09-07,14885.964323,12983.022586,0,1902.941737,3,291.759216,40.594404,0.344597,24.639999,18.530642,7.289619
2022-09-08,15124.919689,13221.977952,0,1902.941737,3,293.27182,42.343517,0.344661,23.610001,18.532233,7.289031
2022-09-09,16249.092305,14346.150567,0,1902.941737,3,299.68338,49.17467,0.345707,22.790001,18.533566,7.288279
2022-09-12,16833.970115,14931.028378,0,1902.941737,3,303.24527,52.538895,0.345941,23.870001,18.535236,7.287749
2022-09-13,14237.073007,12334.13127,0,1902.941737,3,286.616302,39.420142,0.352329,27.27,18.537969,7.288247
2022-09-14,14596.59428,12693.652542,0,1902.941737,3,288.890106,41.568616,0.352482,26.16,18.540353,7.288353
2022-09-15,13815.238055,11912.296317,0,1902.941737,3,284.079041,38.460549,0.352851,26.27,18.54277,7.288495
2022-09-16,13524.973664,11622.031927,0,1902.941737,3,282.341949,37.373973,0.352899,26.299999,18.545195,7.288646
2022-09-19,13818.842306,11915.900569,0,1902.941737,3,284.540527,39.696141,0.352812,25.76,18.54745,7.288622
2022-09-20,13415.978731,11513.036994,0,1902.941737,3,282.272583,38.125665,0.352099,27.16,18.550141,7.289073
2022-09-21,12641.480061,10738.538324,0,1902.941737,3,277.218201,34.819489,0.35269,27.99,18.553089,7.289844
2022-09-22,12115.896947,10212.95521,0,1902.941737,3,273.806213,32.754564,0.352735,27.35,18.555835,7.290362
2022-09-23,11461.221792,9558.280055,0,1902.941737,3,269.348145,30.231835,0.352997,29.92,18.559382,7.291989
2022-09-26,11254.978452,9352.036715,0,1902.941737,3,268.233673,29.61771,0.353005,32.259998,18.563657,7.294866
2022-09-27,11250.932383,9347.990646,0,1902.941737,3,268.341278,29.76606,0.352915,32.599998,18.568035,7.297939
2022-09-28,11980.155947,10077.21421,0,1902.941737,3,273.679138,36.874122,0.352233,30.18,18.571656,7.299682
2022-09-29,10895.321406,8992.379669,0,1902.941737,3,265.789581,31.758137,0.353863,31.84,18.575792,7.302302
2022-09-30,10284.532672,8381.590935,0,1902.941737,3,261.282715,29.260676,0.354372,31.620001,18.579857,7.304794
2022-10-03,11113.482387,9210.54065,0,1902.941737,3,267.412445,36.567171,0.355465,30.1,18.583445,7.306485
2022-10-04,12359.502472,10456.560734,0,1902.941737,3,275.820129,44.963991,0.356701,29.07,18.586711,7.307691
2022-10-05,12305.663557,10402.72182,0,1902.941737,3,275.673492,44.852475,0.356287,28.549999,18.589813,7.308667
2022-10-06,11967.092309,10064.150572,0,1902.941737,3,273.503113,43.146787,0.356276,30.52,18.593526,7.31056
2022-10-07,10572.870997,8669.929259,0,1902.941737,3,263.081512,36.056279,0.358952,31.360001,18.597498,7.31289
2022-10-10,10177.410692,8274.468955,0,1902.941737,3,260.451721,34.514908,0.359081,32.450001,18.601807,7.315833
2022-10-11,9703.629865,7800.688128,0,1902.941737,3,256.873596,32.480369,0.359317,33.630001,18.60648,7.319494
2022-10-12,9676.619996,7773.678259,0,1902.941737,3,256.785553,32.429713,0.359308,33.57,18.611131,7.323109
2022-10-13,10486.709449,8583.767712,0,1902.941737,3,262.8078,39.392461,0.360331,31.940001,18.615273,7.32574
2022-10-14,9472.238684,7569.296947,0,1902.941737,3,254.908463,34.387082,0.361289,32.02,18.619438,7.328411
2022-10-17,10597.742866,8694.801129,0,1902.941737,3,263.325897,42.736824,0.363449,31.370001,18.623398,7.330718
2022-10-18,10863.193366,8960.251629,0,1902.941737,3,265.408325,44.614642,0.363363,30.5,18.627085,7.332566
2022-10-19,10708.992582,8806.050844,0,1902.941737,3,264.44046,43.894174,0.363221,30.76,18.63085,7.334543
2022-10-20,10510.28421,8607.342473,0,1902.941737,3,263.091309,42.855278,0.36325,29.98,18.634372,7.336129
2022-10-21,11385.352431,9482.410694,0,1902.941737,3,269.260223,48.820098,0.364329,29.690001,18.637801,7.337574
2022-10-24,11765.802884,9862.861146,0,1902.941737,3,272.222412,51.441165,0.364516,29.85,18.641278,7.339093
2022-10-25,12606.322942,10703.381205,0,1902.941737,3,277.853577,56.049199,0.365187,28.459999,18.644321,7.339991
2022-10-26,11710.673965,9807.732228,0,1902.941737,3,271.71405,50.430195,0.366038,27.280001,18.646997,7.340427
2022-10-27,11010.99664,9108.054903,0,1902.941737,3,266.767181,46.394343,0.366592,27.389999,18.649706,7.340903
2022-10-28,12223.319539,10320.377802,0,1902.941737,3,274.930511,53.06896,0.368234,25.75,18.651905,7.340829
2022-10-31,11707.47357,9804.531833,0,1902.941737,3,271.733612,50.42122,0.368374,25.879999,18.654142,7.340794
2022-11-01,11297.178323,9394.236586,0,1902.941737,3,268.957092,48.173217,0.368487,25.809999,18.656357,7.340737
2022-11-02,10094.764181,8191.822444,0,1902.941737,3,259.738037,41.549264,0.370617,25.860001,18.658586,7.340695
2022-11-03,9438.821406,7535.879669,0,1902.941737,3,254.664108,38.418204,0.370976,25.299999,18.66064,7.340489
2022-11-04,9952.242151,8049.300414,0,1902.941737,3,258.760345,42.204769,0.371176,24.549999,18.662461,7.340084
2022-11-07,10286.055893,8383.114156,0,1902.941737,3,261.605286,44.745918,0.371468,24.35,18.664219,7.33963
2022-11-08,10529.659919,8626.718182,0,1902.941737,3,263.51178,46.445269,0.371619,25.540001,18.666344,7.339491
2022-11-09,9740.460849,7837.519112,0,1902.941737,3,257.430847,42.007498,0.372486,26.09,18.668638,7.339517
2022-11-10,12700.523057,10797.58132,0,1902.941737,3,276.42627,56.11384,0.382242,23.530001,18.670139,7.33888
2022-11-11,13486.105175,11583.163438,0,1902.941737,3,281.519684,58.994112,0.382928,22.52,18.671328,7.338059
2022-11-14,13043.109267,11140.16753,0,1902.941737,3,279.056061,57.043972,0.382778,23.73,18.672889,7.337464
2022-11-15,13637.527516,11734.585779,0,1902.941737,3,282.917725,59.314276,0.3832,24.540001,18.674699,7.337056
2022-11-16,13025.489833,11122.548096,0,1902.941737,3,279.056061,56.120072,0.383363,24.110001,18.676376,7.336545
2022-11-17,12912.314087,11009.37235,0,1902.941737,3,278.440216,55.605785,0.383358,23.93,18.677996,7.335993
2022-11-18,12886.028328,10983.086591,0,1902.941737,3,278.449982,55.612732,0.383107,23.120001,18.679365,7.335277
2022-11-21,12400.232587,10497.29085,0,1902.941737,3,275.58548,52.993416,0.383168,22.360001,18.680499,7.334431
2022-11-22,12989.253577,11086.311839,0,1902.941737,3,279.554749,56.080292,0.383429,21.290001,18.681303,7.333443
2022-11-23,13410.883859,11507.942122,0,1902.941737,3,282.360535,58.171336,0.383647,20.35,18.681817,7.332372
2022-11-25,13084.957592,11182.015855,0,1902.941737,3,280.50296,56.26152,0.383663,20.5,18.682377,7.331312
2022-11-28,12395.025126,10492.083389,0,1902.941737,3,276.387146,52.174253,0.383405,22.209999,18.683463,7.330445
2022-11-29,12035.93217,10132.990433,0,1902.941737,3,274.294983,50.178691,0.382499,21.889999,18.684449,7.329533
2022-11-30,14060.289539,12157.347802,0,1902.941737,3,286.79895,60.020654,0.386107,20.58,18.685032,7.32848
2022-12-01,14080.062042,12177.120305,0,1902.941737,3,287.150879,60.258612,0.385634,19.84,18.685387,7.327381
2022-12-02,13873.229732,11970.287995,0,1902.941737,3,286.00708,59.028882,0.385522,19.059999,18.685503,7.326257
2022-12-05,13060.683036,11157.741299,0,1902.941737,3,281.206879,54.044235,0.385485,20.75,18.686137,7.325221
2022-12-06,12181.972404,10279.030667,0,1902.941737,3,275.380157,48.671515,0.38606,22.17,18.687207,7.32435
2022-12-07,11937.909543,10034.967806,0,1902.941737,3,274.25589,47.686439,0.384275,22.68,18.688434,7.323559
2022-12-08,12407.296299,10504.354562,0,1902.941737,3,277.501678,50.783441,0.384535,22.290001,18.689539,7.322706
2022-12-09,12115.143762,10212.202025,0,1902.941737,3,275.732208,49.077677,0.38424,22.83,18.69081,7.321941
2022-12-12,12576.186168,10673.244431,0,1902.941737,3,279.192963,52.442252,0.384321,25,18.692746,7.321651
2022-12-13,13012.291783,11109.350046,0,1902.941737,3,282.194305,55.206437,0.384256,22.549999,18.693929,7.32084
2022-12-14,12669.371191,10766.429453,0,1902.941737,3,280.102203,52.898413,0.38417,21.139999,18.69468,7.319842
2022-12-15,11301.937911,9398.996174,0,1902.941737,3,270.697357,43.994129,0.385131,22.83,18.695947,7.319078
2022-12-16,10888.922254,8985.980517,0,1902.941737,3,268.116364,41.909226,0.384113,22.620001,18.69715,7.318278
2022-12-19,10329.364166,8426.422429,0,1902.941737,3,264.348358,39.003193,0.384396,22.42,18.69829,7.317447
2022-12-20,10279.38226,8376.440523,0,1902.941737,3,264.142609,38.8448,0.384265,21.48,18.699142,7.316488
2022-12-21,10762.326714,8859.384977,0,1902.941737,3,267.974304,43.450555,0.383693,20.07,18.699562,7.315407
2022-12-22,9887.124916,7984.183179,0,1902.941737,3,261.418304,38.155642,0.384372,21.969999,18.700563,7.31451
2022-12-23,9941.78294,8038.841203,0,1902.941737,3,262.006226,38.875003,0.384245,20.870001,18.701227,7.313489
2022-12-27,9385.222856,7482.281119,0,1902.941737,3,258.302002,36.031266,0.383936,21.65,18.702129,7.312552
2022-12-28,8952.270801,7049.329064,0,1902.941737,3,254.891647,33.594708,0.384174,22.139999,18.70318,7.311681
2022-12-29,9751.22925,7848.287513,0,1902.941737,3,261.104675,41.372988,0.385413,21.440001,18.704017,7.310719
2022-12-30,9712.718856,7809.777119,0,1902.941737,3,260.947845,41.241669,0.385411,21.67,18.704924,7.309786
2023-01-03,9415.296458,7512.354721,0,1902.941737,3,259.183929,39.714817,0.385421,22.9,18.706205,7.309036
2023-01-04,9549.194652,7646.252914,0,1902.941737,3,260.41864,41.351592,0.385262,22.01,18.707214,7.308148
2023-01-05,9024.634907,7121.69317,0,1902.941737,3,256.34198,37.711013,0.385393,22.459999,18.70836,7.307326
2023-01-06,9900.781897,7997.840159,0,1902.941737,3,263.417389,46.512607,0.385287,21.129999,18.7091,7.306333
2023-01-09,10072.650678,8169.708941,0,1902.941737,3,265.122528,48.404744,0.385401,21.969999,18.710095,7.30544
2023-01-10,10354.186409,8451.244672,0,1902.941737,3,267.366638,50.868137,0.385408,20.58,18.710665,7.304398
2023-01-11,10991.516804,9088.575067,0,1902.941737,3,271.992188,55.57621,0.386036,21.09,18.711391,7.303402
2023-01-12,11166.459674,9263.517937,0,1902.941737,3,273.462158,56.986835,0.385629,18.83,18.711427,7.302288
2023-01-13,11417.796886,9514.855149,0,1902.941737,3,275.343719,58.790626,0.385702,18.35,18.711317,7.301178
2023-01-17,11383.661498,9480.71976,0,1902.941737,3,275.902313,59.33583,0.384627,19.360001,18.711514,7.300074
2023-01-18,10859.511537,8956.5698,0,1902.941737,3,272.315582,54.362472,0.384791,20.34,18.71201,7.299017
2023-01-19,10440.904756,8537.963019,0,1902.941737,3,269.640259,50.933245,0.383848,20.52,18.712561,7.297974
2023-01-20,11500.722189,9597.780452,0,1902.941737,3,277.019409,58.67628,0.385143,19.85,18.712907,7.296889
2023-01-23,12375.409967,10472.46823,0,1902.941737,3,283.173737,63.806266,0.38585,19.809999,18.713241,7.295804
2023-01-24,12221.809629,10318.867892,0,1902.941737,3,282.59552,63.014761,0.384453,19.200001,18.713389,7.294698
2023-01-25,12104.767053,10201.825316,0,1902.941737,3,281.968292,62.114634,0.384404,19.08,18.713501,7.293591
2023-01-26,12919.183753,11016.242016,0,1902.941737,3,287.465942,66.615926,0.384183,18.73,18.713506,7.292482
2023-01-27,13356.123756,11453.182019,0,1902.941737,3,290.327484,68.700471,0.384388,18.51,18.713444,7.291374
2023-01-30,12393.80405,10490.862312,0,1902.941737,3,284.457489,60.372598,0.384957,19.940001,18.713816,7.290298
2023-01-31,12987.209246,11084.267509,0,1902.941737,3,288.720306,63.804051,0.38354,19.4,18.714025,7.2892
2023-02-01,13922.541464,12019.599727,0,1902.941737,3,294.894226,68.111022,0.382488,17.870001,18.713769,7.288107
2023-02-02,15773.372675,13870.430938,0,1902.941737,3,305.477936,73.854452,0.384814,18.73,18.713774,7.287001
2023-02-03,14828.080656,12925.138918,0,1902.941737,3,300.04892,67.171285,0.385231,18.33,18.713657,7.285898
2023-02-06,14234.575117,12331.63338,0,1902.941737,3,297.510712,64.244233,0.382219,19.43,18.713874,7.284803
2023-02-07,15275.373704,13372.431966,0,1902.941737,3,303.674774,67.902252,0.382734,18.66,18.713858,7.283697
2023-02-08,14349.158775,12446.217038,0,1902.941737,3,298.275116,61.92565,0.383198,19.629999,18.714136,7.28261
2023-02-09,13885.394078,11982.452341,0,1902.941737,3,295.639008,59.186749,0.383064,20.709999,18.714741,7.281589
2023-02-10,13519.852259,11616.910522,0,1902.941737,3,293.698608,57.181921,0.38224,20.530001,18.715291,7.280554
2023-02-13,14212.463368,12309.521631,0,1902.941737,3,298.402588,60.660783,0.381828,20.34,18.715783,7.279506
2023-02-14,14501.939949,12598.998211,0,1902.941737,3,300.607452,62.210603,0.38004,18.91,18.715842,7.278404
2023-02-15,14875.367613,12972.425875,0,1902.941737,3,302.9104,63.814148,0.380159,18.23,18.715695,7.277306
2023-02-16,13877.137103,11974.195366,0,1902.941737,3,297.226501,57.34625,0.379608,20.17,18.716135,7.276249
2023-02-17,13513.14548,11610.203743,0,1902.941737,3,295.129395,55.126198,0.379687,20.02,18.71653,7.275183
2023-02-21,12295.87549,10392.933753,0,1902.941737,3,288.14209,48.402616,0.379058,22.870001,18.717786,7.274441
2023-02-22,12300.186948,10397.245211,0,1902.941737,3,288.357727,48.610927,0.378836,22.290001,18.718866,7.273606
2023-02-23,12670.36469,10767.422952,0,1902.941737,3,290.876282,51.094378,0.378823,21.139999,18.719598,7.272628
2023-02-24,11873.543437,9970.601699,0,1902.941737,3,286.00589,46.422314,0.378098,21.67,18.72049,7.271709
2023-02-27,12056.549999,10153.608261,0,1902.941737,3,288.053986,48.552752,0.376051,20.950001,18.721163,7.270714
2023-02-28,11962.341391,10059.399654,0,1902.941737,3,287.681519,48.177561,0.375561,20.700001,18.721761,7.269697
2023-03-01,11592.813119,9689.871382,0,1902.941737,3,285.368896,45.810524,0.375642,20.58,18.722322,7.268671
2023-03-02,11919.920082,10016.978345,0,1902.941737,3,287.730591,48.588474,0.375371,19.59,18.722584,7.267589
2023-03-03,12835.566857,10932.62512,0,1902.941737,3,293.679016,54.864575,0.375652,18.49,18.722514,7.266493
2023-03-06,12809.410438,10906.468701,0,1902.941737,3,294.012268,55.194576,0.375288,18.610001,18.72248,7.265397
2023-03-07,12214.794149,10311.852412,0,1902.941737,3,290.405914,50.860847,0.375175,19.59,18.722741,7.264317
2023-03-08,12338.132473,10435.190736,0,1902.941737,3,291.856354,52.47701,0.372558,19.110001,18.722858,7.263224
2023-03-09,11554.626845,9651.685108,0,1902.941737,3,286.799683,46.709215,0.373092,22.610001,18.72403,7.262443
2023-03-10,10872.60921,8969.667473,0,1902.941737,3,282.771912,42.684835,0.370961,24.799999,18.72586,7.262114
2023-03-13,11111.636641,9208.694903,0,1902.941737,3,284.869049,45.326166,0.370862,26.52,18.728208,7.26228
2023-03-14,12088.800089,10185.858352,0,1902.941737,3,291.415314,52.660026,0.371081,23.73,18.729714,7.261705
2023-03-15,12285.496318,10382.554581,0,1902.941737,3,292.944061,54.20492,0.370427,26.139999,18.731945,7.26175
2023-03-16,13496.85862,11593.916883,0,1902.941737,3,300.66629,61.109077,0.369882,22.99,18.733226,7.261032
2023-03-17,13157.336878,11254.395141,0,1902.941737,3,299.245209,59.336224,0.367273,25.51,18.735265,7.260891
2023-03-20,13254.773951,11351.832214,0,1902.941737,3,300.307251,60.264032,0.366999,24.15,18.736893,7.260406
2023-03-21,13939.896545,12036.954808,0,1902.941737,3,304.596405,63.851255,0.366575,21.379999,18.737688,7.259459
2023-03-22,13229.809629,11326.867892,0,1902.941737,3,300.454498,58.371182,0.366909,22.26,18.738747,7.258625
2023-03-23,13789.288006,11886.346269,0,1902.941737,3,304.017303,61.437116,0.366421,22.610001,18.73991,7.257844
2023-03-24,13945.641572,12042.699835,0,1902.941737,3,305.1362,62.374323,0.366069,21.74,18.740811,7.25694
2023-03-27,13491.308797,11588.36706,0,1902.941737,3,303.045593,59.46626,0.365148,20.6,18.741369,7.255921
2023-03-28,13199.587896,11296.646159,0,1902.941737,3,301.435944,57.252963,0.365192,19.969999,18.741738,7.254863
2023-03-29,14114.407867,12211.466129,0,1902.941737,3,306.932343,62.399283,0.365378,19.120001,18.741852,7.253777
2023-03-30,14585.05105,12682.109313,0,1902.941737,3,309.837494,64.810722,0.36496,19.02,18.741935,7.25269
2023-03-31,15496.102375,13593.160638,0,1902.941737,3,314.990387,68.651065,0.365315,18.700001,18.741923,7.251602
2023-04-03,15274.977816,13372.036079,0,1902.941737,3,314.224854,67.472952,0.365038,18.549999,18.741865,7.250515
2023-04-04,15059.310097,13156.36836,0,1902.941737,3,313.164825,65.789373,0.365051,19,18.741942,7.249429
2023-04-05,14462.821469,12559.879732,0,1902.941737,3,310.073151,61.00801,0.364359,19.08,18.742044,7.248345
2023-04-06,14783.742133,12880.800396,0,1902.941737,3,312.163727,62.967898,0.363509,18.4,18.741941,7.247261
2023-04-10,14626.259375,12723.317638,0,1902.941737,3,311.987091,62.681222,0.362587,18.969999,18.74201,7.246176
2023-04-11,14248.831502,12345.889765,0,1902.941737,3,309.984741,59.380844,0.362644,19.1,18.742117,7.245094
2023-04-12,13740.608505,11837.666768,0,1902.941737,3,307.24646,55.107573,0.362414,19.09,18.742221,7.244012
2023-04-13,14765.391272,12862.449535,0,1902.941737,3,313.263031,61.639662,0.362076,17.799999,18.741939,7.242946
2023-04-14,14634.250999,12731.309262,0,1902.941737,3,312.674072,60.70845,0.362049,17.07,18.741439,7.24192
2023-04-17,14582.612071,12679.670334,0,1902.941737,3,312.939026,60.99394,0.361221,16.950001,18.740903,7.240903
2023-04-18,14530.085038,12627.143301,0,1902.941737,3,312.95871,61.016602,0.360172,16.83,18.740332,7.239896
2023-04-19,14478.860482,12575.918745,0,1902.941737,3,312.811493,60.732407,0.36017,16.459999,18.73965,7.238921
2023-04-20,14004.535473,12101.593736,0,1902.941737,3,310.426453,56.168042,0.359274,17.17,18.739181,7.23789
2023-04-21,14024.587499,12121.645762,0,1902.941737,3,310.750336,56.644562,0.35886,16.77,18.738593,7.236888
2023-04-24,13811.289716,11908.347979,0,1902.941737,3,310.10257,55.348545,0.358005,16.889999,18.738041,7.235878
2023-04-25,12764.076703,10861.134966,0,1902.941737,3,304.252869,45.274457,0.35732,18.76,18.738048,7.234798
2023-04-26,13043.328974,11140.387237,0,1902.941737,3,306.098083,48.461094,0.35706,18.84,18.738078,7.233718
2023-04-27,14431.9336,12528.991863,0,1902.941737,3,314.421143,59.824829,0.355532,17.030001,18.737569,7.232699
2023-04-28,14803.688335,12900.746597,0,1902.941737,3,316.59021,62.166049,0.355622,15.78,18.736687,7.2318
2023-05-01,14589.829684,12686.887947,0,1902.941737,3,316.227081,61.519695,0.353145,16.08,18.735894,7.230867
2023-05-02,13944.520564,12041.578827,0,1902.941737,3,313.469086,56.697965,0.348933,17.780001,18.73561,7.229808
2023-05-03,13541.952939,11639.011202,0,1902.941737,3,311.417755,53.348774,0.34846,18.34,18.735492,7.228734
2023-05-04,13325.119611,11422.177874,0,1902.941737,3,310.318512,51.590115,0.348483,20.09,18.735895,7.227694
2023-05-05,14440.770199,12537.828462,0,1902.941737,3,316.914185,60.091226,0.347103,17.190001,18.735435,7.226667
2023-05-08,14349.66873,12446.726993,0,1902.941737,3,317.699341,60.96989,0.341496,16.98,18.734912,7.225654
2023-05-09,13950.706366,12047.764629,0,1902.941737,3,315.687256,57.477464,0.34127,17.709999,18.734607,7.2246
2023-05-10,14465.799524,12562.857787,0,1902.941737,3,319.122589,61.529277,0.338067,16.940001,18.734073,7.223592
2023-05-11,14627.330049,12724.388312,0,1902.941737,3,320.162842,62.688657,0.337792,16.93,18.733537,7.222584
2023-05-12,14332.868043,12429.926306,0,1902.941737,3,319.014526,60.520431,0.335828,17.030001,18.73303,7.221569
2023-05-15,14582.270549,12679.328812,0,1902.941737,3,320.741943,62.615178,0.335863,17.120001,18.732551,7.220549
2023-05-16,14547.476813,12644.535076,0,1902.941737,3,321.105042,63.058869,0.333067,17.99,18.73233,7.219487
2023-05-17,15264.434314,13361.492577,0,1902.941737,3,324.991791,67.504702,0.333046,16.870001,18.731777,7.218486
2023-05-18,16412.567251,14509.625514,0,1902.941737,3,331.027954,72.949455,0.332374,16.049999,18.73098,7.217562
2023-05-19,16082.943903,14180.002166,0,1902.941737,3,330.282074,71.358363,0.32672,16.809999,18.73041,7.216566
2023-05-22,16230.572814,14327.631077,0,1902.941737,3,331.391113,72.324914,0.326657,17.209999,18.729958,7.215542
2023-05-23,15378.361756,13475.420019,0,1902.941737,3,327.190369,63.573698,0.327022,18.530001,18.729899,7.214472
2023-05-24,15012.088774,13109.147037,0,1902.941737,3,325.511993,60.427661,0.326533,20.030001,18.730285,7.213436
2023-05-25,16571.687536,14668.745799,0,1902.941737,3,333.432648,68.380146,0.326667,19.139999,18.730406,7.212369
2023-05-26,18359.767791,16456.826054,0,1902.941737,3,341.952026,74.350739,0.327611,17.950001,18.730175,7.211312
2023-05-30,18556.151481,16653.209744,0,1902.941737,3,343.502777,75.266256,0.326075,17.459999,18.729798,7.210276
2023-05-31,18055.027831,16152.086094,0,1902.941737,3,341.549561,71.790483,0.323949,17.940001,18.729564,7.209221
2023-06-01,18894.15016,16991.208422,0,1902.941737,3,345.495178,74.365743,0.324195,15.65,18.728652,7.208347
2023-06-02,19441.708535,17538.766798,0,1902.941737,3,348.086304,75.920394,0.324157,14.6,18.72743,7.20763
2023-06-05,19384.280092,13270.248067,0,6114.032025,2,348.331665,76.068402,0.322593,14.73,18.726246,7.206891
2023-06-06,19334.924639,13220.892614,0,6114.032025,2,348.272797,75.947784,0.320965,13.96,18.724836,7.20629
2023-06-07,18407.521277,12293.489252,0,6114.032025,2,342.364227,64.835439,0.321652,13.94,18.72342,7.205694
2023-06-08,19056.718088,12942.686063,0,6114.032025,2,346.614075,68.415129,0.321819,13.65,18.72192,7.205156
2023-06-09,19248.910218,13134.878193,0,6114.032025,2,347.939087,69.459018,0.321706,13.83,18.720473,7.204582
2023-06-12,20129.150664,14015.118639,0,6114.032025,2,353.818298,73.624456,0.320545,15.01,18.719376,7.203799
2023-06-13,20516.194979,14402.162954,0,6114.032025,2,356.536987,75.301966,0.317588,14.61,18.718162,7.203081
2023-06-14,20856.518413,14742.486388,0,6114.032025,2,359.128143,76.815461,0.31224,13.88,18.716733,7.202496
2023-06-15,21564.367535,15450.33551,0,6114.032025,2,363.407471,79.093998,0.312503,14.5,18.715487,7.201797
2023-06-16,21150.20933,15036.177305,0,6114.032025,2,361.120575,74.859886,0.311348,13.54,18.713959,7.201283
2023-06-20,20953.961555,14839.92953,0,6114.032025,2,360.603546,73.896729,0.307174,13.88,18.712532,7.200698
2023-06-21,20122.789689,14008.757664,0,6114.032025,2,355.689362,65.297388,0.307417,13.2,18.710906,7.200258
2023-06-22,20795.296755,14681.26473,0,6114.032025,2,359.886078,68.652351,0.306347,12.91,18.709195,7.199885
2023-06-23,20188.543296,14074.511271,0,6114.032025,2,356.318359,63.070036,0.306619,13.44,18.707641,7.199392
2023-06-26,19360.083534,13246.051509,0,6114.032025,2,351.541809,56.45176,0.306665,14.25,18.706327,7.198737
2023-06-27,20320.083176,14206.051152,0,6114.032025,2,357.586243,61.900181,0.304739,13.74,18.704863,7.198181
2023-06-28,20421.3617,14307.329675,0,6114.032025,2,358.284058,62.483745,0.304581,13.43,18.703309,7.19769
2023-06-29,20256.559692,14142.527667,0,6114.032025,2,357.56665,61.441812,0.302177,13.54,18.701788,7.197175
2023-06-30,21184.163588,15070.131563,0,6114.032025,2,363.080383,66.11814,0.302662,13.59,18.700283,7.196649
2023-07-03,21286.086129,15172.054104,0,6114.032025,2,363.935425,66.790765,0.302225,13.57,18.698772,7.196128
2023-07-05,21257.238247,15143.206223,0,6114.032025,2,363.925568,66.774308,0.302157,14.18,18.697443,7.195486
2023-07-06,20763.786109,14649.754084,0,6114.032025,2,361.153961,62.138021,0.301732,15.44,18.696484,7.194644
2023-07-07,20545.70424,14431.672215,0,6114.032025,2,359.954895,60.190922,0.301707,14.83,18.695347,7.193892
2023-07-10,20513.620217,7397.465841,0,13116.154376,1,360.072876,60.322665,0.300724,15.07,18.694281,7.193102
2023-07-11,20660.310235,7544.155859,0,13116.154376,1,361.851776,62.346054,0.300763,14.84,18.693148,7.192348
2023-07-12,21046.301743,7930.147367,0,13116.154376,1,366.421967,67.001849,0.29986,13.54,18.691634,7.191834
2023-07-13,21591.761941,8475.607565,0,13116.154376,1,372.643341,72.065473,0.300175,13.61,18.690141,7.191304
2023-07-14,21578.640291,8462.485915,0,13116.154376,1,372.564789,71.915418,0.300154,13.34,18.68857,7.190833
2023-07-17,21873.405199,8757.250823,0,13116.154376,1,376.043945,74.452699,0.3003,13.48,18.687041,7.19033
2023-07-18,22143.365414,9027.211038,0,13116.154376,1,379.12027,76.476404,0.299736,13.3,18.685459,7.189867
2023-07-19,22128.64967,9012.495294,0,13116.154376,1,379.03183,76.289307,0.299516,13.76,18.684014,7.189307
2023-07-20,21333.813186,0,0,21333.813186,0,370.294373,60.533044,0.298888,13.99,18.682637,7.188702
2023-07-21,21333.813186,0,0,21333.813186,0,369.183777,58.868751,0.298394,13.6,18.681147,7.188174
2023-07-24,21333.813186,0,0,21333.813186,0,369.773529,59.505447,0.29796,13.91,18.679748,7.187585
2023-07-25,21333.813186,0,0,21333.813186,0,372.279724,62.184379,0.297206,13.86,18.678335,7.187005
2023-07-26,21333.813186,0,0,21333.813186,0,371.041321,60.069662,0.297143,13.19,18.676727,7.186565
2023-07-27,21333.813186,0,0,21333.813186,0,370.156769,58.538372,0.296115,14.41,18.675477,7.185883
2023-07-28,21333.813186,0,0,21333.813186,0,376.899048,65.713006,0.292819,13.33,18.673912,7.185413
2023-07-31,21333.813186,0,0,21333.813186,0,377.095612,65.898278,0.292627,13.63,18.672436,7.184879
2023-08-01,21333.813186,0,0,21333.813186,0,376.220886,64.234845,0.291917,13.93,18.671048,7.184286
2023-08-02,21333.813186,0,0,21333.813186,0,367.965088,51.119256,0.293212,16.09,18.670293,7.18337
2023-08-03,21333.813186,0,0,21333.813186,0,367.375397,50.328789,0.293192,15.92,18.669488,7.182473
2023-08-04,21333.813186,0,0,21333.813186,0,365.655426,47.997485,0.291563,17.1,18.669029,7.181473
2023-08-07,21333.813186,0,0,21333.813186,0,368.751343,52.282144,0.291675,15.77,18.668182,7.180594
2023-08-08,21333.813186,0,0,21333.813186,0,365.616028,47.971413,0.29169,15.99,18.667399,7.17969
2023-08-09,21333.813186,0,0,21333.813186,0,361.596283,43.068447,0.291989,15.96,18.666608,7.17879
2023-08-10,21333.813186,0,0,21333.813186,0,362.264496,44.091401,0.291637,15.85,18.665786,7.177903
2023-08-11,21333.813186,0,0,21333.813186,0,359.954895,41.327343,0.289949,14.84,18.664669,7.177153
2023-08-14,21333.813186,0,0,21333.813186,0,363.994446,47.523711,0.290135,14.82,18.663546,7.176405
2023-08-15,21333.813186,0,0,21333.813186,0,360.131805,42.862344,0.289566,16.459999,18.662903,7.175457
2023-08-16,21333.813186,0,0,21333.813186,0,356.318359,38.814575,0.289724,16.780001,18.662354,7.174482
2023-08-17,21333.813186,0,0,21333.813186,0,352.4263,35.164584,0.290027,17.889999,18.662129,7.173447
2023-08-18,21333.813186,0,0,21333.813186,0,351.9841,34.764586,0.289684,17.299999,18.661732,7.172439
2023-08-21,21333.813186,0,0,21333.813186,0,357.655029,43.621567,0.29028,17.129999,18.661285,7.171441
2023-08-22,21333.813186,0,0,21333.813186,0,357.143982,43.05427,0.289276,16.969999,18.660793,7.170454
2023-08-23,21333.813186,0,0,21333.813186,0,362.775574,50.667922,0.287983,15.98,18.660012,7.169555
2023-08-24,21333.813186,0,0,21333.813186,0,355.021027,42.284473,0.289216,17.200001,18.659586,7.168554
2023-08-25,21333.813186,0,0,21333.813186,0,357.772949,45.717029,0.289329,15.68,18.658719,7.167691
2023-08-28,21333.813186,0,0,21333.813186,0,360.466003,48.918727,0.288731,15.08,18.657678,7.166907
2023-08-29,21333.813186,0,0,21333.813186,0,368.338531,56.918246,0.285275,14.45,18.656453,7.166224
2023-08-30,21333.813186,0,0,21333.813186,0,370.39267,58.734151,0.285038,13.88,18.655064,7.165644
2023-08-31,21333.813186,0,0,21333.813186,0,371.503265,59.72264,0.284678,13.57,18.653585,7.165127
2023-09-01,21333.813186,0,0,21333.813186,0,371.110077,59.182133,0.284571,13.09,18.651968,7.164713
2023-09-05,21333.813186,0,0,21333.813186,0,371.581909,59.654015,0.284571,14.01,18.650619,7.164109
2023-09-06,21333.813186,0,0,21333.813186,0,368.309052,54.911879,0.284229,14.45,18.649399,7.163425
2023-09-07,21333.813186,0,0,21333.813186,0,365.675049,51.37241,0.284228,14.4,18.648164,7.162751
2023-09-08,21333.813186,0,0,21333.813186,0,366.186035,52.018545,0.283303,13.84,18.646768,7.162179
2023-09-11,21333.813186,0,0,21333.813186,0,370.500793,57.191111,0.283554,13.8,18.645361,7.161615
2023-09-12,21333.813186,0,0,21333.813186,0,366.392517,51.498458,0.282822,14.23,18.64408,7.160971
2023-09-13,21333.813186,0,0,21333.813186,0,367.788116,53.202554,0.282534,13.48,18.642582,7.160472
2023-09-14,21333.813186,0,0,21333.813186,0,370.795624,56.730719,0.274146,12.82,18.640893,7.16012
2023-09-15,21333.813186,0,0,21333.813186,0,364.446442,48.429653,0.274896,13.79,18.639487,7.159558
2023-09-18,21333.813186,0,0,21333.813186,0,364.826477,48.911523,0.274066,14,18.638142,7.158956
2023-09-19,21333.813186,0,0,21333.813186,0,364.048859,47.924752,0.273958,14.11,18.63683,7.158333
2023-09-20,21333.813186,0,0,21333.813186,0,358.802704,41.798126,0.274468,15.14,18.635817,7.157543
2023-09-21,21333.813186,0,0,21333.813186,0,352.227844,35.647485,0.275248,17.540001,18.6355,7.156531
2023-09-22,21333.813186,0,0,21333.813186,0,352.277161,35.723886,0.274302,17.200001,18.635084,7.155536
2023-09-25,21333.813186,0,0,21333.813186,0,353.950348,38.396172,0.273868,16.9,18.634582,7.154561
2023-09-26,21333.813186,0,0,21333.813186,0,348.635254,33.615163,0.273754,18.940001,18.63467,7.153528
2023-09-27,21333.813186,0,0,21333.813186,0,349.452209,34.955803,0.273687,18.219999,18.63455,7.152496
2023-09-28,21333.813186,0,0,21333.813186,0,352.375519,39.652211,0.273826,17.34,18.634176,7.151495
2023-09-29,21333.813186,0,0,21333.813186,0,352.631378,40.06014,0.272906,17.52,18.633854,7.150486
2023-10-02,21333.813186,0,0,21333.813186,0,355.574371,44.691291,0.270597,17.610001,18.633558,7.149474
2023-10-03,21333.813186,0,0,21333.813186,0,349.334106,37.988918,0.270657,19.780001,18.633889,7.148467
2023-10-04,21333.813186,0,0,21333.813186,0,354.088165,44.782916,0.269766,18.58,18.633873,7.147435
2023-10-05,21333.813186,0,0,21333.813186,0,353.044739,43.652477,0.267402,18.49,18.633832,7.146403
2023-10-06,21333.813186,0,0,21333.813186,0,358.960266,51.176946,0.268052,17.450001,18.63349,7.145399
2023-10-09,21333.813186,0,0,21333.813186,0,360.790924,53.25719,0.267878,17.700001,18.633221,7.144385
2023-10-10,21333.813186,0,0,21333.813186,0,362.78891,55.486404,0.263569,17.030001,18.632758,7.143406
2023-10-11,21333.813186,0,0,21333.813186,0,365.377563,58.263671,0.263308,16.09,18.632025,7.142506
2023-10-12,21333.813186,0,0,21333.813186,0,364.107849,56.404765,0.262737,16.690001,18.631465,7.141552
2023-10-13,21333.813186,0,0,21333.813186,0,359.531097,50.188878,0.263269,19.32,18.631663,7.140532
2023-10-16,21333.813186,0,0,21333.813186,0,363.596039,54.938654,0.262224,17.209999,18.631254,7.139543
2023-10-17,21333.813186,0,0,21333.813186,0,362.405151,53.334105,0.25947,17.879999,18.631037,7.138526
2023-10-18,21333.813186,0,0,21333.813186,0,357.651154,47.384549,0.257339,19.219999,18.631207,7.137505
2023-10-19,21333.813186,0,0,21333.813186,0,354.304657,43.689873,0.257528,21.4,18.632004,7.136631
2023-10-20,21333.813186,0,0,21333.813186,0,349.019135,38.574033,0.258195,21.709999,18.63289,7.135795
2023-10-23,21333.813186,0,0,21333.813186,0,350.072357,40.079694,0.258097,20.370001,18.63339,7.134829
2023-10-24,21333.813186,0,0,21333.813186,0,353.477875,44.791913,0.256936,18.969999,18.633487,7.133804
2023-10-25,21333.813186,0,0,21333.813186,0,344.826233,36.861068,0.258525,20.190001,18.633934,7.132827
2023-10-26,21333.813186,0,0,21333.813186,0,338.251282,32.195602,0.25858,20.68,18.634523,7.131886
2023-10-27,21333.813186,0,0,21333.813186,0,339.875366,34.404137,0.257117,21.27,18.63528,7.131
2023-10-30,21333.813186,0,0,21333.813186,0,343.704132,39.414296,0.256362,19.75,18.635601,7.13
2023-10-31,21333.813186,0,0,21333.813186,0,345.347839,41.480743,0.25399,18.139999,18.635458,7.128981
2023-11-01,21333.813186,0,0,21333.813186,0,351.34201,48.393451,0.254285,16.870001,18.634951,7.128019
2023-11-02,21333.813186,0,0,21333.813186,0,357.720093,54.546151,0.254732,15.66,18.634097,7.127174
2023-11-03,21333.813186,0,0,21333.813186,0,361.922791,58.091702,0.251321,14.91,18.633028,7.12643
2023-11-06,21333.813186,0,0,21333.813186,0,363.399231,59.29301,0.250059,14.89,18.631954,7.125689
2023-11-07,21333.813186,0,0,21333.813186,0,366.83429,62.020755,0.249632,14.81,18.630858,7.124961
2023-11-08,21333.813186,0,0,21333.813186,0,367.070587,62.208358,0.249368,14.45,18.629659,7.124291
2023-11-09,21333.813186,0,0,21333.813186,0,364.245697,58.488782,0.249502,15.29,18.628701,7.123494
2023-11-10,21333.813186,0,0,21333.813186,0,372.434753,65.018572,0.248992,14.17,18.627423,7.122872
2023-11-13,21333.813186,0,0,21333.813186,0,371.273346,63.493129,0.234449,14.76,18.626315,7.122153
2023-11-14,21333.813186,0,0,21333.813186,0,379.265533,68.90041,0.234798,14.16,18.625036,7.121533
2023-11-15,21333.813186,0,0,21333.813186,0,379.550934,69.076553,0.234491,14.18,18.623763,7.120911
2023-11-16,21333.813186,0,0,21333.813186,0,379.875702,69.289709,0.234005,14.32,18.622531,7.120263
2023-11-17,21333.813186,0,0,21333.813186,0,379.964386,69.351835,0.233318,13.8,18.621151,7.119711
2023-11-20,21333.813186,0,0,21333.813186,0,384.590424,72.479322,0.233645,13.41,18.61966,7.119238
2023-11-21,21333.813186,0,0,21333.813186,0,382.356049,68.826103,0.233796,13.35,18.618152,7.118778
2023-11-22,21333.813186,0,0,21333.813186,0,383.921051,69.967905,0.233402,12.85,18.616503,7.118428
2023-11-24,21333.813186,0,0,21333.813186,0,383.379761,69.026202,0.232899,12.46,18.614743,7.118171
2023-11-27,21333.813186,0,0,21333.813186,0,383.045074,68.413081,0.232675,12.69,18.613049,7.117858
2023-11-28,21333.813186,0,0,21333.813186,0,384.049042,69.29417,0.23249,12.69,18.611357,7.117545
2023-11-29,21333.813186,0,0,21333.813186,0,383.675018,68.527268,0.231703,12.98,18.609749,7.117165
2023-11-30,21333.813186,0,0,21333.813186,0,382.710419,66.483691,0.231501,12.92,18.608124,7.116798
2023-12-01,21333.813186,0,0,21333.813186,0,383.802979,67.660076,0.225568,12.63,18.606417,7.116498
2023-12-04,21333.813186,0,0,21333.813186,0,380.239899,60.234905,0.225919,13.08,18.60484,7.116095
2023-12-05,21333.813186,0,0,21333.813186,0,381.194702,61.455603,0.225841,12.85,18.603198,7.115743
2023-12-06,21333.813186,0,0,21333.813186,0,378.989899,57.09688,0.224947,12.97,18.601592,7.115364
2023-12-07,21333.813186,0,0,21333.813186,0,384.285248,63.74728,0.223874,13.06,18.600011,7.114965
2023-12-08,21333.813186,0,0,21333.813186,0,385.997894,65.604318,0.22381,12.35,18.59823,7.114733
2023-12-11,21333.813186,0,0,21333.813186,0,389.295105,68.906585,0.223625,12.63,18.596529,7.114432
2023-12-12,21333.813186,0,0,21333.813186,0,392.395538,71.661715,0.223569,12.07,18.59467,7.114271
2023-12-13,21333.813186,0,0,21333.813186,0,397.385773,75.434654,0.223581,12.19,18.592845,7.114079
2023-12-14,21333.813186,0,0,21333.813186,0,397.04126,74.695273,0.223317,12.48,18.591105,7.113814
2023-12-15,21333.813186,0,0,21333.813186,0,398.960632,76.10074,0.223103,12.28,18.589308,7.113598
2023-12-18,21333.813186,0,0,21333.813186,0,401.47345,77.836329,0.219025,12.56,18.587592,7.113313
2023-12-19,21333.813186,0,0,21333.813186,0,403.524811,79.166452,0.218654,12.53,18.585869,7.113034
2023-12-20,21333.813186,0,0,21333.813186,0,397.528625,66.587114,0.218741,13.67,18.584471,7.112505
2023-12-21,21333.813186,0,0,21333.813186,0,402.154022,70.483327,0.219047,13.65,18.583068,7.111981
2023-12-22,21333.813186,0,0,21333.813186,0,402.755676,70.957723,0.218509,13.03,18.581489,7.111586
2023-12-26,21333.813186,0,0,21333.813186,0,405.221161,72.881192,0.216248,12.99,18.579901,7.1112
2023-12-27,21333.813186,0,0,21333.813186,0,406.046143,73.513326,0.216248,12.43,18.578153,7.110945
2023-12-28,21333.813186,0,0,21333.813186,0,405.848694,73.074292,0.215407,12.47,18.576419,7.11068
2023-12-29,21333.813186,0,0,21333.813186,0,404.092377,69.120004,0.214767,12.45,18.574679,7.110419
2024-01-02,21333.813186,0,0,21333.813186,0,397.254181,56.337293,0.214279,13.2,18.573154,7.109987
2024-01-03,21333.813186,0,0,21333.813186,0,393.050598,50.192329,0.21477,14.04,18.571867,7.109388
2024-01-04,21333.813186,0,0,21333.813186,0,391.027832,47.507034,0.214687,14.13,18.570607,7.108772
2024-01-05,21333.813186,0,0,21333.813186,0,391.491577,48.191379,0.214655,13.35,18.569126,7.108308
2024-01-08,21333.813186,0,0,21333.813186,0,399.582916,58.385398,0.214814,13.08,18.56757,7.107901
2024-01-09,21333.813186,0,0,21333.813186,0,400.372284,59.228241,0.212612,12.76,18.565924,7.107566
2024-01-10,21333.813186,0,0,21333.813186,0,403.085846,62.072079,0.212622,12.69,18.564259,7.107246
2024-01-11,21333.813186,0,0,21333.813186,0,403.924622,62.932729,0.212466,12.44,18.562524,7.106987
2024-01-12,21333.813186,0,0,21333.813186,0,404.131805,63.155131,0.211646,12.7,18.560864,7.106665
2024-01-16,21333.813186,0,0,21333.813186,0,404.092377,63.077566,0.211605,13.84,18.559527,7.106103
2024-01-17,21333.813186,0,0,21333.813186,0,401.812988,58.597101,0.211684,14.79,18.55846,7.10538
2024-01-18,21333.813186,0,0,21333.813186,0,407.516357,65.248585,0.212222,14.13,18.557207,7.104765
2024-01-19,21333.813186,0,0,21333.813186,0,415.597778,72.090539,0.212593,13.3,18.55572,7.10431
2024-01-22,21333.813186,0,0,21333.813186,0,416.140564,72.48241,0.212138,13.19,18.554202,7.103878
2024-01-23,21333.813186,0,0,21333.813186,0,417.86731,73.74535,0.209962,12.55,18.552505,7.103591
2024-01-24,21333.813186,0,0,21333.813186,0,420.186127,75.379501,0.208582,13.14,18.550975,7.103169
2024-01-25,21333.813186,0,0,21333.813186,0,420.69931,75.739398,0.208537,13.45,18.549534,7.102683
2024-01-26,21333.813186,0,0,21333.813186,0,418.192902,70.331885,0.208684,13.26,18.54804,7.102236
2024-01-29,21333.813186,0,0,21333.813186,0,422.475433,73.776914,0.207848,13.6,18.546642,7.101719
2024-01-30,21333.813186,0,0,21333.813186,0,419.663116,68.178098,0.207835,13.31,18.545164,7.101262
2024-01-31,21333.813186,0,0,21333.813186,0,411.443634,55.033,0.207738,14.35,18.54398,7.100609
2024-02-01,21333.813186,0,0,21333.813186,0,416.288483,59.93632,0.207477,13.88,18.542664,7.100039
2024-02-02,21333.813186,0,0,21333.813186,0,423.324036,65.773022,0.206939,13.85,18.54134,7.099475
2024-02-05,21333.813186,0,0,21333.813186,0,422.771454,64.972398,0.202911,13.67,18.539966,7.098945
2024-02-06,21333.813186,0,0,21333.813186,0,421.922882,63.690272,0.201626,13.06,18.538421,7.09854
2024-02-07,21333.813186,0,0,21333.813186,0,426.264557,67.251107,0.201556,12.83,18.536812,7.098186
2024-02-08,21333.813186,0,0,21333.813186,0,427.053894,67.868065,0.200242,12.79,18.535193,7.097842
2024-02-09,21333.813186,0,0,21333.813186,0,431.257507,71.001231,0.199141,12.93,18.533614,7.097465
2024-02-12,21333.813186,0,0,21333.813186,0,429.570129,68.129422,0.198858,13.93,18.532318,7.096886
2024-02-13,21333.813186,0,0,21333.813186,0,422.870117,58.083489,0.199694,15.85,18.531563,7.096029
2024-02-14,21333.813186,0,0,21333.813186,0,427.478241,62.210708,0.199257,14.38,18.530394,7.095372
2024-02-15,21333.813186,0,0,21333.813186,0,428.75119,63.286119,0.199138,14.01,18.529122,7.094779
2024-02-16,21333.813186,0,0,21333.813186,0,424.863373,57.869426,0.199395,14.24,18.527916,7.094145
2024-02-20,21333.813186,0,0,21333.813186,0,421.656433,53.780404,0.198186,15.42,18.527042,7.093339
2024-02-21,21333.813186,0,0,21333.813186,0,419.969055,51.710019,0.19803,15.34,18.526146,7.092543
2024-02-22,21333.813186,0,0,21333.813186,0,432.263947,62.913243,0.198393,14.54,18.525025,7.091861
2024-02-23,21333.813186,0,0,21333.813186,0,430.991028,61.326898,0.198466,13.75,18.523684,7.091316
2024-02-26,21333.813186,0,0,21333.813186,0,430.764069,61.031409,0.198298,13.74,18.52234,7.090773
2024-02-27,21333.813186,0,0,21333.813186,0,431.80014,61.933113,0.197051,13.43,18.52091,7.09029
2024-02-28,21333.813186,0,0,21333.813186,0,429.501068,58.687886,0.197116,13.84,18.519596,7.089728
2024-02-29,21333.813186,0,0,21333.813186,0,433.18161,62.110695,0.197261,13.4,18.518159,7.089252
2024-03-01,21333.813186,0,0,21333.813186,0,439.703979,67.28375,0.197559,13.11,18.516641,7.088836
2024-03-04,21333.813186,0,0,21333.813186,0,438.135071,64.985364,0.197503,13.49,18.515231,7.088341
2024-03-05,21333.813186,0,0,21333.813186,0,430.270691,54.867685,0.197621,14.46,18.514094,7.087672
2024-03-06,21333.813186,0,0,21333.813186,0,432.974426,57.327475,0.197703,14.5,18.512969,7.086997
2024-03-07,21333.813186,0,0,21333.813186,0,439.546173,62.655201,0.197657,14.44,18.511827,7.086332
2024-03-08,21333.813186,0,0,21333.813186,0,433.201355,55.456281,0.198566,14.74,18.510771,7.08562
2024-03-11,21333.813186,0,0,21333.813186,0,431.592957,53.769701,0.197341,15.22,18.509849,7.084841
2024-03-12,21333.813186,0,0,21333.813186,0,437.779877,58.942381,0.197001,13.84,18.508541,7.08428
2024-03-13,21333.813186,0,0,21333.813186,0,434.41507,55.31728,0.197208,13.75,18.507209,7.083735
2024-03-14,21333.813186,0,0,21333.813186,0,433.319763,54.149801,0.195634,14.4,18.506059,7.083077
2024-03-15,21333.813186,0,0,21333.813186,0,428.168915,48.920896,0.196256,14.41,18.504913,7.082417
2024-03-18,21333.813186,0,0,21333.813186,0,432.252594,52.811422,0.194263,14.33,18.503745,7.081771
2024-03-19,21333.813186,0,0,21333.813186,0,433.329559,53.810598,0.194125,13.82,18.502436,7.081213
2024-03-20,21333.813186,0,0,21333.813186,0,438.467468,58.342381,0.194504,13.04,18.500909,7.080812
2024-03-21,21333.813186,0,0,21333.813186,0,440.542328,60.047135,0.193943,12.92,18.499349,7.080437
2024-03-22,21333.813186,0,0,21333.813186,0,441.046234,60.470229,0.193082,13.06,18.497829,7.080031
2024-03-25,21333.813186,0,0,21333.813186,0,439.445587,58.356219,0.192783,13.19,18.496346,7.079598
2024-03-26,21333.813186,0,0,21333.813186,0,438.022797,56.466546,0.192847,13.24,18.494879,7.079154
2024-03-27,21333.813186,0,0,21333.813186,0,439.514679,58.002238,0.192601,12.78,18.493283,7.07881
2024-03-28,21333.813186,0,0,21333.813186,0,438.70459,56.829932,0.192468,13.01,18.491753,7.078414
2024-04-01,21333.813186,0,0,21333.813186,0,439.633331,57.880977,0.191431,13.65,18.490402,7.077889
2024-04-02,21333.813186,0,0,21333.813186,0,435.839172,52.280983,0.191569,14.61,18.489319,7.077198
2024-04-03,21333.813186,0,0,21333.813186,0,436.817413,53.529359,0.190702,14.33,18.48816,7.076552
2024-04-04,21333.813186,0,0,21333.813186,0,430.138153,44.893517,0.191702,16.35,18.487563,7.075655
2024-04-05,21333.813186,0,0,21333.813186,0,435.206848,51.312714,0.192031,16.030001,18.486878,7.074787
2024-04-08,21333.813186,0,0,21333.813186,0,435.335297,51.467002,0.191558,15.19,18.48596,7.074016
2024-04-09,21333.813186,0,0,21333.813186,0,436.945801,53.458479,0.19147,14.98,18.484983,7.073272
2024-04-10,21333.813186,0,0,21333.813186,0,433.131927,48.39417,0.19184,15.8,18.484236,7.072429
2024-04-11,21333.813186,0,0,21333.813186,0,440.048248,56.451174,0.192403,14.91,18.483241,7.071695
2024-04-12,21333.813186,0,0,21333.813186,0,433.033142,48.226732,0.19315,17.309999,18.482914,7.070738
2024-04-15,21333.813186,0,0,21333.813186,0,425.909302,41.598788,0.19312,19.23,18.483122,7.069765
2024-04-16,21333.813186,0,0,21333.813186,0,425.948792,41.646664,0.193089,18.4,18.483099,7.068782
2024-04-17,21333.813186,0,0,21333.813186,0,420.751678,37.311595,0.193767,18.209999,18.483023,7.0678
2024-04-18,21333.813186,0,0,21333.813186,0,418.350739,35.474483,0.193939,18,18.482889,7.066822
2024-04-19,21333.813186,0,0,21333.813186,0,409.695374,29.78164,0.195729,18.709999,18.482952,7.06584
2024-04-22,21333.813186,0,0,21333.813186,0,413.815582,35.119258,0.195738,16.940001,18.482523,7.064905
2024-04-23,21333.813186,0,0,21333.813186,0,419.990906,42.209752,0.196424,15.69,18.481747,7.064077
2024-04-24,21333.813186,0,0,21333.813186,0,421.413666,43.735394,0.196402,15.97,18.48105,7.06322
2024-04-25,21333.813186,0,0,21333.813186,0,419.378296,42.026112,0.195018,15.37,18.480186,7.062429
2024-04-26,21333.813186,0,0,21333.813186,0,425.850006,48.868804,0.195662,15.03,18.479228,7.061683
2024-04-29,21333.813186,0,0,21333.813186,0,427.579132,50.548259,0.193262,14.67,18.478171,7.060988
2024-04-30,21333.813186,0,0,21333.813186,0,419.516602,43.391498,0.194662,15.65,18.477387,7.060165
2024-05-01,21333.813186,0,0,21333.813186,0,416.483246,41.037389,0.194903,15.39,18.476531,7.059373
2024-05-02,21333.813186,0,0,21333.813186,0,421.79895,46.513684,0.195034,14.68,18.475478,7.058677
2024-05-03,21333.813186,0,0,21333.813186,0,430.276489,53.871854,0.196098,13.49,18.474096,7.058187
2024-05-06,21333.813186,0,0,21333.813186,0,434.989502,57.382063,0.196349,13.49,18.472715,7.057696
2024-05-07,21333.813186,0,0,21333.813186,0,435.058594,57.433202,0.194915,13.23,18.471263,7.057258
2024-05-08,21333.813186,0,0,21333.813186,0,434.801788,57.158664,0.194922,13,18.469748,7.056868
2024-05-09,21333.813186,0,0,21333.813186,0,435.750244,57.957984,0.19471,12.69,18.468148,7.056546
2024-05-10,21333.813186,0,0,21333.813186,0,436.777863,58.853736,0.194375,12.55,18.46651,7.056256
2024-05-13,21333.813186,0,0,21333.813186,0,437.785675,59.759265,0.194364,13.6,18.465163,7.055744
2024-05-14,21333.813186,0,0,21333.813186,0,440.601624,62.258574,0.194375,13.42,18.463768,7.055266
2024-05-15,21333.813186,0,0,21333.813186,0,447.488342,67.564352,0.195062,12.45,18.462105,7.054999
2024-05-16,21333.813186,0,0,21333.813186,0,446.579315,66.240607,0.195104,12.42,18.460434,7.054739
2024-05-17,21333.813186,0,0,21333.813186,0,446.361938,65.908066,0.194687,11.99,18.458646,7.054584
2024-05-20,21333.813186,0,0,21333.813186,0,449.474365,68.357487,0.193711,12.15,18.456902,7.054389
2024-05-21,21333.813186,0,0,21333.813186,0,450.353638,69.03435,0.193668,11.86,18.45508,7.054266
2024-05-22,21333.813186,0,0,21333.813186,0,450.264709,68.873883,0.193659,12.29,18.453378,7.054036
2024-05-23,21333.813186,0,0,21333.813186,0,448.239227,65.158814,0.19305,12.77,18.451808,7.053694
2024-05-24,21333.813186,0,0,21333.813186,0,452.477997,68.935205,0.193144,11.93,18.450008,7.053552
2024-05-28,21333.813186,0,0,21333.813186,0,454.187347,70.331741,0.191216,12.92,18.448482,7.053177
2024-05-29,21333.813186,0,0,21333.813186,0,450.985992,64.484805,0.189273,14.28,18.447332,7.052544
2024-05-30,21333.813186,0,0,21333.813186,0,446.15448,56.808935,0.189762,14.47,18.446236,7.05188
2024-05-31,21333.813186,0,0,21333.813186,0,445.324524,55.584928,0.189621,12.92,18.444712,7.051505
2024-06-03,21333.813186,0,0,21333.813186,0,447.715546,58.367899,0.189275,13.11,18.443241,7.051089
2024-06-04,21333.813186,0,0,21333.813186,0,448.940735,59.759288,0.189128,13.16,18.441786,7.050662
2024-06-05,21333.813186,0,0,21333.813186,0,457.991333,68.211168,0.190489,12.63,18.440185,7.050351
2024-06-06,21333.813186,0,0,21333.813186,0,457.833191,67.942643,0.190491,12.58,18.438571,7.05005
2024-06-07,21333.813186,0,0,21333.813186,0,457.428101,67.212732,0.189241,12.22,18.436858,7.049835
2024-06-10,21333.813186,0,0,21333.813186,0,459.275818,68.856223,0.188793,12.74,18.43529,7.049498
2024-06-11,21333.813186,0,0,21333.813186,0,462.427673,71.482214,0.188891,12.85,18.433753,7.049136
2024-06-12,21333.813186,0,0,21333.813186,0,468.484406,75.719074,0.188496,12.04,18.431994,7.048964
2024-06-13,21333.813186,0,0,21333.813186,0,471.023651,77.245404,0.188402,11.94,18.430209,7.048817
2024-06-14,21333.813186,0,0,21333.813186,0,473.464172,78.635481,0.188321,12.66,18.428622,7.048497
2024-06-17,21333.813186,0,0,21333.813186,0,479.264038,81.524129,0.188349,12.75,18.427062,7.048157
2024-06-18,21333.813186,0,0,21333.813186,0,479.412262,81.592627,0.18814,12.3,18.425378,7.04792
2024-06-20,21333.813186,0,0,21333.813186,0,475.716949,74.206249,0.188415,13.28,18.423964,7.047467
2024-06-21,21333.813186,0,0,21333.813186,0,474.442352,71.792102,0.187624,13.2,18.42253,7.047031
2024-06-24,21333.813186,0,0,21333.813186,0,469.040985,62.511082,0.187795,13.33,18.421131,7.046569
2024-06-25,21333.813186,0,0,21333.813186,0,474.404724,67.064449,0.187731,12.84,18.419599,7.046208
2024-06-26,21333.813186,0,0,21333.813186,0,475.38446,67.832989,0.186904,12.55,18.417988,7.045912
2024-06-27,21333.813186,0,0,21333.813186,0,476.611664,68.814612,0.185934,12.24,18.416294,7.045688
2024-06-28,21333.813186,0,0,21333.813186,0,474.137543,64.538564,0.186088,12.44,18.414654,7.045417
2024-07-01,21333.813186,0,0,21333.813186,0,476.918427,67.019235,0.186136,12.22,18.412956,7.045197
2024-07-02,21333.813186,0,0,21333.813186,0,481.925903,70.9588,0.185692,12.03,18.411206,7.045024
2024-07-03,21333.813186,0,0,21333.813186,0,485.943787,73.675891,0.185887,12.09,18.409474,7.044835
2024-07-05,21333.813186,0,0,21333.813186,0,491.01062,76.64359,0.18621,12.48,18.407849,7.044554
2024-07-08,21333.813186,0,0,21333.813186,0,492.178345,77.279324,0.185911,12.37,18.406196,7.044297
2024-07-09,21333.813186,0,0,21333.813186,0,492.603851,77.519444,0.185831,12.51,18.404581,7.044008
2024-07-10,21333.813186,0,0,21333.813186,0,497.740051,80.234804,0.18615,12.85,18.40306,7.043644
2024-07-11,21333.813186,0,0,21333.813186,0,486.824493,62.858006,0.188212,12.92,18.40156,7.043264
2024-07-12,21333.813186,0,0,21333.813186,0,489.684509,64.997046,0.187799,12.46,18.399934,7.042985
2024-07-15,21333.813186,0,0,21333.813186,0,491.000671,65.968365,0.186855,13.12,18.39849,7.042563
2024-07-16,21333.813186,0,0,21333.813186,0,491.18866,66.113008,0.18685,13.19,18.397066,7.042127
2024-07-17,21333.813186,0,0,21333.813186,0,476.769958,48.933814,0.190228,14.48,18.395995,7.041462
2024-07-18,21333.813186,0,0,21333.813186,0,474.513611,46.880875,0.190151,15.93,18.395321,7.040617
2024-07-19,21333.813186,0,0,21333.813186,0,470.307739,43.239369,0.19051,16.52,18.394809,7.039723
2024-07-22,21333.813186,0,0,21333.813186,0,477.31424,50.181682,0.189,14.91,18.393857,7.038997
2024-07-23,21333.813186,0,0,21333.813186,0,475.631836,48.643199,0.189017,14.72,18.392854,7.038298
2024-07-24,21333.813186,0,0,21333.813186,0,458.570801,36.441848,0.194308,18.040001,18.392757,7.037339
2024-07-25,21333.813186,0,0,21333.813186,0,453.513855,33.740359,0.194704,18.459999,18.392776,7.036378
2024-07-26,21333.813186,0,0,21333.813186,0,458.16507,38.272897,0.194968,16.389999,18.392229,7.035496
2024-07-29,21333.813186,0,0,21333.813186,0,459.085419,39.159755,0.194934,16.6,18.39174,7.034598
2024-07-30,21333.813186,0,0,21333.813186,0,452.781494,35.40731,0.194621,17.690001,18.391549,7.033648
2024-07-31,21333.813186,0,0,21333.813186,0,466.180969,47.026908,0.19759,16.360001,18.390995,7.032769
2024-08-01,21333.813186,0,0,21333.813186,0,454.889404,40.427099,0.199886,18.59,18.391049,7.031811
2024-08-02,21333.813186,0,0,21333.813186,0,444.092651,35.322516,0.200202,23.389999,18.392411,7.031337
2024-08-05,21333.813186,7053.904183,0,14279.909003,1,430.851501,30.273891,0.203614,38.57,18.397908,7.038262
2024-08-06,21623.428611,14463.252007,0,7160.176604,2,434.968323,33.458353,0.203791,27.709999,18.400444,7.038981
2024-08-07,20964.711164,13804.53456,0,7160.176604,2,430.257751,31.675714,0.204048,27.85,18.403017,7.03975
2024-08-08,22938.067037,15777.890433,0,7160.176604,2,443.419739,41.116065,0.206799,23.790001,18.404483,7.039352
2024-08-09,23249.848749,16089.672145,0,7160.176604,2,445.735413,42.618264,0.206375,20.370001,18.405018,7.038469
2024-08-12,23360.848184,16200.67158,0,7160.176604,2,446.695374,43.264434,0.206378,20.709999,18.405645,7.037614
2024-08-13,25083.26585,17923.089246,0,7160.176604,2,457.779114,50.232839,0.208138,18.120001,18.405567,7.036658
2024-08-14,25081.90252,17921.725916,0,7160.176604,2,457.927582,50.320859,0.207776,16.190001,18.404965,7.035796
2024-08-15,26926.945375,19766.768771,0,7160.176604,2,469.496277,56.74111,0.209296,15.23,18.404102,7.035034
2024-08-16,26994.802785,19834.626181,0,7160.176604,2,470.099945,57.053005,0.208822,14.8,18.403122,7.034329
2024-08-19,27949.093516,20788.916912,0,7160.176604,2,476.275116,60.213163,0.208803,14.65,18.402103,7.033645
2024-08-20,27778.930238,20618.753634,0,7160.176604,2,475.275635,59.450657,0.208819,15.88,18.401418,7.032813
2024-08-21,28100.190845,20940.014241,0,7160.176604,2,477.49234,60.641111,0.208101,16.27,18.400839,7.031945
2024-08-22,26915.253679,19755.077075,0,7160.176604,2,469.921783,54.731358,0.209091,17.549999,18.400608,7.031004
2024-08-23,27702.278822,20542.102218,0,7160.176604,2,475.018311,57.718679,0.208683,15.86,18.399919,7.030175
2024-08-26,26886.402771,19726.226167,0,7160.176604,2,470.406708,54.231319,0.207301,16.15,18.399308,7.029318
2024-08-27,27094.615467,19934.438863,0,7160.176604,2,471.811951,55.121148,0.207161,15.43,18.398503,7.028535
2024-08-28,26252.268296,19092.091692,0,7160.176604,2,466.458099,51.048989,0.207559,17.110001,18.398153,7.027614
2024-08-29,26081.294385,18921.117781,0,7160.176604,2,465.775269,50.536198,0.206093,15.65,18.397409,7.026807
2024-08-30,26960.864046,19800.687442,0,7160.176604,2,471.326996,54.535003,0.206435,15,18.396488,7.026077
2024-09-03,24818.821065,17658.644461,0,7160.176604,2,457.01709,44.539937,0.209913,20.719999,18.397117,7.025229
2024-09-04,24629.117947,17468.941343,0,7160.176604,2,455.829529,43.82213,0.209941,21.32,18.397909,7.024442
2024-09-05,24683.294643,17523.118039,0,7160.176604,2,456.255127,44.169393,0.209941,19.9,18.398316,7.023534
2024-09-06,22947.36012,15787.183516,0,7160.176604,2,444.033264,37.080731,0.212295,22.379999,18.399394,7.022888
2024-09-09,23765.042404,16604.8658,0,7160.176604,2,449.743408,41.781793,0.212569,19.450001,18.399678,7.021959
2024-09-10,24384.249276,17224.072672,0,7160.176604,2,453.899811,45.002916,0.212805,19.08,18.399862,7.021018
2024-09-11,25917.415611,18757.239007,0,7160.176604,2,463.756409,51.8119,0.213847,17.690001,18.39967,7.020078
2024-09-12,26608.355079,19448.178475,0,7160.176604,2,468.308716,54.607141,0.213617,17.07,18.39931,7.019162
2024-09-13,26928.677733,19768.501129,0,7160.176604,2,470.406708,55.877416,0.213631,16.559999,18.398813,7.018278
2024-09-16,26567.23403,19407.057426,0,7160.176604,2,468.328461,54.257662,0.213554,17.139999,18.398473,7.01736
2024-09-17,26554.921359,19394.744755,0,7160.176604,2,468.575897,54.427045,0.212426,17.610001,18.39826,7.016424
2024-09-18,26229.779872,19069.603268,0,7160.176604,2,466.54715,52.703813,0.212523,18.23,18.398214,7.015476
2024-09-19,28160.290437,21000.113833,0,7160.176604,2,478.343445,60.529222,0.21443,16.33,18.397656,7.014611
2024-09-20,27975.661429,20815.484825,0,7160.176604,2,477.432983,59.708087,0.213636,16.15,18.397049,7.013761
2024-09-23,28103.353412,20943.176808,0,7160.176604,2,478.698486,60.509992,0.21233,15.89,18.396372,7.012935
2024-09-24,28468.652412,21308.475808,0,7160.176604,2,481.007568,61.996244,0.21237,15.39,18.395561,7.012162
2024-09-25,28529.391365,21369.214761,0,7160.176604,2,481.453491,62.2914,0.212328,15.41,18.394756,7.011388
2024-09-26,29084.347503,21924.170899,0,7160.176604,2,485.070709,64.687229,0.211543,15.37,18.39394,7.010618
2024-09-27,28637.708392,21477.531788,0,7160.176604,2,482.375153,61.54893,0.2117,16.959999,18.393554,7.009712
2024-09-30,28815.090785,21654.914181,0,7160.176604,2,483.683289,62.499751,0.211537,16.73,18.393105,7.00882
2024-10-01,27736.884464,20576.70786,0,7160.176604,2,476.944427,54.960021,0.21233,19.26,18.393339,7.00789
2024-10-02,27829.094901,20668.918297,0,7160.176604,2,477.618286,55.537634,0.212158,18.9,18.393475,7.006951
2024-10-03,27719.787412,20559.610808,0,7160.176604,2,477.261536,55.134507,0.210949,20.49,18.39404,7.006091
2024-10-04,28627.934967,21467.758363,0,7160.176604,2,482.940063,60.099205,0.210816,19.209999,18.39426,7.005161
2024-10-07,27769.846916,20609.670312,0,7160.176604,2,477.766968,54.213637,0.211249,22.639999,18.395402,7.004564
2024-10-08,28916.823875,21756.647271,0,7160.176604,2,484.902252,60.02822,0.211071,21.42,18.396216,7.003797
2024-10-09,29540.073383,22379.896779,0,7160.176604,2,488.717651,62.752157,0.21117,20.860001,18.396879,7.002971
2024-10-10,29436.215529,22276.038925,0,7160.176604,2,488.162659,62.089341,0.211124,20.93,18.397561,7.002152
2024-10-11,29548.6209,22388.444296,0,7160.176604,2,488.925751,62.673135,0.211004,20.459999,18.398115,7.001292
2024-10-14,30205.485323,23045.308719,0,7160.176604,2,493.028564,65.728875,0.211106,19.700001,18.398465,7.000383
2024-10-15,29101.021952,21940.845348,0,7160.176604,2,486.438354,57.575546,0.211184,20.639999,18.399067,6.999539
2024-10-16,29089.379827,21929.203223,0,7160.176604,2,486.497803,57.626607,0.210841,19.58,18.399385,6.998625
2024-10-17,29132.544795,21972.368191,0,7160.176604,2,486.834747,57.935636,0.210774,19.110001,18.399576,6.997694
2024-10-18,29632.4895,22472.312896,0,7160.176604,2,490.025757,60.8478,0.210158,18.030001,18.399476,6.996757
2024-10-21,29746.466758,22586.290154,0,7160.176604,2,490.967224,61.690495,0.209767,18.370001,18.399468,6.995818
2024-10-22,29797.009968,22636.833364,0,7160.176604,2,491.50238,62.188685,0.208843,18.200001,18.399415,6.994879
2024-10-23,28566.451957,21406.275353,0,7160.176604,2,483.970642,51.949415,0.209804,19.24,18.39964,6.993954
2024-10-24,29202.064386,22041.887782,0,7160.176604,2,487.895142,56.013397,0.20972,19.08,18.399823,6.993025
2024-10-25,29616.333341,22456.156737,0,7160.176604,2,490.868134,58.852558,0.207433,20.33,18.400341,6.992158
2024-10-28,29553.139728,22392.963124,0,7160.176604,2,490.947418,58.928694,0.205941,19.799999,18.400716,6.991258
2024-10-29,30344.956902,23184.780298,0,7160.176604,2,495.664673,63.281912,0.206132,19.34,18.400968,6.990338
2024-10-30,29700.402964,22540.22636,0,7160.176604,2,491.91864,58.022522,0.206086,20.35,18.40149,6.989474
2024-10-31,27711.144789,20550.968185,0,7160.176604,2,479.501251,44.746728,0.208574,23.16,18.402765,6.988971
2024-11-01,28257.480689,21097.304085,0,7160.176604,2,483.049103,48.380812,0.207822,21.879999,18.403696,6.988267
2024-11-04,27965.507265,20805.330661,0,7160.176604,2,481.641815,47.058668,0.206902,21.98,18.404653,6.987576
2024-11-05,28974.013667,21813.837063,0,7160.176604,2,487.786102,53.086691,0.206978,20.49,18.405211,6.986724
2024-11-06,31269.314319,24109.137715,0,7160.176604,2,501.035889,62.897507,0.209222,16.27,18.40464,6.985876
2024-11-07,32632.778939,25472.602335,0,7160.176604,2,508.924377,67.284191,0.209703,15.2,18.403783,6.985138
2024-11-08,32725.981436,25565.804832,0,7160.176604,2,509.519043,67.595224,0.209702,14.94,18.402856,6.984433
2024-11-11,32636.658737,25476.482133,0,7160.176604,2,509.22168,67.250917,0.209432,14.97,18.401939,6.983725
2024-11-12,32425.791375,25265.614771,0,7160.176604,2,508.300018,66.126636,0.207945,14.71,18.400952,6.983052
2024-11-13,32300.88964,25140.713036,0,7160.176604,2,507.645996,65.292483,0.207901,14.02,18.399781,6.982486
2024-11-14,31647.283775,24487.107171,0,7160.176604,2,504.11795,60.834432,0.206722,14.31,18.398688,6.981873
2024-11-15,29653.305004,22493.1284,0,7160.176604,2,492.106934,48.654717,0.20893,16.139999,18.398085,6.981038
2024-11-18,30202.818332,23042.641728,0,7160.176604,2,495.52594,51.623812,0.209049,15.58,18.397332,6.980257
2024-11-19,30775.430596,23615.253992,0,7160.176604,2,498.935028,54.452047,0.209163,16.35,18.396786,6.979405
2024-11-20,30704.236859,23544.060255,0,7160.176604,2,498.647614,54.164536,0.20875,17.16,18.396456,6.978503
2024-11-21,30996.579553,23836.402949,0,7160.176604,2,500.441376,55.735395,0.208609,16.870001,18.396049,6.977616
2024-11-22,31123.074878,23962.898274,0,7160.176604,2,501.244049,56.454574,0.208578,15.24,18.395207,6.976876
2024-11-25,31227.957707,24067.781103,0,7160.176604,2,502.036865,57.194349,0.208558,14.6,18.394195,6.976221
2024-11-26,31683.767431,24523.590827,0,7160.176604,2,504.732391,59.701072,0.208608,14.1,18.39305,6.975643
2024-11-27,30996.949241,23836.772637,0,7160.176604,2,500.758423,54.622492,0.208879,14.1,18.391906,6.975065
2024-11-29,31739.426132,24579.249528,0,7160.176604,2,505.158508,58.80141,0.209068,13.51,18.390605,6.974591
2024-12-02,32672.586316,25512.409712,0,7160.176604,2,510.65863,63.345495,0.209348,13.34,18.389259,6.974149
2024-12-03,32936.522913,25776.346309,0,7160.176604,2,512.224426,64.544432,0.209351,13.3,18.387904,6.973714
2024-12-04,34043.322086,26883.145482,0,7160.176604,2,518.556946,68.96561,0.209394,13.45,18.386589,6.973251
2024-12-05,33780.342165,26620.165561,0,7160.176604,2,517.120117,66.92639,0.209444,13.54,18.385299,6.972771
2024-12-06,34592.132323,27431.955719,0,7160.176604,2,521.747986,70.002985,0.209476,12.77,18.383805,6.972445
2024-12-09,33834.278331,26674.101727,0,7160.176604,2,517.684937,64.343833,0.209205,14.19,18.38269,6.971853
2024-12-10,33513.318141,26353.141537,0,7160.176604,2,515.920898,62.00031,0.209241,14.18,18.381572,6.971262
2024-12-11,35163.817078,28003.640474,0,7160.176604,2,525.157104,68.474613,0.210002,13.58,18.380295,6.970775
2024-12-12,34549.764559,27389.587955,0,7160.176604,2,521.767883,64.155097,0.210045,13.92,18.37911,6.970227
2024-12-13,35246.087042,28085.910438,0,7160.176604,2,525.761658,66.811882,0.209734,13.81,18.377895,6.969699
2024-12-16,36594.318602,0,0,36594.318602,0,533.333008,71.173917,0.210316,14.69,18.376916,6.969032
2024-12-17,36594.318602,0,0,36594.318602,0,530.984253,68.18018,0.210376,15.87,18.37625,6.968226
2024-12-18,36594.318602,0,0,36594.318602,0,511.828064,49.786749,0.215136,27.620001,18.378704,6.968928
2024-12-19,36594.318602,0,0,36594.318602,0,509.548645,48.123114,0.215176,24.09,18.38022,6.968624
2024-12-20,36594.318602,0,0,36594.318602,0,513.998352,51.52818,0.214522,18.360001,18.380215,6.967699
2024-12-23,36594.318602,0,0,36594.318602,0,519.006042,55.099994,0.2144,16.780001,18.37979,6.966824
2024-12-24,36594.318602,0,0,36594.318602,0,526.043823,59.605136,0.21492,14.27,18.3787,6.966221
2024-12-26,36594.318602,0,0,36594.318602,0,525.68634,59.27977,0.214844,14.73,18.377733,6.96555
2024-12-27,36594.318602,0,0,36594.318602,0,518.698364,53.169851,0.215536,15.95,18.377089,6.964739
2024-12-30,36594.318602,0,0,36594.318602,0,511.799683,47.91893,0.216217,17.4,18.37683,6.963834
2024-12-31,36594.318602,0,0,36594.318602,0,507.452118,44.908925,0.216423,17.35,18.376558,6.962931
2025-01-02,36594.318602,0,0,36594.318602,0,506.459503,44.225869,0.215366,17.93,18.37644,6.962012
2025-01-03,36594.318602,0,0,36594.318602,0,514.747803,50.936335,0.215687,16.129999,18.375845,6.961186
2025-01-06,36594.318602,0,0,36594.318602,0,520.663757,55.089785,0.215912,16.040001,18.375226,6.960368
2025-01-07,36594.318602,0,0,36594.318602,0,511.372833,48.190151,0.217131,17.82,18.375079,6.959452
2025-01-08,36594.318602,0,0,36594.318602,0,511.46228,48.257339,0.215872,17.700001,18.374901,6.95854
2025-01-10,36594.318602,0,0,36594.318602,0,503.441986,42.886823,0.216806,19.540001,18.375209,6.957645
2025-01-13,36594.318602,0,0,36594.318602,0,501.824005,41.874383,0.216747,19.190001,18.375424,6.956737
2025-01-14,36594.318602,0,0,36594.318602,0,501.347534,41.56321,0.216753,18.709999,18.375513,6.955819
2025-01-15,36594.318602,0,0,36594.318602,0,512.881653,51.046698,0.218338,16.120001,18.374917,6.954996
2025-01-16,36594.318602,0,0,36594.318602,0,509.288452,48.410932,0.218545,16.6,18.374448,6.954137
2025-01-17,36594.318602,0,0,36594.318602,0,517.884399,54.467882,0.219222,15.97,18.373812,6.953328
2025-01-21,36594.318602,0,0,36594.318602,0,520.921814,56.415156,0.218733,15.06,18.372937,6.952618
2025-01-22,36594.318602,0,0,36594.318602,0,527.582214,60.413139,0.218035,15.1,18.372073,6.951903
2025-01-23,36594.318602,0,0,36594.318602,0,528.703979,61.060993,0.218039,15.02,18.371188,6.951198
2025-01-24,36594.318602,0,0,36594.318602,0,525.716125,58.323149,0.218149,14.85,18.370259,6.950516
2025-01-27,36594.318602,0,0,36594.318602,0,510.410156,46.757238,0.221116,17.9,18.370135,6.949603
2025-01-28,36594.318602,0,0,36594.318602,0,517.953979,51.827743,0.221744,16.41,18.369618,6.948759
2025-01-29,36594.318602,0,0,36594.318602,0,516.981201,51.151264,0.221616,16.559999,18.36914,6.947905
2025-01-30,36594.318602,0,0,36594.318602,0,519.184631,52.658576,0.221369,15.84,18.368474,6.94711
2025-01-31,36594.318602,0,0,36594.318602,0,518.430359,52.066306,0.221202,16.43,18.367963,6.946265
2025-02-03,36594.318602,0,0,36594.318602,0,514.281311,48.813936,0.220065,18.620001,18.368029,6.945351
2025-02-04,36594.318602,0,0,36594.318602,0,520.594299,53.566677,0.220101,17.209999,18.367724,6.944461
2025-02-05,36594.318602,0,0,36594.318602,0,522.956604,55.241442,0.219314,15.77,18.36704,6.943675
2025-02-06,36594.318602,0,0,36594.318602,0,525.68634,57.164099,0.219361,15.5,18.366285,6.942916
2025-02-07,36594.318602,0,0,36594.318602,0,519.055786,51.389596,0.219937,16.540001,18.365804,6.942065
2025-02-10,36594.318602,0,0,36594.318602,0,525.338928,55.932384,0.220059,15.81,18.365132,6.941275
2025-02-11,36594.318602,0,0,36594.318602,0,524.088257,54.833901,0.220089,16.02,18.364515,6.940466
2025-02-12,36594.318602,0,0,36594.318602,0,524.395935,55.067692,0.219823,15.89,18.363864,6.939669
2025-02-13,36594.318602,0,0,36594.318602,0,531.939819,60.470491,0.220345,15.1,18.363006,6.938958
2025-02-14,36594.318602,0,0,36594.318602,0,534.173279,61.930013,0.219475,14.77,18.362061,6.938291
2025-02-18,36594.318602,0,0,36594.318602,0,535.384155,62.733383,0.219156,15.35,18.361269,6.93755
2025-02-19,36594.318602,0,0,36594.318602,0,535.533203,62.837339,0.219143,15.27,18.360457,6.93682
2025-02-20,36594.318602,0,0,36594.318602,0,533.259888,60.084315,0.2189,15.66,18.359748,6.936046
2025-02-21,36594.318602,0,0,36594.318602,0,522.192383,48.860829,0.220236,18.209999,18.359709,6.935136
2025-02-24,36594.318602,0,0,36594.318602,0,516.028198,43.937971,0.220689,18.98,18.359871,6.934232
2025-02-25,36594.318602,0,0,36594.318602,0,509.526733,39.426064,0.218679,19.43,18.360152,6.933344
2025-02-26,36594.318602,0,0,36594.318602,0,510.757507,40.668173,0.218646,19.1,18.360346,6.932444
2025-02-27,36594.318602,0,0,36594.318602,0,496.57309,32.417774,0.221364,21.129999,18.361073,6.93168
2025-02-28,36594.318602,0,0,36594.318602,0,504.414734,39.700804,0.222094,19.629999,18.361406,6.930801
2025-03-03,36594.318602,0,0,36594.318602,0,493.376892,34.126032,0.223653,22.780001,18.362564,6.930261
2025-03-04,36594.318602,0,0,36594.318602,0,491.88797,33.443825,0.223487,23.51,18.363914,6.929854
2025-03-05,36594.318602,0,0,36594.318602,0,498.300232,39.091055,0.223313,21.93,18.364848,6.929186
2025-03-06,36594.318602,0,0,36594.318602,0,484.592285,32.702854,0.225847,24.870001,18.366552,6.929078
2025-03-07,36594.318602,0,0,36594.318602,0,488.155792,35.647003,0.224893,23.370001,18.367863,6.928644
2025-03-10,36594.318602,8458.182015,0,28136.136587,1,469.236603,28.514545,0.229855,27.860001,18.370348,6.929439
2025-03-11,36495.332666,8359.196079,0,28136.136587,1,468.11499,28.154882,0.22919,26.92,18.372586,6.929912
2025-03-12,36854.356062,8718.219475,0,28136.136587,1,473.39563,32.473373,0.228871,24.23,18.374119,6.929653
2025-03-13,36275.008893,8138.872306,0,28136.136587,1,464.879028,29.403642,0.229895,24.66,18.375764,6.929492
2025-03-14,37084.24731,8948.110723,0,28136.136587,1,476.115417,37.762894,0.23103,21.77,18.376652,6.928803
2025-03-17,37286.885954,9150.749367,0,28136.136587,1,479.202393,39.869442,0.230942,20.51,18.37721,6.927983
2025-03-18,36718.942003,8582.805415,0,28136.136587,1,471.033264,36.361952,0.231879,21.700001,18.378078,6.927285
2025-03-19,37162.195624,9026.059037,0,28136.136587,1,477.336334,40.697001,0.231924,19.9,18.378476,6.926423
2025-03-20,37035.809202,8899.672615,0,28136.136587,1,475.718384,39.944798,0.231711,19.799999,18.378848,6.925556
2025-03-21,37142.562915,9006.426328,0,28136.136587,1,477.286682,41.081567,0.231724,19.280001,18.379083,6.924667
2025-03-24,37910.627726,9774.491139,0,28136.136587,1,487.760437,48.141489,0.232733,17.48,18.378848,6.923777
2025-03-25,38112.25161,9976.115023,0,28136.136587,1,490.543884,49.860942,0.232762,17.15,18.378527,6.922902
2025-03-26,37465.415461,9329.278874,0,28136.136587,1,481.517578,44.686556,0.233874,18.33,18.378515,6.921998
2025-03-27,37262.409136,9126.272549,0,28136.136587,1,478.773834,43.218358,0.233938,18.690001,18.378596,6.921096
2025-03-28,36415.296814,8279.160227,0,28136.136587,1,466.168793,37.175408,0.236138,21.65,18.37945,6.920395
2025-03-31,36395.508137,8259.371549,0,28136.136587,1,466.148895,37.166573,0.236107,22.280001,18.380467,6.919779
2025-04-01,36654.439754,8518.303167,0,28136.136587,1,469.906555,40.063334,0.236279,21.77,18.381351,6.919093
2025-04-02,36892.68393,8756.547343,0,28136.136587,1,473.336212,42.661611,0.236418,21.51,18.382166,6.918375
2025-04-03,35371.79021,15748.95975,0,19622.83046,2,447.996765,31.720453,0.245333,30.02,18.385199,6.920024
2025-04-04,32330.88809,20977.280419,0,11353.607671,3,420.172211,24.338966,0.25714,45.310001,18.392215,6.932758
2025-04-07,32432.425077,21078.817406,0,11353.607671,3,421.186188,25.023686,0.2565,46.98,18.399661,6.947194
2025-04-08,31021.564732,19667.95706,0,11353.607671,3,413.601257,23.323331,0.257019,52.330002,18.408497,6.967836
2025-04-09,43186.94073,31833.333059,0,11353.607671,3,463.246155,48.154885,0.29091,33.619999,18.412458,6.971251
2025-04-10,39297.1995,27943.591829,0,11353.607671,3,443.543274,42.299971,0.295569,40.720001,18.418264,6.979628
2025-04-11,41015.063822,29661.456151,0,11353.607671,3,451.714691,45.271929,0.29618,37.560001,18.423245,6.985547
2025-04-14,41571.979638,30218.371966,0,11353.607671,3,454.77652,46.386252,0.295685,30.889999,18.426488,6.987532
2025-04-15,41619.779078,30266.171406,0,11353.607671,3,455.283478,46.580197,0.295043,30.120001,18.429529,6.989168
2025-04-16,38843.863049,27490.255378,0,11353.607671,3,441.555084,42.135119,0.296672,32.639999,18.433224,6.992014
2025-04-17,38808.282009,27454.674338,0,11353.607671,3,441.475555,42.110049,0.296673,29.65,18.43614,6.993444
2025-04-21,36612.251274,25258.643603,0,11353.607671,3,430.550476,38.703288,0.29784,33.82,18.440138,6.996931
2025-04-22,38957.477916,27603.870245,0,11353.607671,3,441.853363,43.771576,0.299363,30.57,18.443289,6.998754
2025-04-23,41019.336538,29665.728867,0,11353.607671,3,451.873749,47.885554,0.299459,28.450001,18.445888,6.999703
2025-04-24,43812.746245,32459.138574,0,11353.607671,3,464.588165,52.622267,0.301035,26.469999,18.447972,6.999988
2025-04-25,44909.956262,33556.348591,0,11353.607671,3,469.767365,54.438887,0.300811,24.84,18.449631,6.999837
2025-04-28,44816.116294,33462.508623,0,11353.607671,3,469.618256,54.374246,0.300792,25.15,18.45137,6.99976
2025-04-29,45481.229802,34127.62213,0,11353.607671,3,472.719818,55.55639,0.300815,24.17,18.452854,6.999458
2025-04-30,45415.652427,34062.044756,0,11353.607671,3,472.660187,55.526602,0.300284,24.700001,18.454475,6.999273
2025-05-01,46792.116077,35438.508405,0,11353.607671,3,478.833466,58.035126,0.300631,24.6,18.456068,6.999065
2025-05-02,48353.147416,36999.539745,0,11353.607671,3,485.941223,60.778254,0.300197,22.68,18.457164,6.998488
2025-05-05,47635.460829,36281.853158,0,11353.607671,3,483.05835,59.09108,0.300152,23.639999,18.458507,6.998078
2025-05-06,46595.613942,35242.00627,0,11353.607671,3,478.565094,56.460356,0.300033,24.76,18.46014,6.997906
2025-05-07,46944.844463,35591.236791,0,11353.607671,3,480.443878,57.31605,0.299151,23.549999,18.461459,6.997479
2025-05-08,48046.512747,36692.905075,0,11353.607671,3,485.404388,59.575055,0.29912,22.48,18.462499,6.996872
2025-05-09,47954.222144,36600.614473,0,11353.607671,3,485.086304,59.358118,0.299123,21.9,18.463389,6.996184
2025-05-12,52696.511872,41342.904201,0,11353.607671,3,504.848816,67.320292,0.302852,18.389999,18.46337,6.995278
2025-05-13,54534.56395,43180.956279,0,11353.607671,3,512.543091,69.80092,0.303348,18.219999,18.463307,6.994374
2025-05-14,55255.198503,43901.590832,0,11353.607671,3,515.614807,70.755316,0.303409,18.620001,18.463348,6.993469
2025-05-15,55371.205544,44017.597873,0,11353.607671,3,516.181458,70.937783,0.303403,17.83,18.463184,6.992572
2025-05-16,55890.784433,44537.176762,0,11353.607671,3,518.428162,71.691938,0.303356,17.24,18.462868,6.991695
2025-05-19,55921.45498,44567.847309,0,11353.607671,3,518.925171,71.865866,0.302827,18.139999,18.462784,6.990793
2025-05-20,55484.273234,44130.665563,0,11353.607671,3,517.195435,70.24818,0.302848,18.09,18.462688,6.989892
2025-05-21,53767.610059,42414.002388,0,11353.607671,3,510.008148,63.819866,0.30335,20.870001,18.46331,6.989096
2025-05-22,53969.832022,42616.224351,0,11353.607671,3,510.962494,64.287183,0.303256,20.280001,18.463779,6.988254
2025-05-23,52836.645311,41483.03764,0,11353.607671,3,506.230621,60.139432,0.303479,22.290001,18.464768,6.987621
2025-05-27,55674.046508,44320.438837,0,11353.607671,3,518.139771,66.072421,0.304707,18.959999,18.464895,6.986724
2025-05-28,55099.711603,43746.103932,0,11353.607671,3,515.843384,64.091445,0.304706,19.309999,18.465114,6.985835
2025-05-29,55313.709954,43960.102283,0,11353.607671,3,516.857422,64.596226,0.304524,19.18,18.465298,6.984942
2025-05-30,55096.074237,43742.466566,0,11353.607671,3,516.042236,63.819541,0.304509,18.57,18.465325,6.984041
2025-06-02,56019.8935,44666.285829,0,11353.607671,3,520.118103,66.019506,0.304499,18.360001,18.465298,6.983141
2025-06-03,56979.168904,45625.561233,0,11353.607671,3,524.183838,68.103013,0.304315,17.690001,18.465098,6.982251
2025-06-04,57316.008381,45962.40071,0,11353.607671,3,525.645203,68.842503,0.304311,17.610001,18.464878,6.981364
2025-06-05,56336.005486,44982.397814,0,11353.607671,3,521.688721,64.483695,0.304417,18.48,18.464881,6.980464
2025-06-06,57571.300744,46217.693073,0,11353.607671,3,526.78833,67.35294,0.304603,16.77,18.464445,6.979618
2025-06-09,57653.462824,46299.855153,0,11353.607671,3,527.563843,67.779237,0.303714,17.16,18.464109,6.97875
2025-06-10,58497.260054,47143.652383,0,11353.607671,3,531.05304,69.696502,0.303798,16.950001,18.463719,6.977893
2025-06-11,58037.370348,46683.762677,0,11353.607671,3,529.263672,67.478952,0.30383,17.26,18.463409,6.977021
2025-06-12,58322.446645,46968.838974,0,11353.607671,3,530.506226,68.234766,0.303809,18.02,18.463295,6.976127
2025-06-13,56683.586132,45329.978461,0,11353.607671,3,523.845947,60.163439,0.304127,20.82,18.463901,6.975331
2025-06-16,58415.469071,47061.8614,0,11353.607671,3,531.132568,65.036212,0.304176,19.110001,18.464067,6.974441
2025-06-17,57130.664281,45777.05661,0,11353.607671,3,525.953308,59.468139,0.304369,21.6,18.464874,6.973726
2025-06-18,57085.584506,45731.976835,0,11353.607671,3,525.863892,59.373629,0.304316,20.139999,18.465305,6.97288
2025-06-20,56504.316557,45150.708886,0,11353.607671,3,523.716736,57.0298,0.304034,20.620001,18.465859,6.97207
2025-06-23,57776.72119,46423.113519,0,11353.607671,3,529.101746,61.16988,0.304264,19.83,18.466209,6.971208
2025-06-24,59780.916121,48427.30845,0,11353.607671,3,537.19281,66.407015,0.304622,17.48,18.465956,6.97033
2025-06-25,60102.820939,48749.213268,0,11353.607671,3,538.566101,67.215252,0.304608,16.76,18.465518,6.969488
2025-06-26,61337.737421,49984.12975,0,11353.607671,3,543.601929,70.059945,0.304449,16.59,18.465036,6.968657
2025-06-27,61773.872102,50420.26443,0,11353.607671,3,545.462891,71.059309,0.304191,16.32,18.464485,6.967847
2025-06-30,62611.578752,51257.971081,0,11353.607671,3,548.995911,72.908165,0.304268,16.73,18.46404,6.967008
2025-07-01,61430.157893,50076.550222,0,11353.607671,3,544.368164,66.881103,0.304451,16.83,18.463621,6.966163
2025-07-02,62369.386003,51015.778332,0,11353.607671,3,548.159973,69.132695,0.304469,16.639999,18.463153,6.965331
2025-07-03,63727.776157,52374.168486,0,11353.607671,3,553.553955,72.044297,0.304605,16.379999,18.462619,6.964517
2025-07-07,62582.340203,51228.732531,0,11353.607671,3,549.384094,66.798665,0.304529,17.790001,18.462446,6.963632
2025-07-08,62633.588126,51279.980455,0,11353.607671,3,549.692627,66.990181,0.304385,16.809999,18.462023,6.96279
2025-07-09,63598.598943,52244.991271,0,11353.607671,3,553.583862,69.388494,0.304255,15.94,18.461376,6.962014
2025-07-10,63375.296825,52021.689154,0,11353.607671,3,552.787659,68.295108,0.304255,15.78,18.460689,6.961254
2025-07-11,63038.837244,51685.229573,0,11353.607671,3,551.54364,66.531109,0.304272,16.4,18.460161,6.960441
2025-07-14,63479.018765,52125.411094,0,11353.607671,3,553.544006,67.964004,0.304061,17.200001,18.459839,6.959578
2025-07-15,63530.910504,52177.302833,0,11353.607671,3,554.051575,68.334454,0.302841,17.379999,18.459562,6.958709
2025-07-16,63652.970212,52299.362541,0,11353.607671,3,554.618774,68.769067,0.302773,17.16,18.45923,6.957849
2025-07-17,64791.89283,53438.285159,0,11353.607671,3,559.107178,72.039471,0.302898,16.52,18.458733,6.957028
2025-07-18,64633.871342,53280.263671,0,11353.607671,3,558.569824,71.079815,0.302903,16.41,18.458209,6.956215
2025-07-21,65222.685768,37739.912569,0,27482.773199,2,561.465881,73.15537,0.300744,16.65,18.457747,6.955385
2025-07-22,64700.677677,37217.904478,0,27482.773199,2,558.559875,67.890178,0.300756,16.5,18.457246,6.954566
2025-07-23,65129.996856,37647.223657,0,27482.773199,2,561.107544,69.933259,0.300572,15.37,18.456457,6.953852
2025-07-24,65314.321102,37831.547903,0,27482.773199,2,562.30188,70.869032,0.300097,15.39,18.455673,6.953136
2025-07-25,65539.385758,38056.612559,0,27482.773199,2,563.655396,71.935063,0.300062,14.93,18.454773,6.952476
2025-07-28,65721.611597,38238.838397,0,27482.773199,2,565.416809,73.304182,0.296709,15.03,18.453898,6.951803
2025-07-29,65545.346762,38062.573562,0,27482.773199,2,564.541077,71.438222,0.296375,15.98,18.453266,6.951027
2025-07-30,65661.267272,38178.494073,0,27482.773199,2,565.297485,72.098862,0.296162,15.48,18.452507,6.950302
2025-07-31,65121.690856,37638.917656,0,27482.773199,2,562.30188,65.625018,0.296251,16.719999,18.452065,6.94947
2025-08-01,63180.327147,35697.553948,0,27482.773199,2,551.225159,48.340529,0.296773,20.379999,18.452557,6.948651
2025-08-04,64893.68821,37410.91501,0,27482.773199,2,561.396179,59.015071,0.295553,17.52,18.452319,6.947781
2025-08-05,64170.562106,36687.788906,0,27482.773199,2,557.584534,54.472427,0.294126,17.85,18.452165,6.946901
2025-08-06,65366.1502,37883.377,0,27482.773199,2,564.600769,60.49972,0.292932,16.77,18.451736,6.946067
2025-08-07,65630.453722,38147.680522,0,27482.773199,2,566.511536,61.976082,0.29052,16.57,18.451257,6.945247
2025-08-08,66562.159957,39079.386757,0,27482.773199,2,571.796082,65.784939,0.29051,15.15,18.450415,6.944561
2025-08-11,66215.615785,38732.842585,0,27482.773199,2,570.104187,63.588756,0.290194,16.25,18.449855,6.943765
2025-08-12,67446.500704,39963.727504,0,27482.773199,2,577.269714,68.400301,0.28841,14.73,18.448907,6.943134
2025-08-13,67485.847343,21072.208319,0,46413.639023,1,577.55835,68.58041,0.288367,14.49,18.447899,6.942538
2025-08-14,67439.351974,0,0,67439.351974,0,577.110596,67.933548,0.288372,14.83,18.446978,6.941894
2025-08-15,67439.351974,0,0,67439.351974,0,574.572754,64.235309,0.287051,15.09,18.446124,6.941216
2025-08-18,67439.351974,0,0,67439.351974,0,574.343811,63.897368,0.287054,14.99,18.445244,6.940552
2025-08-19,67439.351974,0,0,67439.351974,0,566.551392,53.567428,0.286115,15.57,18.444513,6.939821
2025-08-20,67439.351974,0,0,67439.351974,0,563.187622,49.823017,0.286227,15.69,18.443812,6.939077
2025-08-21,67439.351974,0,0,67439.351974,0,560.580139,47.075996,0.285912,16.6,18.443344,6.938257
2025-08-22,67439.351974,0,0,67439.351974,0,569.228455,55.783792,0.286433,14.22,18.44227,6.937701
2025-08-25,67439.351974,0,0,67439.351974,0,567.586365,53.968098,0.286426,14.79,18.441342,6.937064
2025-08-26,67439.351974,0,0,67439.351974,0,569.865417,56.103627,0.285748,14.62,18.440371,6.93645
2025-08-27,67439.351974,0,0,67439.351974,0,570.741211,56.930518,0.285495,14.85,18.439459,6.935805
2025-08-28,67439.351974,0,0,67439.351974,0,574.313965,60.2224,0.285291,14.43,18.438441,6.935218
2025-08-29,67439.351974,0,0,67439.351974,0,567.666016,52.223826,0.285668,15.36,18.437659,6.934511
2025-09-02,67439.351974,0,0,67439.351974,0,562.908936,47.374953,0.285506,17.17,18.437338,6.93366
2025-09-03,67439.351974,0,0,67439.351974,0,567.337585,51.856475,0.28562,16.35,18.436808,6.93286
2025-09-04,67439.351974,0,0,67439.351974,0,572.472839,56.484082,0.285482,15.3,18.436012,6.93216
2025-09-05,67439.351974,0,0,67439.351974,0,573.298828,57.196758,0.282932,15.18,18.435186,6.931475
2025-09-08,67439.351974,0,0,67439.351974,0,576.095398,59.608706,0.28294,15.11,18.434343,6.930798
2025-09-09,67439.351974,0,0,67439.351974,0,577.7276,60.990351,0.28295,15.04,18.433483,6.93013
2025-09-10,67439.351974,0,0,67439.351974,0,577.916626,61.156067,0.28092,15.35,18.432701,6.929425
2025-09-11,67439.351974,0,0,67439.351974,0,581.280396,64.080313,0.280623,14.71,18.431758,6.928801
2025-09-12,67439.351974,0,0,67439.351974,0,583.847961,66.173589,0.28048,14.76,18.430828,6.928169
2025-09-15,67439.351974,0,0,67439.351974,0,588.843933,69.854835,0.279541,15.69,18.430134,6.927429
2025-09-16,67439.351974,0,0,67439.351974,0,588.346375,69.048892,0.279347,16.360001,18.42961,6.92663
2025-09-17,67439.351974,0,0,67439.351974,0,587.172119,67.081839,0.279336,15.72,18.428924,6.925888
2025-09-18,67439.351974,0,0,67439.351974,0,592.466492,71.081893,0.279431,15.7,18.428234,6.925147
2025-09-19,67439.351974,0,0,67439.351974,0,596.477173,73.690077,0.279517,15.45,18.42748,6.924433
2025-09-22,67439.351974,0,0,67439.351974,0,600.008362,75.762786,0.279507,16.1,18.426892,6.923656
2025-09-23,67439.351974,0,0,67439.351974,0,596.022949,69.142163,0.278159,16.639999,18.42644,6.922839
2025-09-24,67439.351974,0,0,67439.351974,0,593.930542,65.886803,0.278189,16.18,18.425872,6.922056
2025-09-25,67439.351974,0,0,67439.351974,0,591.369934,62.037418,0.27825,16.74,18.425446,6.921233
2025-09-26,67439.351974,0,0,67439.351974,0,593.801025,64.17732,0.278237,15.29,18.424654,6.920538
2025-09-29,67439.351974,0,0,67439.351974,0,596.550964,66.479082,0.278274,16.120001,18.424072,6.91976
2025-09-30,67439.351974,0,0,67439.351974,0,598.184998,67.802939,0.278168,16.280001,18.42353,6.91897
2025-10-01,67439.351974,0,0,67439.351974,0,601.054504,70.040577,0.278101,16.290001,18.422992,6.918179
2025-10-02,67439.351974,0,0,67439.351974,0,603.525513,71.85456,0.27812,16.629999,18.422539,6.917365
2025-10-03,67439.351974,0,0,67439.351974,0,600.984802,67.339775,0.277608,16.65,18.422092,6.916549
2025-10-06,67439.351974,0,0,67439.351974,0,605.498291,70.844436,0.277719,16.370001,18.421574,6.915753
2025-10-07,67439.351974,0,0,67439.351974,0,602.309998,65.497759,0.277812,17.24,18.421276,6.914906
2025-10-08,67439.351974,0,0,67439.351974,0,609.214722,70.661747,0.277788,16.299999,18.420741,6.914116
2025-10-09,67439.351974,0,0,67439.351974,0,608.477417,69.466118,0.277443,16.43,18.420239,6.913317
2025-10-10,67439.351974,0,0,67439.351974,0,587.354553,45.640191,0.280333,21.66,18.421056,6.912637
2025-10-13,67439.351974,0,0,67439.351974,0,599.819031,55.368259,0.281257,19.030001,18.421209,6.911772
2025-10-14,67439.351974,0,0,67439.351974,0,595.823669,52.146867,0.281391,20.809999,18.421811,6.911006
2025-10-15,67439.351974,0,0,67439.351974,0,600.028259,55.107015,0.281489,20.639999,18.42237,6.910225
2025-10-16,67439.351974,0,0,67439.351974,0,597.806396,53.233045,0.281394,25.309999,18.424104,6.910219
2025-10-17,67439.351974,0,0,67439.351974,0,601.732056,56.075187,0.280956,20.780001,18.424697,6.90945
2025-10-20,67439.351974,0,0,67439.351974,0,609.31427,61.004528,0.281304,18.23,18.424648,6.908581
2025-10-21,67439.351974,0,0,67439.351974,0,609.154968,60.850021,0.281307,17.870001,18.424508,6.907717
2025-10-22,67439.351974,0,0,67439.351974,0,603.286377,55.294012,0.28151,18.6,18.424552,6.906849
2025-10-23,67439.351974,0,0,67439.351974,0,608.35791,58.795383,0.281652,17.299999,18.42427,6.906003
2025-10-24,67439.351974,0,0,67439.351974,0,614.854126,62.813008,0.281896,16.370001,18.423753,6.905212
2025-10-27,67439.351974,0,0,67439.351974,0,625.804199,68.405182,0.281922,15.79,18.423091,6.90447
2025-10-28,67439.351974,0,0,67439.351974,0,630.616516,70.50445,0.281907,16.42,18.422588,6.903676
2025-10-29,67439.351974,0,0,67439.351974,0,633.456238,71.699411,0.281872,16.92,18.422211,6.902849
2025-10-30,67439.351974,0,0,67439.351974,0,623.771606,62.412694,0.282559,16.91,18.421831,6.902024
2025-10-31,67439.351974,0,0,67439.351974,0,626.780579,63.973981,0.282407,17.440001,18.421584,6.901175
2025-11-03,67439.351974,0,0,67439.351974,0,629.779541,65.511611,0.282257,17.17,18.42127,6.900337
2025-11-04,67439.351974,0,0,67439.351974,0,616.996338,54.779047,0.281634,19,18.421415,6.899477
2025-11-05,67439.351974,0,0,67439.351974,0,621.011719,57.153545,0.281607,18.01,18.421312,6.898614
2025-11-06,67439.351974,0,0,67439.351974,0,609.443909,49.14711,0.28257,19.5,18.421583,6.89777
2025-11-07,67439.351974,0,0,67439.351974,0,607.520874,47.944687,0.282257,19.08,18.421748,6.896913
2025-11-10,67439.351974,0,0,67439.351974,0,620.961792,56.040153,0.281665,17.6,18.421542,6.89606
2025-11-11,67439.351974,0,0,67439.351974,0,619.307861,54.908561,0.281133,17.280001,18.421256,6.895219
2025-11-12,67439.351974,0,0,67439.351974,0,618.819641,54.558346,0.281139,17.51,18.421027,6.89437
2025-11-13,67439.351974,0,0,67439.351974,0,606.185852,46.324413,0.282305,20,18.421423,6.893552
2025-11-14,67439.351974,0,0,67439.351974,0,606.644104,46.638989,0.282289,19.83,18.421776,6.892725
2025-11-17,67439.351974,0,0,67439.351974,0,601.463013,43.532539,0.282499,22.379999,18.422767,6.892146
2025-11-18,67439.351974,0,0,67439.351974,0,594.139832,39.52523,0.282776,24.690001,18.424335,6.891996
2025-11-19,67439.351974,0,0,67439.351974,0,597.686829,42.295939,0.281267,23.66,18.425646,6.891632
2025-11-20,67439.351974,0,0,67439.351974,0,583.538513,35.340587,0.282727,26.42,18.427646,6.891929
2025-11-21,67439.351974,0,0,67439.351974,0,587.922485,38.704148,0.282748,23.43,18.428897,6.891521
2025-11-24,67439.351974,0,0,67439.351974,0,602.957581,48.582825,0.284281,20.52,18.42942,6.890739
2025-11-25,67439.351974,0,0,67439.351974,0,606.674011,50.697955,0.284334,18.559999,18.429453,6.889877
2025-11-26,67439.351974,0,0,67439.351974,0,612.034424,53.65904,0.284496,17.190001,18.429143,6.889044
2025-11-28,67439.351974,0,0,67439.351974,0,616.996338,56.276821,0.284628,16.35,18.428623,6.888261
2025-12-01,67439.351974,0,0,67439.351974,0,614.923828,54.882277,0.28462,17.24,18.428326,6.887426
2025-12-02,67439.351974,0,0,67439.351974,0,619.736328,57.514955,0.28455,16.59,18.427867,6.886627
2025-12-03,67439.351974,0,0,67439.351974,0,621.250793,58.338819,0.284398,16.08,18.427281,6.885867
2025-12-04,67439.351974,0,0,67439.351974,0,620.672913,57.877614,0.28415,15.78,18.42662,6.885134
2025-12-05,67439.351974,0,0,67439.351974,0,623.203613,59.391658,0.284164,15.41,18.425867,6.88444
2025-12-08,67439.351974,0,0,67439.351974,0,622.008057,58.325075,0.283843,16.66,18.425427,6.883637
2025-12-09,67439.351974,0,0,67439.351974,0,622.775208,58.835913,0.283813,16.93,18.425054,6.882819
2025-12-10,67439.351974,0,0,67439.351974,0,625.325867,60.56664,0.283671,15.77,18.424392,6.882088
2025-12-11,67439.351974,0,0,67439.351974,0,623.303284,58.467398,0.283525,14.85,18.4235,6.881462
2025-12-12,67439.351974,0,0,67439.351974,0,611.38678,47.927411,0.284501,15.74,18.422832,6.880734
2025-12-15,67439.351974,0,0,67439.351974,0,608.317993,45.645359,0.283837,16.5,18.422352,6.879944
2025-12-16,67439.351974,0,0,67439.351974,0,609.523621,46.718724,0.283714,16.48,18.421868,6.879155
2025-12-17,67439.351974,0,0,67439.351974,0,598.224792,38.95487,0.284533,17.620001,18.421669,6.878309
2025-12-18,67439.351974,0,0,67439.351974,0,606.893188,46.324602,0.284539,16.870001,18.421282,6.877496
2025-12-19,67439.351974,0,0,67439.351974,0,614.80426,52.017867,0.284867,14.91,18.420408,6.876863
2025-12-22,67439.351974,0,0,67439.351974,0,617.751343,53.976303,0.281337,14.08,18.419328,6.876348
2025-12-23,67439.351974,0,0,67439.351974,0,620.64447,55.880115,0.281306,14,18.418228,6.875846
2025-12-24,67439.351974,0,0,67439.351974,0,622.460205,57.080087,0.281157,13.47,18.416998,6.875433
2025-12-26,67439.351974,0,0,67439.351974,0,622.420349,57.043412,0.280952,13.6,18.4158,6.874998
2025-12-29,67439.351974,0,0,67439.351974,0,619.40741,54.207925,0.28061,14.2,18.414751,6.874464
2025-12-30,67439.351974,0,0,67439.351974,0,617.970764,52.858706,0.280629,14.33,18.413736,6.873911
2025-12-31,67439.351974,0,0,67439.351974,0,612.862854,48.259519,0.280328,14.95,18.412875,6.873274
2026-01-02,67439.351974,0,0,67439.351974,0,611.675659,47.230901,0.279834,14.51,18.411906,6.872695
2026-01-05,67439.351974,0,0,67439.351974,0,616.53418,51.762226,0.279745,14.9,18.411033,6.872064
2026-01-06,67439.351974,0,0,67439.351974,0,621.951416,56.271141,0.279889,14.75,18.410124,6.871453
2026-01-07,67439.351974,0,0,67439.351974,0,622.550049,56.75222,0.279272,15.38,18.409372,6.870765
2026-01-08,67439.351974,0,0,67439.351974,0,619.008362,53.034787,0.279082,15.45,18.408637,6.870071
2026-01-09,67439.351974,0,0,67439.351974,0,625.173828,58.17137,0.278388,14.49,18.407665,6.869495
2026-01-12,67439.351974,0,0,67439.351974,0,625.692566,58.581816,0.278387,15.12,18.406849,6.868838
2026-01-13,67439.351974,0,0,67439.351974,0,624.764771,57.495135,0.277682,15.98,18.406248,6.868092
2026-01-14,67439.351974,0,0,67439.351974,0,618.090515,50.270908,0.277988,16.75,18.405837,6.86729
2026-01-15,67439.351974,0,0,67439.351974,0,620.315308,52.417166,0.278,15.84,18.405201,6.866558
2026-01-16,67439.351974,0,0,67439.351974,0,619.796509,51.855139,0.276751,15.86,18.40457,6.865823
2026-01-20,67439.351974,0,0,67439.351974,0,606.627625,40.101358,0.277879,20.09,18.404988,6.865024
2026-01-21,67439.351974,0,0,67439.351974,0,614.828247,48.005042,0.277631,16.9,18.404615,6.864214
2026-01-22,67439.351974,0,0,67439.351974,0,619.297668,51.742422,0.277674,15.64,18.40393,6.863502
2026-01-23,67439.351974,0,0,67439.351974,0,621.253052,53.323205,0.277312,16.09,18.403357,6.862749
2026-01-26,67439.351974,0,0,67439.351974,0,623.986633,55.51695,0.277343,16.15,18.4028,6.86199
2026-01-27,67439.351974,0,0,67439.351974,0,629.64325,59.734213,0.277419,16.35,18.402292,6.861217
2026-01-28,67439.351974,0,0,67439.351974,0,631.728271,61.194597,0.275029,16.35,18.401784,6.860444
2026-01-29,67439.351974,0,0,67439.351974,0,627.947205,57.146866,0.274645,16.879999,18.401407,6.859637
2026-01-30,67439.351974,0,0,67439.351974,0,620.405029,50.037068,0.27506,17.440001,18.40117,6.858805
2026-02-02,67439.351974,0,0,67439.351974,0,624.665039,53.552102,0.275125,16.34,18.40066,6.858034
2026-02-03,67439.351974,0,0,67439.351974,0,615.067688,45.744064,0.275801,18,18.400561,6.857189
2026-02-04,67439.351974,0,0,67439.351974,0,604.322998,38.904982,0.276478,18.639999,18.40062,6.856343
2026-02-05,67439.351974,0,0,67439.351974,0,595.623596,34.418233,0.27672,21.77,18.401453,6.8557
2026-02-06,67439.351974,0,0,67439.351974,0,608.213867,44.410221,0.277759,20.370001,18.401939,6.854923
2026-02-09,67439.351974,0,0,67439.351974,0,612.872864,47.592265,0.277833,17.360001,18.401681,6.854096
2026-02-10,67439.351974,0,0,67439.351974,0,610.029541,45.866716,0.277443,17.790001,18.40153,6.853257
2026-02-11,67439.351974,0,0,67439.351974,0,611.66571,47.056292,0.277115,17.65,18.401345,6.852421
2026-02-12,67439.351974,0,0,67439.351974,0,599.225098,39.880266,0.278253,20.82,18.401942,6.85168
2026-02-13,67439.351974,0,0,67439.351974,0,600.502014,40.876885,0.278259,20.6,18.402484,6.850922
2026-02-17,67439.351974,0,0,67439.351974,0,599.883484,40.526429,0.277772,20.290001,18.402949,6.850141
2026-02-18,67439.351974,0,0,67439.351974,0,604.362976,44.253967,0.277862,19.620001,18.40325,6.849323
2026-02-19,67439.351974,0,0,67439.351974,0,602.04834,42.762546,0.277902,20.23,18.4037,6.848539
2026-02-20,67439.351974,0,0,67439.351974,0,607.375793,47.175272,0.278083,19.09,18.403869,6.847703
2026-02-23,67439.351974,0,0,67439.351974,0,599.993225,42.307638,0.278444,21.01,18.404511,6.846982
2026-02-24,67439.351974,0,0,67439.351974,0,606.438049,47.409183,0.27751,19.549999,18.404793,6.846162
2026-02-25,67439.351974,0,0,67439.351974,0,615.227295,53.454096,0.277594,17.93,18.404676,6.845323
2026-02-26,67439.351974,0,0,67439.351974,0,607.80481,48.395104,0.277557,18.629999,18.404732,6.844481
2026-02-27,67439.351974,0,0,67439.351974,0,605.859436,47.135965,0.277588,19.860001,18.40509,6.843676
2026-03-02,67439.351974,0,0,67439.351974,0,606.657532,47.736731,0.275406,21.440001,18.405837,6.843
2026-03-03,67439.351974,0,0,67439.351974,0,600.162842,43.41305,0.275168,23.57,18.407107,6.842637
2026-03-04,67439.351974,0,0,67439.351974,0,609.311218,50.248643,0.274333,21.15,18.407782,6.841931
2026-03-05,67439.351974,0,0,67439.351974,0,607.475586,48.970381,0.274333,23.75,18.409095,6.841602
2026-03-06,67439.351974,0,0,67439.351974,0,598.337158,43.093134,0.274612,29.49,18.411819,6.842967
2026-03-09,67439.351974,0,0,67439.351974,0,606.328308,48.871751,0.272846,25.5,18.413561,6.843028
2026-03-10,67439.351974,0,0,67439.351974,0,606.338318,48.878753,0.272738,24.93,18.415162,6.842949
2026-03-11,67439.351974,0,0,67439.351974,0,606.258423,48.821277,0.268366,24.23,18.416591,6.842715
2026-03-12,67439.351974,0,0,67439.351974,0,595.853027,41.909297,0.269235,27.290001,18.41877,6.843288
2026-03-13,67439.351974,0,0,67439.351974,0,592.32135,39.847249,0.269077,27.190001,18.420923,6.843828
2026-03-16,67439.351974,0,0,67439.351974,0,598.965698,45.300184,0.268376,23.51,18.422172,6.843452
2026-03-17,67439.351974,0,0,67439.351974,0,601.888794,47.552727,0.266999,22.370001,18.423141,6.842892
2026-03-18,67439.351974,0,0,67439.351974,0,593.498657,42.183184,0.267518,25.09,18.424777,6.842849
2026-03-19,67439.351974,0,0,67439.351974,0,591.623047,41.066807,0.266678,24.059999,18.426159,6.842578
2026-03-20,67439.351974,0,0,67439.351974,0,580.688843,35.215709,0.267288,26.780001,18.428207,6.84299
2026-03-23,67439.351974,0,0,67439.351974,0,587.354553,40.757192,0.267544,26.15,18.430101,6.843219
2026-03-24,67439.351974,0,0,67439.351974,0,583.338928,38.614321,0.267687,26.950001,18.432189,6.84368
2026-03-25,67439.351974,0,0,67439.351974,0,587.174744,41.764043,0.266591,25.33,18.433879,6.843693
2026-03-26,67439.351974,11639.131553,0,55800.22042,1,573.160095,34.748646,0.26819,27.440001,18.436085,6.844306
2026-03-27,66662.001419,10861.780999,0,55800.22042,1,561.962463,30.360444,0.268313,31.049999,18.439175,6.846314
2026-03-30,66350.400103,10550.179683,0,55800.22042,1,557.667175,28.855146,0.268391,30.610001,18.442155,6.848125
2026-03-31,67666.587803,11866.367383,0,55800.22042,1,576.546387,42.378272,0.269223,25.25,18.443821,6.848115
2026-04-01,68174.348596,12374.128175,0,55800.22042,1,583.668579,46.50902,0.269571,24.540001,18.445313,6.84794
2026-04-02,68210.860802,12410.640382,0,55800.22042,1,584.33783,46.894271,0.269434,23.870001,18.446641,6.847628
2026-04-06,68431.805341,12631.584921,0,55800.22042,1,587.854004,48.973605,0.269394,24.17,18.448041,6.847376
2026-04-07,68203.468516,12403.248095,0,55800.22042,1,587.943909,49.02856,0.260849,25.780001,18.449834,6.847498
2026-04-08,69234.303298,13434.082878,0,55800.22042,1,605.424683,58.408129,0.250993,21.040001,18.450467,6.84678
2026-04-09,69539.977594,13739.757174,0,55800.22042,1,609.520203,60.253518,0.251071,19.49,18.450721,6.845963
2026-04-10,69571.291051,13771.07063,0,55800.22042,1,610.399231,60.657001,0.249953,19.23,18.450912,6.845137
2026-04-13,69086.47733,13286.25691,0,55800.22042,1,616.71228,63.521108,0.210836,19.120001,18.451075,6.844308
2026-04-14,69849.558814,14049.338394,0,55800.22042,1,627.909912,67.974486,0.204855,18.360001,18.451053,6.843472
2026-04-15,70560.084623,14759.864203,0,55800.22042,1,636.700317,70.970569,0.204402,18.17,18.450984,6.842638
2026-04-16,70808.622396,15008.401976,0,55800.22042,1,639.766907,71.956226,0.204341,17.940001,18.450859,6.841807
2026-04-17,71518.158238,15717.937818,0,55800.22042,1,648.137695,74.501301,0.204818,17.48,18.450622,6.840989
2026-04-20,71251.504227,15451.283806,0,55800.22042,1,646.079956,72.753363,0.201232,18.870001,18.450725,6.840157
2026-04-21,71038.658012,15238.437592,0,55800.22042,1,643.622681,70.622511,0.201323,19.5,18.450981,6.839342
2026-04-22,71917.478888,16117.258468,0,55800.22042,1,654.390869,74.189994,0.199578,18.92,18.451095,6.838511
2026-04-23,71556.068932,15755.848512,0,55800.22042,1,650.704895,71.011158,0.197617,19.309999,18.451305,6.837691
2026-04-24,72620.064344,16819.843924,0,55800.22042,1,663.151245,74.919039,0.197129,18.709999,18.451368,6.836858
2026-04-27,72586.414963,16786.194543,0,55800.22042,1,663.500854,75.020901,0.194583,18.02,18.451262,6.836028
2026-04-28,71999.586888,16199.366468,0,55800.22042,1,656.828186,69.240842,0.194722,17.83,18.451111,6.835202
2026-04-29,72345.134857,16544.914437,0,55800.22042,1,660.84375,70.703675,0.194796,18.809999,18.451199,6.834371
2026-04-30,72882.825578,17082.605157,0,55800.22042,1,667.006958,72.838759,0.194927,16.889999,18.450818,6.833582
2026-05-01,73447.932291,17647.711871,0,55800.22042,1,673.409973,74.886485,0.195166,16.99,18.450463,6.832788
2026-05-04,73309.311402,17509.090982,0,55800.22042,1,672.141357,73.70092,0.194706,18.290001,18.450424,6.831957
2026-05-05,74079.343775,18279.123354,0,55800.22042,1,680.861755,76.459743,0.194536,17.379999,18.450163,6.831145
2026-05-06,75370.380361,19570.159941,0,55800.22042,1,695.006226,80.105243,0.195698,17.389999,18.449905,6.830334
2026-05-07,75283.007151,19482.786731,0,55800.22042,1,694.177124,79.329733,0.195292,17.08,18.449572,6.829537
2026-05-08,76792.687305,20992.466884,0,55800.22042,1,710.449219,82.840833,0.196999,17.190001,18.449266,6.828734
2026-05-11,76961.755693,21161.535273,0,55800.22042,1,712.506958,83.228798,0.196726,18.379999,18.449249,6.827904
2026-05-12,76403.567201,20603.34678,0,55800.22042,1,706.463623,77.674297,0.197077,17.99,18.449137,6.827077
2026-05-13,77018.881548,21218.661128,0,55800.22042,1,713.925476,79.494026,0.191874,17.870001,18.448996,6.826254
2026-05-14,77478.92265,21678.70223,0,55800.22042,1,718.999817,80.649126,0.191283,17.26,18.448707,6.825449
2026-05-15,76476.528601,20676.308181,0,55800.22042,1,708.151794,71.390713,0.192227,18.43,18.448703,6.82462
2026-05-18,76179.386863,20379.166443,0,55800.22042,1,705.105103,68.995094,0.192343,17.82,18.44855,6.823798
2026-05-19,75775.644365,19975.423945,0,55800.22042,1,700.759949,65.613433,0.192512,18.059999,18.448456,6.822972
2026-05-20,76853.655648,21053.435227,0,55800.22042,1,712.367188,69.862791,0.193378,17.440001,18.448211,6.822162
2026-05-21,76973.145983,21172.925563,0,55800.22042,1,713.725647,70.324989,0.1933,16.76,18.447802,6.821385
2026-05-22,77238.678065,21438.457645,0,55800.22042,1,716.752319,71.378223,0.192453,16.700001,18.447377,6.820612
2026-05-26,78419.691503,22619.471083,0,55800.22042,1,729.478394,75.341185,0.193438,17.01,18.447029,6.819821
2026-05-27,78331.621479,22531.401059,0,55800.22042,1,728.649292,74.616323,0.193032,16.290001,18.446506,6.819076
2026-05-28,78887.926365,23087.705944,0,55800.22042,1,734.79248,76.426099,0.191422,15.74,18.44585,6.81838
2026-05-29,79137.571355,23337.350935,0,55800.22042,1,737.499512,77.197598,0.191312,15.32,18.445092,6.817727
2026-06-01,79541.981127,23741.760707,0,55800.22042,1,741.924683,78.439761,0.19139,16.049999,18.444512,6.817003
2026-06-02,79861.547538,24061.327118,0,55800.22042,1,745.340881,79.373903,0.191392,15.77,18.443864,6.816304
2026-06-03,79669.91863,23869.69821,0,55800.22042,1,743.393066,77.316955,0.191298,16.059999,18.443287,6.815579
2026-06-04,79322.765315,23522.544894,0,55800.22042,1,739.796997,73.528465,0.191291,15.4,18.44255,6.814918
2026-06-05,76112.841937,20312.621517,0,55800.22042,1,704.286011,48.339402,0.200672,21.51,18.443292,6.81426
2026-06-08,77114.446935,21314.226514,0,55800.22042,1,715.283936,53.6368,0.201131,18.92,18.443408,6.81344
2026-06-09,76353.90651,20553.686089,0,55800.22042,1,707.052979,49.542277,0.201457,19.870001,18.443753,6.812651
2026-06-10,75082.969675,19282.749255,0,55800.22042,1,692.928528,43.41724,0.203079,22.219999,18.444666,6.81208
2026-06-11,77265.921157,21465.700737,0,55800.22042,1,716.332764,53.644158,0.206606,19.440001,18.444907,6.811274
2026-06-12,77649.3753,21849.15488,0,55800.22042,1,720.548157,55.214263,0.206609,17.68,18.444722,6.810461
2026-06-15,79779.104987,23978.884567,0,55800.22042,1,743.183289,62.549462,0.209658,16.200001,18.444179,6.809727
2026-06-16,78463.900184,22663.679764,0,55800.22042,1,729.058777,56.347592,0.210435,16.41,18.443688,6.808977
2026-06-17,77776.666463,21976.446043,0,55800.22042,1,721.716858,53.384565,0.21034,18.440001,18.443687,6.808154
2026-06-18,79470.657063,23670.436643,0,55800.22042,1,739.807007,59.092516,0.211805,16.4,18.443193,6.807406
2026-06-22,79274.114912,23473.894492,0,55800.22042,1,737.950012,58.303299,0.211848,17.280001,18.442912,6.806608
2026-06-23,77074.622275,21274.401855,0,55800.22042,1,713.650024,49.068146,0.215837,19.49,18.443165,6.805805
2026-06-24,76789.392285,20989.171864,0,55800.22042,1,710.619995,48.046183,0.215664,18.629999,18.44321,6.804984
2026-06-25,77302.542267,21502.321847,0,55800.22042,1,716.380005,50.1708,0.215165,18.889999,18.443318,6.804166
2026-06-26,76407.472538,20607.252118,0,55800.22042,1,706.52002,46.653683,0.215909,18.41,18.44331,6.803345
2026-06-29,78017.632232,22217.411811,0,55800.22042,1,724.080017,52.976153,0.217518,17.65,18.443119,6.802536
2026-06-30,79161.71967,23361.49925,0,55800.22042,1,736.400024,56.84094,0.21832,16.450001,18.442638,6.801786
2026-07-01,78127.400608,22327.180188,0,55800.22042,1,725.169983,52.597414,0.219128,16.59,18.442191,6.801027
2026-07-02,76981.870594,21181.650174,0,55800.22042,1,712.599976,48.254857,0.219963,16.15,18.441639,6.8003
2026-07-06,77897.76313,22097.542709,0,55800.22042,1,722.820007,51.743364,0.220419,15.57,18.440947,6.799626
2026-07-07,76683.639466,20883.419046,0,55800.22042,1,709.429993,47.248926,0.221443,16.129999,18.44039,6.798902
2026-07-08,76856.403158,21056.182738,0,55800.22042,1,711.440002,47.979389,0.221214,16.9,18.440019,6.798125
2026-07-09,77942.792187,22142.571766,0,55800.22042,1,723.280029,52.180026,0.221992,15.84,18.439393,6.797426
2026-07-10,78140.01305,22339.792629,0,55800.22042,1,725.51001,52.950622,0.221889,15.03,18.438572,6.796813
2026-07-13,76880.559426,21080.339006,0,55800.22042,1,711.73999,47.825598,0.223194,17.16,18.438265,6.796024
2026-07-14,77602.998822,21802.778402,0,55800.22042,1,719.690002,50.787162,0.223488,16.5,18.437798,6.795273
2026-07-15,77418.756965,21618.536545,0,55800.22042,1,717.73999,50.036908,0.223512,15.67,18.437133,6.794591
2026-07-16,76355.474717,20555.254296,0,55800.22042,1,705.940002,45.642939,0.224509,16.73,18.436722,6.793825
2026-07-17,75409.401878,19609.181458,0,55800.22042,1,695.330017,42.065969,0.225339,18.77,18.436802,6.79301
2026-07-20,75451.955251,19651.734831,0,55800.22042,1,696.059998,42.400427,0.225174,18.65,18.436853,6.792194
2026-07-23,75101.741436,19301.521015,0,55800.22042,1,691.960022,41.865333,0.227363,18.700001,18.436917,6.791379
2026-07-24,74418.276252,18618.055832,0,55800.22042,1,684.22998,39.3297,0.22778,18.58,18.436951,6.790563
2026-07-27,74212.826461,18412.606041,0,55800.22042,1,682.119995,38.641728,0.227822,18.67,18.437007,6.789748
2026-07-28,73631.855917,17831.635497,0,55800.22042,1,675.48999,36.482241,0.228163,18.209999,18.436952,6.788934
2026-07-29,72463.277154,16663.056734,0,55800.22042,1,661.72998,32.431366,0.229571,20.66,18.437486,6.788206
2026-07-30,74401.027439,18600.807019,0,55800.22042,1,683.549988,43.201582,0.232708,17.09,18.437163,6.787423
2026-08-03,75848.380255,20048.159835,0,55800.22042,1,700.070007,50.057369,0.233543,15.86,18.436544,6.786726
2026-08-04,78015.36186,22215.14144,0,55800.22042,1,723.849976,58.058771,0.235442,16.5,18.43608,6.785978
2026-08-05,77404.680474,0,0,77404.680474,0,717.299988,55.42479,0.234841,15.81,18.43545,6.785285
2026-08-06,77404.680474,0,0,77404.680474,0,714.650024,54.350474,0.234722,15.15,18.434662,6.784662
2026-08-07,77404.680474,0,0,77404.680474,0,723.030029,57.177252,0.234664,14.9,18.433814,6.784069
2026-08-10,77404.680474,0,0,77404.680474,0,720.869995,56.211028,0.234695,15.46,18.433102,6.783412
2026-08-11,77404.680474,0,0,77404.680474,0,718.450012,55.087854,0.234536,15.28,18.432346,6.782775
2026-08-12,77404.680474,0,0,77404.680474,0,723.700012,57.090969,0.234614,14.55,18.431416,6.782228
