date,equity,normalized,strategy
2021-08-13,20000.0,1.0,DTE V1
2021-08-16,20000.0,1.0,DTE V1
2021-08-17,20000.0,1.0,DTE V1
2021-08-18,20000.0,1.0,DTE V1
2021-08-19,20000.0,1.0,DTE V1
2021-08-20,20000.0,1.0,DTE V1
2021-08-23,20000.0,1.0,DTE V1
2021-08-24,20000.0,1.0,DTE V1
2021-08-25,20000.0,1.0,DTE V1
2021-08-26,20000.0,1.0,DTE V1
2021-08-27,20000.0,1.0,DTE V1
2021-08-30,20000.0,1.0,DTE V1
2021-08-31,20000.0,1.0,DTE V1
2021-09-01,20000.0,1.0,DTE V1
2021-09-02,20000.0,1.0,DTE V1
2021-09-03,20000.0,1.0,DTE V1
2021-09-07,20000.0,1.0,DTE V1
2021-09-08,20000.0,1.0,DTE V1
2021-09-09,20000.0,1.0,DTE V1
2021-09-10,20000.0,1.0,DTE V1
2021-09-13,20000.0,1.0,DTE V1
2021-09-14,20000.0,1.0,DTE V1
2021-09-15,20000.0,1.0,DTE V1
2021-09-16,20000.0,1.0,DTE V1
2021-09-17,20000.0,1.0,DTE V1
2021-09-20,20000.0,1.0,DTE V1
2021-09-21,20000.0,1.0,DTE V1
2021-09-22,20000.0,1.0,DTE V1
2021-09-23,20000.0,1.0,DTE V1
2021-09-24,20000.0,1.0,DTE V1
2021-09-27,20000.0,1.0,DTE V1
2021-09-28,20000.0,1.0,DTE V1
2021-09-29,20000.0,1.0,DTE V1
2021-09-30,20000.0,1.0,DTE V1
2021-10-01,20000.0,1.0,DTE V1
2021-10-04,20000.0,1.0,DTE V1
2021-10-05,20000.0,1.0,DTE V1
2021-10-06,20000.0,1.0,DTE V1
2021-10-07,20000.0,1.0,DTE V1
2021-10-08,20000.0,1.0,DTE V1
2021-10-11,20000.0,1.0,DTE V1
2021-10-12,20000.0,1.0,DTE V1
2021-10-13,20000.0,1.0,DTE V1
2021-10-14,20000.0,1.0,DTE V1
2021-10-15,20000.0,1.0,DTE V1
2021-10-18,20000.0,1.0,DTE V1
2021-10-19,20000.0,1.0,DTE V1
2021-10-20,20000.0,1.0,DTE V1
2021-10-21,20000.0,1.0,DTE V1
2021-10-22,20000.0,1.0,DTE V1
2021-10-25,20000.0,1.0,DTE V1
2021-10-26,20000.0,1.0,DTE V1
2021-10-27,20000.0,1.0,DTE V1
2021-10-28,20000.0,1.0,DTE V1
2021-10-29,20000.0,1.0,DTE V1
2021-11-01,20000.0,1.0,DTE V1
2021-11-02,20000.0,1.0,DTE V1
2021-11-03,20000.0,1.0,DTE V1
2021-11-04,20000.0,1.0,DTE V1
2021-11-05,20000.0,1.0,DTE V1
2021-11-08,20000.0,1.0,DTE V1
2021-11-09,20000.0,1.0,DTE V1
2021-11-10,20000.0,1.0,DTE V1
2021-11-11,20000.0,1.0,DTE V1
2021-11-12,20000.0,1.0,DTE V1
2021-11-15,20000.0,1.0,DTE V1
2021-11-16,20000.0,1.0,DTE V1
2021-11-17,20000.0,1.0,DTE V1
2021-11-18,20000.0,1.0,DTE V1
2021-11-19,20000.0,1.0,DTE V1
2021-11-22,20000.0,1.0,DTE V1
2021-11-23,20000.0,1.0,DTE V1
2021-11-24,20000.0,1.0,DTE V1
2021-11-26,20000.0,1.0,DTE V1
2021-11-29,20000.0,1.0,DTE V1
2021-11-30,20000.0,1.0,DTE V1
2021-12-01,20000.0,1.0,DTE V1
2021-12-02,20000.0,1.0,DTE V1
2021-12-03,20000.0,1.0,DTE V1
2021-12-06,20000.0,1.0,DTE V1
2021-12-07,20000.0,1.0,DTE V1
2021-12-08,20000.0,1.0,DTE V1
2021-12-09,20000.0,1.0,DTE V1
2021-12-10,20000.0,1.0,DTE V1
2021-12-13,20000.0,1.0,DTE V1
2021-12-14,20000.0,1.0,DTE V1
2021-12-15,20000.0,1.0,DTE V1
2021-12-16,20000.0,1.0,DTE V1
2021-12-17,20000.0,1.0,DTE V1
2021-12-20,20000.0,1.0,DTE V1
2021-12-21,20000.0,1.0,DTE V1
2021-12-22,20000.0,1.0,DTE V1
2021-12-23,20000.0,1.0,DTE V1
2021-12-27,20000.0,1.0,DTE V1
2021-12-28,20000.0,1.0,DTE V1
2021-12-29,20000.0,1.0,DTE V1
2021-12-30,20000.0,1.0,DTE V1
2021-12-31,20000.0,1.0,DTE V1
2022-01-03,20000.0,1.0,DTE V1
2022-01-04,20000.0,1.0,DTE V1
2022-01-05,20000.0,1.0,DTE V1
2022-01-06,20000.0,1.0,DTE V1
2022-01-07,20000.0,1.0,DTE V1
2022-01-10,20000.0,1.0,DTE V1
2022-01-11,20000.0,1.0,DTE V1
2022-01-12,20000.0,1.0,DTE V1
2022-01-13,20000.0,1.0,DTE V1
2022-01-14,20000.0,1.0,DTE V1
2022-01-18,20000.0,1.0,DTE V1
2022-01-19,20000.0,1.0,DTE V1
2022-01-20,20000.0,1.0,DTE V1
2022-01-21,19371.468016,0.9685734008,DTE V1
2022-01-24,19461.316451,0.97306582255,DTE V1
2022-01-25,18962.750478,0.9481375239000001,DTE V1
2022-01-26,18880.483406,0.9440241703,DTE V1
2022-01-27,18665.713289,0.9332856644499999,DTE V1
2022-01-28,19362.329162,0.9681164581000001,DTE V1
2022-01-31,20119.838377,1.00599191885,DTE V1
2022-02-01,20274.557045,1.0137278522500002,DTE V1
2022-02-02,20478.987142,1.0239493571,DTE V1
2022-02-03,19547.610373,0.97738051865,DTE V1
2022-02-04,19845.065985,0.99225329925,DTE V1
2022-02-07,19642.655208,0.9821327604,DTE V1
2022-02-08,19909.413873,0.9954706936500001,DTE V1
2022-02-09,20445.017666,1.0222508833,DTE V1
2022-02-10,19902.317595,0.99511587975,DTE V1
2022-02-11,19212.006738,0.9606003369,DTE V1
2022-02-14,19225.589825,0.96127949125,DTE V1
2022-02-15,19807.693558,0.9903846779,DTE V1
2022-02-16,19796.200734,0.9898100366999999,DTE V1
2022-02-17,19157.242453,0.9578621226499999,DTE V1
2022-02-18,18880.860969,0.9440430484500001,DTE V1
2022-02-22,18660.303361,0.93301516805,DTE V1
2022-02-23,18180.13233,0.9090066165,DTE V1
2022-02-24,19577.00258,0.978850129,DTE V1
2022-02-25,20294.36196,1.014718098,DTE V1
2022-02-28,20329.025833,1.01645129165,DTE V1
2022-03-01,19604.422801,0.98022114005,DTE V1
2022-03-02,20308.219466,1.0154109732999999,DTE V1
2022-03-03,19624.362481,0.98121812405,DTE V1
2022-03-04,18963.758537,0.9481879268500001,DTE V1
2022-03-07,17427.800348,0.8713900174,DTE V1
2022-03-08,16924.696951,0.8462348475500001,DTE V1
2022-03-09,19344.701327,0.9672350663499999,DTE V1
2022-03-10,18543.154875,0.92715774375,DTE V1
2022-03-11,17259.452653,0.86297263265,DTE V1
2022-03-14,16101.723257,0.80508616285,DTE V1
2022-03-15,18091.321058,0.9045660529,DTE V1
2022-03-16,20670.988583,1.03354942915,DTE V1
2022-03-17,21393.302245,1.06966511225,DTE V1
2022-03-18,22917.878079,1.14589390395,DTE V1
2022-03-21,22628.967899,1.13144839495,DTE V1
2022-03-22,24146.894755,1.20734473775,DTE V1
2022-03-23,23011.266928,1.1505633464,DTE V1
2022-03-24,24759.756915,1.23798784575,DTE V1
2022-03-25,24654.840991,1.23274204955,DTE V1
2022-03-28,25881.63759,1.2940818795,DTE V1
2022-03-29,27323.327115,1.36616635575,DTE V1
2022-03-30,26367.536707,1.31837683535,DTE V1
2022-03-31,25320.005752,1.2660002876,DTE V1
2022-04-01,25107.172395,1.25535861975,DTE V1
2022-04-04,26795.811529,1.33979057645,DTE V1
2022-04-05,25002.595589,1.25012977945,DTE V1
2022-04-06,23325.226409,1.1662613204499999,DTE V1
2022-04-07,23489.568801,1.1744784400500001,DTE V1
2022-04-08,22442.630756,1.1221315377999999,DTE V1
2022-04-11,20739.636866,1.0369818433,DTE V1
2022-04-12,20416.209929,1.02081049645,DTE V1
2022-04-13,21849.67252,1.092483626,DTE V1
2022-04-14,20274.574008,1.0137287004,DTE V1
2022-04-18,20263.42981,1.0131714905,DTE V1
2022-04-19,21862.129552,1.0931064776,DTE V1
2022-04-20,20822.946014,1.0411473007,DTE V1
2022-04-21,19425.063757,0.97125318785,DTE V1
2022-04-22,17784.703721,0.8892351860500001,DTE V1
2022-04-25,18561.105512,0.9280552755999999,DTE V1
2022-04-26,16398.862004,0.8199431001999999,DTE V1
2022-04-27,16315.830721,0.81579153605,DTE V1
2022-04-28,18549.106012,0.9274553006,DTE V1
2022-04-29,16062.008051,0.80310040255,DTE V1
2022-05-02,16992.78768,0.849639384,DTE V1
2022-05-03,17002.56384,0.8501281919999999,DTE V1
2022-05-04,19145.466209,0.95727331045,DTE V1
2022-05-05,16364.066351,0.81820331755,DTE V1
2022-05-06,15701.315597,0.78506577985,DTE V1
2022-05-09,13744.178296,0.6872089148,DTE V1
2022-05-10,14335.234723,0.7167617361499999,DTE V1
2022-05-11,12920.037116,0.6460018558,DTE V1
2022-05-12,12793.744751,0.63968723755,DTE V1
2022-05-13,14602.509233,0.73012546165,DTE V1
2022-05-16,13998.422271,0.69992111355,DTE V1
2022-05-17,15338.087527,0.76690437635,DTE V1
2022-05-18,13149.241862,0.6574620931,DTE V1
2022-05-19,12857.747466,0.6428873733,DTE V1
2022-05-20,12705.04141,0.6352520705,DTE V1
2022-05-23,13406.951267,0.67034756335,DTE V1
2022-05-24,12478.647139,0.62393235695,DTE V1
2022-05-25,13099.299948,0.6549649974,DTE V1
2022-05-26,14450.197481,0.72250987405,DTE V1
2022-05-27,16191.757476,0.8095878738000001,DTE V1
2022-05-31,15991.686469,0.79958432345,DTE V1
2022-06-01,15591.591835,0.7795795917499999,DTE V1
2022-06-02,17103.998298,0.8551999148999999,DTE V1
2022-06-03,15704.140038,0.7852070018999999,DTE V1
2022-06-06,15834.911029,0.79174555145,DTE V1
2022-06-07,16285.626694,0.8142813347,DTE V1
2022-06-08,15890.732035,0.7945366017500001,DTE V1
2022-06-09,14557.051719,0.7278525859499999,DTE V1
2022-06-10,12996.368772,0.6498184386,DTE V1
2022-06-13,11194.07435,0.5597037175,DTE V1
2022-06-14,11248.096044,0.5624048022,DTE V1
2022-06-15,12280.746,0.6140373,DTE V1
2022-06-16,10789.091872,0.5394545936,DTE V1
2022-06-17,11238.554497,0.56192772485,DTE V1
2022-06-21,12226.330322,0.6113165161,DTE V1
2022-06-22,12143.231019,0.60716155095,DTE V1
2022-06-23,12769.952082,0.6384976041,DTE V1
2022-06-24,14377.339924,0.7188669961999999,DTE V1
2022-06-27,13992.943716,0.6996471858,DTE V1
2022-06-28,12678.090225,0.63390451125,DTE V1
2022-06-29,12700.953984,0.6350476992,DTE V1
2022-06-30,12179.592958,0.6089796478999999,DTE V1
2022-07-01,12441.298318,0.6220649159,DTE V1
2022-07-05,13122.323402,0.6561161701,DTE V1
2022-07-06,13391.816168,0.6695908084,DTE V1
2022-07-07,14392.176391,0.71960881955,DTE V1
2022-07-08,14434.143816,0.7217071908,DTE V1
2022-07-11,13429.745516,0.6714872758,DTE V1
2022-07-12,12991.879976,0.6495939988,DTE V1
2022-07-13,12888.01994,0.644400997,DTE V1
2022-07-14,13028.560375,0.65142801875,DTE V1
2022-07-15,13844.602794,0.6922301397,DTE V1
2022-07-18,13415.111376,0.6707555688000001,DTE V1
2022-07-19,14895.446249,0.74477231245,DTE V1
2022-07-20,15674.069597,0.78370347985,DTE V1
2022-07-21,16411.376166,0.8205688082999999,DTE V1
2022-07-22,15503.504144,0.7751752072,DTE V1
2022-07-25,15158.659472,0.7579329736,DTE V1
2022-07-26,14218.176394,0.7109088197,DTE V1
2022-07-27,16409.921638,0.8204960819,DTE V1
2022-07-28,16919.995222,0.8459997611000001,DTE V1
2022-07-29,17933.288928,0.8966644464000001,DTE V1
2022-08-01,17846.82923,0.8923414614999999,DTE V1
2022-08-02,17662.612934,0.8831306467000001,DTE V1
2022-08-03,19267.044697,0.9633522348500001,DTE V1
2022-08-04,19533.258995,0.97666294975,DTE V1
2022-08-05,19024.775091,0.95123875455,DTE V1
2022-08-08,18781.042297,0.93905211485,DTE V1
2022-08-09,18112.926218,0.9056463109,DTE V1
2022-08-10,19795.101416,0.9897550708,DTE V1
2022-08-11,19433.421374,0.9716710687000001,DTE V1
2022-08-12,20642.609056,1.0321304528000002,DTE V1
2022-08-15,21109.435834,1.0554717917,DTE V1
2022-08-16,20941.05167,1.0470525835,DTE V1
2022-08-17,20201.46695,1.0100733475,DTE V1
2022-08-18,20327.295905,1.01636479525,DTE V1
2022-08-19,19132.928713,0.9566464356500001,DTE V1
2022-08-22,17586.923495,0.87934617475,DTE V1
2022-08-23,17502.663939,0.8751331969499999,DTE V1
2022-08-24,17647.023679,0.8823511839500001,DTE V1
2022-08-25,18664.295063,0.93321475315,DTE V1
2022-08-26,16459.260337,0.82296301685,DTE V1
2022-08-29,15890.466705,0.7945233352500001,DTE V1
2022-08-30,15304.721494,0.7652360747,DTE V1
2022-08-31,15002.227398,0.7501113699,DTE V1
2022-09-01,15006.122144,0.7503061072,DTE V1
2022-09-02,14320.941709,0.7160470854500001,DTE V1
2022-09-06,13920.508534,0.6960254267,DTE V1
2022-09-07,14885.964323,0.74429821615,DTE V1
2022-09-08,15124.919689,0.75624598445,DTE V1
2022-09-09,16249.092305,0.81245461525,DTE V1
2022-09-12,16833.970115,0.84169850575,DTE V1
2022-09-13,14237.073007,0.71185365035,DTE V1
2022-09-14,14596.59428,0.729829714,DTE V1
2022-09-15,13815.238055,0.69076190275,DTE V1
2022-09-16,13524.973664,0.6762486832,DTE V1
2022-09-19,13818.842306,0.6909421153,DTE V1
2022-09-20,13415.978731,0.67079893655,DTE V1
2022-09-21,12641.480061,0.63207400305,DTE V1
2022-09-22,12115.896947,0.60579484735,DTE V1
2022-09-23,11461.221792,0.5730610896,DTE V1
2022-09-26,11254.978452,0.5627489226,DTE V1
2022-09-27,11250.932383,0.5625466191499999,DTE V1
2022-09-28,11980.155947,0.59900779735,DTE V1
2022-09-29,10895.321406,0.5447660702999999,DTE V1
2022-09-30,10284.532672,0.5142266336,DTE V1
2022-10-03,11113.482387,0.55567411935,DTE V1
2022-10-04,12359.502472,0.6179751236,DTE V1
2022-10-05,12305.663557,0.61528317785,DTE V1
2022-10-06,11967.092309,0.59835461545,DTE V1
2022-10-07,10572.870997,0.52864354985,DTE V1
2022-10-10,10177.410692,0.5088705346,DTE V1
2022-10-11,9703.629865,0.48518149325000004,DTE V1
2022-10-12,9676.619996,0.4838309998,DTE V1
2022-10-13,10486.709449,0.52433547245,DTE V1
2022-10-14,9472.238684,0.4736119342,DTE V1
2022-10-17,10597.742866,0.5298871433,DTE V1
2022-10-18,10863.193366,0.5431596683,DTE V1
2022-10-19,10708.992582,0.5354496291,DTE V1
2022-10-20,10510.28421,0.5255142105,DTE V1
2022-10-21,11385.352431,0.56926762155,DTE V1
2022-10-24,11765.802884,0.5882901442,DTE V1
2022-10-25,12606.322942,0.6303161471000001,DTE V1
2022-10-26,11710.673965,0.58553369825,DTE V1
2022-10-27,11010.99664,0.550549832,DTE V1
2022-10-28,12223.319539,0.61116597695,DTE V1
2022-10-31,11707.47357,0.5853736785,DTE V1
2022-11-01,11297.178323,0.5648589161500001,DTE V1
2022-11-02,10094.764181,0.50473820905,DTE V1
2022-11-03,9438.821406,0.47194107029999993,DTE V1
2022-11-04,9952.242151,0.49761210755,DTE V1
2022-11-07,10286.055893,0.5143027946500001,DTE V1
2022-11-08,10529.659919,0.52648299595,DTE V1
2022-11-09,9740.460849,0.48702304244999994,DTE V1
2022-11-10,12700.523057,0.63502615285,DTE V1
2022-11-11,13486.105175,0.67430525875,DTE V1
2022-11-14,13043.109267,0.65215546335,DTE V1
2022-11-15,13637.527516,0.6818763758,DTE V1
2022-11-16,13025.489833,0.65127449165,DTE V1
2022-11-17,12912.314087,0.64561570435,DTE V1
2022-11-18,12886.028328,0.6443014164,DTE V1
2022-11-21,12400.232587,0.62001162935,DTE V1
2022-11-22,12989.253577,0.64946267885,DTE V1
2022-11-23,13410.883859,0.67054419295,DTE V1
2022-11-25,13084.957592,0.6542478796000001,DTE V1
2022-11-28,12395.025126,0.6197512563,DTE V1
2022-11-29,12035.93217,0.6017966085,DTE V1
2022-11-30,14060.289539,0.70301447695,DTE V1
2022-12-01,14080.062042,0.7040031020999999,DTE V1
2022-12-02,13873.229732,0.6936614866,DTE V1
2022-12-05,13060.683036,0.6530341518,DTE V1
2022-12-06,12181.972404,0.6090986202,DTE V1
2022-12-07,11937.909543,0.59689547715,DTE V1
2022-12-08,12407.296299,0.62036481495,DTE V1
2022-12-09,12115.143762,0.6057571881,DTE V1
2022-12-12,12576.186168,0.6288093084,DTE V1
2022-12-13,13012.291783,0.65061458915,DTE V1
2022-12-14,12669.371191,0.63346855955,DTE V1
2022-12-15,11301.937911,0.5650968955500001,DTE V1
2022-12-16,10888.922254,0.5444461127,DTE V1
2022-12-19,10329.364166,0.5164682083,DTE V1
2022-12-20,10279.38226,0.513969113,DTE V1
2022-12-21,10762.326714,0.5381163357000001,DTE V1
2022-12-22,9887.124916,0.49435624580000004,DTE V1
2022-12-23,9941.78294,0.49708914699999995,DTE V1
2022-12-27,9385.222856,0.46926114280000003,DTE V1
2022-12-28,8952.270801,0.44761354005000004,DTE V1
2022-12-29,9751.22925,0.48756146250000004,DTE V1
2022-12-30,9712.718856,0.4856359428,DTE V1
2023-01-03,9415.296458,0.47076482290000005,DTE V1
2023-01-04,9549.194652,0.4774597326,DTE V1
2023-01-05,9024.634907,0.45123174535,DTE V1
2023-01-06,9900.781897,0.49503909485,DTE V1
2023-01-09,10072.650678,0.5036325339,DTE V1
2023-01-10,10354.186409,0.51770932045,DTE V1
2023-01-11,10991.516804,0.5495758402,DTE V1
2023-01-12,11166.459674,0.5583229837,DTE V1
2023-01-13,11417.796886,0.5708898443,DTE V1
2023-01-17,11383.661498,0.5691830749,DTE V1
2023-01-18,10859.511537,0.54297557685,DTE V1
2023-01-19,10440.904756,0.5220452378,DTE V1
2023-01-20,11500.722189,0.57503610945,DTE V1
2023-01-23,12375.409967,0.61877049835,DTE V1
2023-01-24,12221.809629,0.61109048145,DTE V1
2023-01-25,12104.767053,0.60523835265,DTE V1
2023-01-26,12919.183753,0.6459591876499999,DTE V1
2023-01-27,13356.123756,0.6678061878,DTE V1
2023-01-30,12393.80405,0.6196902025000001,DTE V1
2023-01-31,12987.209246,0.6493604623,DTE V1
2023-02-01,13922.541464,0.6961270732,DTE V1
2023-02-02,15773.372675,0.7886686337500001,DTE V1
2023-02-03,14828.080656,0.7414040328,DTE V1
2023-02-06,14234.575117,0.7117287558500001,DTE V1
2023-02-07,15275.373704,0.7637686852,DTE V1
2023-02-08,14349.158775,0.71745793875,DTE V1
2023-02-09,13885.394078,0.6942697039,DTE V1
2023-02-10,13519.852259,0.67599261295,DTE V1
2023-02-13,14212.463368,0.7106231684000001,DTE V1
2023-02-14,14501.939949,0.72509699745,DTE V1
2023-02-15,14875.367613,0.7437683806500001,DTE V1
2023-02-16,13877.137103,0.69385685515,DTE V1
2023-02-17,13513.14548,0.675657274,DTE V1
2023-02-21,12295.87549,0.6147937745000001,DTE V1
2023-02-22,12300.186948,0.6150093474,DTE V1
2023-02-23,12670.36469,0.6335182345,DTE V1
2023-02-24,11873.543437,0.59367717185,DTE V1
2023-02-27,12056.549999,0.6028274999500001,DTE V1
2023-02-28,11962.341391,0.59811706955,DTE V1
2023-03-01,11592.813119,0.57964065595,DTE V1
2023-03-02,11919.920082,0.5959960041,DTE V1
2023-03-03,12835.566857,0.64177834285,DTE V1
2023-03-06,12809.410438,0.6404705219000001,DTE V1
2023-03-07,12214.794149,0.61073970745,DTE V1
2023-03-08,12338.132473,0.6169066236499999,DTE V1
2023-03-09,11554.626845,0.57773134225,DTE V1
2023-03-10,10872.60921,0.5436304605000001,DTE V1
2023-03-13,11111.636641,0.55558183205,DTE V1
2023-03-14,12088.800089,0.60444000445,DTE V1
2023-03-15,12285.496318,0.6142748159,DTE V1
2023-03-16,13496.85862,0.674842931,DTE V1
2023-03-17,13157.336878,0.6578668439,DTE V1
2023-03-20,13254.773951,0.6627386975499999,DTE V1
2023-03-21,13939.896545,0.69699482725,DTE V1
2023-03-22,13229.809629,0.66149048145,DTE V1
2023-03-23,13789.288006,0.6894644003,DTE V1
2023-03-24,13945.641572,0.6972820786,DTE V1
2023-03-27,13491.308797,0.67456543985,DTE V1
2023-03-28,13199.587896,0.6599793948,DTE V1
2023-03-29,14114.407867,0.70572039335,DTE V1
2023-03-30,14585.05105,0.7292525525,DTE V1
2023-03-31,15496.102375,0.77480511875,DTE V1
2023-04-03,15274.977816,0.7637488908000001,DTE V1
2023-04-04,15059.310097,0.75296550485,DTE V1
2023-04-05,14462.821469,0.72314107345,DTE V1
2023-04-06,14783.742133,0.73918710665,DTE V1
2023-04-10,14626.259375,0.73131296875,DTE V1
2023-04-11,14248.831502,0.7124415751,DTE V1
2023-04-12,13740.608505,0.68703042525,DTE V1
2023-04-13,14765.391272,0.7382695636000001,DTE V1
2023-04-14,14634.250999,0.73171254995,DTE V1
2023-04-17,14582.612071,0.7291306035499999,DTE V1
2023-04-18,14530.085038,0.7265042519,DTE V1
2023-04-19,14478.860482,0.7239430241,DTE V1
2023-04-20,14004.535473,0.70022677365,DTE V1
2023-04-21,14024.587499,0.7012293749499999,DTE V1
2023-04-24,13811.289716,0.6905644858,DTE V1
2023-04-25,12764.076703,0.63820383515,DTE V1
2023-04-26,13043.328974,0.6521664487,DTE V1
2023-04-27,14431.9336,0.72159668,DTE V1
2023-04-28,14803.688335,0.74018441675,DTE V1
2023-05-01,14589.829684,0.7294914842,DTE V1
2023-05-02,13944.520564,0.6972260282,DTE V1
2023-05-03,13541.952939,0.6770976469500001,DTE V1
2023-05-04,13325.119611,0.66625598055,DTE V1
2023-05-05,14440.770199,0.7220385099500001,DTE V1
2023-05-08,14349.66873,0.7174834365,DTE V1
2023-05-09,13950.706366,0.6975353183,DTE V1
2023-05-10,14465.799524,0.7232899762,DTE V1
2023-05-11,14627.330049,0.73136650245,DTE V1
2023-05-12,14332.868043,0.71664340215,DTE V1
2023-05-15,14582.270549,0.72911352745,DTE V1
2023-05-16,14547.476813,0.72737384065,DTE V1
2023-05-17,15264.434314,0.7632217157,DTE V1
2023-05-18,16412.567251,0.82062836255,DTE V1
2023-05-19,16082.943903,0.80414719515,DTE V1
2023-05-22,16230.572814,0.8115286407,DTE V1
2023-05-23,15378.361756,0.7689180878,DTE V1
2023-05-24,15012.088774,0.7506044387,DTE V1
2023-05-25,16571.687536,0.8285843768000001,DTE V1
2023-05-26,18359.767791,0.91798838955,DTE V1
2023-05-30,18556.151481,0.92780757405,DTE V1
2023-05-31,18055.027831,0.90275139155,DTE V1
2023-06-01,18894.15016,0.944707508,DTE V1
2023-06-02,19441.708535,0.9720854267500001,DTE V1
2023-06-05,19384.280092,0.9692140046000001,DTE V1
2023-06-06,19334.924639,0.9667462319500001,DTE V1
2023-06-07,18407.521277,0.92037606385,DTE V1
2023-06-08,19056.718088,0.9528359044000001,DTE V1
2023-06-09,19248.910218,0.9624455109000001,DTE V1
2023-06-12,20129.150664,1.0064575332,DTE V1
2023-06-13,20516.194979,1.02580974895,DTE V1
2023-06-14,20856.518413,1.0428259206500001,DTE V1
2023-06-15,21564.367535,1.07821837675,DTE V1
2023-06-16,21150.20933,1.0575104665000001,DTE V1
2023-06-20,20953.961555,1.04769807775,DTE V1
2023-06-21,20122.789689,1.00613948445,DTE V1
2023-06-22,20795.296755,1.03976483775,DTE V1
2023-06-23,20188.543296,1.0094271648,DTE V1
2023-06-26,19360.083534,0.9680041767,DTE V1
2023-06-27,20320.083176,1.0160041588,DTE V1
2023-06-28,20421.3617,1.021068085,DTE V1
2023-06-29,20256.559692,1.0128279846,DTE V1
2023-06-30,21184.163588,1.0592081794,DTE V1
2023-07-03,21286.086129,1.06430430645,DTE V1
2023-07-05,21257.238247,1.06286191235,DTE V1
2023-07-06,20763.786109,1.03818930545,DTE V1
2023-07-07,20545.70424,1.027285212,DTE V1
2023-07-10,20513.620217,1.02568101085,DTE V1
2023-07-11,20660.310235,1.03301551175,DTE V1
2023-07-12,21046.301743,1.05231508715,DTE V1
2023-07-13,21591.761941,1.07958809705,DTE V1
2023-07-14,21578.640291,1.07893201455,DTE V1
2023-07-17,21873.405199,1.0936702599500001,DTE V1
2023-07-18,22143.365414,1.1071682707,DTE V1
2023-07-19,22128.64967,1.1064324835,DTE V1
2023-07-20,21333.813186,1.0666906593,DTE V1
2023-07-21,21333.813186,1.0666906593,DTE V1
2023-07-24,21333.813186,1.0666906593,DTE V1
2023-07-25,21333.813186,1.0666906593,DTE V1
2023-07-26,21333.813186,1.0666906593,DTE V1
2023-07-27,21333.813186,1.0666906593,DTE V1
2023-07-28,21333.813186,1.0666906593,DTE V1
2023-07-31,21333.813186,1.0666906593,DTE V1
2023-08-01,21333.813186,1.0666906593,DTE V1
2023-08-02,21333.813186,1.0666906593,DTE V1
2023-08-03,21333.813186,1.0666906593,DTE V1
2023-08-04,21333.813186,1.0666906593,DTE V1
2023-08-07,21333.813186,1.0666906593,DTE V1
2023-08-08,21333.813186,1.0666906593,DTE V1
2023-08-09,21333.813186,1.0666906593,DTE V1
2023-08-10,21333.813186,1.0666906593,DTE V1
2023-08-11,21333.813186,1.0666906593,DTE V1
2023-08-14,21333.813186,1.0666906593,DTE V1
2023-08-15,21333.813186,1.0666906593,DTE V1
2023-08-16,21333.813186,1.0666906593,DTE V1
2023-08-17,21333.813186,1.0666906593,DTE V1
2023-08-18,21333.813186,1.0666906593,DTE V1
2023-08-21,21333.813186,1.0666906593,DTE V1
2023-08-22,21333.813186,1.0666906593,DTE V1
2023-08-23,21333.813186,1.0666906593,DTE V1
2023-08-24,21333.813186,1.0666906593,DTE V1
2023-08-25,21333.813186,1.0666906593,DTE V1
2023-08-28,21333.813186,1.0666906593,DTE V1
2023-08-29,21333.813186,1.0666906593,DTE V1
2023-08-30,21333.813186,1.0666906593,DTE V1
2023-08-31,21333.813186,1.0666906593,DTE V1
2023-09-01,21333.813186,1.0666906593,DTE V1
2023-09-05,21333.813186,1.0666906593,DTE V1
2023-09-06,21333.813186,1.0666906593,DTE V1
2023-09-07,21333.813186,1.0666906593,DTE V1
2023-09-08,21333.813186,1.0666906593,DTE V1
2023-09-11,21333.813186,1.0666906593,DTE V1
2023-09-12,21333.813186,1.0666906593,DTE V1
2023-09-13,21333.813186,1.0666906593,DTE V1
2023-09-14,21333.813186,1.0666906593,DTE V1
2023-09-15,21333.813186,1.0666906593,DTE V1
2023-09-18,21333.813186,1.0666906593,DTE V1
2023-09-19,21333.813186,1.0666906593,DTE V1
2023-09-20,21333.813186,1.0666906593,DTE V1
2023-09-21,21333.813186,1.0666906593,DTE V1
2023-09-22,21333.813186,1.0666906593,DTE V1
2023-09-25,21333.813186,1.0666906593,DTE V1
2023-09-26,21333.813186,1.0666906593,DTE V1
2023-09-27,21333.813186,1.0666906593,DTE V1
2023-09-28,21333.813186,1.0666906593,DTE V1
2023-09-29,21333.813186,1.0666906593,DTE V1
2023-10-02,21333.813186,1.0666906593,DTE V1
2023-10-03,21333.813186,1.0666906593,DTE V1
2023-10-04,21333.813186,1.0666906593,DTE V1
2023-10-05,21333.813186,1.0666906593,DTE V1
2023-10-06,21333.813186,1.0666906593,DTE V1
2023-10-09,21333.813186,1.0666906593,DTE V1
2023-10-10,21333.813186,1.0666906593,DTE V1
2023-10-11,21333.813186,1.0666906593,DTE V1
2023-10-12,21333.813186,1.0666906593,DTE V1
2023-10-13,21333.813186,1.0666906593,DTE V1
2023-10-16,21333.813186,1.0666906593,DTE V1
2023-10-17,21333.813186,1.0666906593,DTE V1
2023-10-18,21333.813186,1.0666906593,DTE V1
2023-10-19,21333.813186,1.0666906593,DTE V1
2023-10-20,21333.813186,1.0666906593,DTE V1
2023-10-23,21333.813186,1.0666906593,DTE V1
2023-10-24,21333.813186,1.0666906593,DTE V1
2023-10-25,21333.813186,1.0666906593,DTE V1
2023-10-26,21333.813186,1.0666906593,DTE V1
2023-10-27,21333.813186,1.0666906593,DTE V1
2023-10-30,21333.813186,1.0666906593,DTE V1
2023-10-31,21333.813186,1.0666906593,DTE V1
2023-11-01,21333.813186,1.0666906593,DTE V1
2023-11-02,21333.813186,1.0666906593,DTE V1
2023-11-03,21333.813186,1.0666906593,DTE V1
2023-11-06,21333.813186,1.0666906593,DTE V1
2023-11-07,21333.813186,1.0666906593,DTE V1
2023-11-08,21333.813186,1.0666906593,DTE V1
2023-11-09,21333.813186,1.0666906593,DTE V1
2023-11-10,21333.813186,1.0666906593,DTE V1
2023-11-13,21333.813186,1.0666906593,DTE V1
2023-11-14,21333.813186,1.0666906593,DTE V1
2023-11-15,21333.813186,1.0666906593,DTE V1
2023-11-16,21333.813186,1.0666906593,DTE V1
2023-11-17,21333.813186,1.0666906593,DTE V1
2023-11-20,21333.813186,1.0666906593,DTE V1
2023-11-21,21333.813186,1.0666906593,DTE V1
2023-11-22,21333.813186,1.0666906593,DTE V1
2023-11-24,21333.813186,1.0666906593,DTE V1
2023-11-27,21333.813186,1.0666906593,DTE V1
2023-11-28,21333.813186,1.0666906593,DTE V1
2023-11-29,21333.813186,1.0666906593,DTE V1
2023-11-30,21333.813186,1.0666906593,DTE V1
2023-12-01,21333.813186,1.0666906593,DTE V1
2023-12-04,21333.813186,1.0666906593,DTE V1
2023-12-05,21333.813186,1.0666906593,DTE V1
2023-12-06,21333.813186,1.0666906593,DTE V1
2023-12-07,21333.813186,1.0666906593,DTE V1
2023-12-08,21333.813186,1.0666906593,DTE V1
2023-12-11,21333.813186,1.0666906593,DTE V1
2023-12-12,21333.813186,1.0666906593,DTE V1
2023-12-13,21333.813186,1.0666906593,DTE V1
2023-12-14,21333.813186,1.0666906593,DTE V1
2023-12-15,21333.813186,1.0666906593,DTE V1
2023-12-18,21333.813186,1.0666906593,DTE V1
2023-12-19,21333.813186,1.0666906593,DTE V1
2023-12-20,21333.813186,1.0666906593,DTE V1
2023-12-21,21333.813186,1.0666906593,DTE V1
2023-12-22,21333.813186,1.0666906593,DTE V1
2023-12-26,21333.813186,1.0666906593,DTE V1
2023-12-27,21333.813186,1.0666906593,DTE V1
2023-12-28,21333.813186,1.0666906593,DTE V1
2023-12-29,21333.813186,1.0666906593,DTE V1
2024-01-02,21333.813186,1.0666906593,DTE V1
2024-01-03,21333.813186,1.0666906593,DTE V1
2024-01-04,21333.813186,1.0666906593,DTE V1
2024-01-05,21333.813186,1.0666906593,DTE V1
2024-01-08,21333.813186,1.0666906593,DTE V1
2024-01-09,21333.813186,1.0666906593,DTE V1
2024-01-10,21333.813186,1.0666906593,DTE V1
2024-01-11,21333.813186,1.0666906593,DTE V1
2024-01-12,21333.813186,1.0666906593,DTE V1
2024-01-16,21333.813186,1.0666906593,DTE V1
2024-01-17,21333.813186,1.0666906593,DTE V1
2024-01-18,21333.813186,1.0666906593,DTE V1
2024-01-19,21333.813186,1.0666906593,DTE V1
2024-01-22,21333.813186,1.0666906593,DTE V1
2024-01-23,21333.813186,1.0666906593,DTE V1
2024-01-24,21333.813186,1.0666906593,DTE V1
2024-01-25,21333.813186,1.0666906593,DTE V1
2024-01-26,21333.813186,1.0666906593,DTE V1
2024-01-29,21333.813186,1.0666906593,DTE V1
2024-01-30,21333.813186,1.0666906593,DTE V1
2024-01-31,21333.813186,1.0666906593,DTE V1
2024-02-01,21333.813186,1.0666906593,DTE V1
2024-02-02,21333.813186,1.0666906593,DTE V1
2024-02-05,21333.813186,1.0666906593,DTE V1
2024-02-06,21333.813186,1.0666906593,DTE V1
2024-02-07,21333.813186,1.0666906593,DTE V1
2024-02-08,21333.813186,1.0666906593,DTE V1
2024-02-09,21333.813186,1.0666906593,DTE V1
2024-02-12,21333.813186,1.0666906593,DTE V1
2024-02-13,21333.813186,1.0666906593,DTE V1
2024-02-14,21333.813186,1.0666906593,DTE V1
2024-02-15,21333.813186,1.0666906593,DTE V1
2024-02-16,21333.813186,1.0666906593,DTE V1
2024-02-20,21333.813186,1.0666906593,DTE V1
2024-02-21,21333.813186,1.0666906593,DTE V1
2024-02-22,21333.813186,1.0666906593,DTE V1
2024-02-23,21333.813186,1.0666906593,DTE V1
2024-02-26,21333.813186,1.0666906593,DTE V1
2024-02-27,21333.813186,1.0666906593,DTE V1
2024-02-28,21333.813186,1.0666906593,DTE V1
2024-02-29,21333.813186,1.0666906593,DTE V1
2024-03-01,21333.813186,1.0666906593,DTE V1
2024-03-04,21333.813186,1.0666906593,DTE V1
2024-03-05,21333.813186,1.0666906593,DTE V1
2024-03-06,21333.813186,1.0666906593,DTE V1
2024-03-07,21333.813186,1.0666906593,DTE V1
2024-03-08,21333.813186,1.0666906593,DTE V1
2024-03-11,21333.813186,1.0666906593,DTE V1
2024-03-12,21333.813186,1.0666906593,DTE V1
2024-03-13,21333.813186,1.0666906593,DTE V1
2024-03-14,21333.813186,1.0666906593,DTE V1
2024-03-15,21333.813186,1.0666906593,DTE V1
2024-03-18,21333.813186,1.0666906593,DTE V1
2024-03-19,21333.813186,1.0666906593,DTE V1
2024-03-20,21333.813186,1.0666906593,DTE V1
2024-03-21,21333.813186,1.0666906593,DTE V1
2024-03-22,21333.813186,1.0666906593,DTE V1
2024-03-25,21333.813186,1.0666906593,DTE V1
2024-03-26,21333.813186,1.0666906593,DTE V1
2024-03-27,21333.813186,1.0666906593,DTE V1
2024-03-28,21333.813186,1.0666906593,DTE V1
2024-04-01,21333.813186,1.0666906593,DTE V1
2024-04-02,21333.813186,1.0666906593,DTE V1
2024-04-03,21333.813186,1.0666906593,DTE V1
2024-04-04,21333.813186,1.0666906593,DTE V1
2024-04-05,21333.813186,1.0666906593,DTE V1
2024-04-08,21333.813186,1.0666906593,DTE V1
2024-04-09,21333.813186,1.0666906593,DTE V1
2024-04-10,21333.813186,1.0666906593,DTE V1
2024-04-11,21333.813186,1.0666906593,DTE V1
2024-04-12,21333.813186,1.0666906593,DTE V1
2024-04-15,21333.813186,1.0666906593,DTE V1
2024-04-16,21333.813186,1.0666906593,DTE V1
2024-04-17,21333.813186,1.0666906593,DTE V1
2024-04-18,21333.813186,1.0666906593,DTE V1
2024-04-19,21333.813186,1.0666906593,DTE V1
2024-04-22,21333.813186,1.0666906593,DTE V1
2024-04-23,21333.813186,1.0666906593,DTE V1
2024-04-24,21333.813186,1.0666906593,DTE V1
2024-04-25,21333.813186,1.0666906593,DTE V1
2024-04-26,21333.813186,1.0666906593,DTE V1
2024-04-29,21333.813186,1.0666906593,DTE V1
2024-04-30,21333.813186,1.0666906593,DTE V1
2024-05-01,21333.813186,1.0666906593,DTE V1
2024-05-02,21333.813186,1.0666906593,DTE V1
2024-05-03,21333.813186,1.0666906593,DTE V1
2024-05-06,21333.813186,1.0666906593,DTE V1
2024-05-07,21333.813186,1.0666906593,DTE V1
2024-05-08,21333.813186,1.0666906593,DTE V1
2024-05-09,21333.813186,1.0666906593,DTE V1
2024-05-10,21333.813186,1.0666906593,DTE V1
2024-05-13,21333.813186,1.0666906593,DTE V1
2024-05-14,21333.813186,1.0666906593,DTE V1
2024-05-15,21333.813186,1.0666906593,DTE V1
2024-05-16,21333.813186,1.0666906593,DTE V1
2024-05-17,21333.813186,1.0666906593,DTE V1
2024-05-20,21333.813186,1.0666906593,DTE V1
2024-05-21,21333.813186,1.0666906593,DTE V1
2024-05-22,21333.813186,1.0666906593,DTE V1
2024-05-23,21333.813186,1.0666906593,DTE V1
2024-05-24,21333.813186,1.0666906593,DTE V1
2024-05-28,21333.813186,1.0666906593,DTE V1
2024-05-29,21333.813186,1.0666906593,DTE V1
2024-05-30,21333.813186,1.0666906593,DTE V1
2024-05-31,21333.813186,1.0666906593,DTE V1
2024-06-03,21333.813186,1.0666906593,DTE V1
2024-06-04,21333.813186,1.0666906593,DTE V1
2024-06-05,21333.813186,1.0666906593,DTE V1
2024-06-06,21333.813186,1.0666906593,DTE V1
2024-06-07,21333.813186,1.0666906593,DTE V1
2024-06-10,21333.813186,1.0666906593,DTE V1
2024-06-11,21333.813186,1.0666906593,DTE V1
2024-06-12,21333.813186,1.0666906593,DTE V1
2024-06-13,21333.813186,1.0666906593,DTE V1
2024-06-14,21333.813186,1.0666906593,DTE V1
2024-06-17,21333.813186,1.0666906593,DTE V1
2024-06-18,21333.813186,1.0666906593,DTE V1
2024-06-20,21333.813186,1.0666906593,DTE V1
2024-06-21,21333.813186,1.0666906593,DTE V1
2024-06-24,21333.813186,1.0666906593,DTE V1
2024-06-25,21333.813186,1.0666906593,DTE V1
2024-06-26,21333.813186,1.0666906593,DTE V1
2024-06-27,21333.813186,1.0666906593,DTE V1
2024-06-28,21333.813186,1.0666906593,DTE V1
2024-07-01,21333.813186,1.0666906593,DTE V1
2024-07-02,21333.813186,1.0666906593,DTE V1
2024-07-03,21333.813186,1.0666906593,DTE V1
2024-07-05,21333.813186,1.0666906593,DTE V1
2024-07-08,21333.813186,1.0666906593,DTE V1
2024-07-09,21333.813186,1.0666906593,DTE V1
2024-07-10,21333.813186,1.0666906593,DTE V1
2024-07-11,21333.813186,1.0666906593,DTE V1
2024-07-12,21333.813186,1.0666906593,DTE V1
2024-07-15,21333.813186,1.0666906593,DTE V1
2024-07-16,21333.813186,1.0666906593,DTE V1
2024-07-17,21333.813186,1.0666906593,DTE V1
2024-07-18,21333.813186,1.0666906593,DTE V1
2024-07-19,21333.813186,1.0666906593,DTE V1
2024-07-22,21333.813186,1.0666906593,DTE V1
2024-07-23,21333.813186,1.0666906593,DTE V1
2024-07-24,21333.813186,1.0666906593,DTE V1
2024-07-25,21333.813186,1.0666906593,DTE V1
2024-07-26,21333.813186,1.0666906593,DTE V1
2024-07-29,21333.813186,1.0666906593,DTE V1
2024-07-30,21333.813186,1.0666906593,DTE V1
2024-07-31,21333.813186,1.0666906593,DTE V1
2024-08-01,21333.813186,1.0666906593,DTE V1
2024-08-02,21333.813186,1.0666906593,DTE V1
2024-08-05,21333.813186,1.0666906593,DTE V1
2024-08-06,21623.428611,1.08117143055,DTE V1
2024-08-07,20964.711164,1.0482355582,DTE V1
2024-08-08,22938.067037,1.14690335185,DTE V1
2024-08-09,23249.848749,1.16249243745,DTE V1
2024-08-12,23360.848184,1.1680424092,DTE V1
2024-08-13,25083.26585,1.2541632925,DTE V1
2024-08-14,25081.90252,1.254095126,DTE V1
2024-08-15,26926.945375,1.34634726875,DTE V1
2024-08-16,26994.802785,1.34974013925,DTE V1
2024-08-19,27949.093516,1.3974546758,DTE V1
2024-08-20,27778.930238,1.3889465119,DTE V1
2024-08-21,28100.190845,1.40500954225,DTE V1
2024-08-22,26915.253679,1.34576268395,DTE V1
2024-08-23,27702.278822,1.3851139411,DTE V1
2024-08-26,26886.402771,1.34432013855,DTE V1
2024-08-27,27094.615467,1.35473077335,DTE V1
2024-08-28,26252.268296,1.3126134148,DTE V1
2024-08-29,26081.294385,1.3040647192500001,DTE V1
2024-08-30,26960.864046,1.3480432023,DTE V1
2024-09-03,24818.821065,1.24094105325,DTE V1
2024-09-04,24629.117947,1.23145589735,DTE V1
2024-09-05,24683.294643,1.23416473215,DTE V1
2024-09-06,22947.36012,1.147368006,DTE V1
2024-09-09,23765.042404,1.1882521202,DTE V1
2024-09-10,24384.249276,1.2192124638,DTE V1
2024-09-11,25917.415611,1.29587078055,DTE V1
2024-09-12,26608.355079,1.33041775395,DTE V1
2024-09-13,26928.677733,1.34643388665,DTE V1
2024-09-16,26567.23403,1.3283617015,DTE V1
2024-09-17,26554.921359,1.32774606795,DTE V1
2024-09-18,26229.779872,1.3114889936,DTE V1
2024-09-19,28160.290437,1.40801452185,DTE V1
2024-09-20,27975.661429,1.39878307145,DTE V1
2024-09-23,28103.353412,1.4051676706,DTE V1
2024-09-24,28468.652412,1.4234326205999999,DTE V1
2024-09-25,28529.391365,1.42646956825,DTE V1
2024-09-26,29084.347503,1.45421737515,DTE V1
2024-09-27,28637.708392,1.4318854196,DTE V1
2024-09-30,28815.090785,1.44075453925,DTE V1
2024-10-01,27736.884464,1.3868442232,DTE V1
2024-10-02,27829.094901,1.39145474505,DTE V1
2024-10-03,27719.787412,1.3859893706000002,DTE V1
2024-10-04,28627.934967,1.43139674835,DTE V1
2024-10-07,27769.846916,1.3884923458,DTE V1
2024-10-08,28916.823875,1.44584119375,DTE V1
2024-10-09,29540.073383,1.47700366915,DTE V1
2024-10-10,29436.215529,1.4718107764500001,DTE V1
2024-10-11,29548.6209,1.477431045,DTE V1
2024-10-14,30205.485323,1.51027426615,DTE V1
2024-10-15,29101.021952,1.4550510976,DTE V1
2024-10-16,29089.379827,1.45446899135,DTE V1
2024-10-17,29132.544795,1.4566272397500002,DTE V1
2024-10-18,29632.4895,1.481624475,DTE V1
2024-10-21,29746.466758,1.4873233379,DTE V1
2024-10-22,29797.009968,1.4898504983999998,DTE V1
2024-10-23,28566.451957,1.42832259785,DTE V1
2024-10-24,29202.064386,1.4601032192999999,DTE V1
2024-10-25,29616.333341,1.48081666705,DTE V1
2024-10-28,29553.139728,1.4776569864,DTE V1
2024-10-29,30344.956902,1.5172478451,DTE V1
2024-10-30,29700.402964,1.4850201482,DTE V1
2024-10-31,27711.144789,1.38555723945,DTE V1
2024-11-01,28257.480689,1.41287403445,DTE V1
2024-11-04,27965.507265,1.39827536325,DTE V1
2024-11-05,28974.013667,1.44870068335,DTE V1
2024-11-06,31269.314319,1.56346571595,DTE V1
2024-11-07,32632.778939,1.63163894695,DTE V1
2024-11-08,32725.981436,1.6362990718,DTE V1
2024-11-11,32636.658737,1.63183293685,DTE V1
2024-11-12,32425.791375,1.62128956875,DTE V1
2024-11-13,32300.88964,1.615044482,DTE V1
2024-11-14,31647.283775,1.58236418875,DTE V1
2024-11-15,29653.305004,1.4826652502000002,DTE V1
2024-11-18,30202.818332,1.5101409166,DTE V1
2024-11-19,30775.430596,1.5387715298,DTE V1
2024-11-20,30704.236859,1.5352118429500001,DTE V1
2024-11-21,30996.579553,1.54982897765,DTE V1
2024-11-22,31123.074878,1.5561537439,DTE V1
2024-11-25,31227.957707,1.5613978853500001,DTE V1
2024-11-26,31683.767431,1.58418837155,DTE V1
2024-11-27,30996.949241,1.54984746205,DTE V1
2024-11-29,31739.426132,1.5869713066,DTE V1
2024-12-02,32672.586316,1.6336293158000001,DTE V1
2024-12-03,32936.522913,1.64682614565,DTE V1
2024-12-04,34043.322086,1.7021661043,DTE V1
2024-12-05,33780.342165,1.68901710825,DTE V1
2024-12-06,34592.132323,1.7296066161499999,DTE V1
2024-12-09,33834.278331,1.6917139165500001,DTE V1
2024-12-10,33513.318141,1.6756659070500002,DTE V1
2024-12-11,35163.817078,1.7581908539,DTE V1
2024-12-12,34549.764559,1.7274882279500001,DTE V1
2024-12-13,35246.087042,1.7623043521,DTE V1
2024-12-16,36594.318602,1.8297159300999999,DTE V1
2024-12-17,36594.318602,1.8297159300999999,DTE V1
2024-12-18,36594.318602,1.8297159300999999,DTE V1
2024-12-19,36594.318602,1.8297159300999999,DTE V1
2024-12-20,36594.318602,1.8297159300999999,DTE V1
2024-12-23,36594.318602,1.8297159300999999,DTE V1
2024-12-24,36594.318602,1.8297159300999999,DTE V1
2024-12-26,36594.318602,1.8297159300999999,DTE V1
2024-12-27,36594.318602,1.8297159300999999,DTE V1
2024-12-30,36594.318602,1.8297159300999999,DTE V1
2024-12-31,36594.318602,1.8297159300999999,DTE V1
2025-01-02,36594.318602,1.8297159300999999,DTE V1
2025-01-03,36594.318602,1.8297159300999999,DTE V1
2025-01-06,36594.318602,1.8297159300999999,DTE V1
2025-01-07,36594.318602,1.8297159300999999,DTE V1
2025-01-08,36594.318602,1.8297159300999999,DTE V1
2025-01-10,36594.318602,1.8297159300999999,DTE V1
2025-01-13,36594.318602,1.8297159300999999,DTE V1
2025-01-14,36594.318602,1.8297159300999999,DTE V1
2025-01-15,36594.318602,1.8297159300999999,DTE V1
2025-01-16,36594.318602,1.8297159300999999,DTE V1
2025-01-17,36594.318602,1.8297159300999999,DTE V1
2025-01-21,36594.318602,1.8297159300999999,DTE V1
2025-01-22,36594.318602,1.8297159300999999,DTE V1
2025-01-23,36594.318602,1.8297159300999999,DTE V1
2025-01-24,36594.318602,1.8297159300999999,DTE V1
2025-01-27,36594.318602,1.8297159300999999,DTE V1
2025-01-28,36594.318602,1.8297159300999999,DTE V1
2025-01-29,36594.318602,1.8297159300999999,DTE V1
2025-01-30,36594.318602,1.8297159300999999,DTE V1
2025-01-31,36594.318602,1.8297159300999999,DTE V1
2025-02-03,36594.318602,1.8297159300999999,DTE V1
2025-02-04,36594.318602,1.8297159300999999,DTE V1
2025-02-05,36594.318602,1.8297159300999999,DTE V1
2025-02-06,36594.318602,1.8297159300999999,DTE V1
2025-02-07,36594.318602,1.8297159300999999,DTE V1
2025-02-10,36594.318602,1.8297159300999999,DTE V1
2025-02-11,36594.318602,1.8297159300999999,DTE V1
2025-02-12,36594.318602,1.8297159300999999,DTE V1
2025-02-13,36594.318602,1.8297159300999999,DTE V1
2025-02-14,36594.318602,1.8297159300999999,DTE V1
2025-02-18,36594.318602,1.8297159300999999,DTE V1
2025-02-19,36594.318602,1.8297159300999999,DTE V1
2025-02-20,36594.318602,1.8297159300999999,DTE V1
2025-02-21,36594.318602,1.8297159300999999,DTE V1
2025-02-24,36594.318602,1.8297159300999999,DTE V1
2025-02-25,36594.318602,1.8297159300999999,DTE V1
2025-02-26,36594.318602,1.8297159300999999,DTE V1
2025-02-27,36594.318602,1.8297159300999999,DTE V1
2025-02-28,36594.318602,1.8297159300999999,DTE V1
2025-03-03,36594.318602,1.8297159300999999,DTE V1
2025-03-04,36594.318602,1.8297159300999999,DTE V1
2025-03-05,36594.318602,1.8297159300999999,DTE V1
2025-03-06,36594.318602,1.8297159300999999,DTE V1
2025-03-07,36594.318602,1.8297159300999999,DTE V1
2025-03-10,36594.318602,1.8297159300999999,DTE V1
2025-03-11,36495.332666,1.8247666333,DTE V1
2025-03-12,36854.356062,1.8427178031,DTE V1
2025-03-13,36275.008893,1.81375044465,DTE V1
2025-03-14,37084.24731,1.8542123655,DTE V1
2025-03-17,37286.885954,1.8643442977,DTE V1
2025-03-18,36718.942003,1.8359471001499998,DTE V1
2025-03-19,37162.195624,1.8581097812,DTE V1
2025-03-20,37035.809202,1.8517904601,DTE V1
2025-03-21,37142.562915,1.8571281457500002,DTE V1
2025-03-24,37910.627726,1.8955313862999998,DTE V1
2025-03-25,38112.25161,1.9056125805,DTE V1
2025-03-26,37465.415461,1.8732707730499998,DTE V1
2025-03-27,37262.409136,1.8631204568000002,DTE V1
2025-03-28,36415.296814,1.8207648407,DTE V1
2025-03-31,36395.508137,1.8197754068499998,DTE V1
2025-04-01,36654.439754,1.8327219877,DTE V1
2025-04-02,36892.68393,1.8446341965,DTE V1
2025-04-03,35371.79021,1.7685895105,DTE V1
2025-04-04,32330.88809,1.6165444045,DTE V1
2025-04-07,32432.425077,1.6216212538499999,DTE V1
2025-04-08,31021.564732,1.5510782366,DTE V1
2025-04-09,43186.94073,2.1593470365000003,DTE V1
2025-04-10,39297.1995,1.9648599750000002,DTE V1
2025-04-11,41015.063822,2.0507531910999997,DTE V1
2025-04-14,41571.979638,2.0785989819,DTE V1
2025-04-15,41619.779078,2.0809889539,DTE V1
2025-04-16,38843.863049,1.94219315245,DTE V1
2025-04-17,38808.282009,1.9404141004500002,DTE V1
2025-04-21,36612.251274,1.8306125637000001,DTE V1
2025-04-22,38957.477916,1.9478738958000001,DTE V1
2025-04-23,41019.336538,2.0509668269000003,DTE V1
2025-04-24,43812.746245,2.1906373122500002,DTE V1
2025-04-25,44909.956262,2.2454978131,DTE V1
2025-04-28,44816.116294,2.2408058147,DTE V1
2025-04-29,45481.229802,2.2740614901000002,DTE V1
2025-04-30,45415.652427,2.27078262135,DTE V1
2025-05-01,46792.116077,2.33960580385,DTE V1
2025-05-02,48353.147416,2.4176573708,DTE V1
2025-05-05,47635.460829,2.3817730414500002,DTE V1
2025-05-06,46595.613942,2.3297806971000004,DTE V1
2025-05-07,46944.844463,2.34724222315,DTE V1
2025-05-08,48046.512747,2.40232563735,DTE V1
2025-05-09,47954.222144,2.3977111072,DTE V1
2025-05-12,52696.511872,2.6348255936,DTE V1
2025-05-13,54534.56395,2.7267281975,DTE V1
2025-05-14,55255.198503,2.76275992515,DTE V1
2025-05-15,55371.205544,2.7685602771999998,DTE V1
2025-05-16,55890.784433,2.79453922165,DTE V1
2025-05-19,55921.45498,2.796072749,DTE V1
2025-05-20,55484.273234,2.7742136617,DTE V1
2025-05-21,53767.610059,2.68838050295,DTE V1
2025-05-22,53969.832022,2.6984916011,DTE V1
2025-05-23,52836.645311,2.64183226555,DTE V1
2025-05-27,55674.046508,2.7837023254,DTE V1
2025-05-28,55099.711603,2.75498558015,DTE V1
2025-05-29,55313.709954,2.7656854977,DTE V1
2025-05-30,55096.074237,2.75480371185,DTE V1
2025-06-02,56019.8935,2.800994675,DTE V1
2025-06-03,56979.168904,2.8489584452,DTE V1
2025-06-04,57316.008381,2.86580041905,DTE V1
2025-06-05,56336.005486,2.8168002743000002,DTE V1
2025-06-06,57571.300744,2.8785650372,DTE V1
2025-06-09,57653.462824,2.8826731412,DTE V1
2025-06-10,58497.260054,2.9248630027,DTE V1
2025-06-11,58037.370348,2.9018685173999996,DTE V1
2025-06-12,58322.446645,2.91612233225,DTE V1
2025-06-13,56683.586132,2.8341793066,DTE V1
2025-06-16,58415.469071,2.92077345355,DTE V1
2025-06-17,57130.664281,2.8565332140499997,DTE V1
2025-06-18,57085.584506,2.8542792253,DTE V1
2025-06-20,56504.316557,2.8252158278499997,DTE V1
2025-06-23,57776.72119,2.8888360595,DTE V1
2025-06-24,59780.916121,2.98904580605,DTE V1
2025-06-25,60102.820939,3.00514104695,DTE V1
2025-06-26,61337.737421,3.06688687105,DTE V1
2025-06-27,61773.872102,3.0886936051,DTE V1
2025-06-30,62611.578752,3.1305789376,DTE V1
2025-07-01,61430.157893,3.0715078946500003,DTE V1
2025-07-02,62369.386003,3.11846930015,DTE V1
2025-07-03,63727.776157,3.1863888078500002,DTE V1
2025-07-07,62582.340203,3.12911701015,DTE V1
2025-07-08,62633.588126,3.1316794063,DTE V1
2025-07-09,63598.598943,3.1799299471499998,DTE V1
2025-07-10,63375.296825,3.16876484125,DTE V1
2025-07-11,63038.837244,3.1519418622,DTE V1
2025-07-14,63479.018765,3.17395093825,DTE V1
2025-07-15,63530.910504,3.1765455252,DTE V1
2025-07-16,63652.970212,3.1826485106,DTE V1
2025-07-17,64791.89283,3.2395946414999996,DTE V1
2025-07-18,64633.871342,3.2316935670999998,DTE V1
2025-07-21,65222.685768,3.2611342884,DTE V1
2025-07-22,64700.677677,3.23503388385,DTE V1
2025-07-23,65129.996856,3.2564998428,DTE V1
2025-07-24,65314.321102,3.2657160551,DTE V1
2025-07-25,65539.385758,3.2769692879,DTE V1
2025-07-28,65721.611597,3.2860805798499997,DTE V1
2025-07-29,65545.346762,3.2772673381,DTE V1
2025-07-30,65661.267272,3.2830633635999997,DTE V1
2025-07-31,65121.690856,3.2560845428,DTE V1
2025-08-01,63180.327147,3.15901635735,DTE V1
2025-08-04,64893.68821,3.2446844105,DTE V1
2025-08-05,64170.562106,3.2085281053,DTE V1
2025-08-06,65366.1502,3.2683075099999996,DTE V1
2025-08-07,65630.453722,3.2815226861,DTE V1
2025-08-08,66562.159957,3.3281079978499997,DTE V1
2025-08-11,66215.615785,3.3107807892500003,DTE V1
2025-08-12,67446.500704,3.3723250352000003,DTE V1
2025-08-13,67485.847343,3.3742923671500002,DTE V1
2025-08-14,67439.351974,3.3719675987000004,DTE V1
2025-08-15,67439.351974,3.3719675987000004,DTE V1
2025-08-18,67439.351974,3.3719675987000004,DTE V1
2025-08-19,67439.351974,3.3719675987000004,DTE V1
2025-08-20,67439.351974,3.3719675987000004,DTE V1
2025-08-21,67439.351974,3.3719675987000004,DTE V1
2025-08-22,67439.351974,3.3719675987000004,DTE V1
2025-08-25,67439.351974,3.3719675987000004,DTE V1
2025-08-26,67439.351974,3.3719675987000004,DTE V1
2025-08-27,67439.351974,3.3719675987000004,DTE V1
2025-08-28,67439.351974,3.3719675987000004,DTE V1
2025-08-29,67439.351974,3.3719675987000004,DTE V1
2025-09-02,67439.351974,3.3719675987000004,DTE V1
2025-09-03,67439.351974,3.3719675987000004,DTE V1
2025-09-04,67439.351974,3.3719675987000004,DTE V1
2025-09-05,67439.351974,3.3719675987000004,DTE V1
2025-09-08,67439.351974,3.3719675987000004,DTE V1
2025-09-09,67439.351974,3.3719675987000004,DTE V1
2025-09-10,67439.351974,3.3719675987000004,DTE V1
2025-09-11,67439.351974,3.3719675987000004,DTE V1
2025-09-12,67439.351974,3.3719675987000004,DTE V1
2025-09-15,67439.351974,3.3719675987000004,DTE V1
2025-09-16,67439.351974,3.3719675987000004,DTE V1
2025-09-17,67439.351974,3.3719675987000004,DTE V1
2025-09-18,67439.351974,3.3719675987000004,DTE V1
2025-09-19,67439.351974,3.3719675987000004,DTE V1
2025-09-22,67439.351974,3.3719675987000004,DTE V1
2025-09-23,67439.351974,3.3719675987000004,DTE V1
2025-09-24,67439.351974,3.3719675987000004,DTE V1
2025-09-25,67439.351974,3.3719675987000004,DTE V1
2025-09-26,67439.351974,3.3719675987000004,DTE V1
2025-09-29,67439.351974,3.3719675987000004,DTE V1
2025-09-30,67439.351974,3.3719675987000004,DTE V1
2025-10-01,67439.351974,3.3719675987000004,DTE V1
2025-10-02,67439.351974,3.3719675987000004,DTE V1
2025-10-03,67439.351974,3.3719675987000004,DTE V1
2025-10-06,67439.351974,3.3719675987000004,DTE V1
2025-10-07,67439.351974,3.3719675987000004,DTE V1
2025-10-08,67439.351974,3.3719675987000004,DTE V1
2025-10-09,67439.351974,3.3719675987000004,DTE V1
2025-10-10,67439.351974,3.3719675987000004,DTE V1
2025-10-13,67439.351974,3.3719675987000004,DTE V1
2025-10-14,67439.351974,3.3719675987000004,DTE V1
2025-10-15,67439.351974,3.3719675987000004,DTE V1
2025-10-16,67439.351974,3.3719675987000004,DTE V1
2025-10-17,67439.351974,3.3719675987000004,DTE V1
2025-10-20,67439.351974,3.3719675987000004,DTE V1
2025-10-21,67439.351974,3.3719675987000004,DTE V1
2025-10-22,67439.351974,3.3719675987000004,DTE V1
2025-10-23,67439.351974,3.3719675987000004,DTE V1
2025-10-24,67439.351974,3.3719675987000004,DTE V1
2025-10-27,67439.351974,3.3719675987000004,DTE V1
2025-10-28,67439.351974,3.3719675987000004,DTE V1
2025-10-29,67439.351974,3.3719675987000004,DTE V1
2025-10-30,67439.351974,3.3719675987000004,DTE V1
2025-10-31,67439.351974,3.3719675987000004,DTE V1
2025-11-03,67439.351974,3.3719675987000004,DTE V1
2025-11-04,67439.351974,3.3719675987000004,DTE V1
2025-11-05,67439.351974,3.3719675987000004,DTE V1
2025-11-06,67439.351974,3.3719675987000004,DTE V1
2025-11-07,67439.351974,3.3719675987000004,DTE V1
2025-11-10,67439.351974,3.3719675987000004,DTE V1
2025-11-11,67439.351974,3.3719675987000004,DTE V1
2025-11-12,67439.351974,3.3719675987000004,DTE V1
2025-11-13,67439.351974,3.3719675987000004,DTE V1
2025-11-14,67439.351974,3.3719675987000004,DTE V1
2025-11-17,67439.351974,3.3719675987000004,DTE V1
2025-11-18,67439.351974,3.3719675987000004,DTE V1
2025-11-19,67439.351974,3.3719675987000004,DTE V1
2025-11-20,67439.351974,3.3719675987000004,DTE V1
2025-11-21,67439.351974,3.3719675987000004,DTE V1
2025-11-24,67439.351974,3.3719675987000004,DTE V1
2025-11-25,67439.351974,3.3719675987000004,DTE V1
2025-11-26,67439.351974,3.3719675987000004,DTE V1
2025-11-28,67439.351974,3.3719675987000004,DTE V1
2025-12-01,67439.351974,3.3719675987000004,DTE V1
2025-12-02,67439.351974,3.3719675987000004,DTE V1
2025-12-03,67439.351974,3.3719675987000004,DTE V1
2025-12-04,67439.351974,3.3719675987000004,DTE V1
2025-12-05,67439.351974,3.3719675987000004,DTE V1
2025-12-08,67439.351974,3.3719675987000004,DTE V1
2025-12-09,67439.351974,3.3719675987000004,DTE V1
2025-12-10,67439.351974,3.3719675987000004,DTE V1
2025-12-11,67439.351974,3.3719675987000004,DTE V1
2025-12-12,67439.351974,3.3719675987000004,DTE V1
2025-12-15,67439.351974,3.3719675987000004,DTE V1
2025-12-16,67439.351974,3.3719675987000004,DTE V1
2025-12-17,67439.351974,3.3719675987000004,DTE V1
2025-12-18,67439.351974,3.3719675987000004,DTE V1
2025-12-19,67439.351974,3.3719675987000004,DTE V1
2025-12-22,67439.351974,3.3719675987000004,DTE V1
2025-12-23,67439.351974,3.3719675987000004,DTE V1
2025-12-24,67439.351974,3.3719675987000004,DTE V1
2025-12-26,67439.351974,3.3719675987000004,DTE V1
2025-12-29,67439.351974,3.3719675987000004,DTE V1
2025-12-30,67439.351974,3.3719675987000004,DTE V1
2025-12-31,67439.351974,3.3719675987000004,DTE V1
2026-01-02,67439.351974,3.3719675987000004,DTE V1
2026-01-05,67439.351974,3.3719675987000004,DTE V1
2026-01-06,67439.351974,3.3719675987000004,DTE V1
2026-01-07,67439.351974,3.3719675987000004,DTE V1
2026-01-08,67439.351974,3.3719675987000004,DTE V1
2026-01-09,67439.351974,3.3719675987000004,DTE V1
2026-01-12,67439.351974,3.3719675987000004,DTE V1
2026-01-13,67439.351974,3.3719675987000004,DTE V1
2026-01-14,67439.351974,3.3719675987000004,DTE V1
2026-01-15,67439.351974,3.3719675987000004,DTE V1
2026-01-16,67439.351974,3.3719675987000004,DTE V1
2026-01-20,67439.351974,3.3719675987000004,DTE V1
2026-01-21,67439.351974,3.3719675987000004,DTE V1
2026-01-22,67439.351974,3.3719675987000004,DTE V1
2026-01-23,67439.351974,3.3719675987000004,DTE V1
2026-01-26,67439.351974,3.3719675987000004,DTE V1
2026-01-27,67439.351974,3.3719675987000004,DTE V1
2026-01-28,67439.351974,3.3719675987000004,DTE V1
2026-01-29,67439.351974,3.3719675987000004,DTE V1
2026-01-30,67439.351974,3.3719675987000004,DTE V1
2026-02-02,67439.351974,3.3719675987000004,DTE V1
2026-02-03,67439.351974,3.3719675987000004,DTE V1
2026-02-04,67439.351974,3.3719675987000004,DTE V1
2026-02-05,67439.351974,3.3719675987000004,DTE V1
2026-02-06,67439.351974,3.3719675987000004,DTE V1
2026-02-09,67439.351974,3.3719675987000004,DTE V1
2026-02-10,67439.351974,3.3719675987000004,DTE V1
2026-02-11,67439.351974,3.3719675987000004,DTE V1
2026-02-12,67439.351974,3.3719675987000004,DTE V1
2026-02-13,67439.351974,3.3719675987000004,DTE V1
2026-02-17,67439.351974,3.3719675987000004,DTE V1
2026-02-18,67439.351974,3.3719675987000004,DTE V1
2026-02-19,67439.351974,3.3719675987000004,DTE V1
2026-02-20,67439.351974,3.3719675987000004,DTE V1
2026-02-23,67439.351974,3.3719675987000004,DTE V1
2026-02-24,67439.351974,3.3719675987000004,DTE V1
2026-02-25,67439.351974,3.3719675987000004,DTE V1
2026-02-26,67439.351974,3.3719675987000004,DTE V1
2026-02-27,67439.351974,3.3719675987000004,DTE V1
2026-03-02,67439.351974,3.3719675987000004,DTE V1
2026-03-03,67439.351974,3.3719675987000004,DTE V1
2026-03-04,67439.351974,3.3719675987000004,DTE V1
2026-03-05,67439.351974,3.3719675987000004,DTE V1
2026-03-06,67439.351974,3.3719675987000004,DTE V1
2026-03-09,67439.351974,3.3719675987000004,DTE V1
2026-03-10,67439.351974,3.3719675987000004,DTE V1
2026-03-11,67439.351974,3.3719675987000004,DTE V1
2026-03-12,67439.351974,3.3719675987000004,DTE V1
2026-03-13,67439.351974,3.3719675987000004,DTE V1
2026-03-16,67439.351974,3.3719675987000004,DTE V1
2026-03-17,67439.351974,3.3719675987000004,DTE V1
2026-03-18,67439.351974,3.3719675987000004,DTE V1
2026-03-19,67439.351974,3.3719675987000004,DTE V1
2026-03-20,67439.351974,3.3719675987000004,DTE V1
2026-03-23,67439.351974,3.3719675987000004,DTE V1
2026-03-24,67439.351974,3.3719675987000004,DTE V1
2026-03-25,67439.351974,3.3719675987000004,DTE V1
2026-03-26,67439.351974,3.3719675987000004,DTE V1
2026-03-27,66662.001419,3.3331000709499996,DTE V1
2026-03-30,66350.400103,3.3175200051500005,DTE V1
2026-03-31,67666.587803,3.38332939015,DTE V1
2026-04-01,68174.348596,3.4087174298,DTE V1
2026-04-02,68210.860802,3.4105430401,DTE V1
2026-04-06,68431.805341,3.42159026705,DTE V1
2026-04-07,68203.468516,3.4101734257999996,DTE V1
2026-04-08,69234.303298,3.4617151648999998,DTE V1
2026-04-09,69539.977594,3.4769988797,DTE V1
2026-04-10,69571.291051,3.4785645525499995,DTE V1
2026-04-13,69086.47733,3.4543238665,DTE V1
2026-04-14,69849.558814,3.4924779407,DTE V1
2026-04-15,70560.084623,3.52800423115,DTE V1
2026-04-16,70808.622396,3.5404311198000005,DTE V1
2026-04-17,71518.158238,3.5759079119000003,DTE V1
2026-04-20,71251.504227,3.56257521135,DTE V1
2026-04-21,71038.658012,3.5519329005999998,DTE V1
2026-04-22,71917.478888,3.5958739444,DTE V1
2026-04-23,71556.068932,3.5778034466,DTE V1
2026-04-24,72620.064344,3.6310032172,DTE V1
2026-04-27,72586.414963,3.62932074815,DTE V1
2026-04-28,71999.586888,3.5999793444000003,DTE V1
2026-04-29,72345.134857,3.61725674285,DTE V1
2026-04-30,72882.825578,3.6441412789000003,DTE V1
2026-05-01,73447.932291,3.67239661455,DTE V1
2026-05-04,73309.311402,3.6654655701000003,DTE V1
2026-05-05,74079.343775,3.70396718875,DTE V1
2026-05-06,75370.380361,3.76851901805,DTE V1
2026-05-07,75283.007151,3.7641503575499997,DTE V1
2026-05-08,76792.687305,3.83963436525,DTE V1
2026-05-11,76961.755693,3.84808778465,DTE V1
2026-05-12,76403.567201,3.82017836005,DTE V1
2026-05-13,77018.881548,3.8509440774000003,DTE V1
2026-05-14,77478.92265,3.8739461324999995,DTE V1
2026-05-15,76476.528601,3.82382643005,DTE V1
2026-05-18,76179.386863,3.8089693431500002,DTE V1
2026-05-19,75775.644365,3.78878221825,DTE V1
2026-05-20,76853.655648,3.8426827824,DTE V1
2026-05-21,76973.145983,3.8486572991499997,DTE V1
2026-05-22,77238.678065,3.86193390325,DTE V1
2026-05-26,78419.691503,3.92098457515,DTE V1
2026-05-27,78331.621479,3.9165810739499998,DTE V1
2026-05-28,78887.926365,3.9443963182500004,DTE V1
2026-05-29,79137.571355,3.9568785677499996,DTE V1
2026-06-01,79541.981127,3.97709905635,DTE V1
2026-06-02,79861.547538,3.9930773769,DTE V1
2026-06-03,79669.91863,3.9834959315,DTE V1
2026-06-04,79322.765315,3.9661382657499997,DTE V1
2026-06-05,76112.841937,3.80564209685,DTE V1
2026-06-08,77114.446935,3.85572234675,DTE V1
2026-06-09,76353.90651,3.8176953255,DTE V1
2026-06-10,75082.969675,3.75414848375,DTE V1
2026-06-11,77265.921157,3.8632960578500004,DTE V1
2026-06-12,77649.3753,3.882468765,DTE V1
2026-06-15,79779.104987,3.98895524935,DTE V1
2026-06-16,78463.900184,3.9231950092,DTE V1
2026-06-17,77776.666463,3.88883332315,DTE V1
2026-06-18,79470.657063,3.9735328531500005,DTE V1
2026-06-22,79274.114912,3.9637057456000004,DTE V1
2026-06-23,77074.622275,3.85373111375,DTE V1
2026-06-24,76789.392285,3.8394696142499996,DTE V1
2026-06-25,77302.542267,3.86512711335,DTE V1
2026-06-26,76407.472538,3.8203736269,DTE V1
2026-06-29,78017.632232,3.9008816116,DTE V1
2026-06-30,79161.71967,3.9580859835,DTE V1
2026-07-01,78127.400608,3.9063700303999997,DTE V1
2026-07-02,76981.870594,3.8490935297,DTE V1
2026-07-06,77897.76313,3.8948881565000004,DTE V1
2026-07-07,76683.639466,3.8341819732999998,DTE V1
2026-07-08,76856.403158,3.8428201579,DTE V1
2026-07-09,77942.792187,3.89713960935,DTE V1
2026-07-10,78140.01305,3.9070006525,DTE V1
2026-07-13,76880.559426,3.8440279713000005,DTE V1
2026-07-14,77602.998822,3.8801499410999996,DTE V1
2026-07-15,77418.756965,3.8709378482499996,DTE V1
2026-07-16,76355.474717,3.8177737358500003,DTE V1
2026-07-17,75409.401878,3.7704700939,DTE V1
2026-07-20,75451.955251,3.7725977625500002,DTE V1
2026-07-23,75101.741436,3.7550870718,DTE V1
2026-07-24,74418.276252,3.7209138125999996,DTE V1
2026-07-27,74212.826461,3.7106413230500004,DTE V1
2026-07-28,73631.855917,3.68159279585,DTE V1
2026-07-29,72463.277154,3.6231638577,DTE V1
2026-07-30,74401.027439,3.72005137195,DTE V1
2026-08-03,75848.380255,3.79241901275,DTE V1
2026-08-04,78015.36186,3.9007680930000004,DTE V1
2026-08-05,77404.680474,3.8702340236999997,DTE V1
2026-08-06,77404.680474,3.8702340236999997,DTE V1
2026-08-07,77404.680474,3.8702340236999997,DTE V1
2026-08-10,77404.680474,3.8702340236999997,DTE V1
2026-08-11,77404.680474,3.8702340236999997,DTE V1
2026-08-12,77404.680474,3.8702340236999997,DTE V1
2021-08-13,20000.0,1.0,Deployed QQQ LEAPS
2021-08-16,20000.0,1.0,Deployed QQQ LEAPS
2021-08-17,20000.0,1.0,Deployed QQQ LEAPS
2021-08-18,20000.0,1.0,Deployed QQQ LEAPS
2021-08-19,20000.0,1.0,Deployed QQQ LEAPS
2021-08-20,20000.0,1.0,Deployed QQQ LEAPS
2021-08-23,20000.0,1.0,Deployed QQQ LEAPS
2021-08-24,20000.0,1.0,Deployed QQQ LEAPS
2021-08-25,20000.0,1.0,Deployed QQQ LEAPS
2021-08-26,20000.0,1.0,Deployed QQQ LEAPS
2021-08-27,20000.0,1.0,Deployed QQQ LEAPS
2021-08-30,20000.0,1.0,Deployed QQQ LEAPS
2021-08-31,20000.0,1.0,Deployed QQQ LEAPS
2021-09-01,20000.0,1.0,Deployed QQQ LEAPS
2021-09-02,20000.0,1.0,Deployed QQQ LEAPS
2021-09-03,20000.0,1.0,Deployed QQQ LEAPS
2021-09-07,20000.0,1.0,Deployed QQQ LEAPS
2021-09-08,20000.0,1.0,Deployed QQQ LEAPS
2021-09-09,20000.0,1.0,Deployed QQQ LEAPS
2021-09-10,20000.0,1.0,Deployed QQQ LEAPS
2021-09-13,20000.0,1.0,Deployed QQQ LEAPS
2021-09-14,20000.0,1.0,Deployed QQQ LEAPS
2021-09-15,20000.0,1.0,Deployed QQQ LEAPS
2021-09-16,20000.0,1.0,Deployed QQQ LEAPS
2021-09-17,20000.0,1.0,Deployed QQQ LEAPS
2021-09-20,20000.0,1.0,Deployed QQQ LEAPS
2021-09-21,20000.0,1.0,Deployed QQQ LEAPS
2021-09-22,20000.0,1.0,Deployed QQQ LEAPS
2021-09-23,20000.0,1.0,Deployed QQQ LEAPS
2021-09-24,20000.0,1.0,Deployed QQQ LEAPS
2021-09-27,20000.0,1.0,Deployed QQQ LEAPS
2021-09-28,20000.0,1.0,Deployed QQQ LEAPS
2021-09-29,20000.0,1.0,Deployed QQQ LEAPS
2021-09-30,20000.0,1.0,Deployed QQQ LEAPS
2021-10-01,20000.0,1.0,Deployed QQQ LEAPS
2021-10-04,20000.0,1.0,Deployed QQQ LEAPS
2021-10-05,20000.0,1.0,Deployed QQQ LEAPS
2021-10-06,20000.0,1.0,Deployed QQQ LEAPS
2021-10-07,20000.0,1.0,Deployed QQQ LEAPS
2021-10-08,20000.0,1.0,Deployed QQQ LEAPS
2021-10-11,20000.0,1.0,Deployed QQQ LEAPS
2021-10-12,20000.0,1.0,Deployed QQQ LEAPS
2021-10-13,20000.0,1.0,Deployed QQQ LEAPS
2021-10-14,20000.0,1.0,Deployed QQQ LEAPS
2021-10-15,20000.0,1.0,Deployed QQQ LEAPS
2021-10-18,20000.0,1.0,Deployed QQQ LEAPS
2021-10-19,20000.0,1.0,Deployed QQQ LEAPS
2021-10-20,20000.0,1.0,Deployed QQQ LEAPS
2021-10-21,20000.0,1.0,Deployed QQQ LEAPS
2021-10-22,20000.0,1.0,Deployed QQQ LEAPS
2021-10-25,20000.0,1.0,Deployed QQQ LEAPS
2021-10-26,20000.0,1.0,Deployed QQQ LEAPS
2021-10-27,20000.0,1.0,Deployed QQQ LEAPS
2021-10-28,20000.0,1.0,Deployed QQQ LEAPS
2021-10-29,20000.0,1.0,Deployed QQQ LEAPS
2021-11-01,20000.0,1.0,Deployed QQQ LEAPS
2021-11-02,20000.0,1.0,Deployed QQQ LEAPS
2021-11-03,20000.0,1.0,Deployed QQQ LEAPS
2021-11-04,20000.0,1.0,Deployed QQQ LEAPS
2021-11-05,20000.0,1.0,Deployed QQQ LEAPS
2021-11-08,20000.0,1.0,Deployed QQQ LEAPS
2021-11-09,20000.0,1.0,Deployed QQQ LEAPS
2021-11-10,20000.0,1.0,Deployed QQQ LEAPS
2021-11-11,20000.0,1.0,Deployed QQQ LEAPS
2021-11-12,20000.0,1.0,Deployed QQQ LEAPS
2021-11-15,20000.0,1.0,Deployed QQQ LEAPS
2021-11-16,20000.0,1.0,Deployed QQQ LEAPS
2021-11-17,20000.0,1.0,Deployed QQQ LEAPS
2021-11-18,20000.0,1.0,Deployed QQQ LEAPS
2021-11-19,20000.0,1.0,Deployed QQQ LEAPS
2021-11-22,20000.0,1.0,Deployed QQQ LEAPS
2021-11-23,20000.0,1.0,Deployed QQQ LEAPS
2021-11-24,20000.0,1.0,Deployed QQQ LEAPS
2021-11-26,20000.0,1.0,Deployed QQQ LEAPS
2021-11-29,20000.0,1.0,Deployed QQQ LEAPS
2021-11-30,20000.0,1.0,Deployed QQQ LEAPS
2021-12-01,20000.0,1.0,Deployed QQQ LEAPS
2021-12-02,20000.0,1.0,Deployed QQQ LEAPS
2021-12-03,20000.0,1.0,Deployed QQQ LEAPS
2021-12-06,20000.0,1.0,Deployed QQQ LEAPS
2021-12-07,20000.0,1.0,Deployed QQQ LEAPS
2021-12-08,20000.0,1.0,Deployed QQQ LEAPS
2021-12-09,20000.0,1.0,Deployed QQQ LEAPS
2021-12-10,20000.0,1.0,Deployed QQQ LEAPS
2021-12-13,20000.0,1.0,Deployed QQQ LEAPS
2021-12-14,20000.0,1.0,Deployed QQQ LEAPS
2021-12-15,20000.0,1.0,Deployed QQQ LEAPS
2021-12-16,20000.0,1.0,Deployed QQQ LEAPS
2021-12-17,20000.0,1.0,Deployed QQQ LEAPS
2021-12-20,20000.0,1.0,Deployed QQQ LEAPS
2021-12-21,20000.0,1.0,Deployed QQQ LEAPS
2021-12-22,20000.0,1.0,Deployed QQQ LEAPS
2021-12-23,20000.0,1.0,Deployed QQQ LEAPS
2021-12-27,20000.0,1.0,Deployed QQQ LEAPS
2021-12-28,20000.0,1.0,Deployed QQQ LEAPS
2021-12-29,20000.0,1.0,Deployed QQQ LEAPS
2021-12-30,20000.0,1.0,Deployed QQQ LEAPS
2021-12-31,20000.0,1.0,Deployed QQQ LEAPS
2022-01-03,20000.0,1.0,Deployed QQQ LEAPS
2022-01-04,20000.0,1.0,Deployed QQQ LEAPS
2022-01-05,20000.0,1.0,Deployed QQQ LEAPS
2022-01-06,20000.0,1.0,Deployed QQQ LEAPS
2022-01-07,20000.0,1.0,Deployed QQQ LEAPS
2022-01-10,20000.0,1.0,Deployed QQQ LEAPS
2022-01-11,20000.0,1.0,Deployed QQQ LEAPS
2022-01-12,20000.0,1.0,Deployed QQQ LEAPS
2022-01-13,20000.0,1.0,Deployed QQQ LEAPS
2022-01-14,20000.0,1.0,Deployed QQQ LEAPS
2022-01-18,20000.0,1.0,Deployed QQQ LEAPS
2022-01-19,20000.0,1.0,Deployed QQQ LEAPS
2022-01-20,20000.0,1.0,Deployed QQQ LEAPS
2022-01-21,19425.240692,0.9712620345999999,Deployed QQQ LEAPS
2022-01-24,19518.700722,0.9759350361000001,Deployed QQQ LEAPS
2022-01-25,18562.986667,0.92814933335,Deployed QQQ LEAPS
2022-01-26,18403.68404,0.920184202,Deployed QQQ LEAPS
2022-01-27,17977.120525,0.8988560262499999,Deployed QQQ LEAPS
2022-01-28,19359.32522,0.9679662609999999,Deployed QQQ LEAPS
2022-01-31,20803.777393,1.0401888696500001,Deployed QQQ LEAPS
2022-02-01,21090.820381,1.05454101905,Deployed QQQ LEAPS
2022-02-02,21459.71649,1.0729858245,Deployed QQQ LEAPS
2022-02-03,19759.451939,0.98797259695,Deployed QQQ LEAPS
2022-02-04,20343.383539,1.01716917695,Deployed QQQ LEAPS
2022-02-07,19969.075707,0.99845378535,Deployed QQQ LEAPS
2022-02-08,20499.677204,1.0249838601999999,Deployed QQQ LEAPS
2022-02-09,21530.799389,1.07653996945,Deployed QQQ LEAPS
2022-02-10,20500.400098,1.0250200049,Deployed QQQ LEAPS
2022-02-11,19115.322485,0.9557661242500001,Deployed QQQ LEAPS
2022-02-14,19146.316091,0.95731580455,Deployed QQQ LEAPS
2022-02-15,20331.677603,1.01658388015,Deployed QQQ LEAPS
2022-02-16,20310.19654,1.015509827,Deployed QQQ LEAPS
2022-02-17,19008.850342,0.9504425171,Deployed QQQ LEAPS
2022-02-18,18443.925199,0.9221962599500001,Deployed QQQ LEAPS
2022-02-22,17994.04052,0.8997020259999999,Deployed QQQ LEAPS
2022-02-23,17066.869952,0.8533434976000001,Deployed QQQ LEAPS
2022-02-24,18786.12388,0.9393061939999999,Deployed QQQ LEAPS
2022-02-25,19584.795962,0.9792397981000001,Deployed QQQ LEAPS
2022-02-28,19697.238206,0.9848619103000001,Deployed QQQ LEAPS
2022-03-01,18939.20564,0.946960282,Deployed QQQ LEAPS
2022-03-02,19726.943781,0.9863471890500001,Deployed QQQ LEAPS
2022-03-03,19002.868326,0.9501434163,Deployed QQQ LEAPS
2022-03-04,18215.629205,0.9107814602500001,Deployed QQQ LEAPS
2022-03-07,16143.678127,0.8071839063499999,Deployed QQQ LEAPS
2022-03-08,15655.303732,0.7827651866,Deployed QQQ LEAPS
2022-03-09,17900.241132,0.8950120565999999,Deployed QQQ LEAPS
2022-03-10,17180.503585,0.8590251792499999,Deployed QQQ LEAPS
2022-03-11,15997.26871,0.7998634355,Deployed QQQ LEAPS
2022-03-14,14909.199798,0.7454599899,Deployed QQQ LEAPS
2022-03-15,16809.597881,0.8404798940500001,Deployed QQQ LEAPS
2022-03-16,19238.585311,0.9619292655499999,Deployed QQQ LEAPS
2022-03-17,19883.902721,0.99419513605,Deployed QQQ LEAPS
2022-03-18,21197.955292,1.0598977645999998,Deployed QQQ LEAPS
2022-03-21,21083.06884,1.054153442,Deployed QQQ LEAPS
2022-03-22,22383.129098,1.1191564549000002,Deployed QQQ LEAPS
2022-03-23,21500.05859,1.0750029295,Deployed QQQ LEAPS
2022-03-24,23058.084031,1.15290420155,Deployed QQQ LEAPS
2022-03-25,23120.694712,1.1560347356,Deployed QQQ LEAPS
2022-03-28,24192.309977,1.20961549885,Deployed QQQ LEAPS
2022-03-29,25327.691518,1.2663845759,Deployed QQQ LEAPS
2022-03-30,24634.796564,1.2317398282,Deployed QQQ LEAPS
2022-03-31,23807.515655,1.1903757827499999,Deployed QQQ LEAPS
2022-04-01,23642.001391,1.1821000695500001,Deployed QQQ LEAPS
2022-04-04,25123.013189,1.25615065945,Deployed QQQ LEAPS
2022-04-05,23645.288473,1.18226442365,Deployed QQQ LEAPS
2022-04-06,22141.438956,1.1070719478000002,Deployed QQQ LEAPS
2022-04-07,22301.601038,1.1150800519,Deployed QQQ LEAPS
2022-04-08,21327.764528,1.0663882264,Deployed QQQ LEAPS
2022-04-11,19717.618227,0.98588091135,Deployed QQQ LEAPS
2022-04-12,19406.441418,0.9703220708999999,Deployed QQQ LEAPS
2022-04-13,20779.587898,1.0389793949000001,Deployed QQQ LEAPS
2022-04-14,19281.146371,0.96405731855,Deployed QQQ LEAPS
2022-04-18,19267.107523,0.9633553761499999,Deployed QQQ LEAPS
2022-04-19,20803.229224,1.0401614611999999,Deployed QQQ LEAPS
2022-04-20,19809.882889,0.9904941444500001,Deployed QQQ LEAPS
2022-04-21,18477.285625,0.92386428125,Deployed QQQ LEAPS
2022-04-22,16919.416419,0.8459708209500001,Deployed QQQ LEAPS
2022-04-25,17660.002286,0.8830001142999999,Deployed QQQ LEAPS
2022-04-26,15881.470455,0.79407352275,Deployed QQQ LEAPS
2022-04-27,15816.417658,0.7908208829,Deployed QQQ LEAPS
2022-04-28,17763.415265,0.88817076325,Deployed QQQ LEAPS
2022-04-29,15647.724816,0.7823862408,Deployed QQQ LEAPS
2022-05-02,16518.292854,0.8259146426999999,Deployed QQQ LEAPS
2022-05-03,16531.633583,0.8265816791499999,Deployed QQQ LEAPS
2022-05-04,18433.506085,0.92167530425,Deployed QQQ LEAPS
2022-05-05,16006.204528,0.8003102264,Deployed QQQ LEAPS
2022-05-06,15390.510912,0.7695255456,Deployed QQQ LEAPS
2022-05-09,13548.638527,0.6774319263499999,Deployed QQQ LEAPS
2022-05-10,14112.102337,0.70560511685,Deployed QQQ LEAPS
2022-05-11,12768.441095,0.63842205475,Deployed QQQ LEAPS
2022-05-12,12647.615912,0.6323807955999999,Deployed QQQ LEAPS
2022-05-13,14376.521327,0.71882606635,Deployed QQQ LEAPS
2022-05-16,13801.448199,0.69007240995,Deployed QQQ LEAPS
2022-05-17,15083.936921,0.75419684605,Deployed QQQ LEAPS
2022-05-18,13021.292035,0.65106460175,Deployed QQQ LEAPS
2022-05-19,12740.328026,0.6370164012999999,Deployed QQQ LEAPS
2022-05-20,12594.577276,0.6297288638,Deployed QQQ LEAPS
2022-05-23,13261.983016,0.6630991508,Deployed QQQ LEAPS
2022-05-24,12381.849772,0.6190924886,Deployed QQQ LEAPS
2022-05-25,12974.064393,0.64870321965,Deployed QQQ LEAPS
2022-05-26,13853.867487,0.69269337435,Deployed QQQ LEAPS
2022-05-27,14719.495926,0.7359747963,Deployed QQQ LEAPS
2022-05-31,14822.775862,0.7411387931,Deployed QQQ LEAPS
2022-06-01,14700.312818,0.7350156409,Deployed QQQ LEAPS
2022-06-02,15325.644368,0.7662822184,Deployed QQQ LEAPS
2022-06-03,14887.717666,0.7443858833,Deployed QQQ LEAPS
2022-06-06,15095.612238,0.7547806119,Deployed QQQ LEAPS
2022-06-07,15351.883457,0.76759417285,Deployed QQQ LEAPS
2022-06-08,15232.8026,0.7616401300000001,Deployed QQQ LEAPS
2022-06-09,14512.167089,0.72560835445,Deployed QQQ LEAPS
2022-06-10,13332.887386,0.6666443693,Deployed QQQ LEAPS
2022-06-13,11720.777016,0.5860388508,Deployed QQQ LEAPS
2022-06-14,11773.122537,0.58865612685,Deployed QQQ LEAPS
2022-06-15,12757.000435,0.63785002175,Deployed QQQ LEAPS
2022-06-16,11351.759196,0.5675879598000001,Deployed QQQ LEAPS
2022-06-17,11781.09925,0.5890549625,Deployed QQQ LEAPS
2022-06-21,12727.739772,0.6363869886000001,Deployed QQQ LEAPS
2022-06-22,12647.493943,0.6323746971499999,Deployed QQQ LEAPS
2022-06-23,13247.615858,0.6623807929,Deployed QQQ LEAPS
2022-06-24,14792.97828,0.739648914,Deployed QQQ LEAPS
2022-06-27,14618.417376,0.7309208688,Deployed QQQ LEAPS
2022-06-28,13645.238623,0.68226193115,Deployed QQQ LEAPS
2022-06-29,13680.358365,0.68401791825,Deployed QQQ LEAPS
2022-06-30,13255.925658,0.6627962829,Deployed QQQ LEAPS
2022-07-01,13494.519472,0.6747259736,Deployed QQQ LEAPS
2022-07-05,14137.792331,0.70688961655,Deployed QQQ LEAPS
2022-07-06,14383.401387,0.7191700693499999,Deployed QQQ LEAPS
2022-07-07,15223.106685,0.76115533425,Deployed QQQ LEAPS
2022-07-08,15284.21098,0.764210549,Deployed QQQ LEAPS
2022-07-11,14510.718738,0.7255359369,Deployed QQQ LEAPS
2022-07-12,14127.220099,0.70636100495,Deployed QQQ LEAPS
2022-07-13,14039.762902,0.7019881451000001,Deployed QQQ LEAPS
2022-07-14,14177.704988,0.7088852494,Deployed QQQ LEAPS
2022-07-15,14943.446034,0.7471723017,Deployed QQQ LEAPS
2022-07-18,14564.768036,0.7282384018,Deployed QQQ LEAPS
2022-07-19,15971.766209,0.79858831045,Deployed QQQ LEAPS
2022-07-20,16706.477782,0.8353238891000001,Deployed QQQ LEAPS
2022-07-21,17401.648517,0.8700824258500001,Deployed QQQ LEAPS
2022-07-22,16576.70022,0.8288350109999999,Deployed QQQ LEAPS
2022-07-25,16245.905559,0.81229527795,Deployed QQQ LEAPS
2022-07-26,15633.255718,0.7816627859,Deployed QQQ LEAPS
2022-07-27,17120.399914,0.8560199957000001,Deployed QQQ LEAPS
2022-07-28,17438.102071,0.8719051035500001,Deployed QQQ LEAPS
2022-07-29,17970.451479,0.89852257395,Deployed QQQ LEAPS
2022-08-01,18086.992126,0.9043496063,Deployed QQQ LEAPS
2022-08-02,18055.862596,0.9027931297999999,Deployed QQQ LEAPS
2022-08-03,18764.483205,0.93822416025,Deployed QQQ LEAPS
2022-08-04,18905.850863,0.94529254315,Deployed QQQ LEAPS
2022-08-05,18815.214883,0.94076074415,Deployed QQQ LEAPS
2022-08-08,18928.26948,0.946413474,Deployed QQQ LEAPS
2022-08-09,18713.222781,0.93566113905,Deployed QQQ LEAPS
2022-08-10,19451.887698,0.9725943848999999,Deployed QQQ LEAPS
2022-08-11,19427.465811,0.9713732905499999,Deployed QQQ LEAPS
2022-08-12,19824.239012,0.9912119505999999,Deployed QQQ LEAPS
2022-08-15,20164.994851,1.0082497425499999,Deployed QQQ LEAPS
2022-08-16,20254.538621,1.01272693105,Deployed QQQ LEAPS
2022-08-17,20252.834171,1.01264170855,Deployed QQQ LEAPS
2022-08-18,20398.275215,1.0199137607500002,Deployed QQQ LEAPS
2022-08-19,20140.168676,1.0070084338,Deployed QQQ LEAPS
2022-08-22,19337.9608,0.96689804,Deployed QQQ LEAPS
2022-08-23,19278.235853,0.9639117926499999,Deployed QQQ LEAPS
2022-08-24,19417.881141,0.9708940570500001,Deployed QQQ LEAPS
2022-08-25,20099.667511,1.00498337555,Deployed QQQ LEAPS
2022-08-26,18672.52012,0.933626006,Deployed QQQ LEAPS
2022-08-29,18301.596709,0.91507983545,Deployed QQQ LEAPS
2022-08-30,17836.021915,0.8918010957500001,Deployed QQQ LEAPS
2022-08-31,17594.215749,0.87971078745,Deployed QQQ LEAPS
2022-09-01,17613.18955,0.8806594775,Deployed QQQ LEAPS
2022-09-02,17018.963039,0.85094815195,Deployed QQQ LEAPS
2022-09-06,16685.059796,0.8342529898000001,Deployed QQQ LEAPS
2022-09-07,17589.308451,0.87946542255,Deployed QQQ LEAPS
2022-09-08,17818.982013,0.89094910065,Deployed QQQ LEAPS
2022-09-09,18852.780531,0.94263902655,Deployed QQQ LEAPS
2022-09-12,19431.911214,0.9715955607,Deployed QQQ LEAPS
2022-09-13,17042.591147,0.85212955735,Deployed QQQ LEAPS
2022-09-14,17388.153167,0.86940765835,Deployed QQQ LEAPS
2022-09-15,16642.736058,0.8321368028999999,Deployed QQQ LEAPS
2022-09-16,16364.842797,0.8182421398499999,Deployed QQQ LEAPS
2022-09-19,16646.118918,0.8323059459,Deployed QQQ LEAPS
2022-09-20,16257.42083,0.8128710415,Deployed QQQ LEAPS
2022-09-21,15516.788514,0.7758394257,Deployed QQQ LEAPS
2022-09-22,15013.165429,0.7506582714500001,Deployed QQQ LEAPS
2022-09-23,14386.613679,0.71933068395,Deployed QQQ LEAPS
2022-09-26,14364.213407,0.71821067035,Deployed QQQ LEAPS
2022-09-27,14392.379806,0.7196189903000001,Deployed QQQ LEAPS
2022-09-28,14829.384,0.7414692,Deployed QQQ LEAPS
2022-09-29,14233.572212,0.7116786105999999,Deployed QQQ LEAPS
2022-09-30,13826.109039,0.69130545195,Deployed QQQ LEAPS
2022-10-03,14513.649736,0.7256824867999999,Deployed QQQ LEAPS
2022-10-04,15335.842009,0.76679210045,Deployed QQQ LEAPS
2022-10-05,15346.403606,0.7673201803,Deployed QQQ LEAPS
2022-10-06,15190.620039,0.75953100195,Deployed QQQ LEAPS
2022-10-07,14233.76563,0.7116882815,Deployed QQQ LEAPS
2022-10-10,13951.659287,0.69758296435,Deployed QQQ LEAPS
2022-10-11,13535.653904,0.6767826952,Deployed QQQ LEAPS
2022-10-12,13518.189448,0.6759094724,Deployed QQQ LEAPS
2022-10-13,14273.792911,0.71368964555,Deployed QQQ LEAPS
2022-10-14,13341.705692,0.6670852845999999,Deployed QQQ LEAPS
2022-10-17,14425.26053,0.7212630265,Deployed QQQ LEAPS
2022-10-18,14681.459799,0.73407298995,Deployed QQQ LEAPS
2022-10-19,14537.793601,0.72688968005,Deployed QQQ LEAPS
2022-10-20,14348.62562,0.7174312810000001,Deployed QQQ LEAPS
2022-10-21,15190.799583,0.75953997915,Deployed QQQ LEAPS
2022-10-24,15556.362759,0.77781813795,Deployed QQQ LEAPS
2022-10-25,16012.043504,0.8006021752,Deployed QQQ LEAPS
2022-10-26,15611.636629,0.78058183145,Deployed QQQ LEAPS
2022-10-27,15223.439998,0.7611719999,Deployed QQQ LEAPS
2022-10-28,15987.540912,0.7993770456,Deployed QQQ LEAPS
2022-10-31,15809.941872,0.7904970936,Deployed QQQ LEAPS
2022-11-01,15580.610884,0.7790305442,Deployed QQQ LEAPS
2022-11-02,14721.06481,0.7360532405,Deployed QQQ LEAPS
2022-11-03,14184.482546,0.7092241273,Deployed QQQ LEAPS
2022-11-04,14640.549517,0.7320274758499999,Deployed QQQ LEAPS
2022-11-07,14975.858337,0.7487929168499999,Deployed QQQ LEAPS
2022-11-08,15201.65075,0.7600825375,Deployed QQQ LEAPS
2022-11-09,14526.764952,0.7263382476,Deployed QQQ LEAPS
2022-11-10,16995.072765,0.84975363825,Deployed QQQ LEAPS
2022-11-11,17542.181074,0.8771090537,Deployed QQQ LEAPS
2022-11-14,17443.125885,0.8721562942500001,Deployed QQQ LEAPS
2022-11-15,17906.296546,0.8953148273000001,Deployed QQQ LEAPS
2022-11-16,17546.117408,0.8773058704,Deployed QQQ LEAPS
2022-11-17,17508.419121,0.8754209560499999,Deployed QQQ LEAPS
2022-11-18,17530.499844,0.8765249922000001,Deployed QQQ LEAPS
2022-11-21,17156.895678,0.8578447839000001,Deployed QQQ LEAPS
2022-11-22,17725.200623,0.8862600311500001,Deployed QQQ LEAPS
2022-11-23,18131.362986,0.9065681493,Deployed QQQ LEAPS
2022-11-25,18018.681177,0.9009340588499999,Deployed QQQ LEAPS
2022-11-28,17674.49711,0.8837248555,Deployed QQQ LEAPS
2022-11-29,17443.224689,0.8721612344499999,Deployed QQQ LEAPS
2022-11-30,18812.344432,0.9406172216,Deployed QQQ LEAPS
2022-12-01,18865.334321,0.9432667160499999,Deployed QQQ LEAPS
2022-12-02,18793.872383,0.93969361915,Deployed QQQ LEAPS
2022-12-05,18399.300655,0.91996503275,Deployed QQQ LEAPS
2022-12-06,17775.385357,0.88876926785,Deployed QQQ LEAPS
2022-12-07,17593.633335,0.8796816667499999,Deployed QQQ LEAPS
2022-12-08,18003.86666,0.9001933329999999,Deployed QQQ LEAPS
2022-12-09,17790.091805,0.88950459025,Deployed QQQ LEAPS
2022-12-12,18256.895294,0.9128447647000001,Deployed QQQ LEAPS
2022-12-13,18651.642058,0.9325821029000001,Deployed QQQ LEAPS
2022-12-14,18389.393825,0.91946969125,Deployed QQQ LEAPS
2022-12-15,17158.31934,0.857915967,Deployed QQQ LEAPS
2022-12-16,16767.620934,0.8383810466999999,Deployed QQQ LEAPS
2022-12-19,16234.843193,0.8117421596500001,Deployed QQQ LEAPS
2022-12-20,16186.64106,0.809332053,Deployed QQQ LEAPS
2022-12-21,16649.290917,0.83246454585,Deployed QQQ LEAPS
2022-12-22,15810.25255,0.7905126275,Deployed QQQ LEAPS
2022-12-23,15862.647405,0.7931323702499999,Deployed QQQ LEAPS
2022-12-27,15704.22877,0.7852114385,Deployed QQQ LEAPS
2022-12-28,15469.682802,0.7734841401,Deployed QQQ LEAPS
2022-12-29,15991.368896,0.7995684448,Deployed QQQ LEAPS
2022-12-30,16005.698749,0.80028493745,Deployed QQQ LEAPS
2023-01-03,15962.571767,0.79812858835,Deployed QQQ LEAPS
2023-01-04,16083.025478,0.8041512739,Deployed QQQ LEAPS
2023-01-05,15749.324704,0.7874662352,Deployed QQQ LEAPS
2023-01-06,16382.959623,0.81914798115,Deployed QQQ LEAPS
2023-01-09,16620.427798,0.8310213899000001,Deployed QQQ LEAPS
2023-01-10,16845.570577,0.8422785288499999,Deployed QQQ LEAPS
2023-01-11,17269.944954,0.8634972476999999,Deployed QQQ LEAPS
2023-01-12,17419.454561,0.8709727280499999,Deployed QQQ LEAPS
2023-01-13,17613.701635,0.88068508175,Deployed QQQ LEAPS
2023-01-17,17920.396586,0.8960198292999999,Deployed QQQ LEAPS
2023-01-18,17641.213963,0.8820606981499999,Deployed QQQ LEAPS
2023-01-19,17332.707168,0.8666353584,Deployed QQQ LEAPS
2023-01-20,18289.537559,0.91447687795,Deployed QQQ LEAPS
2023-01-23,19227.884465,0.96139422325,Deployed QQQ LEAPS
2023-01-24,19170.973004,0.9585486502,Deployed QQQ LEAPS
2023-01-25,19144.060189,0.95720300945,Deployed QQQ LEAPS
2023-01-26,19608.093033,0.98040465165,Deployed QQQ LEAPS
2023-01-27,19858.405316,0.9929202658,Deployed QQQ LEAPS
2023-01-30,19514.491853,0.97572459265,Deployed QQQ LEAPS
2023-01-31,19867.103792,0.9933551896000001,Deployed QQQ LEAPS
2023-02-01,20334.242256,1.0167121128,Deployed QQQ LEAPS
2023-02-02,20989.575295,1.04947876475,Deployed QQQ LEAPS
2023-02-03,20825.400493,1.04127002465,Deployed QQQ LEAPS
2023-02-06,20767.608353,1.03838041765,Deployed QQQ LEAPS
2023-02-07,21195.537832,1.0597768916,Deployed QQQ LEAPS
2023-02-08,20970.867253,1.04854336265,Deployed QQQ LEAPS
2023-02-09,20834.726771,1.04173633855,Deployed QQQ LEAPS
2023-02-10,20703.965048,1.0351982523999999,Deployed QQQ LEAPS
2023-02-13,21291.697801,1.06458489005,Deployed QQQ LEAPS
2023-02-14,21494.156461,1.07470782305,Deployed QQQ LEAPS
2023-02-15,21758.640175,1.08793200875,Deployed QQQ LEAPS
2023-02-16,21346.681197,1.06733405985,Deployed QQQ LEAPS
2023-02-17,21186.839796,1.0593419898,Deployed QQQ LEAPS
2023-02-21,20262.11348,1.013105674,Deployed QQQ LEAPS
2023-02-22,20265.626735,1.01328133675,Deployed QQQ LEAPS
2023-02-23,20499.960391,1.02499801955,Deployed QQQ LEAPS
2023-02-24,20090.606388,1.0045303194,Deployed QQQ LEAPS
2023-02-27,20294.228968,1.0147114484,Deployed QQQ LEAPS
2023-02-28,20271.534107,1.01357670535,Deployed QQQ LEAPS
2023-03-01,20073.465631,1.00367328155,Deployed QQQ LEAPS
2023-03-02,20320.275732,1.0160137865999999,Deployed QQQ LEAPS
2023-03-03,20908.714566,1.0454357283,Deployed QQQ LEAPS
2023-03-06,21037.014887,1.05185074435,Deployed QQQ LEAPS
2023-03-07,20714.18314,1.035709157,Deployed QQQ LEAPS
2023-03-08,20818.157219,1.04090786095,Deployed QQQ LEAPS
2023-03-09,20312.259676,1.0156129838,Deployed QQQ LEAPS
2023-03-10,19793.522725,0.98967613625,Deployed QQQ LEAPS
2023-03-13,20068.330021,1.00341650105,Deployed QQQ LEAPS
2023-03-14,20895.897161,1.04479485805,Deployed QQQ LEAPS
2023-03-15,21086.535955,1.05432679775,Deployed QQQ LEAPS
2023-03-16,21998.122851,1.09990614255,Deployed QQQ LEAPS
2023-03-17,21816.896469,1.09084482345,Deployed QQQ LEAPS
2023-03-20,22086.524174,1.1043262086999999,Deployed QQQ LEAPS
2023-03-21,22691.197768,1.1345598884,Deployed QQQ LEAPS
2023-03-22,22169.528729,1.1084764364500002,Deployed QQQ LEAPS
2023-03-23,22713.744569,1.13568722845,Deployed QQQ LEAPS
2023-03-24,22870.353425,1.1435176712500001,Deployed QQQ LEAPS
2023-03-27,22689.621541,1.13448107705,Deployed QQQ LEAPS
2023-03-28,22529.84232,1.1264921159999999,Deployed QQQ LEAPS
2023-03-29,23165.577708,1.1582788854000001,Deployed QQQ LEAPS
2023-03-30,23490.362046,1.1745181023,Deployed QQQ LEAPS
2023-03-31,24048.316428,1.2024158213999998,Deployed QQQ LEAPS
2023-04-03,24085.853218,1.2042926609,Deployed QQQ LEAPS
2023-04-04,24015.261162,1.2007630581,Deployed QQQ LEAPS
2023-04-05,23689.480421,1.18447402105,Deployed QQQ LEAPS
2023-04-06,23938.489763,1.19692448815,Deployed QQQ LEAPS
2023-04-10,24035.828446,1.2017914223,Deployed QQQ LEAPS
2023-04-11,23813.731907,1.19068659535,Deployed QQQ LEAPS
2023-04-12,23460.983761,1.17304918805,Deployed QQQ LEAPS
2023-04-13,24292.331789,1.21461658945,Deployed QQQ LEAPS
2023-04-14,24247.674713,1.21238373565,Deployed QQQ LEAPS
2023-04-17,24347.79315,1.2173896575,Deployed QQQ LEAPS
2023-04-18,24338.404568,1.2169202284,Deployed QQQ LEAPS
2023-04-19,24327.40549,1.2163702745,Deployed QQQ LEAPS
2023-04-20,23907.664959,1.1953832479500002,Deployed QQQ LEAPS
2023-04-21,23931.550178,1.1965775089000001,Deployed QQQ LEAPS
2023-04-24,23726.808077,1.18634040385,Deployed QQQ LEAPS
2023-04-25,23077.933704,1.1538966851999999,Deployed QQQ LEAPS
2023-04-26,23298.329226,1.1649164613,Deployed QQQ LEAPS
2023-04-27,24196.642096,1.2098321048,Deployed QQQ LEAPS
2023-04-28,24452.172876,1.2226086438000001,Deployed QQQ LEAPS
2023-05-01,24447.042859,1.22235214295,Deployed QQQ LEAPS
2023-05-02,24061.038133,1.2030519066499998,Deployed QQQ LEAPS
2023-05-03,23830.614234,1.1915307117,Deployed QQQ LEAPS
2023-05-04,23717.382823,1.18586914115,Deployed QQQ LEAPS
2023-05-05,24496.33049,1.2248165245,Deployed QQQ LEAPS
2023-05-08,24538.955484,1.2269477742,Deployed QQQ LEAPS
2023-05-09,24312.257708,1.2156128854000001,Deployed QQQ LEAPS
2023-05-10,24689.339688,1.2344669844,Deployed QQQ LEAPS
2023-05-11,24847.545297,1.24237726485,Deployed QQQ LEAPS
2023-05-12,24683.624029,1.23418120145,Deployed QQQ LEAPS
2023-05-15,25021.899183,1.25109495915,Deployed QQQ LEAPS
2023-05-16,25030.28173,1.2515140864999998,Deployed QQQ LEAPS
2023-05-17,25613.033444,1.2806516722,Deployed QQQ LEAPS
2023-05-18,26422.202361,1.32111011805,Deployed QQQ LEAPS
2023-05-19,26267.556408,1.3133778204,Deployed QQQ LEAPS
2023-05-22,26703.047641,1.33515238205,Deployed QQQ LEAPS
2023-05-23,26253.94492,1.3126972460000002,Deployed QQQ LEAPS
2023-05-24,26022.179816,1.3011089908,Deployed QQQ LEAPS
2023-05-25,26719.856557,1.33599282785,Deployed QQQ LEAPS
2023-05-26,27407.458344,1.3703729171999999,Deployed QQQ LEAPS
2023-05-30,27494.199627,1.37470998135,Deployed QQQ LEAPS
2023-05-31,27432.927415,1.37164637075,Deployed QQQ LEAPS
2023-06-01,27567.614808,1.3783807404,Deployed QQQ LEAPS
2023-06-02,27654.684504,1.3827342252000001,Deployed QQQ LEAPS
2023-06-05,27654.684504,1.3827342252000001,Deployed QQQ LEAPS
2023-06-06,27654.684504,1.3827342252000001,Deployed QQQ LEAPS
2023-06-07,27654.684504,1.3827342252000001,Deployed QQQ LEAPS
2023-06-08,27654.684504,1.3827342252000001,Deployed QQQ LEAPS
2023-06-09,27654.684504,1.3827342252000001,Deployed QQQ LEAPS
2023-06-12,27654.684504,1.3827342252000001,Deployed QQQ LEAPS
2023-06-13,27654.684504,1.3827342252000001,Deployed QQQ LEAPS
2023-06-14,27654.684504,1.3827342252000001,Deployed QQQ LEAPS
2023-06-15,27654.684504,1.3827342252000001,Deployed QQQ LEAPS
2023-06-16,27654.684504,1.3827342252000001,Deployed QQQ LEAPS
2023-06-20,27654.684504,1.3827342252000001,Deployed QQQ LEAPS
2023-06-21,27654.684504,1.3827342252000001,Deployed QQQ LEAPS
2023-06-22,27654.684504,1.3827342252000001,Deployed QQQ LEAPS
2023-06-23,27654.684504,1.3827342252000001,Deployed QQQ LEAPS
2023-06-26,27654.684504,1.3827342252000001,Deployed QQQ LEAPS
2023-06-27,27654.684504,1.3827342252000001,Deployed QQQ LEAPS
2023-06-28,27654.684504,1.3827342252000001,Deployed QQQ LEAPS
2023-06-29,27654.684504,1.3827342252000001,Deployed QQQ LEAPS
2023-06-30,27654.684504,1.3827342252000001,Deployed QQQ LEAPS
2023-07-03,27654.684504,1.3827342252000001,Deployed QQQ LEAPS
2023-07-05,27654.684504,1.3827342252000001,Deployed QQQ LEAPS
2023-07-06,27654.684504,1.3827342252000001,Deployed QQQ LEAPS
2023-07-07,27654.684504,1.3827342252000001,Deployed QQQ LEAPS
2023-07-10,27654.684504,1.3827342252000001,Deployed QQQ LEAPS
2023-07-11,27654.684504,1.3827342252000001,Deployed QQQ LEAPS
2023-07-12,27654.684504,1.3827342252000001,Deployed QQQ LEAPS
2023-07-13,27654.684504,1.3827342252000001,Deployed QQQ LEAPS
2023-07-14,27654.684504,1.3827342252000001,Deployed QQQ LEAPS
2023-07-17,27654.684504,1.3827342252000001,Deployed QQQ LEAPS
2023-07-18,27654.684504,1.3827342252000001,Deployed QQQ LEAPS
2023-07-19,27654.684504,1.3827342252000001,Deployed QQQ LEAPS
2023-07-20,27654.684504,1.3827342252000001,Deployed QQQ LEAPS
2023-07-21,27654.684504,1.3827342252000001,Deployed QQQ LEAPS
2023-07-24,27654.684504,1.3827342252000001,Deployed QQQ LEAPS
2023-07-25,27654.684504,1.3827342252000001,Deployed QQQ LEAPS
2023-07-26,27654.684504,1.3827342252000001,Deployed QQQ LEAPS
2023-07-27,27654.684504,1.3827342252000001,Deployed QQQ LEAPS
2023-07-28,27654.684504,1.3827342252000001,Deployed QQQ LEAPS
2023-07-31,27654.684504,1.3827342252000001,Deployed QQQ LEAPS
2023-08-01,27654.684504,1.3827342252000001,Deployed QQQ LEAPS
2023-08-02,27654.684504,1.3827342252000001,Deployed QQQ LEAPS
2023-08-03,27654.684504,1.3827342252000001,Deployed QQQ LEAPS
2023-08-04,27654.684504,1.3827342252000001,Deployed QQQ LEAPS
2023-08-07,27654.684504,1.3827342252000001,Deployed QQQ LEAPS
2023-08-08,27654.684504,1.3827342252000001,Deployed QQQ LEAPS
2023-08-09,27654.684504,1.3827342252000001,Deployed QQQ LEAPS
2023-08-10,27654.684504,1.3827342252000001,Deployed QQQ LEAPS
2023-08-11,27654.684504,1.3827342252000001,Deployed QQQ LEAPS
2023-08-14,27654.684504,1.3827342252000001,Deployed QQQ LEAPS
2023-08-15,27654.684504,1.3827342252000001,Deployed QQQ LEAPS
2023-08-16,27654.684504,1.3827342252000001,Deployed QQQ LEAPS
2023-08-17,27654.684504,1.3827342252000001,Deployed QQQ LEAPS
2023-08-18,27654.684504,1.3827342252000001,Deployed QQQ LEAPS
2023-08-21,27654.684504,1.3827342252000001,Deployed QQQ LEAPS
2023-08-22,27654.684504,1.3827342252000001,Deployed QQQ LEAPS
2023-08-23,27654.684504,1.3827342252000001,Deployed QQQ LEAPS
2023-08-24,27654.684504,1.3827342252000001,Deployed QQQ LEAPS
2023-08-25,27654.684504,1.3827342252000001,Deployed QQQ LEAPS
2023-08-28,27654.684504,1.3827342252000001,Deployed QQQ LEAPS
2023-08-29,27654.684504,1.3827342252000001,Deployed QQQ LEAPS
2023-08-30,27654.684504,1.3827342252000001,Deployed QQQ LEAPS
2023-08-31,27654.684504,1.3827342252000001,Deployed QQQ LEAPS
2023-09-01,27654.684504,1.3827342252000001,Deployed QQQ LEAPS
2023-09-05,27654.684504,1.3827342252000001,Deployed QQQ LEAPS
2023-09-06,27654.684504,1.3827342252000001,Deployed QQQ LEAPS
2023-09-07,27654.684504,1.3827342252000001,Deployed QQQ LEAPS
2023-09-08,27654.684504,1.3827342252000001,Deployed QQQ LEAPS
2023-09-11,27654.684504,1.3827342252000001,Deployed QQQ LEAPS
2023-09-12,27654.684504,1.3827342252000001,Deployed QQQ LEAPS
2023-09-13,27654.684504,1.3827342252000001,Deployed QQQ LEAPS
2023-09-14,27654.684504,1.3827342252000001,Deployed QQQ LEAPS
2023-09-15,27654.684504,1.3827342252000001,Deployed QQQ LEAPS
2023-09-18,27654.684504,1.3827342252000001,Deployed QQQ LEAPS
2023-09-19,27654.684504,1.3827342252000001,Deployed QQQ LEAPS
2023-09-20,27654.684504,1.3827342252000001,Deployed QQQ LEAPS
2023-09-21,27654.684504,1.3827342252000001,Deployed QQQ LEAPS
2023-09-22,27654.684504,1.3827342252000001,Deployed QQQ LEAPS
2023-09-25,27654.684504,1.3827342252000001,Deployed QQQ LEAPS
2023-09-26,27654.684504,1.3827342252000001,Deployed QQQ LEAPS
2023-09-27,27654.684504,1.3827342252000001,Deployed QQQ LEAPS
2023-09-28,27654.684504,1.3827342252000001,Deployed QQQ LEAPS
2023-09-29,27654.684504,1.3827342252000001,Deployed QQQ LEAPS
2023-10-02,27654.684504,1.3827342252000001,Deployed QQQ LEAPS
2023-10-03,27654.684504,1.3827342252000001,Deployed QQQ LEAPS
2023-10-04,27654.684504,1.3827342252000001,Deployed QQQ LEAPS
2023-10-05,27654.684504,1.3827342252000001,Deployed QQQ LEAPS
2023-10-06,27654.684504,1.3827342252000001,Deployed QQQ LEAPS
2023-10-09,27654.684504,1.3827342252000001,Deployed QQQ LEAPS
2023-10-10,27654.684504,1.3827342252000001,Deployed QQQ LEAPS
2023-10-11,27654.684504,1.3827342252000001,Deployed QQQ LEAPS
2023-10-12,27654.684504,1.3827342252000001,Deployed QQQ LEAPS
2023-10-13,27654.684504,1.3827342252000001,Deployed QQQ LEAPS
2023-10-16,27654.684504,1.3827342252000001,Deployed QQQ LEAPS
2023-10-17,27654.684504,1.3827342252000001,Deployed QQQ LEAPS
2023-10-18,27654.684504,1.3827342252000001,Deployed QQQ LEAPS
2023-10-19,27654.684504,1.3827342252000001,Deployed QQQ LEAPS
2023-10-20,27654.684504,1.3827342252000001,Deployed QQQ LEAPS
2023-10-23,27654.684504,1.3827342252000001,Deployed QQQ LEAPS
2023-10-24,27654.684504,1.3827342252000001,Deployed QQQ LEAPS
2023-10-25,27654.684504,1.3827342252000001,Deployed QQQ LEAPS
2023-10-26,27654.684504,1.3827342252000001,Deployed QQQ LEAPS
2023-10-27,27654.684504,1.3827342252000001,Deployed QQQ LEAPS
2023-10-30,27654.684504,1.3827342252000001,Deployed QQQ LEAPS
2023-10-31,27654.684504,1.3827342252000001,Deployed QQQ LEAPS
2023-11-01,27654.684504,1.3827342252000001,Deployed QQQ LEAPS
2023-11-02,27654.684504,1.3827342252000001,Deployed QQQ LEAPS
2023-11-03,27654.684504,1.3827342252000001,Deployed QQQ LEAPS
2023-11-06,27654.684504,1.3827342252000001,Deployed QQQ LEAPS
2023-11-07,27654.684504,1.3827342252000001,Deployed QQQ LEAPS
2023-11-08,27654.684504,1.3827342252000001,Deployed QQQ LEAPS
2023-11-09,27654.684504,1.3827342252000001,Deployed QQQ LEAPS
2023-11-10,27654.684504,1.3827342252000001,Deployed QQQ LEAPS
2023-11-13,27654.684504,1.3827342252000001,Deployed QQQ LEAPS
2023-11-14,27654.684504,1.3827342252000001,Deployed QQQ LEAPS
2023-11-15,27654.684504,1.3827342252000001,Deployed QQQ LEAPS
2023-11-16,27654.684504,1.3827342252000001,Deployed QQQ LEAPS
2023-11-17,27654.684504,1.3827342252000001,Deployed QQQ LEAPS
2023-11-20,27654.684504,1.3827342252000001,Deployed QQQ LEAPS
2023-11-21,27654.684504,1.3827342252000001,Deployed QQQ LEAPS
2023-11-22,27654.684504,1.3827342252000001,Deployed QQQ LEAPS
2023-11-24,27654.684504,1.3827342252000001,Deployed QQQ LEAPS
2023-11-27,27654.684504,1.3827342252000001,Deployed QQQ LEAPS
2023-11-28,27654.684504,1.3827342252000001,Deployed QQQ LEAPS
2023-11-29,27654.684504,1.3827342252000001,Deployed QQQ LEAPS
2023-11-30,27654.684504,1.3827342252000001,Deployed QQQ LEAPS
2023-12-01,27654.684504,1.3827342252000001,Deployed QQQ LEAPS
2023-12-04,27654.684504,1.3827342252000001,Deployed QQQ LEAPS
2023-12-05,27654.684504,1.3827342252000001,Deployed QQQ LEAPS
2023-12-06,27654.684504,1.3827342252000001,Deployed QQQ LEAPS
2023-12-07,27654.684504,1.3827342252000001,Deployed QQQ LEAPS
2023-12-08,27654.684504,1.3827342252000001,Deployed QQQ LEAPS
2023-12-11,27654.684504,1.3827342252000001,Deployed QQQ LEAPS
2023-12-12,27654.684504,1.3827342252000001,Deployed QQQ LEAPS
2023-12-13,27654.684504,1.3827342252000001,Deployed QQQ LEAPS
2023-12-14,27654.684504,1.3827342252000001,Deployed QQQ LEAPS
2023-12-15,27654.684504,1.3827342252000001,Deployed QQQ LEAPS
2023-12-18,27654.684504,1.3827342252000001,Deployed QQQ LEAPS
2023-12-19,27654.684504,1.3827342252000001,Deployed QQQ LEAPS
2023-12-20,27654.684504,1.3827342252000001,Deployed QQQ LEAPS
2023-12-21,27654.684504,1.3827342252000001,Deployed QQQ LEAPS
2023-12-22,27654.684504,1.3827342252000001,Deployed QQQ LEAPS
2023-12-26,27654.684504,1.3827342252000001,Deployed QQQ LEAPS
2023-12-27,27654.684504,1.3827342252000001,Deployed QQQ LEAPS
2023-12-28,27654.684504,1.3827342252000001,Deployed QQQ LEAPS
2023-12-29,27654.684504,1.3827342252000001,Deployed QQQ LEAPS
2024-01-02,27654.684504,1.3827342252000001,Deployed QQQ LEAPS
2024-01-03,27654.684504,1.3827342252000001,Deployed QQQ LEAPS
2024-01-04,27654.684504,1.3827342252000001,Deployed QQQ LEAPS
2024-01-05,27654.684504,1.3827342252000001,Deployed QQQ LEAPS
2024-01-08,27654.684504,1.3827342252000001,Deployed QQQ LEAPS
2024-01-09,27654.684504,1.3827342252000001,Deployed QQQ LEAPS
2024-01-10,27654.684504,1.3827342252000001,Deployed QQQ LEAPS
2024-01-11,27654.684504,1.3827342252000001,Deployed QQQ LEAPS
2024-01-12,27654.684504,1.3827342252000001,Deployed QQQ LEAPS
2024-01-16,27654.684504,1.3827342252000001,Deployed QQQ LEAPS
2024-01-17,27654.684504,1.3827342252000001,Deployed QQQ LEAPS
2024-01-18,27654.684504,1.3827342252000001,Deployed QQQ LEAPS
2024-01-19,27654.684504,1.3827342252000001,Deployed QQQ LEAPS
2024-01-22,27654.684504,1.3827342252000001,Deployed QQQ LEAPS
2024-01-23,27654.684504,1.3827342252000001,Deployed QQQ LEAPS
2024-01-24,27654.684504,1.3827342252000001,Deployed QQQ LEAPS
2024-01-25,27654.684504,1.3827342252000001,Deployed QQQ LEAPS
2024-01-26,27654.684504,1.3827342252000001,Deployed QQQ LEAPS
2024-01-29,27654.684504,1.3827342252000001,Deployed QQQ LEAPS
2024-01-30,27654.684504,1.3827342252000001,Deployed QQQ LEAPS
2024-01-31,27654.684504,1.3827342252000001,Deployed QQQ LEAPS
2024-02-01,27654.684504,1.3827342252000001,Deployed QQQ LEAPS
2024-02-02,27654.684504,1.3827342252000001,Deployed QQQ LEAPS
2024-02-05,27654.684504,1.3827342252000001,Deployed QQQ LEAPS
2024-02-06,27654.684504,1.3827342252000001,Deployed QQQ LEAPS
2024-02-07,27654.684504,1.3827342252000001,Deployed QQQ LEAPS
2024-02-08,27654.684504,1.3827342252000001,Deployed QQQ LEAPS
2024-02-09,27654.684504,1.3827342252000001,Deployed QQQ LEAPS
2024-02-12,27654.684504,1.3827342252000001,Deployed QQQ LEAPS
2024-02-13,27654.684504,1.3827342252000001,Deployed QQQ LEAPS
2024-02-14,27654.684504,1.3827342252000001,Deployed QQQ LEAPS
2024-02-15,27654.684504,1.3827342252000001,Deployed QQQ LEAPS
2024-02-16,27654.684504,1.3827342252000001,Deployed QQQ LEAPS
2024-02-20,27654.684504,1.3827342252000001,Deployed QQQ LEAPS
2024-02-21,27654.684504,1.3827342252000001,Deployed QQQ LEAPS
2024-02-22,27654.684504,1.3827342252000001,Deployed QQQ LEAPS
2024-02-23,27654.684504,1.3827342252000001,Deployed QQQ LEAPS
2024-02-26,27654.684504,1.3827342252000001,Deployed QQQ LEAPS
2024-02-27,27654.684504,1.3827342252000001,Deployed QQQ LEAPS
2024-02-28,27654.684504,1.3827342252000001,Deployed QQQ LEAPS
2024-02-29,27654.684504,1.3827342252000001,Deployed QQQ LEAPS
2024-03-01,27654.684504,1.3827342252000001,Deployed QQQ LEAPS
2024-03-04,27654.684504,1.3827342252000001,Deployed QQQ LEAPS
2024-03-05,27654.684504,1.3827342252000001,Deployed QQQ LEAPS
2024-03-06,27654.684504,1.3827342252000001,Deployed QQQ LEAPS
2024-03-07,27654.684504,1.3827342252000001,Deployed QQQ LEAPS
2024-03-08,27654.684504,1.3827342252000001,Deployed QQQ LEAPS
2024-03-11,27654.684504,1.3827342252000001,Deployed QQQ LEAPS
2024-03-12,27654.684504,1.3827342252000001,Deployed QQQ LEAPS
2024-03-13,27654.684504,1.3827342252000001,Deployed QQQ LEAPS
2024-03-14,27654.684504,1.3827342252000001,Deployed QQQ LEAPS
2024-03-15,27654.684504,1.3827342252000001,Deployed QQQ LEAPS
2024-03-18,27654.684504,1.3827342252000001,Deployed QQQ LEAPS
2024-03-19,27654.684504,1.3827342252000001,Deployed QQQ LEAPS
2024-03-20,27654.684504,1.3827342252000001,Deployed QQQ LEAPS
2024-03-21,27654.684504,1.3827342252000001,Deployed QQQ LEAPS
2024-03-22,27654.684504,1.3827342252000001,Deployed QQQ LEAPS
2024-03-25,27654.684504,1.3827342252000001,Deployed QQQ LEAPS
2024-03-26,27654.684504,1.3827342252000001,Deployed QQQ LEAPS
2024-03-27,27654.684504,1.3827342252000001,Deployed QQQ LEAPS
2024-03-28,27654.684504,1.3827342252000001,Deployed QQQ LEAPS
2024-04-01,27654.684504,1.3827342252000001,Deployed QQQ LEAPS
2024-04-02,27654.684504,1.3827342252000001,Deployed QQQ LEAPS
2024-04-03,27654.684504,1.3827342252000001,Deployed QQQ LEAPS
2024-04-04,27654.684504,1.3827342252000001,Deployed QQQ LEAPS
2024-04-05,27654.684504,1.3827342252000001,Deployed QQQ LEAPS
2024-04-08,27654.684504,1.3827342252000001,Deployed QQQ LEAPS
2024-04-09,27654.684504,1.3827342252000001,Deployed QQQ LEAPS
2024-04-10,27654.684504,1.3827342252000001,Deployed QQQ LEAPS
2024-04-11,27654.684504,1.3827342252000001,Deployed QQQ LEAPS
2024-04-12,27654.684504,1.3827342252000001,Deployed QQQ LEAPS
2024-04-15,27654.684504,1.3827342252000001,Deployed QQQ LEAPS
2024-04-16,27654.684504,1.3827342252000001,Deployed QQQ LEAPS
2024-04-17,27654.684504,1.3827342252000001,Deployed QQQ LEAPS
2024-04-18,27654.684504,1.3827342252000001,Deployed QQQ LEAPS
2024-04-19,27654.684504,1.3827342252000001,Deployed QQQ LEAPS
2024-04-22,27654.684504,1.3827342252000001,Deployed QQQ LEAPS
2024-04-23,27654.684504,1.3827342252000001,Deployed QQQ LEAPS
2024-04-24,27654.684504,1.3827342252000001,Deployed QQQ LEAPS
2024-04-25,27654.684504,1.3827342252000001,Deployed QQQ LEAPS
2024-04-26,27654.684504,1.3827342252000001,Deployed QQQ LEAPS
2024-04-29,27654.684504,1.3827342252000001,Deployed QQQ LEAPS
2024-04-30,27654.684504,1.3827342252000001,Deployed QQQ LEAPS
2024-05-01,27654.684504,1.3827342252000001,Deployed QQQ LEAPS
2024-05-02,27654.684504,1.3827342252000001,Deployed QQQ LEAPS
2024-05-03,27654.684504,1.3827342252000001,Deployed QQQ LEAPS
2024-05-06,27654.684504,1.3827342252000001,Deployed QQQ LEAPS
2024-05-07,27654.684504,1.3827342252000001,Deployed QQQ LEAPS
2024-05-08,27654.684504,1.3827342252000001,Deployed QQQ LEAPS
2024-05-09,27654.684504,1.3827342252000001,Deployed QQQ LEAPS
2024-05-10,27654.684504,1.3827342252000001,Deployed QQQ LEAPS
2024-05-13,27654.684504,1.3827342252000001,Deployed QQQ LEAPS
2024-05-14,27654.684504,1.3827342252000001,Deployed QQQ LEAPS
2024-05-15,27654.684504,1.3827342252000001,Deployed QQQ LEAPS
2024-05-16,27654.684504,1.3827342252000001,Deployed QQQ LEAPS
2024-05-17,27654.684504,1.3827342252000001,Deployed QQQ LEAPS
2024-05-20,27654.684504,1.3827342252000001,Deployed QQQ LEAPS
2024-05-21,27654.684504,1.3827342252000001,Deployed QQQ LEAPS
2024-05-22,27654.684504,1.3827342252000001,Deployed QQQ LEAPS
2024-05-23,27654.684504,1.3827342252000001,Deployed QQQ LEAPS
2024-05-24,27654.684504,1.3827342252000001,Deployed QQQ LEAPS
2024-05-28,27654.684504,1.3827342252000001,Deployed QQQ LEAPS
2024-05-29,27654.684504,1.3827342252000001,Deployed QQQ LEAPS
2024-05-30,27654.684504,1.3827342252000001,Deployed QQQ LEAPS
2024-05-31,27654.684504,1.3827342252000001,Deployed QQQ LEAPS
2024-06-03,27654.684504,1.3827342252000001,Deployed QQQ LEAPS
2024-06-04,27654.684504,1.3827342252000001,Deployed QQQ LEAPS
2024-06-05,27654.684504,1.3827342252000001,Deployed QQQ LEAPS
2024-06-06,27654.684504,1.3827342252000001,Deployed QQQ LEAPS
2024-06-07,27654.684504,1.3827342252000001,Deployed QQQ LEAPS
2024-06-10,27654.684504,1.3827342252000001,Deployed QQQ LEAPS
2024-06-11,27654.684504,1.3827342252000001,Deployed QQQ LEAPS
2024-06-12,27654.684504,1.3827342252000001,Deployed QQQ LEAPS
2024-06-13,27654.684504,1.3827342252000001,Deployed QQQ LEAPS
2024-06-14,27654.684504,1.3827342252000001,Deployed QQQ LEAPS
2024-06-17,27654.684504,1.3827342252000001,Deployed QQQ LEAPS
2024-06-18,27654.684504,1.3827342252000001,Deployed QQQ LEAPS
2024-06-20,27654.684504,1.3827342252000001,Deployed QQQ LEAPS
2024-06-21,27654.684504,1.3827342252000001,Deployed QQQ LEAPS
2024-06-24,27654.684504,1.3827342252000001,Deployed QQQ LEAPS
2024-06-25,27654.684504,1.3827342252000001,Deployed QQQ LEAPS
2024-06-26,27654.684504,1.3827342252000001,Deployed QQQ LEAPS
2024-06-27,27654.684504,1.3827342252000001,Deployed QQQ LEAPS
2024-06-28,27654.684504,1.3827342252000001,Deployed QQQ LEAPS
2024-07-01,27654.684504,1.3827342252000001,Deployed QQQ LEAPS
2024-07-02,27654.684504,1.3827342252000001,Deployed QQQ LEAPS
2024-07-03,27654.684504,1.3827342252000001,Deployed QQQ LEAPS
2024-07-05,27654.684504,1.3827342252000001,Deployed QQQ LEAPS
2024-07-08,27654.684504,1.3827342252000001,Deployed QQQ LEAPS
2024-07-09,27654.684504,1.3827342252000001,Deployed QQQ LEAPS
2024-07-10,27654.684504,1.3827342252000001,Deployed QQQ LEAPS
2024-07-11,27654.684504,1.3827342252000001,Deployed QQQ LEAPS
2024-07-12,27654.684504,1.3827342252000001,Deployed QQQ LEAPS
2024-07-15,27654.684504,1.3827342252000001,Deployed QQQ LEAPS
2024-07-16,27654.684504,1.3827342252000001,Deployed QQQ LEAPS
2024-07-17,27654.684504,1.3827342252000001,Deployed QQQ LEAPS
2024-07-18,27654.684504,1.3827342252000001,Deployed QQQ LEAPS
2024-07-19,27654.684504,1.3827342252000001,Deployed QQQ LEAPS
2024-07-22,27654.684504,1.3827342252000001,Deployed QQQ LEAPS
2024-07-23,27654.684504,1.3827342252000001,Deployed QQQ LEAPS
2024-07-24,27654.684504,1.3827342252000001,Deployed QQQ LEAPS
2024-07-25,27654.684504,1.3827342252000001,Deployed QQQ LEAPS
2024-07-26,27654.684504,1.3827342252000001,Deployed QQQ LEAPS
2024-07-29,27654.684504,1.3827342252000001,Deployed QQQ LEAPS
2024-07-30,27654.684504,1.3827342252000001,Deployed QQQ LEAPS
2024-07-31,27654.684504,1.3827342252000001,Deployed QQQ LEAPS
2024-08-01,27654.684504,1.3827342252000001,Deployed QQQ LEAPS
2024-08-02,27654.684504,1.3827342252000001,Deployed QQQ LEAPS
2024-08-05,27654.684504,1.3827342252000001,Deployed QQQ LEAPS
2024-08-06,27921.774783,1.39608873915,Deployed QQQ LEAPS
2024-08-07,27326.879339,1.36634396695,Deployed QQQ LEAPS
2024-08-08,29101.1576,1.45505788,Deployed QQQ LEAPS
2024-08-09,29375.348361,1.46876741805,Deployed QQQ LEAPS
2024-08-12,29525.491203,1.47627456015,Deployed QQQ LEAPS
2024-08-13,30861.678999,1.54308394995,Deployed QQQ LEAPS
2024-08-14,30890.106412,1.5445053206000001,Deployed QQQ LEAPS
2024-08-15,32010.253676,1.6005126838000001,Deployed QQQ LEAPS
2024-08-16,32078.545648,1.6039272824,Deployed QQQ LEAPS
2024-08-19,32600.692578,1.6300346288999998,Deployed QQQ LEAPS
2024-08-20,32590.242467,1.62951212335,Deployed QQQ LEAPS
2024-08-21,32736.978745,1.63684893725,Deployed QQQ LEAPS
2024-08-22,32326.587724,1.6163293862,Deployed QQQ LEAPS
2024-08-23,32717.867562,1.6358933781,Deployed QQQ LEAPS
2024-08-26,32511.658029,1.6255829014499998,Deployed QQQ LEAPS
2024-08-27,32677.319614,1.6338659807,Deployed QQQ LEAPS
2024-08-28,32262.79442,1.613139721,Deployed QQQ LEAPS
2024-08-29,32191.008626,1.6095504313,Deployed QQQ LEAPS
2024-08-30,32814.509346,1.6407254673,Deployed QQQ LEAPS
2024-09-03,31274.419299,1.5637209649500001,Deployed QQQ LEAPS
2024-09-04,31086.189396,1.5543094698000002,Deployed QQQ LEAPS
2024-09-05,31143.694224,1.5571847112,Deployed QQQ LEAPS
2024-09-06,29522.995176,1.4761497588,Deployed QQQ LEAPS
2024-09-09,30326.688725,1.51633443625,Deployed QQQ LEAPS
2024-09-10,30922.734785,1.54613673925,Deployed QQQ LEAPS
2024-09-11,32343.370305,1.61716851525,Deployed QQQ LEAPS
2024-09-12,32963.548465,1.64817742325,Deployed QQQ LEAPS
2024-09-13,33256.906498,1.6628453249,Deployed QQQ LEAPS
2024-09-16,33005.695705,1.65028478525,Deployed QQQ LEAPS
2024-09-17,33010.289649,1.65051448245,Deployed QQQ LEAPS
2024-09-18,32732.748067,1.63663740335,Deployed QQQ LEAPS
2024-09-19,34433.776152,1.7216888075999999,Deployed QQQ LEAPS
2024-09-20,34310.917875,1.7155458937499999,Deployed QQQ LEAPS
2024-09-23,34503.474364,1.7251737182,Deployed QQQ LEAPS
2024-09-24,34843.423852,1.7421711926,Deployed QQQ LEAPS
2024-09-25,34929.062638,1.7464531319,Deployed QQQ LEAPS
2024-09-26,35420.843264,1.7710421632000002,Deployed QQQ LEAPS
2024-09-27,35089.663645,1.75448318225,Deployed QQQ LEAPS
2024-09-30,35349.316017,1.76746580085,Deployed QQQ LEAPS
2024-10-01,34337.102622,1.7168551311,Deployed QQQ LEAPS
2024-10-02,34432.614365,1.7216307182500001,Deployed QQQ LEAPS
2024-10-03,34323.218987,1.71616094935,Deployed QQQ LEAPS
2024-10-04,35226.120166,1.7613060083,Deployed QQQ LEAPS
2024-10-07,34416.854227,1.7208427113500002,Deployed QQQ LEAPS
2024-10-08,35478.577344,1.7739288672,Deployed QQQ LEAPS
2024-10-09,36048.185334,1.8024092667,Deployed QQQ LEAPS
2024-10-10,35973.474431,1.7986737215500002,Deployed QQQ LEAPS
2024-10-11,36089.814335,1.8044907167500002,Deployed QQQ LEAPS
2024-10-14,36724.210247,1.83621051235,Deployed QQQ LEAPS
2024-10-15,35744.337026,1.7872168513,Deployed QQQ LEAPS
2024-10-16,35745.722147,1.78728610735,Deployed QQQ LEAPS
2024-10-17,35798.213408,1.7899106704,Deployed QQQ LEAPS
2024-10-18,36275.230056,1.8137615028,Deployed QQQ LEAPS
2024-10-21,36421.913087,1.82109565435,Deployed QQQ LEAPS
2024-10-22,36480.358889,1.8240179444500002,Deployed QQQ LEAPS
2024-10-23,35307.603926,1.7653801963000002,Deployed QQQ LEAPS
2024-10-24,35931.943232,1.7965971615999998,Deployed QQQ LEAPS
2024-10-25,36335.944325,1.81679721625,Deployed QQQ LEAPS
2024-10-28,36290.3916,1.8145195800000002,Deployed QQQ LEAPS
2024-10-29,37071.459423,1.85357297115,Deployed QQQ LEAPS
2024-10-30,36443.171847,1.8221585923499999,Deployed QQQ LEAPS
2024-10-31,34477.036283,1.72385181415,Deployed QQQ LEAPS
2024-11-01,35018.484319,1.7509242159500003,Deployed QQQ LEAPS
2024-11-04,34726.882101,1.7363441050500001,Deployed QQQ LEAPS
2024-11-05,35690.508642,1.7845254321000001,Deployed QQQ LEAPS
2024-11-06,37805.175956,1.8902587978,Deployed QQQ LEAPS
2024-11-07,38943.287097,1.94716435485,Deployed QQQ LEAPS
2024-11-08,39042.726189,1.95213630945,Deployed QQQ LEAPS
2024-11-11,39050.831697,1.95254158485,Deployed QQQ LEAPS
2024-11-12,38903.039531,1.94515197655,Deployed QQQ LEAPS
2024-11-13,38824.27899,1.9412139495,Deployed QQQ LEAPS
2024-11-14,38287.278175,1.91436390875,Deployed QQQ LEAPS
2024-11-15,36487.338577,1.8243669288500002,Deployed QQQ LEAPS
2024-11-18,37038.302962,1.8519151481,Deployed QQQ LEAPS
2024-11-19,37588.755894,1.8794377947,Deployed QQQ LEAPS
2024-11-20,37534.100349,1.87670501745,Deployed QQQ LEAPS
2024-11-21,37821.663645,1.89108318225,Deployed QQQ LEAPS
2024-11-22,37953.991145,1.89769955725,Deployed QQQ LEAPS
2024-11-25,38090.809992,1.9045404996000002,Deployed QQQ LEAPS
2024-11-26,38538.973964,1.9269486982,Deployed QQQ LEAPS
2024-11-27,37886.236854,1.8943118427,Deployed QQQ LEAPS
2024-11-29,38626.53789,1.9313268945,Deployed QQQ LEAPS
2024-12-02,39564.35147,1.9782175735,Deployed QQQ LEAPS
2024-12-03,39828.570917,1.9914285458499998,Deployed QQQ LEAPS
2024-12-04,40927.523805,2.0463761902499997,Deployed QQQ LEAPS
2024-12-05,40681.953298,2.0340976649,Deployed QQQ LEAPS
2024-12-06,41464.909047,2.07324545235,Deployed QQQ LEAPS
2024-12-09,40795.311432,2.0397655716000003,Deployed QQQ LEAPS
2024-12-10,40500.031451,2.02500157255,Deployed QQQ LEAPS
2024-12-11,42061.294149,2.10306470745,Deployed QQQ LEAPS
2024-12-12,41502.657493,2.07513287465,Deployed QQQ LEAPS
2024-12-13,42165.865797,2.1082932898499998,Deployed QQQ LEAPS
2024-12-16,43452.680077,2.17263400385,Deployed QQQ LEAPS
2024-12-17,43075.133561,2.15375667805,Deployed QQQ LEAPS
2024-12-18,39930.222091,1.9965111045500001,Deployed QQQ LEAPS
2024-12-19,39533.885614,1.9766942806999999,Deployed QQQ LEAPS
2024-12-20,40272.59197,2.0136295985,Deployed QQQ LEAPS
2024-12-23,41116.037694,2.0558018847,Deployed QQQ LEAPS
2024-12-24,42351.389546,2.1175694773,Deployed QQQ LEAPS
2024-12-26,42276.964254,2.1138482127,Deployed QQQ LEAPS
2024-12-27,41059.942868,2.0529971434,Deployed QQQ LEAPS
2024-12-30,39847.394247,1.99236971235,Deployed QQQ LEAPS
2024-12-31,39093.244898,1.9546622449,Deployed QQQ LEAPS
2025-01-02,38871.680495,1.94358402475,Deployed QQQ LEAPS
2025-01-03,40303.417525,2.01517087625,Deployed QQQ LEAPS
2025-01-06,41292.252319,2.06461261595,Deployed QQQ LEAPS
2025-01-07,39812.185772,1.9906092885999997,Deployed QQQ LEAPS
2025-01-08,39794.406993,1.9897203496499998,Deployed QQQ LEAPS
2025-01-10,38475.9812,1.9237990600000001,Deployed QQQ LEAPS
2025-01-13,38183.500633,1.9091750316500002,Deployed QQQ LEAPS
2025-01-14,38095.896043,1.90479480215,Deployed QQQ LEAPS
2025-01-15,40081.981354,2.0040990677000003,Deployed QQQ LEAPS
2025-01-16,39474.427532,1.9737213766000001,Deployed QQQ LEAPS
2025-01-17,40946.598913,2.04732994565,Deployed QQQ LEAPS
2025-01-21,41445.347456,2.0722673728000003,Deployed QQQ LEAPS
2025-01-22,42572.459306,2.1286229653,Deployed QQQ LEAPS
2025-01-23,42767.583733,2.13837918665,Deployed QQQ LEAPS
2025-01-24,42252.995584,2.1126497792,Deployed QQQ LEAPS
2025-01-27,39645.652495,1.98228262475,Deployed QQQ LEAPS
2025-01-28,40960.630245,2.04803151225,Deployed QQQ LEAPS
2025-01-29,40777.481231,2.03887406155,Deployed QQQ LEAPS
2025-01-30,41145.483109,2.05727415545,Deployed QQQ LEAPS
2025-01-31,40998.663754,2.0499331877,Deployed QQQ LEAPS
2025-02-03,40213.345222,2.0106672611,Deployed QQQ LEAPS
2025-02-04,41261.911885,2.06309559425,Deployed QQQ LEAPS
2025-02-05,41635.791068,2.0817895533999997,Deployed QQQ LEAPS
2025-02-06,42076.724698,2.1038362348999997,Deployed QQQ LEAPS
2025-02-07,41037.419026,2.0518709513,Deployed QQQ LEAPS
2025-02-10,42075.547933,2.10377739665,Deployed QQQ LEAPS
2025-02-11,41882.23739,2.0941118695000003,Deployed QQQ LEAPS
2025-02-12,41933.983632,2.0966991816,Deployed QQQ LEAPS
2025-02-13,43169.611387,2.15848056935,Deployed QQQ LEAPS
2025-02-14,43521.434103,2.17607170515,Deployed QQQ LEAPS
2025-02-18,43775.345271,2.18876726355,Deployed QQQ LEAPS
2025-02-19,43815.284456,2.1907642228,Deployed QQQ LEAPS
2025-02-20,43449.44098,2.172472049,Deployed QQQ LEAPS
2025-02-21,41596.916957,2.07984584785,Deployed QQQ LEAPS
2025-02-24,40519.854299,2.02599271495,Deployed QQQ LEAPS
2025-02-25,39329.29939,1.9664649695,Deployed QQQ LEAPS
2025-02-26,39531.269898,1.9765634949,Deployed QQQ LEAPS
2025-02-27,37171.262607,1.8585631303499999,Deployed QQQ LEAPS
2025-02-28,38510.531639,1.92552658195,Deployed QQQ LEAPS
2025-03-03,36658.042247,1.8329021123499998,Deployed QQQ LEAPS
2025-03-04,36394.037928,1.8197018963999998,Deployed QQQ LEAPS
2025-03-05,37451.435477,1.8725717738499998,Deployed QQQ LEAPS
2025-03-06,35315.253483,1.76576267415,Deployed QQQ LEAPS
2025-03-07,35851.451959,1.79257259795,Deployed QQQ LEAPS
2025-03-10,33070.921485,1.6535460742499999,Deployed QQQ LEAPS
2025-03-11,32787.572429,1.63937862145,Deployed QQQ LEAPS
2025-03-12,33906.069266,1.6953034633,Deployed QQQ LEAPS
2025-03-13,32110.341274,1.6055170637,Deployed QQQ LEAPS
2025-03-14,34600.749063,1.7300374531500002,Deployed QQQ LEAPS
2025-03-17,35262.550005,1.7631275002499998,Deployed QQQ LEAPS
2025-03-18,33514.485578,1.6757242789,Deployed QQQ LEAPS
2025-03-19,34898.211845,1.74491059225,Deployed QQQ LEAPS
2025-03-20,34524.444932,1.7262222466,Deployed QQQ LEAPS
2025-03-21,34867.074724,1.7433537362,Deployed QQQ LEAPS
2025-03-24,37243.892788,1.8621946394,Deployed QQQ LEAPS
2025-03-25,37867.530055,1.8933765027500002,Deployed QQQ LEAPS
2025-03-26,35899.418112,1.7949709056,Deployed QQQ LEAPS
2025-03-27,35275.050604,1.7637525302,Deployed QQQ LEAPS
2025-03-28,32550.683417,1.62753417085,Deployed QQQ LEAPS
2025-03-31,32495.297245,1.6247648622500002,Deployed QQQ LEAPS
2025-04-01,33328.510328,1.6664255164,Deployed QQQ LEAPS
2025-04-02,34094.937888,1.7047468944,Deployed QQQ LEAPS
2025-04-03,29055.899762,1.4527949881,Deployed QQQ LEAPS
2025-04-04,24259.836436,1.2129918218,Deployed QQQ LEAPS
2025-04-07,24374.866557,1.2187433278500002,Deployed QQQ LEAPS
2025-04-08,23147.228447,1.1573614223500002,Deployed QQQ LEAPS
2025-04-09,32066.938308,1.6033469154,Deployed QQQ LEAPS
2025-04-10,30079.802677,1.50399013385,Deployed QQQ LEAPS
2025-04-11,31181.346455,1.55906732275,Deployed QQQ LEAPS
2025-04-14,31664.022251,1.5832011125499998,Deployed QQQ LEAPS
2025-04-15,31744.503753,1.58722518765,Deployed QQQ LEAPS
2025-04-16,30081.615388,1.5040807694,Deployed QQQ LEAPS
2025-04-17,30107.049331,1.50535246655,Deployed QQQ LEAPS
2025-04-21,28561.307142,1.4280653571000002,Deployed QQQ LEAPS
2025-04-22,30497.176967,1.52485884835,Deployed QQQ LEAPS
2025-04-23,31999.291872,1.5999645936,Deployed QQQ LEAPS
2025-04-24,33629.591689,1.6814795844500001,Deployed QQQ LEAPS
2025-04-25,34167.583906,1.7083791953,Deployed QQQ LEAPS
2025-04-28,34427.004966,1.7213502483,Deployed QQQ LEAPS
2025-04-29,34758.617202,1.7379308601,Deployed QQQ LEAPS
2025-04-30,34827.723249,1.7413861624500002,Deployed QQQ LEAPS
2025-05-01,35273.507249,1.7636753624500001,Deployed QQQ LEAPS
2025-05-02,35543.24344,1.777162172,Deployed QQQ LEAPS
2025-05-05,35574.489966,1.7787244983000001,Deployed QQQ LEAPS
2025-05-06,35097.017502,1.7548508751,Deployed QQQ LEAPS
2025-05-07,35264.893212,1.7632446606,Deployed QQQ LEAPS
2025-05-08,36247.298958,1.8123649479,Deployed QQQ LEAPS
2025-05-09,36200.038166,1.8100019082999999,Deployed QQQ LEAPS
2025-05-12,39809.902782,1.9904951390999999,Deployed QQQ LEAPS
2025-05-13,41004.061258,2.0502030629,Deployed QQQ LEAPS
2025-05-14,41491.033482,2.0745516741,Deployed QQQ LEAPS
2025-05-15,41645.229264,2.0822614632,Deployed QQQ LEAPS
2025-05-16,42013.443282,2.1006721641,Deployed QQQ LEAPS
2025-05-19,42328.565039,2.11642825195,Deployed QQQ LEAPS
2025-05-20,42199.005821,2.10995029105,Deployed QQQ LEAPS
2025-05-21,41270.768744,2.0635384372,Deployed QQQ LEAPS
2025-05-22,41500.841738,2.0750420869000004,Deployed QQQ LEAPS
2025-05-23,40824.194351,2.04120971755,Deployed QQQ LEAPS
2025-05-27,43158.742427,2.15793712135,Deployed QQQ LEAPS
2025-05-28,42937.166744,2.1468583372000003,Deployed QQQ LEAPS
2025-05-29,43214.973088,2.1607486544,Deployed QQQ LEAPS
2025-05-30,43216.283239,2.16081416195,Deployed QQQ LEAPS
2025-06-02,44361.915934,2.2180957966999997,Deployed QQQ LEAPS
2025-06-03,45226.268371,2.26131341855,Deployed QQQ LEAPS
2025-06-04,45733.659354,2.2866829677,Deployed QQQ LEAPS
2025-06-05,45255.816921,2.2627908460499997,Deployed QQQ LEAPS
2025-06-06,46512.686791,2.32563433955,Deployed QQQ LEAPS
2025-06-09,46897.292926,2.3448646463,Deployed QQQ LEAPS
2025-06-10,47643.608753,2.38218043765,Deployed QQQ LEAPS
2025-06-11,47321.052018,2.3660526009000002,Deployed QQQ LEAPS
2025-06-12,47612.755291,2.38063776455,Deployed QQQ LEAPS
2025-06-13,46263.753227,2.31318766135,Deployed QQQ LEAPS
2025-06-16,47911.567201,2.39557836005,Deployed QQQ LEAPS
2025-06-17,46838.066394,2.3419033197,Deployed QQQ LEAPS
2025-06-18,46842.593279,2.34212966395,Deployed QQQ LEAPS
2025-06-20,46394.320787,2.31971603935,Deployed QQQ LEAPS
2025-06-23,47690.437847,2.38452189235,Deployed QQQ LEAPS
2025-06-24,49564.353988,2.4782176994,Deployed QQQ LEAPS
2025-06-25,49913.152504,2.4956576252,Deployed QQQ LEAPS
2025-06-26,51074.437949,2.55372189745,Deployed QQQ LEAPS
2025-06-27,51534.324127,2.57671620635,Deployed QQQ LEAPS
2025-06-30,52522.443156,2.6261221578000002,Deployed QQQ LEAPS
2025-07-01,51492.563387,2.57462816935,Deployed QQQ LEAPS
2025-07-02,52438.800832,2.6219400416,Deployed QQQ LEAPS
2025-07-03,53783.750977,2.68918754885,Deployed QQQ LEAPS
2025-07-07,53144.238596,2.6572119298000003,Deployed QQQ LEAPS
2025-07-08,53196.715488,2.6598357744000003,Deployed QQQ LEAPS
2025-07-09,53797.806234,2.6898903117,Deployed QQQ LEAPS
2025-07-10,53713.987336,2.6856993667999998,Deployed QQQ LEAPS
2025-07-11,53564.949642,2.6782474821,Deployed QQQ LEAPS
2025-07-14,53920.990777,2.69604953885,Deployed QQQ LEAPS
2025-07-15,53990.859248,2.6995429624000002,Deployed QQQ LEAPS
2025-07-16,54097.375126,2.7048687563,Deployed QQQ LEAPS
2025-07-17,54775.443641,2.73877218205,Deployed QQQ LEAPS
2025-07-18,54729.24648,2.736462324,Deployed QQQ LEAPS
2025-07-21,55194.342706,2.7597171353000003,Deployed QQQ LEAPS
2025-07-22,54791.569498,2.7395784749,Deployed QQQ LEAPS
2025-07-23,55199.59456,2.759979728,Deployed QQQ LEAPS
2025-07-24,55398.867861,2.76994339305,Deployed QQQ LEAPS
2025-07-25,55634.877273,2.78174386365,Deployed QQQ LEAPS
2025-07-28,55918.949767,2.79594748835,Deployed QQQ LEAPS
2025-07-29,55798.587491,2.78992937455,Deployed QQQ LEAPS
2025-07-30,55939.332454,2.7969666227000003,Deployed QQQ LEAPS
2025-07-31,55466.188109,2.77330940545,Deployed QQQ LEAPS
2025-08-01,53613.909944,2.6806954972,Deployed QQQ LEAPS
2025-08-04,55295.231458,2.7647615729,Deployed QQQ LEAPS
2025-08-05,54584.895669,2.72924478345,Deployed QQQ LEAPS
2025-08-06,55138.540456,2.7569270228000002,Deployed QQQ LEAPS
2025-08-07,55248.834439,2.7624417219499997,Deployed QQQ LEAPS
2025-08-08,55686.082818,2.7843041409000002,Deployed QQQ LEAPS
2025-08-11,55593.800614,2.7796900307,Deployed QQQ LEAPS
2025-08-12,56092.971294,2.8046485647000003,Deployed QQQ LEAPS
2025-08-13,56126.315887,2.8063157943499997,Deployed QQQ LEAPS
2025-08-14,56107.815579,2.80539077895,Deployed QQQ LEAPS
2025-08-15,55917.935301,2.7958967650499997,Deployed QQQ LEAPS
2025-08-18,55933.404081,2.79667020405,Deployed QQQ LEAPS
2025-08-19,55329.428743,2.76647143715,Deployed QQQ LEAPS
2025-08-20,55070.954371,2.75354771855,Deployed QQQ LEAPS
2025-08-21,54860.475106,2.7430237553,Deployed QQQ LEAPS
2025-08-22,55559.833061,2.77799165305,Deployed QQQ LEAPS
2025-08-25,55438.248005,2.77191240025,Deployed QQQ LEAPS
2025-08-26,55614.310887,2.78071554435,Deployed QQQ LEAPS
2025-08-27,55683.478067,2.7841739033499997,Deployed QQQ LEAPS
2025-08-28,55975.318825,2.79876594125,Deployed QQQ LEAPS
2025-08-29,55431.320995,2.77156604975,Deployed QQQ LEAPS
2025-09-02,55011.365718,2.7505682859,Deployed QQQ LEAPS
2025-09-03,55378.828728,2.7689414364,Deployed QQQ LEAPS
2025-09-04,55804.475183,2.7902237591500003,Deployed QQQ LEAPS
2025-09-05,55826.309619,2.79131548095,Deployed QQQ LEAPS
2025-09-08,56044.860077,2.8022430038499997,Deployed QQQ LEAPS
2025-09-09,56173.662562,2.8086831280999998,Deployed QQQ LEAPS
2025-09-10,56173.32487,2.8086662435,Deployed QQQ LEAPS
2025-09-11,56425.135783,2.82125678915,Deployed QQQ LEAPS
2025-09-12,56425.135783,2.82125678915,Deployed QQQ LEAPS
2025-09-15,56425.135783,2.82125678915,Deployed QQQ LEAPS
2025-09-16,56425.135783,2.82125678915,Deployed QQQ LEAPS
2025-09-17,56425.135783,2.82125678915,Deployed QQQ LEAPS
2025-09-18,56425.135783,2.82125678915,Deployed QQQ LEAPS
2025-09-19,56425.135783,2.82125678915,Deployed QQQ LEAPS
2025-09-22,56425.135783,2.82125678915,Deployed QQQ LEAPS
2025-09-23,56425.135783,2.82125678915,Deployed QQQ LEAPS
2025-09-24,56425.135783,2.82125678915,Deployed QQQ LEAPS
2025-09-25,56425.135783,2.82125678915,Deployed QQQ LEAPS
2025-09-26,56425.135783,2.82125678915,Deployed QQQ LEAPS
2025-09-29,56425.135783,2.82125678915,Deployed QQQ LEAPS
2025-09-30,56425.135783,2.82125678915,Deployed QQQ LEAPS
2025-10-01,56425.135783,2.82125678915,Deployed QQQ LEAPS
2025-10-02,56425.135783,2.82125678915,Deployed QQQ LEAPS
2025-10-03,56425.135783,2.82125678915,Deployed QQQ LEAPS
2025-10-06,56425.135783,2.82125678915,Deployed QQQ LEAPS
2025-10-07,56425.135783,2.82125678915,Deployed QQQ LEAPS
2025-10-08,56425.135783,2.82125678915,Deployed QQQ LEAPS
2025-10-09,56425.135783,2.82125678915,Deployed QQQ LEAPS
2025-10-10,56425.135783,2.82125678915,Deployed QQQ LEAPS
2025-10-13,56425.135783,2.82125678915,Deployed QQQ LEAPS
2025-10-14,56425.135783,2.82125678915,Deployed QQQ LEAPS
2025-10-15,56425.135783,2.82125678915,Deployed QQQ LEAPS
2025-10-16,56425.135783,2.82125678915,Deployed QQQ LEAPS
2025-10-17,56425.135783,2.82125678915,Deployed QQQ LEAPS
2025-10-20,56425.135783,2.82125678915,Deployed QQQ LEAPS
2025-10-21,56425.135783,2.82125678915,Deployed QQQ LEAPS
2025-10-22,56425.135783,2.82125678915,Deployed QQQ LEAPS
2025-10-23,56425.135783,2.82125678915,Deployed QQQ LEAPS
2025-10-24,56425.135783,2.82125678915,Deployed QQQ LEAPS
2025-10-27,56425.135783,2.82125678915,Deployed QQQ LEAPS
2025-10-28,56425.135783,2.82125678915,Deployed QQQ LEAPS
2025-10-29,56425.135783,2.82125678915,Deployed QQQ LEAPS
2025-10-30,56425.135783,2.82125678915,Deployed QQQ LEAPS
2025-10-31,56425.135783,2.82125678915,Deployed QQQ LEAPS
2025-11-03,56425.135783,2.82125678915,Deployed QQQ LEAPS
2025-11-04,56425.135783,2.82125678915,Deployed QQQ LEAPS
2025-11-05,56425.135783,2.82125678915,Deployed QQQ LEAPS
2025-11-06,56425.135783,2.82125678915,Deployed QQQ LEAPS
2025-11-07,56425.135783,2.82125678915,Deployed QQQ LEAPS
2025-11-10,56425.135783,2.82125678915,Deployed QQQ LEAPS
2025-11-11,56425.135783,2.82125678915,Deployed QQQ LEAPS
2025-11-12,56425.135783,2.82125678915,Deployed QQQ LEAPS
2025-11-13,56425.135783,2.82125678915,Deployed QQQ LEAPS
2025-11-14,56425.135783,2.82125678915,Deployed QQQ LEAPS
2025-11-17,56425.135783,2.82125678915,Deployed QQQ LEAPS
2025-11-18,56425.135783,2.82125678915,Deployed QQQ LEAPS
2025-11-19,56425.135783,2.82125678915,Deployed QQQ LEAPS
2025-11-20,56425.135783,2.82125678915,Deployed QQQ LEAPS
2025-11-21,56425.135783,2.82125678915,Deployed QQQ LEAPS
2025-11-24,56425.135783,2.82125678915,Deployed QQQ LEAPS
2025-11-25,56425.135783,2.82125678915,Deployed QQQ LEAPS
2025-11-26,56425.135783,2.82125678915,Deployed QQQ LEAPS
2025-11-28,56425.135783,2.82125678915,Deployed QQQ LEAPS
2025-12-01,56425.135783,2.82125678915,Deployed QQQ LEAPS
2025-12-02,56425.135783,2.82125678915,Deployed QQQ LEAPS
2025-12-03,56425.135783,2.82125678915,Deployed QQQ LEAPS
2025-12-04,56425.135783,2.82125678915,Deployed QQQ LEAPS
2025-12-05,56425.135783,2.82125678915,Deployed QQQ LEAPS
2025-12-08,56425.135783,2.82125678915,Deployed QQQ LEAPS
2025-12-09,56425.135783,2.82125678915,Deployed QQQ LEAPS
2025-12-10,56425.135783,2.82125678915,Deployed QQQ LEAPS
2025-12-11,56425.135783,2.82125678915,Deployed QQQ LEAPS
2025-12-12,56425.135783,2.82125678915,Deployed QQQ LEAPS
2025-12-15,56425.135783,2.82125678915,Deployed QQQ LEAPS
2025-12-16,56425.135783,2.82125678915,Deployed QQQ LEAPS
2025-12-17,56425.135783,2.82125678915,Deployed QQQ LEAPS
2025-12-18,56425.135783,2.82125678915,Deployed QQQ LEAPS
2025-12-19,56425.135783,2.82125678915,Deployed QQQ LEAPS
2025-12-22,56425.135783,2.82125678915,Deployed QQQ LEAPS
2025-12-23,56425.135783,2.82125678915,Deployed QQQ LEAPS
2025-12-24,56425.135783,2.82125678915,Deployed QQQ LEAPS
2025-12-26,56425.135783,2.82125678915,Deployed QQQ LEAPS
2025-12-29,56425.135783,2.82125678915,Deployed QQQ LEAPS
2025-12-30,56425.135783,2.82125678915,Deployed QQQ LEAPS
2025-12-31,56425.135783,2.82125678915,Deployed QQQ LEAPS
2026-01-02,56425.135783,2.82125678915,Deployed QQQ LEAPS
2026-01-05,56425.135783,2.82125678915,Deployed QQQ LEAPS
2026-01-06,56425.135783,2.82125678915,Deployed QQQ LEAPS
2026-01-07,56425.135783,2.82125678915,Deployed QQQ LEAPS
2026-01-08,56425.135783,2.82125678915,Deployed QQQ LEAPS
2026-01-09,56425.135783,2.82125678915,Deployed QQQ LEAPS
2026-01-12,56425.135783,2.82125678915,Deployed QQQ LEAPS
2026-01-13,56425.135783,2.82125678915,Deployed QQQ LEAPS
2026-01-14,56425.135783,2.82125678915,Deployed QQQ LEAPS
2026-01-15,56425.135783,2.82125678915,Deployed QQQ LEAPS
2026-01-16,56425.135783,2.82125678915,Deployed QQQ LEAPS
2026-01-20,56425.135783,2.82125678915,Deployed QQQ LEAPS
2026-01-21,56425.135783,2.82125678915,Deployed QQQ LEAPS
2026-01-22,56425.135783,2.82125678915,Deployed QQQ LEAPS
2026-01-23,56425.135783,2.82125678915,Deployed QQQ LEAPS
2026-01-26,56425.135783,2.82125678915,Deployed QQQ LEAPS
2026-01-27,56425.135783,2.82125678915,Deployed QQQ LEAPS
2026-01-28,56425.135783,2.82125678915,Deployed QQQ LEAPS
2026-01-29,56425.135783,2.82125678915,Deployed QQQ LEAPS
2026-01-30,56425.135783,2.82125678915,Deployed QQQ LEAPS
2026-02-02,56425.135783,2.82125678915,Deployed QQQ LEAPS
2026-02-03,56425.135783,2.82125678915,Deployed QQQ LEAPS
2026-02-04,56425.135783,2.82125678915,Deployed QQQ LEAPS
2026-02-05,56425.135783,2.82125678915,Deployed QQQ LEAPS
2026-02-06,56425.135783,2.82125678915,Deployed QQQ LEAPS
2026-02-09,56425.135783,2.82125678915,Deployed QQQ LEAPS
2026-02-10,56425.135783,2.82125678915,Deployed QQQ LEAPS
2026-02-11,56425.135783,2.82125678915,Deployed QQQ LEAPS
2026-02-12,56425.135783,2.82125678915,Deployed QQQ LEAPS
2026-02-13,56425.135783,2.82125678915,Deployed QQQ LEAPS
2026-02-17,56425.135783,2.82125678915,Deployed QQQ LEAPS
2026-02-18,56425.135783,2.82125678915,Deployed QQQ LEAPS
2026-02-19,56425.135783,2.82125678915,Deployed QQQ LEAPS
2026-02-20,56425.135783,2.82125678915,Deployed QQQ LEAPS
2026-02-23,56425.135783,2.82125678915,Deployed QQQ LEAPS
2026-02-24,56425.135783,2.82125678915,Deployed QQQ LEAPS
2026-02-25,56425.135783,2.82125678915,Deployed QQQ LEAPS
2026-02-26,56425.135783,2.82125678915,Deployed QQQ LEAPS
2026-02-27,56425.135783,2.82125678915,Deployed QQQ LEAPS
2026-03-02,56425.135783,2.82125678915,Deployed QQQ LEAPS
2026-03-03,56425.135783,2.82125678915,Deployed QQQ LEAPS
2026-03-04,56425.135783,2.82125678915,Deployed QQQ LEAPS
2026-03-05,56425.135783,2.82125678915,Deployed QQQ LEAPS
2026-03-06,56425.135783,2.82125678915,Deployed QQQ LEAPS
2026-03-09,56425.135783,2.82125678915,Deployed QQQ LEAPS
2026-03-10,56425.135783,2.82125678915,Deployed QQQ LEAPS
2026-03-11,56425.135783,2.82125678915,Deployed QQQ LEAPS
2026-03-12,56425.135783,2.82125678915,Deployed QQQ LEAPS
2026-03-13,56425.135783,2.82125678915,Deployed QQQ LEAPS
2026-03-16,56425.135783,2.82125678915,Deployed QQQ LEAPS
2026-03-17,56425.135783,2.82125678915,Deployed QQQ LEAPS
2026-03-18,56425.135783,2.82125678915,Deployed QQQ LEAPS
2026-03-19,56425.135783,2.82125678915,Deployed QQQ LEAPS
2026-03-20,56425.135783,2.82125678915,Deployed QQQ LEAPS
2026-03-23,56425.135783,2.82125678915,Deployed QQQ LEAPS
2026-03-24,56425.135783,2.82125678915,Deployed QQQ LEAPS
2026-03-25,56425.135783,2.82125678915,Deployed QQQ LEAPS
2026-03-26,56425.135783,2.82125678915,Deployed QQQ LEAPS
2026-03-27,55769.462324,2.7884731162,Deployed QQQ LEAPS
2026-03-30,55513.158626,2.7756579313,Deployed QQQ LEAPS
2026-03-31,57743.28148,2.8871640739999997,Deployed QQQ LEAPS
2026-04-01,58542.680613,2.92713403065,Deployed QQQ LEAPS
2026-04-02,58638.302012,2.9319151006,Deployed QQQ LEAPS
2026-04-06,59142.235213,2.95711176065,Deployed QQQ LEAPS
2026-04-07,58793.327402,2.9396663701000003,Deployed QQQ LEAPS
2026-04-08,60089.102389,3.0044551194499998,Deployed QQQ LEAPS
2026-04-09,60480.914371,3.02404571855,Deployed QQQ LEAPS
2026-04-10,60562.318509,3.02811592545,Deployed QQQ LEAPS
2026-04-13,59650.49852,2.982524926,Deployed QQQ LEAPS
2026-04-14,60151.341608,3.0075670804000003,Deployed QQQ LEAPS
2026-04-15,60476.575954,3.0238287977,Deployed QQQ LEAPS
2026-04-16,60579.116757,3.0289558378500003,Deployed QQQ LEAPS
2026-04-17,60661.424687,3.03307123435,Deployed QQQ LEAPS
2026-04-20,60663.655581,3.03318277905,Deployed QQQ LEAPS
2026-04-21,60736.957886,3.0368478942999997,Deployed QQQ LEAPS
2026-04-22,60494.318609,3.02471593045,Deployed QQQ LEAPS
2026-04-23,60517.816937,3.0258908468500003,Deployed QQQ LEAPS
2026-04-24,60188.450251,3.00942251255,Deployed QQQ LEAPS
2026-04-27,60072.198707,3.00360993535,Deployed QQQ LEAPS
2026-04-28,59597.496516,2.9798748258,Deployed QQQ LEAPS
2026-04-29,59887.358599,2.99436792995,Deployed QQQ LEAPS
2026-04-30,60918.639521,3.04593197605,Deployed QQQ LEAPS
2026-05-01,61983.29287,3.0991646435,Deployed QQQ LEAPS
2026-05-04,61782.746685,3.0891373342499997,Deployed QQQ LEAPS
2026-05-05,63218.211427,3.16091057135,Deployed QQQ LEAPS
2026-05-06,65457.373875,3.27286869375,Deployed QQQ LEAPS
2026-05-07,65355.474715,3.2677737357499996,Deployed QQQ LEAPS
2026-05-08,67650.722628,3.3825361314,Deployed QQQ LEAPS
2026-05-11,68055.863956,3.4027931978,Deployed QQQ LEAPS
2026-05-12,67338.074178,3.3669037089,Deployed QQQ LEAPS
2026-05-13,68266.010338,3.4133005168999997,Deployed QQQ LEAPS
2026-05-14,68912.66529,3.4456332645,Deployed QQQ LEAPS
2026-05-15,67627.945796,3.3813972898,Deployed QQQ LEAPS
2026-05-18,67333.219067,3.36666095335,Deployed QQQ LEAPS
2026-05-19,66690.574304,3.3345287152,Deployed QQQ LEAPS
2026-05-20,68532.984183,3.42664920915,Deployed QQQ LEAPS
2026-05-21,68792.709577,3.43963547885,Deployed QQQ LEAPS
2026-05-22,69271.711538,3.4635855769000004,Deployed QQQ LEAPS
2026-05-26,71283.881389,3.56419406945,Deployed QQQ LEAPS
2026-05-27,71523.775594,3.5761887797000003,Deployed QQQ LEAPS
2026-05-28,72285.465211,3.61427326055,Deployed QQQ LEAPS
2026-05-29,72565.677302,3.6282838651,Deployed QQQ LEAPS
2026-06-01,73375.223836,3.6687611918000003,Deployed QQQ LEAPS
2026-06-02,73990.829669,3.69954148345,Deployed QQQ LEAPS
2026-06-03,73650.829511,3.6825414755500003,Deployed QQQ LEAPS
2026-06-04,73007.67509,3.6503837545000004,Deployed QQQ LEAPS
2026-06-05,66699.151198,3.3349575599000003,Deployed QQQ LEAPS
2026-06-08,68703.65395,3.4351826975,Deployed QQQ LEAPS
2026-06-09,67188.202472,3.3594101236,Deployed QQQ LEAPS
2026-06-10,64645.48505,3.2322742525000003,Deployed QQQ LEAPS
2026-06-11,69016.136783,3.4508068391499997,Deployed QQQ LEAPS
2026-06-12,69783.412793,3.4891706396499997,Deployed QQQ LEAPS
2026-06-15,74021.379757,3.7010689878500003,Deployed QQQ LEAPS
2026-06-16,71420.972394,3.5710486197,Deployed QQQ LEAPS
2026-06-17,70049.601141,3.5024800570500005,Deployed QQQ LEAPS
2026-06-18,73434.635892,3.6717317946000003,Deployed QQQ LEAPS
2026-06-22,73050.649536,3.6525324768,Deployed QQQ LEAPS
2026-06-23,68651.637982,3.4325818991,Deployed QQQ LEAPS
2026-06-24,68080.593941,3.40402969705,Deployed QQQ LEAPS
2026-06-25,69108.361161,3.45541805805,Deployed QQQ LEAPS
2026-06-26,67316.531288,3.3658265644,Deployed QQQ LEAPS
2026-06-29,70406.611783,3.52033058915,Deployed QQQ LEAPS
2026-06-30,72410.412275,3.6205206137499997,Deployed QQQ LEAPS
2026-07-01,70653.20703,3.5326603515,Deployed QQQ LEAPS
2026-07-02,68568.316507,3.4284158253499997,Deployed QQQ LEAPS
2026-07-06,70363.057189,3.51815285945,Deployed QQQ LEAPS
2026-07-07,68074.359117,3.40371795585,Deployed QQQ LEAPS
2026-07-08,68421.957133,3.4210978566500003,Deployed QQQ LEAPS
2026-07-09,70514.343325,3.5257171662499998,Deployed QQQ LEAPS
2026-07-10,70907.751825,3.54538759125,Deployed QQQ LEAPS
2026-07-13,68524.818376,3.4262409187999996,Deployed QQQ LEAPS
2026-07-14,69952.115116,3.4976057558,Deployed QQQ LEAPS
2026-07-15,69602.997628,3.4801498814,Deployed QQQ LEAPS
2026-07-16,67501.963793,3.37509818965,Deployed QQQ LEAPS
2026-07-17,65613.169614,3.2806584807,Deployed QQQ LEAPS
2026-07-20,65700.799587,3.28503997935,Deployed QQQ LEAPS
2026-07-23,65002.303031,3.25011515155,Deployed QQQ LEAPS
2026-07-24,63632.563832,3.1816281916,Deployed QQQ LEAPS
2026-07-27,63222.1224,3.16110612,Deployed QQQ LEAPS
2026-07-28,62113.863171,3.10569315855,Deployed QQQ LEAPS
2026-07-29,59831.929649,2.99159648245,Deployed QQQ LEAPS
2026-07-30,63335.146812,3.1667573406,Deployed QQQ LEAPS
2026-08-03,65844.222932,3.2922111466,Deployed QQQ LEAPS
2026-08-04,68829.112863,3.4414556431500003,Deployed QQQ LEAPS
2026-08-05,68155.076732,3.4077538366,Deployed QQQ LEAPS
2026-08-06,67894.556266,3.3947278133,Deployed QQQ LEAPS
2026-08-07,68914.214965,3.4457107482500002,Deployed QQQ LEAPS
2026-08-10,68866.720527,3.44333602635,Deployed QQQ LEAPS
2026-08-11,68643.49962,3.432174981,Deployed QQQ LEAPS
2026-08-12,69323.489548,3.4661744774,Deployed QQQ LEAPS
2021-08-13,20000.0,1.0,Deployed QQQ/TQQQ
2021-08-16,20000.0,1.0,Deployed QQQ/TQQQ
2021-08-17,20000.0,1.0,Deployed QQQ/TQQQ
2021-08-18,20000.0,1.0,Deployed QQQ/TQQQ
2021-08-19,20044.656495520627,1.0022328247760313,Deployed QQQ/TQQQ
2021-08-20,20094.7700255558,1.00473850127779,Deployed QQQ/TQQQ
2021-08-23,20134.818991174725,1.0067409495587363,Deployed QQQ/TQQQ
2021-08-24,20139.846803014352,1.0069923401507177,Deployed QQQ/TQQQ
2021-08-25,20141.410681446527,1.0070705340723263,Deployed QQQ/TQQQ
2021-08-26,20137.164915157635,1.0068582457578816,Deployed QQQ/TQQQ
2021-08-27,20145.937557284447,1.0072968778642224,Deployed QQQ/TQQQ
2021-08-30,20150.24726383007,1.0075123631915035,Deployed QQQ/TQQQ
2021-08-31,20150.36687067804,1.0075183435339021,Deployed QQQ/TQQQ
2021-09-01,20150.689439437218,1.0075344719718609,Deployed QQQ/TQQQ
2021-09-02,20150.79625648543,1.0075398128242716,Deployed QQQ/TQQQ
2021-09-03,20151.00304211278,1.0075501521056391,Deployed QQQ/TQQQ
2021-09-07,20151.162031752567,1.0075581015876283,Deployed QQQ/TQQQ
2021-09-08,20151.161967948905,1.0075580983974453,Deployed QQQ/TQQQ
2021-09-09,20151.16185084911,1.0075580925424554,Deployed QQQ/TQQQ
2021-09-10,20151.136344058825,1.0075568172029412,Deployed QQQ/TQQQ
2021-09-13,20151.17967010583,1.0075589835052916,Deployed QQQ/TQQQ
2021-09-14,20151.181002018744,1.0075590501009373,Deployed QQQ/TQQQ
2021-09-15,20151.182288323413,1.0075591144161706,Deployed QQQ/TQQQ
2021-09-16,20151.18229797366,1.007559114898683,Deployed QQQ/TQQQ
2021-09-17,20151.182297540083,1.0075591148770042,Deployed QQQ/TQQQ
2021-09-20,20151.182298151587,1.0075591149075793,Deployed QQQ/TQQQ
2021-09-21,20163.02672104734,1.008151336052367,Deployed QQQ/TQQQ
2021-09-22,20225.45983630898,1.011272991815449,Deployed QQQ/TQQQ
2021-09-23,20264.611300868983,1.0132305650434492,Deployed QQQ/TQQQ
2021-09-24,20270.803140824773,1.0135401570412386,Deployed QQQ/TQQQ
2021-09-27,20255.498917533627,1.0127749458766813,Deployed QQQ/TQQQ
2021-09-28,19968.83849063637,0.9984419245318186,Deployed QQQ/TQQQ
2021-09-29,19947.353527215168,0.9973676763607584,Deployed QQQ/TQQQ
2021-09-30,19899.405648399825,0.9949702824199912,Deployed QQQ/TQQQ
2021-10-01,20003.25621366521,1.0001628106832605,Deployed QQQ/TQQQ
2021-10-04,19638.111565869134,0.9819055782934567,Deployed QQQ/TQQQ
2021-10-05,19884.328099719773,0.9942164049859886,Deployed QQQ/TQQQ
2021-10-06,19997.06791171416,0.999853395585708,Deployed QQQ/TQQQ
2021-10-07,20115.44620064945,1.0057723100324725,Deployed QQQ/TQQQ
2021-10-08,20069.197005672235,1.0034598502836118,Deployed QQQ/TQQQ
2021-10-11,20006.38002069731,1.0003190010348655,Deployed QQQ/TQQQ
2021-10-12,19966.518574993363,0.9983259287496681,Deployed QQQ/TQQQ
2021-10-13,20098.623479267757,1.004931173963388,Deployed QQQ/TQQQ
2021-10-14,20257.80005562964,1.012890002781482,Deployed QQQ/TQQQ
2021-10-15,20289.262675194503,1.0144631337597252,Deployed QQQ/TQQQ
2021-10-18,20313.152785933795,1.0156576392966898,Deployed QQQ/TQQQ
2021-10-19,20314.62867311205,1.0157314336556025,Deployed QQQ/TQQQ
2021-10-20,20314.722834675744,1.0157361417337871,Deployed QQQ/TQQQ
2021-10-21,20314.74060331004,1.015737030165502,Deployed QQQ/TQQQ
2021-10-22,20314.74062205972,1.0157370311029859,Deployed QQQ/TQQQ
2021-10-25,20314.740622121124,1.0157370311060563,Deployed QQQ/TQQQ
2021-10-26,20314.740622121124,1.0157370311060563,Deployed QQQ/TQQQ
2021-10-27,20314.740622121124,1.0157370311060563,Deployed QQQ/TQQQ
2021-10-28,20314.740622121124,1.0157370311060563,Deployed QQQ/TQQQ
2021-10-29,20314.740622121124,1.0157370311060563,Deployed QQQ/TQQQ
2021-11-01,20314.740622121124,1.0157370311060563,Deployed QQQ/TQQQ
2021-11-02,20314.740622121124,1.0157370311060563,Deployed QQQ/TQQQ
2021-11-03,20314.740622121124,1.0157370311060563,Deployed QQQ/TQQQ
2021-11-04,20314.740622121124,1.0157370311060563,Deployed QQQ/TQQQ
2021-11-05,20314.740622121124,1.0157370311060563,Deployed QQQ/TQQQ
2021-11-08,20314.740622121124,1.0157370311060563,Deployed QQQ/TQQQ
2021-11-09,20314.740622121124,1.0157370311060563,Deployed QQQ/TQQQ
2021-11-10,20314.740622121124,1.0157370311060563,Deployed QQQ/TQQQ
2021-11-11,20314.740622121124,1.0157370311060563,Deployed QQQ/TQQQ
2021-11-12,20314.740622121124,1.0157370311060563,Deployed QQQ/TQQQ
2021-11-15,20314.740622121124,1.0157370311060563,Deployed QQQ/TQQQ
2021-11-16,20314.740622121124,1.0157370311060563,Deployed QQQ/TQQQ
2021-11-17,20314.740622121124,1.0157370311060563,Deployed QQQ/TQQQ
2021-11-18,20314.740622121124,1.0157370311060563,Deployed QQQ/TQQQ
2021-11-19,20314.740622121124,1.0157370311060563,Deployed QQQ/TQQQ
2021-11-22,20314.740622121124,1.0157370311060563,Deployed QQQ/TQQQ
2021-11-23,20314.740622121124,1.0157370311060563,Deployed QQQ/TQQQ
2021-11-24,20314.740622121124,1.0157370311060563,Deployed QQQ/TQQQ
2021-11-26,20314.740622121124,1.0157370311060563,Deployed QQQ/TQQQ
2021-11-29,20314.740622121124,1.0157370311060563,Deployed QQQ/TQQQ
2021-11-30,20314.740622121124,1.0157370311060563,Deployed QQQ/TQQQ
2021-12-01,20314.740622121124,1.0157370311060563,Deployed QQQ/TQQQ
2021-12-02,20395.84163540765,1.0197920817703825,Deployed QQQ/TQQQ
2021-12-03,20165.290083815533,1.0082645041907767,Deployed QQQ/TQQQ
2021-12-06,20310.73678398596,1.015536839199298,Deployed QQQ/TQQQ
2021-12-07,20558.137642832728,1.0279068821416364,Deployed QQQ/TQQQ
2021-12-08,20595.417647035,1.02977088235175,Deployed QQQ/TQQQ
2021-12-09,20498.12117525944,1.024906058762972,Deployed QQQ/TQQQ
2021-12-10,20579.44454435069,1.0289722272175343,Deployed QQQ/TQQQ
2021-12-13,20498.623017145044,1.0249311508572523,Deployed QQQ/TQQQ
2021-12-14,20409.759918326108,1.0204879959163053,Deployed QQQ/TQQQ
2021-12-15,20591.54502998945,1.0295772514994725,Deployed QQQ/TQQQ
2021-12-16,20340.86574825499,1.0170432874127495,Deployed QQQ/TQQQ
2021-12-17,20309.21347044653,1.0154606735223266,Deployed QQQ/TQQQ
2021-12-20,20210.151215575268,1.0105075607787635,Deployed QQQ/TQQQ
2021-12-21,20510.33666051485,1.0255168330257425,Deployed QQQ/TQQQ
2021-12-22,20618.37493429092,1.030918746714546,Deployed QQQ/TQQQ
2021-12-23,20670.0200293314,1.03350100146657,Deployed QQQ/TQQQ
2021-12-27,20730.94419391618,1.036547209695809,Deployed QQQ/TQQQ
2021-12-28,20733.732901623345,1.0366866450811674,Deployed QQQ/TQQQ
2021-12-29,20735.55181678809,1.0367775908394046,Deployed QQQ/TQQQ
2021-12-30,20736.33988441101,1.0368169942205505,Deployed QQQ/TQQQ
2021-12-31,20736.62956838112,1.036831478419056,Deployed QQQ/TQQQ
2022-01-03,20737.274356882463,1.0368637178441231,Deployed QQQ/TQQQ
2022-01-04,20737.274356882463,1.0368637178441231,Deployed QQQ/TQQQ
2022-01-05,20737.274356882463,1.0368637178441231,Deployed QQQ/TQQQ
2022-01-06,20742.99332173271,1.0371496660866355,Deployed QQQ/TQQQ
2022-01-07,20596.79361668392,1.029839680834196,Deployed QQQ/TQQQ
2022-01-10,20665.349100815794,1.0332674550407897,Deployed QQQ/TQQQ
2022-01-11,20860.586148564256,1.0430293074282129,Deployed QQQ/TQQQ
2022-01-12,20918.37430439153,1.0459187152195766,Deployed QQQ/TQQQ
2022-01-13,14695.277772493007,0.7347638886246504,Deployed QQQ/TQQQ
2022-01-14,14801.154441833714,0.7400577220916857,Deployed QQQ/TQQQ
2022-01-18,14278.677400527708,0.7139338700263854,Deployed QQQ/TQQQ
2022-01-19,14045.55434554274,0.702277717277137,Deployed QQQ/TQQQ
2022-01-20,13795.430692862908,0.6897715346431454,Deployed QQQ/TQQQ
2022-01-21,13273.306771442503,0.6636653385721252,Deployed QQQ/TQQQ
2022-01-24,13351.935647647002,0.6675967823823501,Deployed QQQ/TQQQ
2022-01-25,12926.811470164335,0.6463405735082167,Deployed QQQ/TQQQ
2022-01-26,12915.687520779944,0.6457843760389972,Deployed QQQ/TQQQ
2022-01-27,12755.5633112163,0.637778165560815,Deployed QQQ/TQQQ
2022-01-28,13235.43878043072,0.6617719390215361,Deployed QQQ/TQQQ
2022-01-31,13778.065656296569,0.6889032828148285,Deployed QQQ/TQQQ
2022-02-01,13894.94064926331,0.6947470324631655,Deployed QQQ/TQQQ
2022-02-02,14042.816068650867,0.7021408034325434,Deployed QQQ/TQQQ
2022-02-03,13265.691395652824,0.6632845697826412,Deployed QQQ/TQQQ
2022-02-04,13460.56637086218,0.673028318543109,Deployed QQQ/TQQQ
2022-02-07,13324.190833607976,0.6662095416803988,Deployed QQQ/TQQQ
2022-02-08,13324.190833607976,0.6662095416803988,Deployed QQQ/TQQQ
2022-02-09,13324.190833607976,0.6662095416803988,Deployed QQQ/TQQQ
2022-02-10,13324.190833607976,0.6662095416803988,Deployed QQQ/TQQQ
2022-02-11,13324.190833607976,0.6662095416803988,Deployed QQQ/TQQQ
2022-02-14,13324.190833607976,0.6662095416803988,Deployed QQQ/TQQQ
2022-02-15,13324.190833607976,0.6662095416803988,Deployed QQQ/TQQQ
2022-02-16,13324.190833607976,0.6662095416803988,Deployed QQQ/TQQQ
2022-02-17,13324.190833607976,0.6662095416803988,Deployed QQQ/TQQQ
2022-02-18,13324.190833607976,0.6662095416803988,Deployed QQQ/TQQQ
2022-02-22,13324.190833607976,0.6662095416803988,Deployed QQQ/TQQQ
2022-02-23,13324.190833607976,0.6662095416803988,Deployed QQQ/TQQQ
2022-02-24,13324.190833607976,0.6662095416803988,Deployed QQQ/TQQQ
2022-02-25,13324.190833607976,0.6662095416803988,Deployed QQQ/TQQQ
2022-02-28,13324.190833607976,0.6662095416803988,Deployed QQQ/TQQQ
2022-03-01,13324.190833607976,0.6662095416803988,Deployed QQQ/TQQQ
2022-03-02,13324.190833607976,0.6662095416803988,Deployed QQQ/TQQQ
2022-03-03,13324.190833607976,0.6662095416803988,Deployed QQQ/TQQQ
2022-03-04,13324.190833607976,0.6662095416803988,Deployed QQQ/TQQQ
2022-03-07,13324.190833607976,0.6662095416803988,Deployed QQQ/TQQQ
2022-03-08,13324.190833607976,0.6662095416803988,Deployed QQQ/TQQQ
2022-03-09,13324.190833607976,0.6662095416803988,Deployed QQQ/TQQQ
2022-03-10,13324.190833607976,0.6662095416803988,Deployed QQQ/TQQQ
2022-03-11,13324.190833607976,0.6662095416803988,Deployed QQQ/TQQQ
2022-03-14,13324.190833607976,0.6662095416803988,Deployed QQQ/TQQQ
2022-03-15,13324.190833607976,0.6662095416803988,Deployed QQQ/TQQQ
2022-03-16,13324.190833607976,0.6662095416803988,Deployed QQQ/TQQQ
2022-03-17,13324.190833607976,0.6662095416803988,Deployed QQQ/TQQQ
2022-03-18,13324.190833607976,0.6662095416803988,Deployed QQQ/TQQQ
2022-03-21,13324.190833607976,0.6662095416803988,Deployed QQQ/TQQQ
2022-03-22,13324.190833607976,0.6662095416803988,Deployed QQQ/TQQQ
2022-03-23,13324.190833607976,0.6662095416803988,Deployed QQQ/TQQQ
2022-03-24,13324.190833607976,0.6662095416803988,Deployed QQQ/TQQQ
2022-03-25,13324.190833607976,0.6662095416803988,Deployed QQQ/TQQQ
2022-03-28,13324.190833607976,0.6662095416803988,Deployed QQQ/TQQQ
2022-03-29,13324.190833607976,0.6662095416803988,Deployed QQQ/TQQQ
2022-03-30,13324.190833607976,0.6662095416803988,Deployed QQQ/TQQQ
2022-03-31,13324.190833607976,0.6662095416803988,Deployed QQQ/TQQQ
2022-04-01,13324.190833607976,0.6662095416803988,Deployed QQQ/TQQQ
2022-04-04,13324.190833607976,0.6662095416803988,Deployed QQQ/TQQQ
2022-04-05,13324.190833607976,0.6662095416803988,Deployed QQQ/TQQQ
2022-04-06,13324.190833607976,0.6662095416803988,Deployed QQQ/TQQQ
2022-04-07,13324.190833607976,0.6662095416803988,Deployed QQQ/TQQQ
2022-04-08,13324.190833607976,0.6662095416803988,Deployed QQQ/TQQQ
2022-04-11,13324.190833607976,0.6662095416803988,Deployed QQQ/TQQQ
2022-04-12,13324.190833607976,0.6662095416803988,Deployed QQQ/TQQQ
2022-04-13,13324.190833607976,0.6662095416803988,Deployed QQQ/TQQQ
2022-04-14,13324.190833607976,0.6662095416803988,Deployed QQQ/TQQQ
2022-04-18,13324.190833607976,0.6662095416803988,Deployed QQQ/TQQQ
2022-04-19,13324.190833607976,0.6662095416803988,Deployed QQQ/TQQQ
2022-04-20,13324.190833607976,0.6662095416803988,Deployed QQQ/TQQQ
2022-04-21,13324.190833607976,0.6662095416803988,Deployed QQQ/TQQQ
2022-04-22,13324.190833607976,0.6662095416803988,Deployed QQQ/TQQQ
2022-04-25,13324.190833607976,0.6662095416803988,Deployed QQQ/TQQQ
2022-04-26,13324.190833607976,0.6662095416803988,Deployed QQQ/TQQQ
2022-04-27,13324.190833607976,0.6662095416803988,Deployed QQQ/TQQQ
2022-04-28,13324.190833607976,0.6662095416803988,Deployed QQQ/TQQQ
2022-04-29,13324.190833607976,0.6662095416803988,Deployed QQQ/TQQQ
2022-05-02,13324.190833607976,0.6662095416803988,Deployed QQQ/TQQQ
2022-05-03,13324.190833607976,0.6662095416803988,Deployed QQQ/TQQQ
2022-05-04,13324.190833607976,0.6662095416803988,Deployed QQQ/TQQQ
2022-05-05,13324.190833607976,0.6662095416803988,Deployed QQQ/TQQQ
2022-05-06,13324.190833607976,0.6662095416803988,Deployed QQQ/TQQQ
2022-05-09,13324.190833607976,0.6662095416803988,Deployed QQQ/TQQQ
2022-05-10,13324.190833607976,0.6662095416803988,Deployed QQQ/TQQQ
2022-05-11,13324.190833607976,0.6662095416803988,Deployed QQQ/TQQQ
2022-05-12,13324.190833607976,0.6662095416803988,Deployed QQQ/TQQQ
2022-05-13,13324.190833607976,0.6662095416803988,Deployed QQQ/TQQQ
2022-05-16,13324.190833607976,0.6662095416803988,Deployed QQQ/TQQQ
2022-05-17,13324.190833607976,0.6662095416803988,Deployed QQQ/TQQQ
2022-05-18,13324.190833607976,0.6662095416803988,Deployed QQQ/TQQQ
2022-05-19,13324.190833607976,0.6662095416803988,Deployed QQQ/TQQQ
2022-05-20,13324.190833607976,0.6662095416803988,Deployed QQQ/TQQQ
2022-05-23,13324.190833607976,0.6662095416803988,Deployed QQQ/TQQQ
2022-05-24,13324.190833607976,0.6662095416803988,Deployed QQQ/TQQQ
2022-05-25,13324.190833607976,0.6662095416803988,Deployed QQQ/TQQQ
2022-05-26,13324.190833607976,0.6662095416803988,Deployed QQQ/TQQQ
2022-05-27,13324.190833607976,0.6662095416803988,Deployed QQQ/TQQQ
2022-05-31,13324.190833607976,0.6662095416803988,Deployed QQQ/TQQQ
2022-06-01,13324.190833607976,0.6662095416803988,Deployed QQQ/TQQQ
2022-06-02,13324.190833607976,0.6662095416803988,Deployed QQQ/TQQQ
2022-06-03,13324.190833607976,0.6662095416803988,Deployed QQQ/TQQQ
2022-06-06,13324.190833607976,0.6662095416803988,Deployed QQQ/TQQQ
2022-06-07,13324.190833607976,0.6662095416803988,Deployed QQQ/TQQQ
2022-06-08,13324.190833607976,0.6662095416803988,Deployed QQQ/TQQQ
2022-06-09,13324.190833607976,0.6662095416803988,Deployed QQQ/TQQQ
2022-06-10,13324.190833607976,0.6662095416803988,Deployed QQQ/TQQQ
2022-06-13,13324.190833607976,0.6662095416803988,Deployed QQQ/TQQQ
2022-06-14,13324.190833607976,0.6662095416803988,Deployed QQQ/TQQQ
2022-06-15,13324.190833607976,0.6662095416803988,Deployed QQQ/TQQQ
2022-06-16,13324.190833607976,0.6662095416803988,Deployed QQQ/TQQQ
2022-06-17,13324.190833607976,0.6662095416803988,Deployed QQQ/TQQQ
2022-06-21,13324.190833607976,0.6662095416803988,Deployed QQQ/TQQQ
2022-06-22,13324.190833607976,0.6662095416803988,Deployed QQQ/TQQQ
2022-06-23,13324.190833607976,0.6662095416803988,Deployed QQQ/TQQQ
2022-06-24,13324.190833607976,0.6662095416803988,Deployed QQQ/TQQQ
2022-06-27,13324.190833607976,0.6662095416803988,Deployed QQQ/TQQQ
2022-06-28,13324.190833607976,0.6662095416803988,Deployed QQQ/TQQQ
2022-06-29,13324.190833607976,0.6662095416803988,Deployed QQQ/TQQQ
2022-06-30,13324.190833607976,0.6662095416803988,Deployed QQQ/TQQQ
2022-07-01,13324.190833607976,0.6662095416803988,Deployed QQQ/TQQQ
2022-07-05,13324.190833607976,0.6662095416803988,Deployed QQQ/TQQQ
2022-07-06,13324.190833607976,0.6662095416803988,Deployed QQQ/TQQQ
2022-07-07,13324.190833607976,0.6662095416803988,Deployed QQQ/TQQQ
2022-07-08,13324.190833607976,0.6662095416803988,Deployed QQQ/TQQQ
2022-07-11,13324.190833607976,0.6662095416803988,Deployed QQQ/TQQQ
2022-07-12,13324.190833607976,0.6662095416803988,Deployed QQQ/TQQQ
2022-07-13,13324.190833607976,0.6662095416803988,Deployed QQQ/TQQQ
2022-07-14,13324.190833607976,0.6662095416803988,Deployed QQQ/TQQQ
2022-07-15,13324.190833607976,0.6662095416803988,Deployed QQQ/TQQQ
2022-07-18,13324.190833607976,0.6662095416803988,Deployed QQQ/TQQQ
2022-07-19,13324.190833607976,0.6662095416803988,Deployed QQQ/TQQQ
2022-07-20,13324.190833607976,0.6662095416803988,Deployed QQQ/TQQQ
2022-07-21,13324.190833607976,0.6662095416803988,Deployed QQQ/TQQQ
2022-07-22,13324.190833607976,0.6662095416803988,Deployed QQQ/TQQQ
2022-07-25,13324.190833607976,0.6662095416803988,Deployed QQQ/TQQQ
2022-07-26,13324.190833607976,0.6662095416803988,Deployed QQQ/TQQQ
2022-07-27,13324.190833607976,0.6662095416803988,Deployed QQQ/TQQQ
2022-07-28,13324.190833607976,0.6662095416803988,Deployed QQQ/TQQQ
2022-07-29,13324.190833607976,0.6662095416803988,Deployed QQQ/TQQQ
2022-08-01,13324.190833607976,0.6662095416803988,Deployed QQQ/TQQQ
2022-08-02,13324.190833607976,0.6662095416803988,Deployed QQQ/TQQQ
2022-08-03,13324.190833607976,0.6662095416803988,Deployed QQQ/TQQQ
2022-08-04,13324.190833607976,0.6662095416803988,Deployed QQQ/TQQQ
2022-08-05,13324.190833607976,0.6662095416803988,Deployed QQQ/TQQQ
2022-08-08,13324.190833607976,0.6662095416803988,Deployed QQQ/TQQQ
2022-08-09,13324.190833607976,0.6662095416803988,Deployed QQQ/TQQQ
2022-08-10,13324.190833607976,0.6662095416803988,Deployed QQQ/TQQQ
2022-08-11,13324.190833607976,0.6662095416803988,Deployed QQQ/TQQQ
2022-08-12,13324.190833607976,0.6662095416803988,Deployed QQQ/TQQQ
2022-08-15,13324.190833607976,0.6662095416803988,Deployed QQQ/TQQQ
2022-08-16,13324.190833607976,0.6662095416803988,Deployed QQQ/TQQQ
2022-08-17,13324.190833607976,0.6662095416803988,Deployed QQQ/TQQQ
2022-08-18,13324.190833607976,0.6662095416803988,Deployed QQQ/TQQQ
2022-08-19,13324.190833607976,0.6662095416803988,Deployed QQQ/TQQQ
2022-08-22,13324.190833607976,0.6662095416803988,Deployed QQQ/TQQQ
2022-08-23,13324.190833607976,0.6662095416803988,Deployed QQQ/TQQQ
2022-08-24,13324.190833607976,0.6662095416803988,Deployed QQQ/TQQQ
2022-08-25,13324.190833607976,0.6662095416803988,Deployed QQQ/TQQQ
2022-08-26,13324.190833607976,0.6662095416803988,Deployed QQQ/TQQQ
2022-08-29,13324.190833607976,0.6662095416803988,Deployed QQQ/TQQQ
2022-08-30,13324.190833607976,0.6662095416803988,Deployed QQQ/TQQQ
2022-08-31,13324.190833607976,0.6662095416803988,Deployed QQQ/TQQQ
2022-09-01,13324.190833607976,0.6662095416803988,Deployed QQQ/TQQQ
2022-09-02,13324.190833607976,0.6662095416803988,Deployed QQQ/TQQQ
2022-09-06,13324.190833607976,0.6662095416803988,Deployed QQQ/TQQQ
2022-09-07,13324.190833607976,0.6662095416803988,Deployed QQQ/TQQQ
2022-09-08,13324.190833607976,0.6662095416803988,Deployed QQQ/TQQQ
2022-09-09,13324.190833607976,0.6662095416803988,Deployed QQQ/TQQQ
2022-09-12,13324.190833607976,0.6662095416803988,Deployed QQQ/TQQQ
2022-09-13,13324.190833607976,0.6662095416803988,Deployed QQQ/TQQQ
2022-09-14,13324.190833607976,0.6662095416803988,Deployed QQQ/TQQQ
2022-09-15,13324.190833607976,0.6662095416803988,Deployed QQQ/TQQQ
2022-09-16,13324.190833607976,0.6662095416803988,Deployed QQQ/TQQQ
2022-09-19,13324.190833607976,0.6662095416803988,Deployed QQQ/TQQQ
2022-09-20,13324.190833607976,0.6662095416803988,Deployed QQQ/TQQQ
2022-09-21,13324.190833607976,0.6662095416803988,Deployed QQQ/TQQQ
2022-09-22,13324.190833607976,0.6662095416803988,Deployed QQQ/TQQQ
2022-09-23,13324.190833607976,0.6662095416803988,Deployed QQQ/TQQQ
2022-09-26,13324.190833607976,0.6662095416803988,Deployed QQQ/TQQQ
2022-09-27,13324.190833607976,0.6662095416803988,Deployed QQQ/TQQQ
2022-09-28,13324.190833607976,0.6662095416803988,Deployed QQQ/TQQQ
2022-09-29,13324.190833607976,0.6662095416803988,Deployed QQQ/TQQQ
2022-09-30,13324.190833607976,0.6662095416803988,Deployed QQQ/TQQQ
2022-10-03,13324.190833607976,0.6662095416803988,Deployed QQQ/TQQQ
2022-10-04,13324.190833607976,0.6662095416803988,Deployed QQQ/TQQQ
2022-10-05,13324.190833607976,0.6662095416803988,Deployed QQQ/TQQQ
2022-10-06,13324.190833607976,0.6662095416803988,Deployed QQQ/TQQQ
2022-10-07,13324.190833607976,0.6662095416803988,Deployed QQQ/TQQQ
2022-10-10,13324.190833607976,0.6662095416803988,Deployed QQQ/TQQQ
2022-10-11,13324.190833607976,0.6662095416803988,Deployed QQQ/TQQQ
2022-10-12,13324.190833607976,0.6662095416803988,Deployed QQQ/TQQQ
2022-10-13,13324.190833607976,0.6662095416803988,Deployed QQQ/TQQQ
2022-10-14,13324.190833607976,0.6662095416803988,Deployed QQQ/TQQQ
2022-10-17,13324.190833607976,0.6662095416803988,Deployed QQQ/TQQQ
2022-10-18,13324.190833607976,0.6662095416803988,Deployed QQQ/TQQQ
2022-10-19,13324.190833607976,0.6662095416803988,Deployed QQQ/TQQQ
2022-10-20,13324.190833607976,0.6662095416803988,Deployed QQQ/TQQQ
2022-10-21,13324.190833607976,0.6662095416803988,Deployed QQQ/TQQQ
2022-10-24,13324.190833607976,0.6662095416803988,Deployed QQQ/TQQQ
2022-10-25,13324.190833607976,0.6662095416803988,Deployed QQQ/TQQQ
2022-10-26,13324.190833607976,0.6662095416803988,Deployed QQQ/TQQQ
2022-10-27,13324.190833607976,0.6662095416803988,Deployed QQQ/TQQQ
2022-10-28,13324.190833607976,0.6662095416803988,Deployed QQQ/TQQQ
2022-10-31,13324.190833607976,0.6662095416803988,Deployed QQQ/TQQQ
2022-11-01,13324.190833607976,0.6662095416803988,Deployed QQQ/TQQQ
2022-11-02,13324.190833607976,0.6662095416803988,Deployed QQQ/TQQQ
2022-11-03,13324.190833607976,0.6662095416803988,Deployed QQQ/TQQQ
2022-11-04,13324.190833607976,0.6662095416803988,Deployed QQQ/TQQQ
2022-11-07,13324.190833607976,0.6662095416803988,Deployed QQQ/TQQQ
2022-11-08,13324.190833607976,0.6662095416803988,Deployed QQQ/TQQQ
2022-11-09,13324.190833607976,0.6662095416803988,Deployed QQQ/TQQQ
2022-11-10,13324.190833607976,0.6662095416803988,Deployed QQQ/TQQQ
2022-11-11,13324.190833607976,0.6662095416803988,Deployed QQQ/TQQQ
2022-11-14,13324.190833607976,0.6662095416803988,Deployed QQQ/TQQQ
2022-11-15,13324.190833607976,0.6662095416803988,Deployed QQQ/TQQQ
2022-11-16,13324.190833607976,0.6662095416803988,Deployed QQQ/TQQQ
2022-11-17,13324.190833607976,0.6662095416803988,Deployed QQQ/TQQQ
2022-11-18,13324.190833607976,0.6662095416803988,Deployed QQQ/TQQQ
2022-11-21,13324.190833607976,0.6662095416803988,Deployed QQQ/TQQQ
2022-11-22,13324.190833607976,0.6662095416803988,Deployed QQQ/TQQQ
2022-11-23,13324.190833607976,0.6662095416803988,Deployed QQQ/TQQQ
2022-11-25,13324.190833607976,0.6662095416803988,Deployed QQQ/TQQQ
2022-11-28,13324.190833607976,0.6662095416803988,Deployed QQQ/TQQQ
2022-11-29,13324.190833607976,0.6662095416803988,Deployed QQQ/TQQQ
2022-11-30,13324.190833607976,0.6662095416803988,Deployed QQQ/TQQQ
2022-12-01,13324.190833607976,0.6662095416803988,Deployed QQQ/TQQQ
2022-12-02,13324.190833607976,0.6662095416803988,Deployed QQQ/TQQQ
2022-12-05,13324.190833607976,0.6662095416803988,Deployed QQQ/TQQQ
2022-12-06,13324.190833607976,0.6662095416803988,Deployed QQQ/TQQQ
2022-12-07,13324.190833607976,0.6662095416803988,Deployed QQQ/TQQQ
2022-12-08,13324.190833607976,0.6662095416803988,Deployed QQQ/TQQQ
2022-12-09,13324.190833607976,0.6662095416803988,Deployed QQQ/TQQQ
2022-12-12,13324.190833607976,0.6662095416803988,Deployed QQQ/TQQQ
2022-12-13,13324.190833607976,0.6662095416803988,Deployed QQQ/TQQQ
2022-12-14,13324.190833607976,0.6662095416803988,Deployed QQQ/TQQQ
2022-12-15,13324.190833607976,0.6662095416803988,Deployed QQQ/TQQQ
2022-12-16,13324.190833607976,0.6662095416803988,Deployed QQQ/TQQQ
2022-12-19,13324.190833607976,0.6662095416803988,Deployed QQQ/TQQQ
2022-12-20,13324.190833607976,0.6662095416803988,Deployed QQQ/TQQQ
2022-12-21,13324.190833607976,0.6662095416803988,Deployed QQQ/TQQQ
2022-12-22,13324.190833607976,0.6662095416803988,Deployed QQQ/TQQQ
2022-12-23,13324.190833607976,0.6662095416803988,Deployed QQQ/TQQQ
2022-12-27,13324.190833607976,0.6662095416803988,Deployed QQQ/TQQQ
2022-12-28,13324.190833607976,0.6662095416803988,Deployed QQQ/TQQQ
2022-12-29,13324.190833607976,0.6662095416803988,Deployed QQQ/TQQQ
2022-12-30,13324.190833607976,0.6662095416803988,Deployed QQQ/TQQQ
2023-01-03,13324.190833607976,0.6662095416803988,Deployed QQQ/TQQQ
2023-01-04,13324.190833607976,0.6662095416803988,Deployed QQQ/TQQQ
2023-01-05,13324.190833607976,0.6662095416803988,Deployed QQQ/TQQQ
2023-01-06,13324.190833607976,0.6662095416803988,Deployed QQQ/TQQQ
2023-01-09,13324.190833607976,0.6662095416803988,Deployed QQQ/TQQQ
2023-01-10,13324.190833607976,0.6662095416803988,Deployed QQQ/TQQQ
2023-01-11,13324.190833607976,0.6662095416803988,Deployed QQQ/TQQQ
2023-01-12,13324.190833607976,0.6662095416803988,Deployed QQQ/TQQQ
2023-01-13,13324.190833607976,0.6662095416803988,Deployed QQQ/TQQQ
2023-01-17,13324.190833607976,0.6662095416803988,Deployed QQQ/TQQQ
2023-01-18,13324.190833607976,0.6662095416803988,Deployed QQQ/TQQQ
2023-01-19,13324.190833607976,0.6662095416803988,Deployed QQQ/TQQQ
2023-01-20,13324.190833607976,0.6662095416803988,Deployed QQQ/TQQQ
2023-01-23,13324.190833607976,0.6662095416803988,Deployed QQQ/TQQQ
2023-01-24,13324.190833607976,0.6662095416803988,Deployed QQQ/TQQQ
2023-01-25,13324.190833607976,0.6662095416803988,Deployed QQQ/TQQQ
2023-01-26,13324.190833607976,0.6662095416803988,Deployed QQQ/TQQQ
2023-01-27,13324.190833607976,0.6662095416803988,Deployed QQQ/TQQQ
2023-01-30,13324.190833607976,0.6662095416803988,Deployed QQQ/TQQQ
2023-01-31,13324.190833607976,0.6662095416803988,Deployed QQQ/TQQQ
2023-02-01,13324.190833607976,0.6662095416803988,Deployed QQQ/TQQQ
2023-02-02,13324.190833607976,0.6662095416803988,Deployed QQQ/TQQQ
2023-02-03,13324.190833607976,0.6662095416803988,Deployed QQQ/TQQQ
2023-02-06,13324.190833607976,0.6662095416803988,Deployed QQQ/TQQQ
2023-02-07,13324.190833607976,0.6662095416803988,Deployed QQQ/TQQQ
2023-02-08,13324.190833607976,0.6662095416803988,Deployed QQQ/TQQQ
2023-02-09,13324.190833607976,0.6662095416803988,Deployed QQQ/TQQQ
2023-02-10,13324.190833607976,0.6662095416803988,Deployed QQQ/TQQQ
2023-02-13,13324.190833607976,0.6662095416803988,Deployed QQQ/TQQQ
2023-02-14,13324.190833607976,0.6662095416803988,Deployed QQQ/TQQQ
2023-02-15,13324.190833607976,0.6662095416803988,Deployed QQQ/TQQQ
2023-02-16,13324.190833607976,0.6662095416803988,Deployed QQQ/TQQQ
2023-02-17,13324.190833607976,0.6662095416803988,Deployed QQQ/TQQQ
2023-02-21,13324.190833607976,0.6662095416803988,Deployed QQQ/TQQQ
2023-02-22,13327.922407935868,0.6663961203967934,Deployed QQQ/TQQQ
2023-02-23,13349.646338215744,0.6674823169107872,Deployed QQQ/TQQQ
2023-02-24,13311.61244594273,0.6655806222971365,Deployed QQQ/TQQQ
2023-02-27,13339.142636470213,0.6669571318235107,Deployed QQQ/TQQQ
2023-02-28,13338.86502211859,0.6669432511059296,Deployed QQQ/TQQQ
2023-03-01,13322.678834587154,0.6661339417293577,Deployed QQQ/TQQQ
2023-03-02,13346.044403746137,0.6673022201873068,Deployed QQQ/TQQQ
2023-03-03,13398.041250379854,0.6699020625189928,Deployed QQQ/TQQQ
2023-03-06,13409.933000729425,0.6704966500364712,Deployed QQQ/TQQQ
2023-03-07,13389.431059365726,0.6694715529682863,Deployed QQQ/TQQQ
2023-03-08,13403.146620366357,0.6701573310183179,Deployed QQQ/TQQQ
2023-03-09,13368.986572651063,0.6684493286325531,Deployed QQQ/TQQQ
2023-03-10,13333.66974884647,0.6666834874423235,Deployed QQQ/TQQQ
2023-03-13,13367.510613579372,0.6683755306789686,Deployed QQQ/TQQQ
2023-03-14,13419.363224531307,0.6709681612265653,Deployed QQQ/TQQQ
2023-03-15,13431.824539762818,0.6715912269881409,Deployed QQQ/TQQQ
2023-03-16,13460.089284547408,0.6730044642273704,Deployed QQQ/TQQQ
2023-03-17,13459.558855591002,0.67297794277955,Deployed QQQ/TQQQ
2023-03-20,13469.621615401054,0.6734810807700528,Deployed QQQ/TQQQ
2023-03-21,13472.74593795983,0.6736372968979915,Deployed QQQ/TQQQ
2023-03-22,13471.980850802582,0.673599042540129,Deployed QQQ/TQQQ
2023-03-23,13473.275646061556,0.6736637823030778,Deployed QQQ/TQQQ
2023-03-24,13473.375804096651,0.6736687902048326,Deployed QQQ/TQQQ
2023-03-27,13473.379374434056,0.6736689687217028,Deployed QQQ/TQQQ
2023-03-28,13473.379374434056,0.6736689687217028,Deployed QQQ/TQQQ
2023-03-29,13473.379374434056,0.6736689687217028,Deployed QQQ/TQQQ
2023-03-30,13473.379374434056,0.6736689687217028,Deployed QQQ/TQQQ
2023-03-31,13473.379374434056,0.6736689687217028,Deployed QQQ/TQQQ
2023-04-03,13473.379374434056,0.6736689687217028,Deployed QQQ/TQQQ
2023-04-04,13473.379374434056,0.6736689687217028,Deployed QQQ/TQQQ
2023-04-05,13473.379374434056,0.6736689687217028,Deployed QQQ/TQQQ
2023-04-06,13473.379374434056,0.6736689687217028,Deployed QQQ/TQQQ
2023-04-10,13473.379374434056,0.6736689687217028,Deployed QQQ/TQQQ
2023-04-11,13473.379374434056,0.6736689687217028,Deployed QQQ/TQQQ
2023-04-12,13473.379374434056,0.6736689687217028,Deployed QQQ/TQQQ
2023-04-13,13473.379374434056,0.6736689687217028,Deployed QQQ/TQQQ
2023-04-14,13473.379374434056,0.6736689687217028,Deployed QQQ/TQQQ
2023-04-17,13473.379374434056,0.6736689687217028,Deployed QQQ/TQQQ
2023-04-18,13473.379374434056,0.6736689687217028,Deployed QQQ/TQQQ
2023-04-19,13473.379374434056,0.6736689687217028,Deployed QQQ/TQQQ
2023-04-20,13473.379374434056,0.6736689687217028,Deployed QQQ/TQQQ
2023-04-21,13473.379374434056,0.6736689687217028,Deployed QQQ/TQQQ
2023-04-24,13473.379374434056,0.6736689687217028,Deployed QQQ/TQQQ
2023-04-25,13473.379374434056,0.6736689687217028,Deployed QQQ/TQQQ
2023-04-26,13487.317097459569,0.6743658548729784,Deployed QQQ/TQQQ
2023-04-27,13529.043214187495,0.6764521607093748,Deployed QQQ/TQQQ
2023-04-28,13538.927707396888,0.6769463853698444,Deployed QQQ/TQQQ
2023-05-01,13545.910066716551,0.6772955033358276,Deployed QQQ/TQQQ
2023-05-02,13538.792545102931,0.6769396272551466,Deployed QQQ/TQQQ
2023-05-03,13534.833008074944,0.6767416504037472,Deployed QQQ/TQQQ
2023-05-04,13538.25617942522,0.6769128089712609,Deployed QQQ/TQQQ
2023-05-05,13558.947814116216,0.6779473907058108,Deployed QQQ/TQQQ
2023-05-08,13564.935123458334,0.6782467561729166,Deployed QQQ/TQQQ
2023-05-09,13563.58436023354,0.678179218011677,Deployed QQQ/TQQQ
2023-05-10,13570.292415390251,0.6785146207695125,Deployed QQQ/TQQQ
2023-05-11,13572.121277335096,0.6786060638667548,Deployed QQQ/TQQQ
2023-05-12,13572.028350657867,0.6786014175328934,Deployed QQQ/TQQQ
2023-05-15,13575.083375042925,0.6787541687521462,Deployed QQQ/TQQQ
2023-05-16,13575.632670003051,0.6787816335001525,Deployed QQQ/TQQQ
2023-05-17,13576.449270583264,0.6788224635291632,Deployed QQQ/TQQQ
2023-05-18,13576.710976011953,0.6788355488005976,Deployed QQQ/TQQQ
2023-05-19,13576.720335427675,0.6788360167713837,Deployed QQQ/TQQQ
2023-05-22,13576.733273134794,0.6788366636567397,Deployed QQQ/TQQQ
2023-05-23,13576.733163152818,0.6788366581576409,Deployed QQQ/TQQQ
2023-05-24,13576.733287808467,0.6788366643904233,Deployed QQQ/TQQQ
2023-05-25,13576.733332873304,0.6788366666436652,Deployed QQQ/TQQQ
2023-05-26,13576.733332873491,0.6788366666436746,Deployed QQQ/TQQQ
2023-05-30,13576.733332873491,0.6788366666436746,Deployed QQQ/TQQQ
2023-05-31,13576.733332873491,0.6788366666436746,Deployed QQQ/TQQQ
2023-06-01,13576.733332873491,0.6788366666436746,Deployed QQQ/TQQQ
2023-06-02,13576.733332873491,0.6788366666436746,Deployed QQQ/TQQQ
2023-06-05,13576.733332873491,0.6788366666436746,Deployed QQQ/TQQQ
2023-06-06,13576.733332873491,0.6788366666436746,Deployed QQQ/TQQQ
2023-06-07,13576.733332873491,0.6788366666436746,Deployed QQQ/TQQQ
2023-06-08,13576.733332873491,0.6788366666436746,Deployed QQQ/TQQQ
2023-06-09,13576.733332873491,0.6788366666436746,Deployed QQQ/TQQQ
2023-06-12,13576.733332873491,0.6788366666436746,Deployed QQQ/TQQQ
2023-06-13,13576.733332873491,0.6788366666436746,Deployed QQQ/TQQQ
2023-06-14,13576.733332873491,0.6788366666436746,Deployed QQQ/TQQQ
2023-06-15,13576.733332873491,0.6788366666436746,Deployed QQQ/TQQQ
2023-06-16,13576.733332873491,0.6788366666436746,Deployed QQQ/TQQQ
2023-06-20,13576.733332873491,0.6788366666436746,Deployed QQQ/TQQQ
2023-06-21,13576.733332873491,0.6788366666436746,Deployed QQQ/TQQQ
2023-06-22,13576.733332873491,0.6788366666436746,Deployed QQQ/TQQQ
2023-06-23,13576.733332873491,0.6788366666436746,Deployed QQQ/TQQQ
2023-06-26,13576.733332873491,0.6788366666436746,Deployed QQQ/TQQQ
2023-06-27,13576.733332873491,0.6788366666436746,Deployed QQQ/TQQQ
2023-06-28,13576.733332873491,0.6788366666436746,Deployed QQQ/TQQQ
2023-06-29,13576.733332873491,0.6788366666436746,Deployed QQQ/TQQQ
2023-06-30,13576.733332873491,0.6788366666436746,Deployed QQQ/TQQQ
2023-07-03,13576.733332873491,0.6788366666436746,Deployed QQQ/TQQQ
2023-07-05,13576.733332873491,0.6788366666436746,Deployed QQQ/TQQQ
2023-07-06,13576.733332873491,0.6788366666436746,Deployed QQQ/TQQQ
2023-07-07,13576.733332873491,0.6788366666436746,Deployed QQQ/TQQQ
2023-07-10,13576.733332873491,0.6788366666436746,Deployed QQQ/TQQQ
2023-07-11,13576.733332873491,0.6788366666436746,Deployed QQQ/TQQQ
2023-07-12,13576.733332873491,0.6788366666436746,Deployed QQQ/TQQQ
2023-07-13,13576.733332873491,0.6788366666436746,Deployed QQQ/TQQQ
2023-07-14,13576.733332873491,0.6788366666436746,Deployed QQQ/TQQQ
2023-07-17,13576.733332873491,0.6788366666436746,Deployed QQQ/TQQQ
2023-07-18,13576.733332873491,0.6788366666436746,Deployed QQQ/TQQQ
2023-07-19,13576.733332873491,0.6788366666436746,Deployed QQQ/TQQQ
2023-07-20,13576.733332873491,0.6788366666436746,Deployed QQQ/TQQQ
2023-07-21,13576.733332873491,0.6788366666436746,Deployed QQQ/TQQQ
2023-07-24,13576.733332873491,0.6788366666436746,Deployed QQQ/TQQQ
2023-07-25,13576.733332873491,0.6788366666436746,Deployed QQQ/TQQQ
2023-07-26,13576.733332873491,0.6788366666436746,Deployed QQQ/TQQQ
2023-07-27,13576.733332873491,0.6788366666436746,Deployed QQQ/TQQQ
2023-07-28,13576.733332873491,0.6788366666436746,Deployed QQQ/TQQQ
2023-07-31,13576.733332873491,0.6788366666436746,Deployed QQQ/TQQQ
2023-08-01,13576.733332873491,0.6788366666436746,Deployed QQQ/TQQQ
2023-08-02,13576.733332873491,0.6788366666436746,Deployed QQQ/TQQQ
2023-08-03,13576.733332873491,0.6788366666436746,Deployed QQQ/TQQQ
2023-08-04,13576.733332873491,0.6788366666436746,Deployed QQQ/TQQQ
2023-08-07,13616.060730534682,0.6808030365267341,Deployed QQQ/TQQQ
2023-08-08,13591.184320991157,0.6795592160495578,Deployed QQQ/TQQQ
2023-08-09,13550.701189979334,0.6775350594989668,Deployed QQQ/TQQQ
2023-08-10,13561.952181784736,0.6780976090892368,Deployed QQQ/TQQQ
2023-08-11,13535.750452601682,0.6767875226300841,Deployed QQQ/TQQQ
2023-08-14,13591.484900761714,0.6795742450380857,Deployed QQQ/TQQQ
2023-08-15,13551.809175697384,0.6775904587848692,Deployed QQQ/TQQQ
2023-08-16,13498.07287780359,0.6749036438901795,Deployed QQQ/TQQQ
2023-08-17,13433.720425196974,0.6716860212598487,Deployed QQQ/TQQQ
2023-08-18,13431.520349285702,0.6715760174642851,Deployed QQQ/TQQQ
2023-08-21,13537.387047616186,0.6768693523808094,Deployed QQQ/TQQQ
2023-08-22,13534.859297296967,0.6767429648648484,Deployed QQQ/TQQQ
2023-08-23,13610.55800924726,0.680527900462363,Deployed QQQ/TQQQ
2023-08-24,13497.458537185896,0.6748729268592948,Deployed QQQ/TQQQ
2023-08-25,13553.758890198427,0.6776879445099213,Deployed QQQ/TQQQ
2023-08-28,13614.566217182117,0.6807283108591058,Deployed QQQ/TQQQ
2023-08-29,13678.057090777722,0.6839028545388861,Deployed QQQ/TQQQ
2023-08-30,13689.794274087517,0.6844897137043758,Deployed QQQ/TQQQ
2023-08-31,13695.714089147785,0.6847857044573893,Deployed QQQ/TQQQ
2023-09-01,13697.590987655953,0.6848795493827976,Deployed QQQ/TQQQ
2023-09-05,13702.2954448877,0.685114772244385,Deployed QQQ/TQQQ
2023-09-06,13702.296882466537,0.6851148441233268,Deployed QQQ/TQQQ
2023-09-07,13702.296882466537,0.6851148441233268,Deployed QQQ/TQQQ
2023-09-08,13702.296882466537,0.6851148441233268,Deployed QQQ/TQQQ
2023-09-11,13702.296882466537,0.6851148441233268,Deployed QQQ/TQQQ
2023-09-12,13702.296882466537,0.6851148441233268,Deployed QQQ/TQQQ
2023-09-13,13702.296882466537,0.6851148441233268,Deployed QQQ/TQQQ
2023-09-14,13702.296882466537,0.6851148441233268,Deployed QQQ/TQQQ
2023-09-15,13702.296882466537,0.6851148441233268,Deployed QQQ/TQQQ
2023-09-18,13715.34702751093,0.6857673513755466,Deployed QQQ/TQQQ
2023-09-19,13711.794797487571,0.6855897398743785,Deployed QQQ/TQQQ
2023-09-20,13649.97014182294,0.682498507091147,Deployed QQQ/TQQQ
2023-09-21,13544.740521972792,0.6772370260986396,Deployed QQQ/TQQQ
2023-09-22,13551.487664648032,0.6775743832324016,Deployed QQQ/TQQQ
2023-09-25,13591.384031852647,0.6795692015926323,Deployed QQQ/TQQQ
2023-09-26,13497.899270620106,0.6748949635310053,Deployed QQQ/TQQQ
2023-09-27,13515.52857020288,0.675776428510144,Deployed QQQ/TQQQ
2023-09-28,13571.515525005449,0.6785757762502724,Deployed QQQ/TQQQ
2023-09-29,13583.523971075976,0.6791761985537988,Deployed QQQ/TQQQ
2023-10-02,13643.925646536962,0.682196282326848,Deployed QQQ/TQQQ
2023-10-03,13525.318766305189,0.6762659383152594,Deployed QQQ/TQQQ
2023-10-04,13619.309711255451,0.6809654855627726,Deployed QQQ/TQQQ
2023-10-05,13601.50249781561,0.6800751248907805,Deployed QQQ/TQQQ
2023-10-06,13699.646434165532,0.6849823217082766,Deployed QQQ/TQQQ
2023-10-09,13741.359037960545,0.6870679518980273,Deployed QQQ/TQQQ
2023-10-10,13769.867381409733,0.6884933690704866,Deployed QQQ/TQQQ
2023-10-11,13797.738858091903,0.6898869429045952,Deployed QQQ/TQQQ
2023-10-12,13794.243572746916,0.6897121786373458,Deployed QQQ/TQQQ
2023-10-13,13755.85383122994,0.687792691561497,Deployed QQQ/TQQQ
2023-10-16,13820.207550826495,0.6910103775413248,Deployed QQQ/TQQQ
2023-10-17,13824.93392939486,0.691246696469743,Deployed QQQ/TQQQ
2023-10-18,13798.944563866396,0.6899472281933198,Deployed QQQ/TQQQ
2023-10-19,13750.865094297547,0.6875432547148773,Deployed QQQ/TQQQ
2023-10-20,13653.347876903554,0.6826673938451777,Deployed QQQ/TQQQ
2023-10-23,13683.894521230834,0.6841947260615416,Deployed QQQ/TQQQ
2023-10-24,13746.192539873147,0.6873096269936574,Deployed QQQ/TQQQ
2023-10-25,13567.244625386547,0.6783622312693274,Deployed QQQ/TQQQ
2023-10-26,13413.773480239455,0.6706886740119727,Deployed QQQ/TQQQ
2023-10-27,13453.571459518014,0.6726785729759007,Deployed QQQ/TQQQ
2023-10-30,13544.430283737558,0.6772215141868779,Deployed QQQ/TQQQ
2023-10-31,13588.674732834686,0.6794337366417343,Deployed QQQ/TQQQ
2023-11-01,13714.644132008116,0.6857322066004058,Deployed QQQ/TQQQ
2023-11-02,13826.479700826188,0.6913239850413094,Deployed QQQ/TQQQ
2023-11-03,13891.942165945293,0.6945971082972646,Deployed QQQ/TQQQ
2023-11-06,13927.399410375592,0.6963699705187796,Deployed QQQ/TQQQ
2023-11-07,13969.476590440525,0.6984738295220262,Deployed QQQ/TQQQ
2023-11-08,13977.390623508873,0.6988695311754436,Deployed QQQ/TQQQ
2023-11-09,13954.508013157618,0.6977254006578809,Deployed QQQ/TQQQ
2023-11-10,14019.850831929783,0.7009925415964892,Deployed QQQ/TQQQ
2023-11-13,14030.55431309375,0.7015277156546875,Deployed QQQ/TQQQ
2023-11-14,14050.619438632004,0.7025309719316002,Deployed QQQ/TQQQ
2023-11-15,14052.602951410796,0.7026301475705398,Deployed QQQ/TQQQ
2023-11-16,14053.80927720777,0.7026904638603886,Deployed QQQ/TQQQ
2023-11-17,14054.57008380693,0.7027285041903465,Deployed QQQ/TQQQ
2023-11-20,14055.603982443625,0.7027801991221813,Deployed QQQ/TQQQ
2023-11-21,14055.603982443625,0.7027801991221813,Deployed QQQ/TQQQ
2023-11-22,14055.603982443625,0.7027801991221813,Deployed QQQ/TQQQ
2023-11-24,14055.603982443625,0.7027801991221813,Deployed QQQ/TQQQ
2023-11-27,14055.603982443625,0.7027801991221813,Deployed QQQ/TQQQ
2023-11-28,14055.603982443625,0.7027801991221813,Deployed QQQ/TQQQ
2023-11-29,14055.603982443625,0.7027801991221813,Deployed QQQ/TQQQ
2023-11-30,14055.603982443625,0.7027801991221813,Deployed QQQ/TQQQ
2023-12-01,14055.603982443625,0.7027801991221813,Deployed QQQ/TQQQ
2023-12-04,14055.603982443625,0.7027801991221813,Deployed QQQ/TQQQ
2023-12-05,14055.603982443625,0.7027801991221813,Deployed QQQ/TQQQ
2023-12-06,14055.603982443625,0.7027801991221813,Deployed QQQ/TQQQ
2023-12-07,14055.603982443625,0.7027801991221813,Deployed QQQ/TQQQ
2023-12-08,14055.603982443625,0.7027801991221813,Deployed QQQ/TQQQ
2023-12-11,14055.603982443625,0.7027801991221813,Deployed QQQ/TQQQ
2023-12-12,14055.603982443625,0.7027801991221813,Deployed QQQ/TQQQ
2023-12-13,14055.603982443625,0.7027801991221813,Deployed QQQ/TQQQ
2023-12-14,14055.603982443625,0.7027801991221813,Deployed QQQ/TQQQ
2023-12-15,14055.603982443625,0.7027801991221813,Deployed QQQ/TQQQ
2023-12-18,14055.603982443625,0.7027801991221813,Deployed QQQ/TQQQ
2023-12-19,14055.603982443625,0.7027801991221813,Deployed QQQ/TQQQ
2023-12-20,14055.603982443625,0.7027801991221813,Deployed QQQ/TQQQ
2023-12-21,14055.603982443625,0.7027801991221813,Deployed QQQ/TQQQ
2023-12-22,14055.603982443625,0.7027801991221813,Deployed QQQ/TQQQ
2023-12-26,14055.603982443625,0.7027801991221813,Deployed QQQ/TQQQ
2023-12-27,14055.603982443625,0.7027801991221813,Deployed QQQ/TQQQ
2023-12-28,14055.603982443625,0.7027801991221813,Deployed QQQ/TQQQ
2023-12-29,14055.603982443625,0.7027801991221813,Deployed QQQ/TQQQ
2024-01-02,14055.603982443625,0.7027801991221813,Deployed QQQ/TQQQ
2024-01-03,14055.603982443625,0.7027801991221813,Deployed QQQ/TQQQ
2024-01-04,14038.565030577858,0.7019282515288929,Deployed QQQ/TQQQ
2024-01-05,14047.847292733644,0.7023923646366822,Deployed QQQ/TQQQ
2024-01-08,14119.620994185329,0.7059810497092665,Deployed QQQ/TQQQ
2024-01-09,14127.92681933666,0.706396340966833,Deployed QQQ/TQQQ
2024-01-10,14143.713507371478,0.7071856753685739,Deployed QQQ/TQQQ
2024-01-11,14149.311766155011,0.7074655883077505,Deployed QQQ/TQQQ
2024-01-12,14152.653181579428,0.7076326590789714,Deployed QQQ/TQQQ
2024-01-16,14163.436962241907,0.7081718481120953,Deployed QQQ/TQQQ
2024-01-17,14158.304596052956,0.7079152298026478,Deployed QQQ/TQQQ
2024-01-18,14174.567766075714,0.7087283883037857,Deployed QQQ/TQQQ
2024-01-19,14183.711853647636,0.7091855926823818,Deployed QQQ/TQQQ
2024-01-22,14185.472126310906,0.7092736063155453,Deployed QQQ/TQQQ
2024-01-23,14186.178283216324,0.7093089141608162,Deployed QQQ/TQQQ
2024-01-24,14186.450346945849,0.7093225173472925,Deployed QQQ/TQQQ
2024-01-25,14186.526304763516,0.7093263152381758,Deployed QQQ/TQQQ
2024-01-26,14186.564161573247,0.7093282080786624,Deployed QQQ/TQQQ
2024-01-29,14186.60135244448,0.7093300676222241,Deployed QQQ/TQQQ
2024-01-30,14186.601343834916,0.7093300671917458,Deployed QQQ/TQQQ
2024-01-31,14186.595976563804,0.7093297988281901,Deployed QQQ/TQQQ
2024-02-01,14186.601396457048,0.7093300698228524,Deployed QQQ/TQQQ
2024-02-02,14186.601421591084,0.7093300710795541,Deployed QQQ/TQQQ
2024-02-05,14186.601421591247,0.7093300710795624,Deployed QQQ/TQQQ
2024-02-06,14186.601421591247,0.7093300710795624,Deployed QQQ/TQQQ
2024-02-07,14186.601421591247,0.7093300710795624,Deployed QQQ/TQQQ
2024-02-08,14186.601421591247,0.7093300710795624,Deployed QQQ/TQQQ
2024-02-09,14186.601421591247,0.7093300710795624,Deployed QQQ/TQQQ
2024-02-12,14186.601421591247,0.7093300710795624,Deployed QQQ/TQQQ
2024-02-13,14186.601421591247,0.7093300710795624,Deployed QQQ/TQQQ
2024-02-14,14186.601421591247,0.7093300710795624,Deployed QQQ/TQQQ
2024-02-15,14186.601421591247,0.7093300710795624,Deployed QQQ/TQQQ
2024-02-16,14186.601421591247,0.7093300710795624,Deployed QQQ/TQQQ
2024-02-20,14186.601421591247,0.7093300710795624,Deployed QQQ/TQQQ
2024-02-21,14186.601421591247,0.7093300710795624,Deployed QQQ/TQQQ
2024-02-22,14186.601421591247,0.7093300710795624,Deployed QQQ/TQQQ
2024-02-23,14186.601421591247,0.7093300710795624,Deployed QQQ/TQQQ
2024-02-26,14186.601421591247,0.7093300710795624,Deployed QQQ/TQQQ
2024-02-27,14186.601421591247,0.7093300710795624,Deployed QQQ/TQQQ
2024-02-28,14186.601421591247,0.7093300710795624,Deployed QQQ/TQQQ
2024-02-29,14186.601421591247,0.7093300710795624,Deployed QQQ/TQQQ
2024-03-01,14186.601421591247,0.7093300710795624,Deployed QQQ/TQQQ
2024-03-04,14186.601421591247,0.7093300710795624,Deployed QQQ/TQQQ
2024-03-05,14186.601421591247,0.7093300710795624,Deployed QQQ/TQQQ
2024-03-06,14186.601421591247,0.7093300710795624,Deployed QQQ/TQQQ
2024-03-07,14186.601421591247,0.7093300710795624,Deployed QQQ/TQQQ
2024-03-08,14186.601421591247,0.7093300710795624,Deployed QQQ/TQQQ
2024-03-11,14186.601421591247,0.7093300710795624,Deployed QQQ/TQQQ
2024-03-12,14186.601421591247,0.7093300710795624,Deployed QQQ/TQQQ
2024-03-13,14186.601421591247,0.7093300710795624,Deployed QQQ/TQQQ
2024-03-14,14186.601421591247,0.7093300710795624,Deployed QQQ/TQQQ
2024-03-15,14186.601421591247,0.7093300710795624,Deployed QQQ/TQQQ
2024-03-18,14234.73298838324,0.711736649419162,Deployed QQQ/TQQQ
2024-03-19,14246.578238809052,0.7123289119404526,Deployed QQQ/TQQQ
2024-03-20,14278.455210793252,0.7139227605396626,Deployed QQQ/TQQQ
2024-03-21,14291.025600354513,0.7145512800177256,Deployed QQQ/TQQQ
2024-03-22,14299.231107689013,0.7149615553844506,Deployed QQQ/TQQQ
2024-03-25,14302.344167338468,0.7151172083669234,Deployed QQQ/TQQQ
2024-03-26,14299.328283033934,0.7149664141516967,Deployed QQQ/TQQQ
2024-03-27,14307.675775867872,0.7153837887933936,Deployed QQQ/TQQQ
2024-03-28,14306.979517409854,0.7153489758704927,Deployed QQQ/TQQQ
2024-04-01,14320.883505814278,0.7160441752907138,Deployed QQQ/TQQQ
2024-04-02,14310.359711374878,0.7155179855687439,Deployed QQQ/TQQQ
2024-04-03,14319.65580290364,0.7159827901451821,Deployed QQQ/TQQQ
2024-04-04,14289.673720872705,0.7144836860436352,Deployed QQQ/TQQQ
2024-04-05,14318.024428262728,0.7159012214131364,Deployed QQQ/TQQQ
2024-04-08,14327.942527448566,0.7163971263724283,Deployed QQQ/TQQQ
2024-04-09,14334.17794528248,0.716708897264124,Deployed QQQ/TQQQ
2024-04-10,14329.674823174972,0.7164837411587486,Deployed QQQ/TQQQ
2024-04-11,14338.414621500766,0.7169207310750383,Deployed QQQ/TQQQ
2024-04-12,14333.44083805229,0.7166720419026145,Deployed QQQ/TQQQ
2024-04-15,14329.925701601713,0.7164962850800857,Deployed QQQ/TQQQ
2024-04-16,14337.620251893994,0.7168810125946997,Deployed QQQ/TQQQ
2024-04-17,14339.51901735192,0.716975950867596,Deployed QQQ/TQQQ
2024-04-18,14321.136331844978,0.716056816592249,Deployed QQQ/TQQQ
2024-04-19,14206.297295407006,0.7103148647703503,Deployed QQQ/TQQQ
2024-04-22,14276.20387166504,0.713810193583252,Deployed QQQ/TQQQ
2024-04-23,14347.270166789329,0.7173635083394665,Deployed QQQ/TQQQ
2024-04-24,14365.08714816042,0.718254357408021,Deployed QQQ/TQQQ
2024-04-25,14347.64557530905,0.7173822787654526,Deployed QQQ/TQQQ
2024-04-26,14402.276067464856,0.7201138033732428,Deployed QQQ/TQQQ
2024-04-29,14425.6065541491,0.721280327707455,Deployed QQQ/TQQQ
2024-04-30,14362.850763365805,0.7181425381682902,Deployed QQQ/TQQQ
2024-05-01,14341.602803827613,0.7170801401913807,Deployed QQQ/TQQQ
2024-05-02,14396.920282088204,0.7198460141044102,Deployed QQQ/TQQQ
2024-05-03,14448.072718878404,0.7224036359439202,Deployed QQQ/TQQQ
2024-05-06,14468.656658001448,0.7234328329000724,Deployed QQQ/TQQQ
2024-05-07,14470.746811728111,0.7235373405864056,Deployed QQQ/TQQQ
2024-05-08,14472.59859630415,0.7236299298152075,Deployed QQQ/TQQQ
2024-05-09,14475.25022790042,0.723762511395021,Deployed QQQ/TQQQ
2024-05-10,14477.59189533492,0.7238795947667459,Deployed QQQ/TQQQ
2024-05-13,14480.288028405774,0.7240144014202887,Deployed QQQ/TQQQ
2024-05-14,14480.845558543271,0.7240422779271636,Deployed QQQ/TQQQ
2024-05-15,14480.948601074855,0.7240474300537427,Deployed QQQ/TQQQ
2024-05-16,14480.95022784876,0.724047511392438,Deployed QQQ/TQQQ
2024-05-17,14480.950527326311,0.7240475263663155,Deployed QQQ/TQQQ
2024-05-20,14480.950535550044,0.7240475267775022,Deployed QQQ/TQQQ
2024-05-21,14480.950535550044,0.7240475267775022,Deployed QQQ/TQQQ
2024-05-22,14480.950535550044,0.7240475267775022,Deployed QQQ/TQQQ
2024-05-23,14480.950535550044,0.7240475267775022,Deployed QQQ/TQQQ
2024-05-24,14480.950535550044,0.7240475267775022,Deployed QQQ/TQQQ
2024-05-28,14480.950535550044,0.7240475267775022,Deployed QQQ/TQQQ
2024-05-29,14480.950535550044,0.7240475267775022,Deployed QQQ/TQQQ
2024-05-30,14480.950535550044,0.7240475267775022,Deployed QQQ/TQQQ
2024-05-31,14480.950535550044,0.7240475267775022,Deployed QQQ/TQQQ
2024-06-03,14480.950535550044,0.7240475267775022,Deployed QQQ/TQQQ
2024-06-04,14480.950535550044,0.7240475267775022,Deployed QQQ/TQQQ
2024-06-05,14480.950535550044,0.7240475267775022,Deployed QQQ/TQQQ
2024-06-06,14480.950535550044,0.7240475267775022,Deployed QQQ/TQQQ
2024-06-07,14480.950535550044,0.7240475267775022,Deployed QQQ/TQQQ
2024-06-10,14480.950535550044,0.7240475267775022,Deployed QQQ/TQQQ
2024-06-11,14480.950535550044,0.7240475267775022,Deployed QQQ/TQQQ
2024-06-12,14480.950535550044,0.7240475267775022,Deployed QQQ/TQQQ
2024-06-13,14480.950535550044,0.7240475267775022,Deployed QQQ/TQQQ
2024-06-14,14480.950535550044,0.7240475267775022,Deployed QQQ/TQQQ
2024-06-17,14480.950535550044,0.7240475267775022,Deployed QQQ/TQQQ
2024-06-18,14480.950535550044,0.7240475267775022,Deployed QQQ/TQQQ
2024-06-20,14480.950535550044,0.7240475267775022,Deployed QQQ/TQQQ
2024-06-21,14480.950535550044,0.7240475267775022,Deployed QQQ/TQQQ
2024-06-24,14480.950535550044,0.7240475267775022,Deployed QQQ/TQQQ
2024-06-25,14480.950535550044,0.7240475267775022,Deployed QQQ/TQQQ
2024-06-26,14480.950535550044,0.7240475267775022,Deployed QQQ/TQQQ
2024-06-27,14480.950535550044,0.7240475267775022,Deployed QQQ/TQQQ
2024-06-28,14480.950535550044,0.7240475267775022,Deployed QQQ/TQQQ
2024-07-01,14480.950535550044,0.7240475267775022,Deployed QQQ/TQQQ
2024-07-02,14480.950535550044,0.7240475267775022,Deployed QQQ/TQQQ
2024-07-03,14480.950535550044,0.7240475267775022,Deployed QQQ/TQQQ
2024-07-05,14480.950535550044,0.7240475267775022,Deployed QQQ/TQQQ
2024-07-08,14480.950535550044,0.7240475267775022,Deployed QQQ/TQQQ
2024-07-09,14480.950535550044,0.7240475267775022,Deployed QQQ/TQQQ
2024-07-10,14480.950535550044,0.7240475267775022,Deployed QQQ/TQQQ
2024-07-11,14480.950535550044,0.7240475267775022,Deployed QQQ/TQQQ
2024-07-12,14480.950535550044,0.7240475267775022,Deployed QQQ/TQQQ
2024-07-15,14480.950535550044,0.7240475267775022,Deployed QQQ/TQQQ
2024-07-16,14480.950535550044,0.7240475267775022,Deployed QQQ/TQQQ
2024-07-17,14480.950535550044,0.7240475267775022,Deployed QQQ/TQQQ
2024-07-18,14461.562817563574,0.7230781408781787,Deployed QQQ/TQQQ
2024-07-19,14403.069475957927,0.7201534737978964,Deployed QQQ/TQQQ
2024-07-22,14522.350689244377,0.7261175344622188,Deployed QQQ/TQQQ
2024-07-23,14508.96735238593,0.7254483676192964,Deployed QQQ/TQQQ
2024-07-24,14149.441448190664,0.7074720724095332,Deployed QQQ/TQQQ
2024-07-25,14018.216499276552,0.7009108249638276,Deployed QQQ/TQQQ
2024-07-26,14137.273872382197,0.7068636936191098,Deployed QQQ/TQQQ
2024-07-29,14186.56917197383,0.7093284585986915,Deployed QQQ/TQQQ
2024-07-30,14016.904182880466,0.7008452091440233,Deployed QQQ/TQQQ
2024-07-31,14337.47637035431,0.7168738185177155,Deployed QQQ/TQQQ
2024-08-01,14052.848275341088,0.7026424137670544,Deployed QQQ/TQQQ
2024-08-02,13695.62702577528,0.684781351288764,Deployed QQQ/TQQQ
2024-08-05,13230.709462839395,0.6615354731419698,Deployed QQQ/TQQQ
2024-08-06,13361.362911878456,0.6680681455939228,Deployed QQQ/TQQQ
2024-08-07,13190.405369007,0.65952026845035,Deployed QQQ/TQQQ
2024-08-08,13652.612010766536,0.6826306005383268,Deployed QQQ/TQQQ
2024-08-09,13728.602780614516,0.6864301390307258,Deployed QQQ/TQQQ
2024-08-12,13780.480200207416,0.6890240100103708,Deployed QQQ/TQQQ
2024-08-13,14155.530963494506,0.7077765481747254,Deployed QQQ/TQQQ
2024-08-14,14178.345229709228,0.7089172614854614,Deployed QQQ/TQQQ
2024-08-15,14495.465785476998,0.7247732892738499,Deployed QQQ/TQQQ
2024-08-16,14529.2400551445,0.7264620027572251,Deployed QQQ/TQQQ
2024-08-19,14668.71610430972,0.733435805215486,Deployed QQQ/TQQQ
2024-08-20,14668.71610430972,0.733435805215486,Deployed QQQ/TQQQ
2024-08-21,14668.71610430972,0.733435805215486,Deployed QQQ/TQQQ
2024-08-22,14668.71610430972,0.733435805215486,Deployed QQQ/TQQQ
2024-08-23,14668.71610430972,0.733435805215486,Deployed QQQ/TQQQ
2024-08-26,14668.71610430972,0.733435805215486,Deployed QQQ/TQQQ
2024-08-27,14668.71610430972,0.733435805215486,Deployed QQQ/TQQQ
2024-08-28,14668.71610430972,0.733435805215486,Deployed QQQ/TQQQ
2024-08-29,14668.71610430972,0.733435805215486,Deployed QQQ/TQQQ
2024-08-30,14668.71610430972,0.733435805215486,Deployed QQQ/TQQQ
2024-09-03,14668.71610430972,0.733435805215486,Deployed QQQ/TQQQ
2024-09-04,14659.728982899698,0.7329864491449849,Deployed QQQ/TQQQ
2024-09-05,14680.676442379932,0.7340338221189966,Deployed QQQ/TQQQ
2024-09-06,14484.659118742064,0.7242329559371031,Deployed QQQ/TQQQ
2024-09-09,14594.847641100976,0.7297423820550488,Deployed QQQ/TQQQ
2024-09-10,14659.336730354253,0.7329668365177127,Deployed QQQ/TQQQ
2024-09-11,14770.44761072944,0.738522380536472,Deployed QQQ/TQQQ
2024-09-12,14818.913298507276,0.7409456649253637,Deployed QQQ/TQQQ
2024-09-13,14841.364682499669,0.7420682341249835,Deployed QQQ/TQQQ
2024-09-16,14847.886253431376,0.7423943126715687,Deployed QQQ/TQQQ
2024-09-17,14857.69886187512,0.742884943093756,Deployed QQQ/TQQQ
2024-09-18,14850.425690112705,0.7425212845056353,Deployed QQQ/TQQQ
2024-09-19,14915.313007162398,0.7457656503581199,Deployed QQQ/TQQQ
2024-09-20,14916.952479504576,0.7458476239752289,Deployed QQQ/TQQQ
2024-09-23,14936.979073930772,0.7468489536965386,Deployed QQQ/TQQQ
2024-09-24,14946.822950863914,0.7473411475431957,Deployed QQQ/TQQQ
2024-09-25,14950.57711812612,0.747528855906306,Deployed QQQ/TQQQ
2024-09-26,14957.795035085914,0.7478897517542957,Deployed QQQ/TQQQ
2024-09-27,14957.48380631107,0.7478741903155535,Deployed QQQ/TQQQ
2024-09-30,14963.985698532628,0.7481992849266313,Deployed QQQ/TQQQ
2024-10-01,14962.592295287017,0.7481296147643508,Deployed QQQ/TQQQ
2024-10-02,14964.487423823732,0.7482243711911866,Deployed QQQ/TQQQ
2024-10-03,14965.26542067386,0.7482632710336931,Deployed QQQ/TQQQ
2024-10-04,14965.544380339845,0.7482772190169923,Deployed QQQ/TQQQ
2024-10-07,14965.546230874306,0.7482773115437154,Deployed QQQ/TQQQ
2024-10-08,14965.546230874306,0.7482773115437154,Deployed QQQ/TQQQ
2024-10-09,14965.546230874306,0.7482773115437154,Deployed QQQ/TQQQ
2024-10-10,14965.546230874306,0.7482773115437154,Deployed QQQ/TQQQ
2024-10-11,14965.546230874306,0.7482773115437154,Deployed QQQ/TQQQ
2024-10-14,14965.546230874306,0.7482773115437154,Deployed QQQ/TQQQ
2024-10-15,14965.546230874306,0.7482773115437154,Deployed QQQ/TQQQ
2024-10-16,14965.546230874306,0.7482773115437154,Deployed QQQ/TQQQ
2024-10-17,14965.546230874306,0.7482773115437154,Deployed QQQ/TQQQ
2024-10-18,14965.546230874306,0.7482773115437154,Deployed QQQ/TQQQ
2024-10-21,14965.546230874306,0.7482773115437154,Deployed QQQ/TQQQ
2024-10-22,14965.546230874306,0.7482773115437154,Deployed QQQ/TQQQ
2024-10-23,14965.546230874306,0.7482773115437154,Deployed QQQ/TQQQ
2024-10-24,14965.546230874306,0.7482773115437154,Deployed QQQ/TQQQ
2024-10-25,14965.546230874306,0.7482773115437154,Deployed QQQ/TQQQ
2024-10-28,14965.546230874306,0.7482773115437154,Deployed QQQ/TQQQ
2024-10-29,14965.546230874306,0.7482773115437154,Deployed QQQ/TQQQ
2024-10-30,14965.546230874306,0.7482773115437154,Deployed QQQ/TQQQ
2024-10-31,14965.546230874306,0.7482773115437154,Deployed QQQ/TQQQ
2024-11-01,15036.377626699274,0.7518188813349637,Deployed QQQ/TQQQ
2024-11-04,15039.482058104702,0.7519741029052351,Deployed QQQ/TQQQ
2024-11-05,15106.895730392604,0.7553447865196302,Deployed QQQ/TQQQ
2024-11-06,15194.36929863478,0.759718464931739,Deployed QQQ/TQQQ
2024-11-07,15220.483598019957,0.7610241799009978,Deployed QQQ/TQQQ
2024-11-08,15223.999230703195,0.7611999615351598,Deployed QQQ/TQQQ
2024-11-11,15233.332479724131,0.7616666239862065,Deployed QQQ/TQQQ
2024-11-12,15233.819479508971,0.7616909739754486,Deployed QQQ/TQQQ
2024-11-13,15237.34958174612,0.761867479087306,Deployed QQQ/TQQQ
2024-11-14,15233.253138904854,0.7616626569452427,Deployed QQQ/TQQQ
2024-11-15,15191.22713039314,0.759561356519657,Deployed QQQ/TQQQ
2024-11-18,15219.197266321724,0.7609598633160862,Deployed QQQ/TQQQ
2024-11-19,15231.741545233654,0.7615870772616827,Deployed QQQ/TQQQ
2024-11-20,15235.81554537168,0.761790777268584,Deployed QQQ/TQQQ
2024-11-21,15241.242779470162,0.762062138973508,Deployed QQQ/TQQQ
2024-11-22,15244.23604642359,0.7622118023211795,Deployed QQQ/TQQQ
2024-11-25,15248.676205631578,0.762433810281579,Deployed QQQ/TQQQ
2024-11-26,15249.906206126,0.7624953103062999,Deployed QQQ/TQQQ
2024-11-27,15249.725880398702,0.7624862940199352,Deployed QQQ/TQQQ
2024-11-29,15250.37495404836,0.762518747702418,Deployed QQQ/TQQQ
2024-12-02,15250.38787203738,0.7625193936018689,Deployed QQQ/TQQQ
2024-12-03,15250.38787203738,0.7625193936018689,Deployed QQQ/TQQQ
2024-12-04,15250.38787203738,0.7625193936018689,Deployed QQQ/TQQQ
2024-12-05,15250.38787203738,0.7625193936018689,Deployed QQQ/TQQQ
2024-12-06,15250.38787203738,0.7625193936018689,Deployed QQQ/TQQQ
2024-12-09,15250.38787203738,0.7625193936018689,Deployed QQQ/TQQQ
2024-12-10,15250.38787203738,0.7625193936018689,Deployed QQQ/TQQQ
2024-12-11,15250.38787203738,0.7625193936018689,Deployed QQQ/TQQQ
2024-12-12,15250.38787203738,0.7625193936018689,Deployed QQQ/TQQQ
2024-12-13,15250.38787203738,0.7625193936018689,Deployed QQQ/TQQQ
2024-12-16,15250.38787203738,0.7625193936018689,Deployed QQQ/TQQQ
2024-12-17,15250.38787203738,0.7625193936018689,Deployed QQQ/TQQQ
2024-12-18,15250.38787203738,0.7625193936018689,Deployed QQQ/TQQQ
2024-12-19,15221.764624188629,0.7610882312094315,Deployed QQQ/TQQQ
2024-12-20,15287.061232444552,0.7643530616222276,Deployed QQQ/TQQQ
2024-12-23,15353.07068795322,0.767653534397661,Deployed QQQ/TQQQ
2024-12-24,15413.25665172645,0.7706628325863225,Deployed QQQ/TQQQ
2024-12-26,15422.22014658868,0.7711110073294339,Deployed QQQ/TQQQ
2024-12-27,15364.818868287044,0.7682409434143522,Deployed QQQ/TQQQ
2024-12-30,15301.286504473976,0.7650643252236988,Deployed QQQ/TQQQ
2024-12-31,15246.491462484968,0.7623245731242484,Deployed QQQ/TQQQ
2025-01-02,15248.016626726429,0.7624008313363214,Deployed QQQ/TQQQ
2025-01-03,15364.94575364412,0.7682472876822061,Deployed QQQ/TQQQ
2025-01-06,15442.87685298395,0.7721438426491976,Deployed QQQ/TQQQ
2025-01-07,15355.731707013643,0.7677865853506821,Deployed QQQ/TQQQ
2025-01-08,15372.048885035005,0.7686024442517503,Deployed QQQ/TQQQ
2025-01-10,15261.771664479224,0.7630885832239612,Deployed QQQ/TQQQ
2025-01-13,15272.38394763188,0.763619197381594,Deployed QQQ/TQQQ
2025-01-14,15277.120644164444,0.7638560322082222,Deployed QQQ/TQQQ
2025-01-15,15458.717612175951,0.7729358806087976,Deployed QQQ/TQQQ
2025-01-16,15442.635133770484,0.7721317566885242,Deployed QQQ/TQQQ
2025-01-17,15506.18386615182,0.775309193307591,Deployed QQQ/TQQQ
2025-01-21,15515.458744819054,0.7757729372409528,Deployed QQQ/TQQQ
2025-01-22,15515.458744819054,0.7757729372409528,Deployed QQQ/TQQQ
2025-01-23,15515.458744819054,0.7757729372409528,Deployed QQQ/TQQQ
2025-01-24,15515.458744819054,0.7757729372409528,Deployed QQQ/TQQQ
2025-01-27,15515.458744819054,0.7757729372409528,Deployed QQQ/TQQQ
2025-01-28,15610.221537107667,0.7805110768553833,Deployed QQQ/TQQQ
2025-01-29,15606.378854894128,0.7803189427447064,Deployed QQQ/TQQQ
2025-01-30,15635.899025255298,0.7817949512627649,Deployed QQQ/TQQQ
2025-01-31,15635.289605098806,0.7817644802549403,Deployed QQQ/TQQQ
2025-02-03,15612.438420973103,0.7806219210486551,Deployed QQQ/TQQQ
2025-02-04,15694.840258064942,0.7847420129032471,Deployed QQQ/TQQQ
2025-02-05,15719.754269491812,0.7859877134745906,Deployed QQQ/TQQQ
2025-02-06,15743.513996922393,0.7871756998461197,Deployed QQQ/TQQQ
2025-02-07,15699.233504911284,0.7849616752455643,Deployed QQQ/TQQQ
2025-02-10,15769.16708914818,0.7884583544574091,Deployed QQQ/TQQQ
2025-02-11,15771.110067057649,0.7885555033528825,Deployed QQQ/TQQQ
2025-02-12,15778.519335034463,0.7889259667517232,Deployed QQQ/TQQQ
2025-02-13,15807.801633439938,0.7903900816719969,Deployed QQQ/TQQQ
2025-02-14,15815.680891172058,0.790784044558603,Deployed QQQ/TQQQ
2025-02-18,15826.910994879165,0.7913455497439582,Deployed QQQ/TQQQ
2025-02-19,15828.727657166006,0.7914363828583003,Deployed QQQ/TQQQ
2025-02-20,15829.905048595809,0.7914952524297905,Deployed QQQ/TQQQ
2025-02-21,15816.027109217146,0.7908013554608573,Deployed QQQ/TQQQ
2025-02-24,15815.23597509082,0.790761798754541,Deployed QQQ/TQQQ
2025-02-25,15791.89074858009,0.7895945374290045,Deployed QQQ/TQQQ
2025-02-26,15812.047339552362,0.7906023669776181,Deployed QQQ/TQQQ
2025-02-27,15620.253231301773,0.7810126615650886,Deployed QQQ/TQQQ
2025-02-28,15802.134264726932,0.7901067132363466,Deployed QQQ/TQQQ
2025-03-03,15541.026257907475,0.7770513128953738,Deployed QQQ/TQQQ
2025-03-04,15508.4628599598,0.77542314299799,Deployed QQQ/TQQQ
2025-03-05,15656.03207478273,0.7828016037391365,Deployed QQQ/TQQQ
2025-03-06,15306.6647566683,0.765333237833415,Deployed QQQ/TQQQ
2025-03-07,15401.508704095846,0.7700754352047923,Deployed QQQ/TQQQ
2025-03-10,14848.006420933922,0.7424003210466961,Deployed QQQ/TQQQ
2025-03-11,14795.14952785418,0.7397574763927091,Deployed QQQ/TQQQ
2025-03-12,14966.965707474928,0.7483482853737464,Deployed QQQ/TQQQ
2025-03-13,14688.22828639371,0.7344114143196855,Deployed QQQ/TQQQ
2025-03-14,15030.376472436676,0.7515188236218338,Deployed QQQ/TQQQ
2025-03-17,15152.215209643866,0.7576107604821933,Deployed QQQ/TQQQ
2025-03-18,14895.16973857506,0.744758486928753,Deployed QQQ/TQQQ
2025-03-19,15096.799968486004,0.7548399984243002,Deployed QQQ/TQQQ
2025-03-20,15053.94987649337,0.7526974938246686,Deployed QQQ/TQQQ
2025-03-21,15109.973683268476,0.7554986841634238,Deployed QQQ/TQQQ
2025-03-24,15462.747384242124,0.7731373692121062,Deployed QQQ/TQQQ
2025-03-25,15561.516770724736,0.7780758385362369,Deployed QQQ/TQQQ
2025-03-26,15256.610911150674,0.7628305455575337,Deployed QQQ/TQQQ
2025-03-27,15168.534439093266,0.7584267219546633,Deployed QQQ/TQQQ
2025-03-28,14697.885383965817,0.7348942691982908,Deployed QQQ/TQQQ
2025-03-31,14696.823844254122,0.7348411922127062,Deployed QQQ/TQQQ
2025-04-01,14828.91369591772,0.741445684795886,Deployed QQQ/TQQQ
2025-04-02,14960.049996071786,0.7480024998035893,Deployed QQQ/TQQQ
2025-04-03,13997.240751169707,0.6998620375584854,Deployed QQQ/TQQQ
2025-04-04,13076.24084274978,0.653812042137489,Deployed QQQ/TQQQ
2025-04-07,13092.240827490992,0.6546120413745496,Deployed QQQ/TQQQ
2025-04-08,12862.99966955,0.6431499834775,Deployed QQQ/TQQQ
2025-04-09,14059.744945343513,0.7029872472671757,Deployed QQQ/TQQQ
2025-04-10,13513.23701973741,0.6756618509868705,Deployed QQQ/TQQQ
2025-04-11,13729.586374301787,0.6864793187150894,Deployed QQQ/TQQQ
2025-04-14,13836.264445033145,0.6918132222516572,Deployed QQQ/TQQQ
2025-04-15,13859.419003365952,0.6929709501682976,Deployed QQQ/TQQQ
2025-04-16,13463.021695992107,0.6731510847996054,Deployed QQQ/TQQQ
2025-04-17,13455.221109404589,0.6727610554702295,Deployed QQQ/TQQQ
2025-04-21,13152.984172048204,0.6576492086024102,Deployed QQQ/TQQQ
2025-04-22,13462.573566208355,0.6731286783104178,Deployed QQQ/TQQQ
2025-04-23,13747.319840553411,0.6873659920276706,Deployed QQQ/TQQQ
2025-04-24,14121.616776754374,0.7060808388377187,Deployed QQQ/TQQQ
2025-04-25,14279.963762502975,0.7139981881251488,Deployed QQQ/TQQQ
2025-04-28,14307.650764583504,0.7153825382291752,Deployed QQQ/TQQQ
2025-04-29,14411.600911591237,0.7205800455795618,Deployed QQQ/TQQQ
2025-04-30,14421.91670356976,0.721095835178488,Deployed QQQ/TQQQ
2025-05-01,14601.50254902651,0.7300751274513255,Deployed QQQ/TQQQ
2025-05-02,14845.66335108699,0.7422831675543495,Deployed QQQ/TQQQ
2025-05-05,14794.67086472366,0.739733543236183,Deployed QQQ/TQQQ
2025-05-06,14644.870386834064,0.7322435193417032,Deployed QQQ/TQQQ
2025-05-07,14714.550361626216,0.7357275180813108,Deployed QQQ/TQQQ
2025-05-08,14887.31998838848,0.744365999419424,Deployed QQQ/TQQQ
2025-05-09,14875.196634067175,0.7437598317033588,Deployed QQQ/TQQQ
2025-05-12,15589.239529429677,0.7794619764714839,Deployed QQQ/TQQQ
2025-05-13,15754.273670615306,0.7877136835307653,Deployed QQQ/TQQQ
2025-05-14,15827.795168360231,0.7913897584180116,Deployed QQQ/TQQQ
2025-05-15,15857.874672703509,0.7928937336351755,Deployed QQQ/TQQQ
2025-05-16,15914.794867211636,0.7957397433605818,Deployed QQQ/TQQQ
2025-05-19,15976.94586327953,0.7988472931639765,Deployed QQQ/TQQQ
2025-05-20,15960.75571128106,0.7980377855640529,Deployed QQQ/TQQQ
2025-05-21,15830.905376538,0.7915452688269,Deployed QQQ/TQQQ
2025-05-22,15872.521906569227,0.7936260953284614,Deployed QQQ/TQQQ
2025-05-23,15784.76342136616,0.7892381710683081,Deployed QQQ/TQQQ
2025-05-27,16102.783058991105,0.8051391529495552,Deployed QQQ/TQQQ
2025-05-28,16079.768957899649,0.8039884478949825,Deployed QQQ/TQQQ
2025-05-29,16128.10367716036,0.806405183858018,Deployed QQQ/TQQQ
2025-05-30,16134.675688805455,0.8067337844402728,Deployed QQQ/TQQQ
2025-06-02,16294.415027832409,0.8147207513916205,Deployed QQQ/TQQQ
2025-06-03,16399.725301612634,0.8199862650806317,Deployed QQQ/TQQQ
2025-06-04,16455.99024938776,0.822799512469388,Deployed QQQ/TQQQ
2025-06-05,16413.614371347994,0.8206807185673997,Deployed QQQ/TQQQ
2025-06-06,16538.88917506216,0.826944458753108,Deployed QQQ/TQQQ
2025-06-09,16672.492272481242,0.8336246136240621,Deployed QQQ/TQQQ
2025-06-10,16769.065498552296,0.8384532749276148,Deployed QQQ/TQQQ
2025-06-11,16788.214897327845,0.8394107448663922,Deployed QQQ/TQQQ
2025-06-12,16861.20766539906,0.8430603832699529,Deployed QQQ/TQQQ
2025-06-13,16819.71456339254,0.8409857281696269,Deployed QQQ/TQQQ
2025-06-16,17004.65949969002,0.850232974984501,Deployed QQQ/TQQQ
2025-06-17,17004.65949969002,0.850232974984501,Deployed QQQ/TQQQ
2025-06-18,17004.65949969002,0.850232974984501,Deployed QQQ/TQQQ
2025-06-20,17004.65949969002,0.850232974984501,Deployed QQQ/TQQQ
2025-06-23,17004.65949969002,0.850232974984501,Deployed QQQ/TQQQ
2025-06-24,17004.65949969002,0.850232974984501,Deployed QQQ/TQQQ
2025-06-25,17004.65949969002,0.850232974984501,Deployed QQQ/TQQQ
2025-06-26,17004.65949969002,0.850232974984501,Deployed QQQ/TQQQ
2025-06-27,17004.65949969002,0.850232974984501,Deployed QQQ/TQQQ
2025-06-30,17004.65949969002,0.850232974984501,Deployed QQQ/TQQQ
2025-07-01,17004.65949969002,0.850232974984501,Deployed QQQ/TQQQ
2025-07-02,17004.65949969002,0.850232974984501,Deployed QQQ/TQQQ
2025-07-03,17004.65949969002,0.850232974984501,Deployed QQQ/TQQQ
2025-07-07,17004.65949969002,0.850232974984501,Deployed QQQ/TQQQ
2025-07-08,17004.65949969002,0.850232974984501,Deployed QQQ/TQQQ
2025-07-09,17004.65949969002,0.850232974984501,Deployed QQQ/TQQQ
2025-07-10,17004.65949969002,0.850232974984501,Deployed QQQ/TQQQ
2025-07-11,17004.65949969002,0.850232974984501,Deployed QQQ/TQQQ
2025-07-14,17004.65949969002,0.850232974984501,Deployed QQQ/TQQQ
2025-07-15,17004.65949969002,0.850232974984501,Deployed QQQ/TQQQ
2025-07-16,17004.65949969002,0.850232974984501,Deployed QQQ/TQQQ
2025-07-17,17004.65949969002,0.850232974984501,Deployed QQQ/TQQQ
2025-07-18,17004.65949969002,0.850232974984501,Deployed QQQ/TQQQ
2025-07-21,17004.65949969002,0.850232974984501,Deployed QQQ/TQQQ
2025-07-22,17004.65949969002,0.850232974984501,Deployed QQQ/TQQQ
2025-07-23,17004.65949969002,0.850232974984501,Deployed QQQ/TQQQ
2025-07-24,17004.65949969002,0.850232974984501,Deployed QQQ/TQQQ
2025-07-25,17004.65949969002,0.850232974984501,Deployed QQQ/TQQQ
2025-07-28,17004.65949969002,0.850232974984501,Deployed QQQ/TQQQ
2025-07-29,17004.65949969002,0.850232974984501,Deployed QQQ/TQQQ
2025-07-30,17004.65949969002,0.850232974984501,Deployed QQQ/TQQQ
2025-07-31,17004.65949969002,0.850232974984501,Deployed QQQ/TQQQ
2025-08-01,17004.65949969002,0.850232974984501,Deployed QQQ/TQQQ
2025-08-04,17099.404255222766,0.8549702127611383,Deployed QQQ/TQQQ
2025-08-05,17076.588030210954,0.8538294015105478,Deployed QQQ/TQQQ
2025-08-06,17123.451274329615,0.8561725637164808,Deployed QQQ/TQQQ
2025-08-07,17135.191037070363,0.8567595518535182,Deployed QQQ/TQQQ
2025-08-08,17154.625307800557,0.8577312653900279,Deployed QQQ/TQQQ
2025-08-11,17157.394679424804,0.8578697339712402,Deployed QQQ/TQQQ
2025-08-12,17177.767095777206,0.8588883547888603,Deployed QQQ/TQQQ
2025-08-13,17179.12988303911,0.8589564941519555,Deployed QQQ/TQQQ
2025-08-14,17179.451852157687,0.8589725926078843,Deployed QQQ/TQQQ
2025-08-15,17178.5991414258,0.8589299570712899,Deployed QQQ/TQQQ
2025-08-18,17180.19764980667,0.8590098824903334,Deployed QQQ/TQQQ
2025-08-19,17174.91498754881,0.8587457493774405,Deployed QQQ/TQQQ
2025-08-20,17171.581365991962,0.8585790682995981,Deployed QQQ/TQQQ
2025-08-21,17170.5123923272,0.85852561961636,Deployed QQQ/TQQQ
2025-08-22,17179.77043075229,0.8589885215376145,Deployed QQQ/TQQQ
2025-08-25,17181.13896322462,0.859056948161231,Deployed QQQ/TQQQ
2025-08-26,17181.889504341958,0.8590944752170979,Deployed QQQ/TQQQ
2025-08-27,17181.98479078553,0.8590992395392765,Deployed QQQ/TQQQ
2025-08-28,17182.021049061743,0.8591010524530871,Deployed QQQ/TQQQ
2025-08-29,17182.00148476734,0.8591000742383671,Deployed QQQ/TQQQ
2025-09-02,17182.023761048596,0.8591011880524299,Deployed QQQ/TQQQ
2025-09-03,17182.023761049488,0.8591011880524744,Deployed QQQ/TQQQ
2025-09-04,17182.023761049488,0.8591011880524744,Deployed QQQ/TQQQ
2025-09-05,17182.023761049488,0.8591011880524744,Deployed QQQ/TQQQ
2025-09-08,17182.023761049488,0.8591011880524744,Deployed QQQ/TQQQ
2025-09-09,17182.023761049488,0.8591011880524744,Deployed QQQ/TQQQ
2025-09-10,17182.023761049488,0.8591011880524744,Deployed QQQ/TQQQ
2025-09-11,17182.023761049488,0.8591011880524744,Deployed QQQ/TQQQ
2025-09-12,17182.023761049488,0.8591011880524744,Deployed QQQ/TQQQ
2025-09-15,17182.023761049488,0.8591011880524744,Deployed QQQ/TQQQ
2025-09-16,17182.023761049488,0.8591011880524744,Deployed QQQ/TQQQ
2025-09-17,17182.023761049488,0.8591011880524744,Deployed QQQ/TQQQ
2025-09-18,17182.023761049488,0.8591011880524744,Deployed QQQ/TQQQ
2025-09-19,17182.023761049488,0.8591011880524744,Deployed QQQ/TQQQ
2025-09-22,17182.023761049488,0.8591011880524744,Deployed QQQ/TQQQ
2025-09-23,17182.023761049488,0.8591011880524744,Deployed QQQ/TQQQ
2025-09-24,17182.023761049488,0.8591011880524744,Deployed QQQ/TQQQ
2025-09-25,17182.023761049488,0.8591011880524744,Deployed QQQ/TQQQ
2025-09-26,17182.023761049488,0.8591011880524744,Deployed QQQ/TQQQ
2025-09-29,17182.023761049488,0.8591011880524744,Deployed QQQ/TQQQ
2025-09-30,17182.023761049488,0.8591011880524744,Deployed QQQ/TQQQ
2025-10-01,17182.023761049488,0.8591011880524744,Deployed QQQ/TQQQ
2025-10-02,17182.023761049488,0.8591011880524744,Deployed QQQ/TQQQ
2025-10-03,17182.023761049488,0.8591011880524744,Deployed QQQ/TQQQ
2025-10-06,17182.023761049488,0.8591011880524744,Deployed QQQ/TQQQ
2025-10-07,17182.023761049488,0.8591011880524744,Deployed QQQ/TQQQ
2025-10-08,17182.023761049488,0.8591011880524744,Deployed QQQ/TQQQ
2025-10-09,17182.023761049488,0.8591011880524744,Deployed QQQ/TQQQ
2025-10-10,17182.023761049488,0.8591011880524744,Deployed QQQ/TQQQ
2025-10-13,17284.554825300875,0.8642277412650438,Deployed QQQ/TQQQ
2025-10-14,17260.806111313894,0.8630403055656947,Deployed QQQ/TQQQ
2025-10-15,17291.285737888862,0.8645642868944431,Deployed QQQ/TQQQ
2025-10-16,17282.260263382148,0.8641130131691074,Deployed QQQ/TQQQ
2025-10-17,17306.378596154846,0.8653189298077423,Deployed QQQ/TQQQ
2025-10-20,17339.18034454529,0.8669590172272645,Deployed QQQ/TQQQ
2025-10-21,17341.165826690594,0.8670582913345297,Deployed QQQ/TQQQ
2025-10-22,17326.11252725126,0.8663056263625631,Deployed QQQ/TQQQ
2025-10-23,17342.04597125124,0.8671022985625619,Deployed QQQ/TQQQ
2025-10-24,17352.881671573625,0.8676440835786813,Deployed QQQ/TQQQ
2025-10-27,17360.3621211426,0.86801810605713,Deployed QQQ/TQQQ
2025-10-28,17361.201437497533,0.8680600718748767,Deployed QQQ/TQQQ
2025-10-29,17361.47812332483,0.8680739061662415,Deployed QQQ/TQQQ
2025-10-30,17361.103431646625,0.8680551715823313,Deployed QQQ/TQQQ
2025-10-31,17361.51334968555,0.8680756674842774,Deployed QQQ/TQQQ
2025-11-03,17361.652198740903,0.8680826099370451,Deployed QQQ/TQQQ
2025-11-04,17361.485475619123,0.8680742737809561,Deployed QQQ/TQQQ
2025-11-05,17361.635154170515,0.8680817577085258,Deployed QQQ/TQQQ
2025-11-06,17361.29757176156,0.8680648785880779,Deployed QQQ/TQQQ
2025-11-07,17361.421266114692,0.8680710633057346,Deployed QQQ/TQQQ
2025-11-10,17361.659390888293,0.8680829695444147,Deployed QQQ/TQQQ
2025-11-11,17361.65939089947,0.8680829695449734,Deployed QQQ/TQQQ
2025-11-12,17361.65939089947,0.8680829695449734,Deployed QQQ/TQQQ
2025-11-13,17361.65939089947,0.8680829695449734,Deployed QQQ/TQQQ
2025-11-14,17371.789323495475,0.8685894661747737,Deployed QQQ/TQQQ
2025-11-17,17326.653084932623,0.8663326542466311,Deployed QQQ/TQQQ
2025-11-18,17200.64306443154,0.860032153221577,Deployed QQQ/TQQQ
2025-11-19,17274.095223562555,0.8637047611781278,Deployed QQQ/TQQQ
2025-11-20,12714.237573165854,0.6357118786582927,Deployed QQQ/TQQQ
2025-11-21,12816.45057125862,0.640822528562931,Deployed QQQ/TQQQ
2025-11-24,13174.089230161217,0.6587044615080608,Deployed QQQ/TQQQ
2025-11-25,13266.301649870897,0.6633150824935449,Deployed QQQ/TQQQ
2025-11-26,13401.514078319044,0.6700757039159522,Deployed QQQ/TQQQ
2025-11-28,13516.940295391903,0.6758470147695952,Deployed QQQ/TQQQ
2025-12-01,13465.578523534668,0.6732789261767335,Deployed QQQ/TQQQ
2025-12-02,13589.790954609562,0.6794895477304781,Deployed QQQ/TQQQ
2025-12-03,13628.003294232694,0.6814001647116347,Deployed QQQ/TQQQ
2025-12-04,13609.21558841707,0.6804607794208535,Deployed QQQ/TQQQ
2025-12-05,13672.428155204549,0.6836214077602274,Deployed QQQ/TQQQ
2025-12-08,13635.064270914076,0.6817532135457037,Deployed QQQ/TQQQ
2025-12-09,13655.276163917815,0.6827638081958908,Deployed QQQ/TQQQ
2025-12-10,13718.48840417895,0.6859244202089475,Deployed QQQ/TQQQ
2025-12-11,13663.700167720564,0.6831850083860282,Deployed QQQ/TQQQ
2025-12-12,13333.91186652481,0.6666955933262405,Deployed QQQ/TQQQ
2025-12-15,13251.546925412413,0.6625773462706206,Deployed QQQ/TQQQ
2025-12-16,13281.758594095903,0.6640879297047951,Deployed QQQ/TQQQ
2025-12-17,12988.816659868826,0.6494408329934412,Deployed QQQ/TQQQ
2025-12-18,13199.784957837992,0.6599892478918996,Deployed QQQ/TQQQ
2025-12-19,13400.724105341302,0.6700362052670651,Deployed QQQ/TQQQ
2025-12-22,13473.766668155591,0.6736883334077796,Deployed QQQ/TQQQ
2025-12-23,13549.761549001209,0.6774880774500605,Deployed QQQ/TQQQ
2025-12-24,13584.77239767792,0.679238619883896,Deployed QQQ/TQQQ
2025-12-26,13579.804857856318,0.6789902428928158,Deployed QQQ/TQQQ
2025-12-29,13497.831488865071,0.6748915744432535,Deployed QQQ/TQQQ
2025-12-30,13458.834412815464,0.6729417206407732,Deployed QQQ/TQQQ
2025-12-31,13320.836924547064,0.6660418462273532,Deployed QQQ/TQQQ
2026-01-02,13283.837226298518,0.6641918613149259,Deployed QQQ/TQQQ
2026-01-05,13408.83732732523,0.6704418663662615,Deployed QQQ/TQQQ
2026-01-06,13549.837308246886,0.6774918654123443,Deployed QQQ/TQQQ
2026-01-07,13565.837310834197,0.6782918655417098,Deployed QQQ/TQQQ
2026-01-08,13467.837363770474,0.6733918681885237,Deployed QQQ/TQQQ
2026-01-09,13624.837333203785,0.6812418666601893,Deployed QQQ/TQQQ
2026-01-12,13637.837440518,0.6818918720259,Deployed QQQ/TQQQ
2026-01-13,13608.837348965266,0.6804418674482633,Deployed QQQ/TQQQ
2026-01-14,13431.837684658623,0.6715918842329311,Deployed QQQ/TQQQ
2026-01-15,13486.83760836468,0.674341880418234,Deployed QQQ/TQQQ
2026-01-16,13462.837440518,0.6731418720259,Deployed QQQ/TQQQ
2026-01-20,13121.83745577679,0.6560918727888395,Deployed QQQ/TQQQ
2026-01-21,13321.818492574304,0.6660909246287152,Deployed QQQ/TQQQ
2026-01-22,13438.802661887708,0.6719401330943854,Deployed QQQ/TQQQ
2026-01-23,13486.808939850996,0.6743404469925498,Deployed QQQ/TQQQ
2026-01-26,13556.828316270188,0.6778414158135094,Deployed QQQ/TQQQ
2026-01-27,13702.815308556725,0.6851407654278362,Deployed QQQ/TQQQ
2026-01-28,13754.828120115628,0.6877414060057814,Deployed QQQ/TQQQ
2026-01-29,13652.844014527234,0.6826422007263617,Deployed QQQ/TQQQ
2026-01-30,13448.85162499243,0.6724425812496215,Deployed QQQ/TQQQ
2026-02-02,13558.85295632733,0.6779426478163665,Deployed QQQ/TQQQ
2026-02-03,13300.853835495704,0.6650426917747851,Deployed QQQ/TQQQ
2026-02-04,13024.853699971372,0.6512426849985686,Deployed QQQ/TQQQ
2026-02-05,12812.853812608391,0.6406426906304196,Deployed QQQ/TQQQ
2026-02-06,13107.853886174236,0.6553926943087118,Deployed QQQ/TQQQ
2026-02-09,13222.854041512928,0.6611427020756464,Deployed QQQ/TQQQ
2026-02-10,13150.853919545703,0.6575426959772852,Deployed QQQ/TQQQ
2026-02-11,13188.85402636569,0.6594427013182845,Deployed QQQ/TQQQ
2026-02-12,12874.853705931511,0.6437426852965755,Deployed QQQ/TQQQ
2026-02-13,12895.853995848503,0.6447926997924252,Deployed QQQ/TQQQ
2026-02-17,12883.853721190302,0.6441926860595151,Deployed QQQ/TQQQ
2026-02-18,12987.853812743037,0.6493926906371519,Deployed QQQ/TQQQ
2026-02-19,12931.854056883662,0.6465927028441831,Deployed QQQ/TQQQ
2026-02-20,13054.854011107294,0.6527427005553648,Deployed QQQ/TQQQ
2026-02-23,12872.854041624872,0.6436427020812436,Deployed QQQ/TQQQ
2026-02-24,13026.854155605122,0.6513427077802562,Deployed QQQ/TQQQ
2026-02-25,13235.85101893006,0.661792550946503,Deployed QQQ/TQQQ
2026-02-26,13053.855146753229,0.6526927573376614,Deployed QQQ/TQQQ
2026-02-27,13000.855510585012,0.6500427755292506,Deployed QQQ/TQQQ
2026-03-02,13018.855676345707,0.6509427838172853,Deployed QQQ/TQQQ
2026-03-03,12858.855479411082,0.6429427739705541,Deployed QQQ/TQQQ
2026-03-04,13074.855430891474,0.6537427715445737,Deployed QQQ/TQQQ
2026-03-05,13028.855549487636,0.6514427774743818,Deployed QQQ/TQQQ
2026-03-06,12802.855728082866,0.6401427864041433,Deployed QQQ/TQQQ
2026-03-09,12987.855575625314,0.6493927787812657,Deployed QQQ/TQQQ
2026-03-10,12988.855789923078,0.6494427894961539,Deployed QQQ/TQQQ
2026-03-11,12983.855485007529,0.6491927742503765,Deployed QQQ/TQQQ
2026-03-12,12731.855820818391,0.6365927910409196,Deployed QQQ/TQQQ
2026-03-13,12641.855668234017,0.6320927834117008,Deployed QQQ/TQQQ
2026-03-16,12794.85554616392,0.6397427773081961,Deployed QQQ/TQQQ
2026-03-17,12864.855622457875,0.6432427811228938,Deployed QQQ/TQQQ
2026-03-18,12658.855485128775,0.6329427742564387,Deployed QQQ/TQQQ
2026-03-19,12617.855500387564,0.6308927750193782,Deployed QQQ/TQQQ
2026-03-20,12356.855820822137,0.6178427910411068,Deployed QQQ/TQQQ
2026-03-23,12505.855607199088,0.6252927803599544,Deployed QQQ/TQQQ
2026-03-24,12410.855530905144,0.6205427765452572,Deployed QQQ/TQQQ
2026-03-25,12487.85557668151,0.6243927788340755,Deployed QQQ/TQQQ
2026-03-26,12171.8555919403,0.6085927795970151,Deployed QQQ/TQQQ
2026-03-27,11926.855515646354,0.5963427757823176,Deployed QQQ/TQQQ
2026-03-30,11837.855576681508,0.5918927788340754,Deployed QQQ/TQQQ
2026-03-31,12216.855418321946,0.6108427709160973,Deployed QQQ/TQQQ
2026-04-01,12371.854946206658,0.618592747310333,Deployed QQQ/TQQQ
2026-04-02,12381.855388927288,0.6190927694463644,Deployed QQQ/TQQQ
2026-04-06,12458.855354750229,0.6229427677375114,Deployed QQQ/TQQQ
2026-04-07,12463.855720647169,0.6231927860323584,Deployed QQQ/TQQQ
2026-04-08,12848.853797785545,0.6424426898892772,Deployed QQQ/TQQQ
2026-04-09,12944.853290339224,0.6472426645169612,Deployed QQQ/TQQQ
2026-04-10,12965.853903546038,0.6482926951773019,Deployed QQQ/TQQQ
2026-04-13,13114.854803716791,0.6557427401858396,Deployed QQQ/TQQQ
2026-04-14,13389.851640195677,0.6694925820097838,Deployed QQQ/TQQQ
2026-04-15,13613.84523629827,0.6806922618149135,Deployed QQQ/TQQQ
2026-04-16,13691.847007035987,0.6845923503517993,Deployed QQQ/TQQQ
2026-04-17,13907.836369589197,0.6953918184794599,Deployed QQQ/TQQQ
2026-04-20,13856.854127417251,0.6928427063708625,Deployed QQQ/TQQQ
2026-04-21,13788.85558648457,0.6894427793242285,Deployed QQQ/TQQQ
2026-04-22,14069.854850778243,0.7034927425389121,Deployed QQQ/TQQQ
2026-04-23,13970.855679083026,0.6985427839541513,Deployed QQQ/TQQQ
2026-04-24,14304.855255711627,0.7152427627855814,Deployed QQQ/TQQQ
2026-04-27,14312.855577966377,0.7156427788983188,Deployed QQQ/TQQQ
2026-04-28,14122.855807510276,0.7061427903755138,Deployed QQQ/TQQQ
2026-04-29,14234.85570069916,0.711742785034958,Deployed QQQ/TQQQ
2026-04-30,14402.85573121674,0.720142786560837,Deployed QQQ/TQQQ
2026-05-01,14578.855944839786,0.7289427972419893,Deployed QQQ/TQQQ
2026-05-04,14539.856005874944,0.7269928002937472,Deployed QQQ/TQQQ
2026-05-05,14782.012959774196,0.7391006479887098,Deployed QQQ/TQQQ
2026-05-06,15180.66072751303,0.7590330363756514,Deployed QQQ/TQQQ
2026-05-07,15164.276534699564,0.7582138267349782,Deployed QQQ/TQQQ
2026-05-08,15618.439892427245,0.7809219946213622,Deployed QQQ/TQQQ
2026-05-11,15693.146006404108,0.7846573003202054,Deployed QQQ/TQQQ
2026-05-12,15515.39744976659,0.7757698724883295,Deployed QQQ/TQQQ
2026-05-13,15725.904401133816,0.7862952200566907,Deployed QQQ/TQQQ
2026-05-14,15889.829572219654,0.7944914786109827,Deployed QQQ/TQQQ
2026-05-15,15562.658719283923,0.7781329359641962,Deployed QQQ/TQQQ
2026-05-18,15475.191810506278,0.7737595905253138,Deployed QQQ/TQQQ
2026-05-19,15343.23482477963,0.7671617412389815,Deployed QQQ/TQQQ
2026-05-20,15688.1430031278,0.78440715015639,Deployed QQQ/TQQQ
2026-05-21,15733.46665269394,0.786673332634697,Deployed QQQ/TQQQ
2026-05-22,15822.529863029176,0.7911264931514588,Deployed QQQ/TQQQ
2026-05-26,16223.709859674804,0.8111854929837402,Deployed QQQ/TQQQ
2026-05-27,16204.4651402299,0.810223257011495,Deployed QQQ/TQQQ
2026-05-28,16397.63416478082,0.8198817082390409,Deployed QQQ/TQQQ
2026-05-29,16485.671765975803,0.8242835882987901,Deployed QQQ/TQQQ
2026-06-01,16646.315545374622,0.8323157772687311,Deployed QQQ/TQQQ
2026-06-02,16765.813202520814,0.8382906601260407,Deployed QQQ/TQQQ
2026-06-03,16711.26823434857,0.8355634117174284,Deployed QQQ/TQQQ
2026-06-04,16582.64569672242,0.8291322848361209,Deployed QQQ/TQQQ
2026-06-05,15366.16670769554,0.768308335384777,Deployed QQQ/TQQQ
2026-06-08,15688.1660668264,0.78440830334132,Deployed QQQ/TQQQ
2026-06-09,15472.447704520751,0.7736223852260375,Deployed QQQ/TQQQ
2026-06-10,15069.559977755192,0.7534779988877596,Deployed QQQ/TQQQ
2026-06-11,15666.109146907083,0.7833054573453542,Deployed QQQ/TQQQ
2026-06-12,15799.701529041393,0.7899850764520696,Deployed QQQ/TQQQ
2026-06-15,16354.817231944517,0.8177408615972258,Deployed QQQ/TQQQ
2026-06-16,16008.090782783092,0.8004045391391547,Deployed QQQ/TQQQ
2026-06-17,15823.927069774132,0.7911963534887066,Deployed QQQ/TQQQ
2026-06-18,16250.769645819328,0.8125384822909664,Deployed QQQ/TQQQ
2026-06-22,16282.590778071635,0.8141295389035818,Deployed QQQ/TQQQ
2026-06-23,15581.351308423502,0.7790675654211751,Deployed QQQ/TQQQ
2026-06-24,15481.91283433204,0.7740956417166021,Deployed QQQ/TQQQ
2026-06-25,15639.934243742173,0.7819967121871086,Deployed QQQ/TQQQ
2026-06-26,15353.06187895073,0.7676530939475364,Deployed QQQ/TQQQ
2026-06-29,15874.519311450958,0.7937259655725479,Deployed QQQ/TQQQ
2026-06-30,16228.211567437742,0.8114105783718871,Deployed QQQ/TQQQ
2026-07-01,15913.21236543451,0.7956606182717255,Deployed QQQ/TQQQ
2026-07-02,15517.521772106138,0.7758760886053069,Deployed QQQ/TQQQ
2026-07-06,15827.799076649995,0.7913899538324998,Deployed QQQ/TQQQ
2026-07-07,15410.268970784718,0.770513448539236,Deployed QQQ/TQQQ
2026-07-08,15459.312113353091,0.7729656056676546,Deployed QQQ/TQQQ
2026-07-09,15821.315082894213,0.7910657541447106,Deployed QQQ/TQQQ
2026-07-10,15890.319017884154,0.7945159508942077,Deployed QQQ/TQQQ
2026-07-13,15451.319080671325,0.7725659540335662,Deployed QQQ/TQQQ
2026-07-14,15657.196068752604,0.7828598034376302,Deployed QQQ/TQQQ
2026-07-15,15619.512389547956,0.7809756194773978,Deployed QQQ/TQQQ
2026-07-16,15302.753651512328,0.7651376825756164,Deployed QQQ/TQQQ
2026-07-17,15013.046540693744,0.7506523270346872,Deployed QQQ/TQQQ
2026-07-20,15035.78065627376,0.751789032813688,Deployed QQQ/TQQQ
2026-07-21,15380.92066974236,0.769046033487118,Deployed QQQ/TQQQ
2026-07-22,15286.186583158456,0.7643093291579228,Deployed QQQ/TQQQ
2026-07-23,14914.467887803856,0.7457233943901928,Deployed QQQ/TQQQ
2026-07-24,14694.109712380852,0.7347054856190426,Deployed QQQ/TQQQ
2026-07-27,14640.332669411604,0.7320166334705802,Deployed QQQ/TQQQ
2026-07-28,14459.198251375865,0.7229599125687932,Deployed QQQ/TQQQ
2026-07-29,14080.321421340755,0.7040160710670378,Deployed QQQ/TQQQ
2026-07-30,14632.03842923115,0.7316019214615576,Deployed QQQ/TQQQ
2026-07-31,14763.619523627687,0.7381809761813843,Deployed QQQ/TQQQ
2026-08-03,15097.025729245108,0.7548512864622554,Deployed QQQ/TQQQ
2026-08-04,15762.02942185948,0.788101471092974,Deployed QQQ/TQQQ
2026-08-05,15577.667440699424,0.7788833720349713,Deployed QQQ/TQQQ
2026-08-06,15502.517119174032,0.7751258559587016,Deployed QQQ/TQQQ
2026-08-07,15743.82908380207,0.7871914541901035,Deployed QQQ/TQQQ
2026-08-10,15685.018707872166,0.7842509353936084,Deployed QQQ/TQQQ
2026-08-11,15611.825830413827,0.7805912915206914,Deployed QQQ/TQQQ
2026-08-12,15765.95042310846,0.788297521155423,Deployed QQQ/TQQQ
