date,equity,openLeapsValue,shortCallLiability,availableCash,openContracts,qqqAdjClose,qqqRsi,qqqIv,vixClose,vixMean,vixStd
2021-08-13,20000,0,0,20000,0,357.935852,62.7183,0.257756,15.45,17.673585,7.333253
2021-08-16,20000,0,0,20000,0,358.091187,62.99092,0.257741,16.120001,17.673004,7.331943
2021-08-17,20000,0,0,20000,0,354.937103,54.307124,0.257723,17.91,17.673093,7.330573
2021-08-18,20000,0,0,20000,0,351.520935,46.784274,0.257847,21.57,17.67455,7.329589
2021-08-19,20000,0,0,20000,0,353.219269,50.458479,0.257714,21.67,17.676043,7.328626
2021-08-20,20000,0,0,20000,0,356.878082,57.298649,0.257501,18.559999,17.676373,7.327276
2021-08-23,20000,0,0,20000,0,362.215759,64.910229,0.257935,17.15,17.676176,7.325915
2021-08-24,20000,0,0,20000,0,363.322083,66.252943,0.257873,17.219999,17.676006,7.324552
2021-08-25,20000,0,0,20000,0,363.73941,66.769502,0.257746,16.790001,17.675675,7.323205
2021-08-26,20000,0,0,20000,0,361.429596,61.187016,0.256768,18.84,17.67611,7.321873
2021-08-27,20000,0,0,20000,0,364.942841,65.862222,0.256931,16.389999,17.67563,7.320549
2021-08-30,20000,0,0,20000,0,369.038239,70.346316,0.257173,16.190001,17.675076,7.319241
2021-08-31,20000,0,0,20000,0,368.737366,69.622777,0.257046,16.48,17.674631,7.317913
2021-09-01,20000,0,0,20000,0,369.348816,70.291527,0.256331,16.110001,17.674048,7.316612
2021-09-02,20000,0,0,20000,0,369.174164,69.818719,0.256133,16.41,17.673578,7.31529
2021-09-03,20000,0,0,20000,0,370.309601,71.176122,0.248072,16.41,17.673108,7.313969
2021-09-07,20000,0,0,20000,0,370.833618,71.806338,0.247451,18.139999,17.673281,7.312613
2021-09-08,20000,0,0,20000,0,369.542938,67.870167,0.23994,17.959999,17.673388,7.311255
2021-09-09,20000,0,0,20000,0,368.271637,64.140598,0.237697,18.799999,17.673807,7.309928
2021-09-10,20000,0,0,20000,0,365.476563,56.756085,0.23654,20.950001,17.675024,7.308842
2021-09-13,20000,0,0,20000,0,365.224274,56.127944,0.236343,19.370001,17.675654,7.307556
2021-09-14,20000,0,0,20000,0,364.185822,53.503137,0.235613,19.459999,17.676316,7.30628
2021-09-15,20000,0,0,20000,0,366.893372,58.899926,0.235224,18.18,17.676503,7.30493
2021-09-16,20000,0,0,20000,0,367.145782,59.373338,0.2343,18.690001,17.676879,7.3036
2021-09-17,20000,0,0,20000,0,362.797974,48.920494,0.233942,20.809999,17.678042,7.302494
2021-09-20,20000,0,0,20000,0,355.301483,36.868254,0.234841,25.709999,17.68102,7.302778
2021-09-21,20000,0,0,20000,0,355.738586,37.830018,0.234838,24.360001,17.683495,7.302556
2021-09-22,20000,0,0,20000,0,359.061432,44.72397,0.234129,20.870001,17.684676,7.30146
2021-09-23,20000,0,0,20000,0,362.374359,50.605043,0.231076,18.629999,17.685026,7.30013
2021-09-24,20000,0,0,20000,0,362.714508,51.179377,0.231043,17.75,17.68505,7.298778
2021-09-27,20000,0,0,20000,0,359.819244,46.249942,0.229843,18.76,17.685448,7.297456
2021-09-28,20000,0,0,20000,0,349.637177,33.888125,0.231458,23.25,17.687506,7.29689
2021-09-29,20000,0,0,20000,0,349.063934,33.347714,0.231383,22.559999,17.689308,7.296142
2021-09-30,20000,0,0,20000,0,347.781525,32.113919,0.231349,23.139999,17.691323,7.295546
2021-10-01,20000,0,0,20000,0,349.938354,36.377381,0.230753,21.1,17.692583,7.294491
2021-10-04,20000,0,0,20000,0,342.593384,29.567301,0.229563,22.959999,17.694529,7.293846
2021-10-05,20000,0,0,20000,0,347.218048,37.500886,0.228774,21.299999,17.69586,7.292828
2021-10-06,20000,0,0,20000,0,349.442871,40.947055,0.227716,21,17.69708,7.291758
2021-10-07,20000,0,0,20000,0,352.649048,45.602077,0.227101,19.540001,17.69776,7.290498
2021-10-08,20000,0,0,20000,0,350.890533,43.573258,0.227158,18.77,17.698156,7.289182
2021-10-11,20000,0,0,20000,0,348.19931,40.596549,0.226755,20,17.699004,7.287971
2021-10-12,20000,0,0,20000,0,346.984833,39.292045,0.224015,19.85,17.699797,7.286744
2021-10-13,20000,0,0,20000,0,349.763519,43.745987,0.224179,18.639999,17.700144,7.285424
2021-10-14,20000,0,0,20000,0,356.204926,52.454333,0.224875,16.860001,17.699834,7.284099
2021-10-15,20000,0,0,20000,0,358.44931,55.064527,0.224777,16.299999,17.699319,7.282807
2021-10-18,20000,0,0,20000,0,362.053833,58.961181,0.224901,16.309999,17.698808,7.281515
2021-10-19,20000,0,0,20000,0,364.79361,61.681169,0.224044,15.7,17.698072,7.280276
2021-10-20,20000,0,0,20000,0,364.317596,60.925623,0.22406,15.49,17.69726,7.27906
2021-10-21,20000,0,0,20000,0,366.542419,63.194849,0.224128,15.01,17.696272,7.277903
2021-10-22,20000,0,0,20000,0,363.462494,58.159434,0.224418,15.43,17.695439,7.276695
2021-10-25,20000,0,0,20000,0,367.183655,62.089797,0.22468,15.24,17.694537,7.27551
2021-10-26,20000,0,0,20000,0,368.339844,63.245072,0.223837,15.98,17.693907,7.274248
2021-10-27,20000,0,0,20000,0,369.194794,64.115892,0.223702,16.98,17.693645,7.272925
2021-10-28,20000,0,0,20000,0,373.294769,68.027975,0.218499,16.530001,17.693218,7.271624
2021-10-29,20000,0,0,20000,0,375.131042,69.625179,0.217696,16.26,17.692693,7.270341
2021-11-01,20000,0,0,20000,0,376.413483,70.725121,0.215258,16.41,17.692222,7.269049
2021-11-02,20000,0,0,20000,0,377.987488,72.062332,0.215281,16.030001,17.691613,7.267786
2021-11-03,20000,0,0,20000,0,382.000061,75.175401,0.214731,15.1,17.690663,7.266623
2021-11-04,20000,0,0,20000,0,386.896729,78.346367,0.209071,15.44,17.689839,7.265419
2021-11-05,20000,0,0,20000,0,387.265961,78.568668,0.206991,16.48,17.689396,7.264125
2021-11-08,20000,0,0,20000,0,386.741302,77.353454,0.207014,17.219999,17.689224,7.262801
2021-11-09,20000,0,0,20000,0,384.079224,71.325407,0.205568,17.780001,17.689257,7.261472
2021-11-10,20000,0,0,20000,0,378.434418,60.550207,0.20516,18.73,17.689638,7.26017
2021-11-11,20000,0,0,20000,0,379.483612,61.708129,0.203626,17.66,17.689627,7.258843
2021-11-12,20000,0,0,20000,0,383.476807,65.820138,0.203803,16.290001,17.689115,7.257565
2021-11-15,20000,0,0,20000,0,383.389313,65.653778,0.203612,16.49,17.688677,7.256274
2021-11-16,20000,0,0,20000,0,386.119537,68.34265,0.203583,16.370001,17.688196,7.254993
2021-11-17,20000,0,0,20000,0,386.323547,68.540838,0.203515,17.110001,17.687985,7.253676
2021-11-18,20000,0,0,20000,0,390.326355,72.216133,0.203536,17.59,17.687949,7.252352
2021-11-19,20000,0,0,20000,0,392.502655,73.99499,0.203451,17.91,17.68803,7.25103
2021-11-22,20000,0,0,20000,0,387.945984,64.660307,0.203812,19.17,17.68857,7.249762
2021-11-23,20000,0,0,20000,0,386.177826,61.422275,0.203928,19.379999,17.689187,7.248512
2021-11-24,20000,0,0,20000,0,387.421356,62.831994,0.203368,18.58,17.689512,7.24721
2021-11-26,20000,0,0,20000,0,380.076355,50.981668,0.204743,28.620001,17.693494,7.248893
2021-11-29,20000,0,0,20000,0,388.324951,60.085991,0.20597,22.959999,17.695412,7.248269
2021-11-30,20000,0,0,20000,0,382.621826,52.785955,0.206857,27.190001,17.698868,7.249213
2021-12-01,20000,0,0,20000,0,376.112366,45.927292,0.207537,31.120001,17.703752,7.252414
2021-12-02,20000,0,0,20000,0,378.823029,48.904563,0.207669,27.950001,17.707479,7.253727
2021-12-03,20000,0,0,20000,0,372.235809,42.745162,0.208859,30.67,17.712193,7.256619
2021-12-06,20000,0,0,20000,0,375.218567,46.058118,0.208996,27.18,17.715634,7.257544
2021-12-07,20000,0,0,20000,0,386.517853,56.359798,0.211746,21.889999,17.717151,7.256661
2021-12-08,20000,0,0,20000,0,388.247223,57.691571,0.211768,19.9,17.717944,7.255462
2021-12-09,20000,0,0,20000,0,382.534393,52.041646,0.210666,21.58,17.719346,7.254518
2021-12-10,20000,0,0,20000,0,386.692657,55.460797,0.21096,18.690001,17.719699,7.253224
2021-12-13,20000,0,0,20000,0,381.106232,50.27503,0.211759,20.309999,17.720639,7.252075
2021-12-14,20000,0,0,20000,0,377.161621,46.937669,0.212074,21.889999,17.722151,7.251194
2021-12-15,20000,0,0,20000,0,385.759979,54.091519,0.213334,19.290001,17.722719,7.249941
2021-12-16,20000,0,0,20000,0,375.840271,46.330962,0.215727,20.57,17.723751,7.248829
2021-12-17,20000,0,0,20000,0,373.965271,45.016281,0.215737,21.57,17.725145,7.247885
2021-12-20,20000,0,0,20000,0,370.337555,42.503304,0.216063,22.870001,17.727008,7.247233
2021-12-21,20000,0,0,20000,0,378.625854,49.446887,0.217543,21.01,17.728197,7.24619
2021-12-22,20000,0,0,20000,0,383.237,52.857858,0.217945,18.629999,17.728523,7.244898
2021-12-23,20000,0,0,20000,0,386.126282,54.910763,0.217965,17.959999,17.728607,7.243588
2021-12-27,20000,0,0,20000,0,392.507782,59.142767,0.218707,17.68,17.72859,7.242278
2021-12-28,20000,0,0,20000,0,390.688751,57.48646,0.218547,17.540001,17.728521,7.240969
2021-12-29,20000,0,0,20000,0,390.630341,57.430842,0.218551,16.950001,17.72824,7.239675
2021-12-30,20000,0,0,20000,0,389.463013,56.25936,0.218601,17.33,17.728096,7.238371
2021-12-31,20000,0,0,20000,0,387.030975,53.797222,0.218767,17.219999,17.727913,7.23707
2022-01-03,20000,0,0,20000,0,390.756744,56.908505,0.218243,16.6,17.727505,7.235795
2022-01-04,20000,0,0,20000,0,385.688507,51.798575,0.218726,16.91,17.72721,7.234505
2022-01-05,20000,0,0,20000,0,373.839691,42.247694,0.221392,19.73,17.727933,7.233299
2022-01-06,20000,0,0,20000,0,373.577057,42.062562,0.219658,19.610001,17.728612,7.232083
2022-01-07,20000,0,0,20000,0,369.530121,39.211219,0.21963,18.76,17.728983,7.230805
2022-01-10,20000,0,0,20000,0,369.773376,39.4768,0.218858,19.4,17.729586,7.229571
2022-01-11,20000,0,0,20000,0,375.328125,45.348473,0.219495,18.41,17.729831,7.22828
2022-01-12,20000,0,0,20000,0,376.816467,46.83672,0.219413,17.620001,17.729791,7.226979
2022-01-13,20000,0,0,20000,0,367.390015,39.50003,0.221526,20.309999,17.73072,7.225843
2022-01-14,20000,0,0,20000,0,369.676086,41.877864,0.221374,19.190001,17.731245,7.224595
2022-01-18,20000,0,0,20000,0,360.473267,35.781143,0.222946,22.790001,17.733065,7.223933
2022-01-19,20000,0,0,20000,0,356.514008,33.520169,0.221752,23.85,17.735264,7.223565
2022-01-20,20000,6338.665846,76.066413,13737.400568,1,351.883453,31.049051,0.222166,25.59,17.738088,7.223801
2022-01-21,19425.240692,5712.723746,24.883621,13737.400568,1,342.126221,26.599298,0.224758,28.85,17.74208,7.225573
2022-01-24,19518.700722,12048.911799,99.236468,7569.025391,2,343.692505,28.373846,0.224615,29.9,17.746448,7.227949
2022-01-25,18562.986667,11031.074363,37.113087,7569.025391,2,335.725098,25.055499,0.226414,31.16,17.751264,7.231119
2022-01-26,18403.68404,10863.404029,28.74538,7569.025391,2,335.199829,24.849168,0.223809,31.959999,17.756364,7.234831
2022-01-27,17977.120525,10424.056786,15.961651,7569.025391,2,331.824188,23.509305,0.224057,30.49,17.760933,7.237552
2022-01-28,19359.32522,11848.804018,58.504189,7569.025391,2,342.233185,35.125415,0.22555,27.66,17.764483,7.238682
2022-01-31,20803.777393,13392.804305,158.052303,7569.025391,2,353.177338,44.644045,0.22675,24.83,17.767017,7.23862
2022-02-01,21090.820381,13707.570609,185.775618,7569.025391,2,355.580109,46.500005,0.226089,21.959999,17.76852,7.237758
2022-02-02,21459.71649,14123.060299,232.369199,7569.025391,2,358.469299,48.726126,0.226211,22.09,17.770068,7.236923
2022-02-03,19759.451939,12229.516464,39.089916,7569.025391,2,343.935577,39.762999,0.23132,24.35,17.772425,7.236698
2022-02-04,20343.383539,12835.982631,61.624483,7569.025391,2,348.274261,43.126368,0.231757,23.219999,17.774375,7.236136
2022-02-07,19969.075707,12425.149722,25.099405,7569.025391,2,345.472687,41.514463,0.231849,22.860001,17.776195,7.23548
2022-02-08,20499.677204,12968.857802,38.205988,7569.025391,2,349.354095,44.603686,0.232217,21.440001,17.777506,7.234517
2022-02-09,21530.799389,14058.111523,96.337525,7569.025391,2,356.757263,50.025697,0.233514,19.959999,17.778287,7.23334
2022-02-10,20500.400098,12955.584934,24.210227,7569.025391,2,348.682922,44.867632,0.235099,23.91,17.780479,7.232976
2022-02-11,19115.322485,11548.619004,2.32191,7569.025391,2,337.622101,38.943867,0.238228,27.360001,17.783903,7.23395
2022-02-14,19146.316091,11577.861394,0.570694,7569.025391,2,338.040405,39.270421,0.238207,28.33,17.787671,7.235404
2022-02-15,20331.677603,12765.782052,3.12984,7569.025391,2,346.445526,45.569849,0.239923,25.700001,17.790496,7.235656
2022-02-16,20310.19654,12742.844448,1.673299,7569.025391,2,346.35788,45.516828,0.239858,24.290001,17.792817,7.235407
2022-02-17,19008.850342,11439.846567,0.021616,7569.025391,2,336.055847,39.67369,0.24257,28.110001,17.796499,7.23674
2022-02-18,18443.925199,10874.900307,0.000499,7569.025391,2,332.223083,37.732944,0.240882,27.75,17.80005,7.237891
2022-02-22,17994.04052,10425.015129,96.891682,7665.917073,2,328.886292,36.078266,0.241171,28.809999,17.803976,7.239586
2022-02-23,17066.869952,15663.11219,228.094904,1631.852665,3,320.461853,32.234869,0.243011,31.02,17.808688,7.242595
2022-02-24,18786.12388,17733.448588,579.177373,1631.852665,3,331.230743,40.901681,0.242425,30.32,17.813147,7.245155
2022-02-25,19584.795962,18798.893471,845.950174,1631.852665,3,336.367126,44.544746,0.243053,27.59,17.81663,7.246213
2022-02-28,19697.238206,18843.145525,777.759983,1631.852665,3,337.369202,45.253791,0.240508,30.15,17.821022,7.24866
2022-03-01,18939.20564,17768.943887,461.590911,1631.852665,3,332.203583,42.254552,0.240437,33.32,17.82654,7.253267
2022-03-02,19726.943781,18806.711528,711.620412,1631.852665,3,337.777771,46.384021,0.238547,30.74,17.831135,7.256066
2022-03-03,19002.868326,17792.678378,421.662717,1631.852665,3,332.952698,43.485178,0.238342,30.48,17.835635,7.258697
2022-03-04,18215.629205,16813.666545,229.890005,1631.852665,3,328.127563,40.742978,0.238388,31.98,17.840665,7.262305
2022-03-07,16143.678127,14541.01708,29.191618,1631.852665,3,316.025818,34.813354,0.240181,36.450001,17.84728,7.269486
2022-03-08,15655.303732,14039.417541,15.966475,1631.852665,3,314.556854,34.163399,0.235767,35.130001,17.853422,7.275492
2022-03-09,17900.241132,16363.018947,94.63048,1631.852665,3,325.880371,42.997919,0.239491,32.450001,17.858607,7.2794
2022-03-10,17180.503585,15592.020622,43.369702,1631.852665,3,322.261505,41.099768,0.238351,30.23,17.863001,7.28184
2022-03-11,15997.26871,14375.406481,9.990436,1631.852665,3,315.578339,37.782585,0.239491,30.75,17.867575,7.284595
2022-03-14,14909.199798,13278.019037,0.671904,1631.852665,3,309.517761,35.02208,0.240296,31.77,17.872509,7.288009
2022-03-15,16809.597881,15183.67325,5.928034,1631.852665,3,319.226379,42.295439,0.243051,29.83,17.876751,7.290195
2022-03-16,19238.585311,17666.376079,59.643433,1631.852665,3,331.065369,49.690788,0.24688,26.67,17.879869,7.290782
2022-03-17,19883.902721,18343.463731,91.413675,1631.852665,3,335.073334,51.936518,0.244376,25.67,17.88263,7.290965
2022-03-18,21197.955292,19810.376604,244.273977,1631.852665,3,341.931671,55.589717,0.245507,23.870001,17.884752,7.290544
2022-03-21,21083.06884,19526.16559,74.949414,1631.852665,3,340.980988,54.966048,0.244566,23.530001,17.886752,7.290026
2022-03-22,22383.129098,20988.238906,236.962473,1631.852665,3,347.68219,58.500366,0.245565,22.940001,17.888541,7.289355
2022-03-23,21500.05859,19895.897649,27.691724,1631.852665,3,342.685486,55.032214,0.245323,23.57,17.890552,7.288848
2022-03-24,23058.084031,21582.325826,273.789354,1749.547559,3,350.302307,59.020456,0.246658,21.67,17.89189,7.287905
2022-03-25,23120.694712,21477.369024,333.559551,1976.88524,3,350.010101,58.804983,0.246062,20.809999,17.892922,7.286822
2022-03-28,24192.309977,22659.439982,444.015245,1976.88524,3,355.425598,61.602834,0.246702,19.629999,17.893536,7.285606
2022-03-29,25327.691518,24052.013319,701.20704,1976.88524,3,361.542328,64.532862,0.247397,18.9,17.893892,7.284343
2022-03-30,24634.796564,23128.795392,470.884068,1976.88524,3,357.548859,61.246829,0.24718,19.33,17.894399,7.283105
2022-03-31,23807.515655,22117.971011,287.340596,1976.88524,3,353.117188,57.733485,0.246888,20.559999,17.895341,7.281991
2022-04-01,23642.001391,21906.298125,241.181973,1976.88524,3,352.445099,57.197616,0.245804,19.629999,17.895953,7.280777
2022-04-04,25123.013189,23536.846765,390.718816,1976.88524,3,359.701477,61.366961,0.24697,18.57,17.896191,7.279503
2022-04-05,23645.288473,21818.559118,150.155885,1976.88524,3,351.7146,55.014804,0.248483,21.030001,17.897297,7.278456
2022-04-06,22141.438956,20212.769063,48.215347,1976.88524,3,344.078369,49.716092,0.249624,22.1,17.89878,7.2776
2022-04-07,22301.601038,20369.446577,44.730779,1976.88524,3,344.896606,50.268811,0.24954,21.549999,17.900067,7.276639
2022-04-08,21327.764528,19367.656653,16.777365,1976.88524,3,340.075165,46.991081,0.250122,21.16,17.901216,7.275614
2022-04-11,19717.618227,17741.916662,1.183674,1976.88524,3,332.029938,42.062562,0.251405,24.370001,17.903495,7.275345
2022-04-12,19406.441418,17430.032612,0.476433,1976.88524,3,330.627319,41.250267,0.251035,24.26,17.905734,7.275041
2022-04-13,20779.587898,18804.206157,1.503499,1976.88524,3,337.347992,46.574136,0.251547,21.82,17.907113,7.27413
2022-04-14,19281.146371,17304.358563,0.097431,1976.88524,3,329.633789,41.882571,0.25308,22.700001,17.9088,7.273406
2022-04-18,19267.107523,17290.222752,0.000468,1976.88524,3,329.887115,42.088875,0.25284,22.17,17.910299,7.272565
2022-04-19,20803.229224,18826.34603,0.002046,1976.88524,3,337.260345,47.887279,0.254069,21.370001,17.911516,7.271575
2022-04-20,19809.882889,17832.997655,0.000006,1976.88524,3,332.341583,44.673754,0.254487,20.32,17.912363,7.270436
2022-04-21,18477.285625,16500.400386,0,1976.88524,3,325.465088,40.57445,0.255311,22.68,17.914039,7.269707
2022-04-22,16919.416419,14942.531179,0,1976.88524,3,316.942474,36.147304,0.256841,28.209999,17.917656,7.270991
2022-04-25,17660.002286,15683.117046,371.82282,2348.70806,3,321.013794,39.541047,0.257186,27.02,17.920854,7.271715
2022-04-26,15881.470455,13641.816327,109.053931,2348.70806,3,308.897156,33.785782,0.261225,33.52,17.926331,7.276311
2022-04-27,15816.417658,13562.256035,94.546437,2348.70806,3,308.527039,33.624785,0.2612,31.6,17.93113,7.279543
2022-04-28,17763.415265,15706.707633,292.000428,2348.70806,3,319.48468,42.379185,0.264547,29.99,17.935361,7.281769
2022-04-29,15647.724816,13360.23005,61.213294,2348.70806,3,305.108215,35.72219,0.270119,33.400002,17.940786,7.28625
2022-05-02,16518.292854,14249.219663,79.634869,2348.70806,3,310.202332,39.357206,0.270803,32.34,17.945835,7.28996
2022-05-03,16531.633583,14254.174997,71.249473,2348.70806,3,310.533569,39.596407,0.269941,29.25,17.949797,7.291754
2022-05-04,18433.506085,16314.048675,229.25065,2348.70806,3,321.033234,46.764535,0.272865,25.42,17.952414,7.291817
2022-05-05,16006.204528,13687.620649,30.12418,2348.70806,3,304.864777,39.074708,0.279676,31.200001,17.957054,7.294754
2022-05-06,15390.510912,13055.890102,14.087249,2348.70806,3,301.21225,37.57167,0.279857,30.190001,17.961338,7.297067
2022-05-09,13548.638527,11200.550238,0.619771,2348.70806,3,289.426727,33.141805,0.282248,34.75,17.967214,7.302548
2022-05-10,14112.102337,11764.293035,0.898757,2348.70806,3,292.942902,35.582102,0.282638,32.990002,17.97247,7.306675
2022-05-11,12768.441095,10419.794885,0.061849,2348.70806,3,284.254761,32.432143,0.283191,32.560001,17.977573,7.310489
2022-05-12,12647.615912,10298.933009,0.025156,2348.70806,3,283.582642,32.194699,0.283037,31.77,17.982395,7.313759
2022-05-13,14376.521327,12028.090672,0.277404,2348.70806,3,294.092285,39.636636,0.285217,28.870001,17.986201,7.315313
2022-05-16,13801.448199,11452.747277,0.007137,2348.70806,3,290.683258,38.173088,0.285459,27.469999,17.989514,7.316183
2022-05-17,15083.936921,12735.264794,0.035933,2348.70806,3,298.212372,43.164546,0.287035,26.1,17.992347,7.316475
2022-05-18,13021.292035,10672.584,0.000025,2348.70806,3,283.572937,36.922757,0.293271,30.959999,17.996875,7.319209
2022-05-19,12740.328026,10391.619967,0.000001,2348.70806,3,282.053497,36.335462,0.292383,29.35,18.000838,7.321004
2022-05-20,12594.577276,10245.869216,0,2348.70806,3,281.176849,35.979873,0.292336,29.43,18.004826,7.322839
2022-05-23,13261.983016,10913.274957,0,2348.70806,3,285.852173,39.386749,0.292321,28.48,18.008479,7.324175
2022-05-24,12381.849772,10033.141713,0,2348.70806,3,279.774292,36.655834,0.293397,29.450001,18.012469,7.326013
2022-05-25,12974.064393,10625.356333,514.701551,2863.409611,3,283.689819,39.563089,0.293871,28.370001,18.016079,7.327288
2022-05-26,13853.867487,11919.553526,929.09565,2863.409611,3,291.550018,45.018426,0.295739,27.5,18.019383,7.328149
2022-05-27,14719.495926,13592.419858,1736.333543,2863.409611,3,301.066071,50.807703,0.298274,25.719999,18.022065,7.328282
2022-05-31,14822.775862,13399.753904,1440.387653,2863.409611,3,300.267426,50.328737,0.298265,26.190001,18.024909,7.328591
2022-06-01,14700.312818,13017.550114,1180.646907,2863.409611,3,298.046722,48.947008,0.298376,25.690001,18.027577,7.32871
2022-06-02,15325.644368,14469.613551,2007.378794,2863.409611,3,306.208923,53.951124,0.29992,24.719999,18.029906,7.328498
2022-06-03,14887.717666,13134.216491,1109.908436,2863.409611,3,298.241516,48.911359,0.300857,24.790001,18.032257,7.328307
2022-06-06,15095.612238,13258.24032,1026.037693,2863.409611,3,299.234985,49.544269,0.300863,25.07,18.034704,7.328208
2022-06-07,15351.883457,13689.572931,1201.099084,2863.409611,3,301.816193,51.234643,0.301052,24.02,18.036785,7.327783
2022-06-08,15232.8026,13312.123944,942.730955,2863.409611,3,299.644073,49.724939,0.301166,23.959999,18.038843,7.327342
2022-06-09,14512.167089,12043.232179,394.474701,2863.409611,3,291.618195,44.506451,0.302599,26.09,18.041639,7.327605
2022-06-10,13332.887386,10564.188232,94.710457,2863.409611,3,281.332672,38.875691,0.305544,27.75,18.04501,7.328565
2022-06-13,11720.777016,8861.075367,3.707962,2863.409611,3,268.251862,33.134326,0.310448,34.02,18.050555,7.333335
2022-06-14,11773.122537,8912.208659,2.495732,2863.409611,3,268.7388,33.527877,0.310389,32.689999,18.055635,7.337132
2022-06-15,12757.000435,9901.444626,7.853802,2863.409611,3,275.449707,38.868075,0.311874,29.620001,18.059646,7.33902
2022-06-16,11351.759196,8488.549788,0.200203,2863.409611,3,264.336304,33.997156,0.315211,32.950001,18.064809,7.342983
2022-06-17,11781.09925,8917.905482,0.215843,2863.409611,3,267.550446,36.4766,0.315486,31.129999,18.069338,7.345739
2022-06-21,12727.739772,9864.332124,0.001963,2863.409611,3,274.300659,41.451079,0.316888,30.190001,18.073538,7.34793
2022-06-22,12647.493943,9784.084337,0.000005,2863.409611,3,273.900574,41.24492,0.316657,28.950001,18.077305,7.349445
2022-06-23,13247.615858,10384.206247,0,2863.409611,3,277.979767,44.287402,0.317207,29.049999,18.081105,7.351009
2022-06-24,14792.97828,11929.568669,683.553073,3546.962684,3,287.504333,50.705898,0.319786,27.23,18.084271,7.351707
2022-06-27,14618.417376,11561.438973,489.984281,3546.962684,3,285.396454,49.350834,0.319886,26.950001,18.087339,7.352284
2022-06-28,13645.238623,10309.508383,211.232445,3546.962684,3,276.701355,44.113761,0.321565,28.360001,18.090892,7.353494
2022-06-29,13680.358365,10331.079157,197.683475,3546.962684,3,276.955109,44.299531,0.321527,28.16,18.094374,7.354606
2022-06-30,13255.925658,9833.593321,124.630347,3546.962684,3,273.519958,42.251976,0.321828,28.709999,18.098044,7.355983
2022-07-01,13494.519472,10083.886823,136.330035,3546.962684,3,275.325378,43.724205,0.32195,26.700001,18.101016,7.356449
2022-07-05,14137.792331,10735.340749,144.511102,3546.962684,3,280.038849,47.488146,0.322326,27.540001,18.104276,7.35727
2022-07-06,14383.401387,10993.014599,156.575896,3546.962684,3,281.834503,48.8906,0.322384,26.73,18.107255,7.357745
2022-07-07,15223.106685,11953.458817,277.314816,3546.962684,3,287.865356,53.392802,0.323447,26.08,18.110007,7.357966
2022-07-08,15284.21098,11993.219471,255.971175,3546.962684,3,288.226532,53.656096,0.323394,24.639999,18.11226,7.357696
2022-07-11,14510.718738,11034.470214,70.71416,3546.962684,3,282.068665,48.613632,0.324249,26.17,18.11504,7.357948
2022-07-12,14127.220099,10615.964371,35.706956,3546.962684,3,279.336182,46.524263,0.324372,27.290001,18.118203,7.358652
2022-07-13,14039.762902,10516.49078,23.690562,3546.962684,3,278.760468,46.074943,0.324373,26.82,18.121203,7.359156
2022-07-14,14177.704988,10650.752288,20.009984,3546.962684,3,279.755829,47.027488,0.324401,26.4,18.124056,7.359493
2022-07-15,14943.446034,11433.375491,36.892141,3546.962684,3,284.830414,51.710764,0.325107,24.23,18.126159,7.359097
2022-07-18,14564.768036,11021.969832,4.16448,3546.962684,3,282.419983,49.473335,0.325119,25.299999,18.128629,7.359034
2022-07-19,15971.766209,12445.340321,20.536796,3546.962684,3,291.105286,56.737058,0.327129,24.5,18.130823,7.358716
2022-07-20,16706.477782,13191.940032,32.424934,3546.962684,3,295.721252,60.026156,0.327393,23.879999,18.132801,7.358222
2022-07-21,17401.648517,13899.615147,44.929313,3546.962684,3,299.96637,62.825269,0.327729,23.110001,18.134513,7.357535
2022-07-22,16576.70022,13031.093457,1.35592,3546.962684,3,294.706329,57.456579,0.328252,23.030001,18.136197,7.35683
2022-07-25,16245.905559,12698.942875,752.54092,4299.503604,3,293.027802,55.817395,0.327969,23.360001,18.137992,7.356203
2022-07-26,15633.255718,11800.965349,467.213235,4299.503604,3,287.270142,50.495762,0.328759,24.690001,18.140244,7.355941
2022-07-27,17120.399914,13914.022276,1093.125966,4299.503604,3,299.410065,59.305546,0.332413,23.24,18.141996,7.355284
2022-07-28,17438.102071,14403.816368,1265.217901,4299.503604,3,302.337738,61.103287,0.332603,22.33,18.143434,7.35443
2022-07-29,17970.451479,15379.096309,1708.148433,4299.503604,3,307.851501,64.301802,0.333348,21.33,18.144528,7.353404
2022-08-01,18086.992126,15294.903197,1507.414675,4299.503604,3,307.666077,64.110873,0.333301,22.84,18.146139,7.352657
2022-08-02,18055.862596,15117.715284,1361.356292,4299.503604,3,306.748657,63.112374,0.333313,23.93,18.148124,7.352175
2022-08-03,18764.483205,16664.746516,2199.766915,4299.503604,3,315.102234,67.999583,0.334844,21.950001,18.149427,7.351251
2022-08-04,18905.850863,16920.497132,2314.149873,4299.503604,3,316.575836,68.785239,0.334893,21.440001,18.150555,7.350243
2022-08-05,18815.214883,16431.476535,1915.765256,4299.503604,3,313.989746,65.735081,0.33492,21.15,18.151583,7.349193
2022-08-08,18928.26948,16196.100547,1567.334671,4299.503604,3,312.974792,64.525744,0.334904,21.290001,18.152658,7.348163
2022-08-09,18713.222781,15554.970131,1141.250955,4299.503604,3,309.432373,60.35241,0.335145,21.77,18.153897,7.347209
2022-08-10,19451.887698,17177.732263,2025.348169,4299.503604,3,318.068878,66.107776,0.33679,19.74,18.15444,7.34601
2022-08-11,19427.465811,16829.860973,1701.898765,4299.503604,3,316.26358,64.015883,0.336846,20.200001,18.15514,7.34485
2022-08-12,19824.239012,17995.736794,2471.001386,4299.503604,3,322.421417,67.763064,0.337644,19.530001,18.155611,7.343637
2022-08-15,20164.994851,18444.191799,2578.700552,4299.503604,3,325.027008,69.223478,0.337764,19.950001,18.156224,7.342456
2022-08-16,20254.538621,18281.726434,2326.691417,4299.503604,3,324.265839,68.250754,0.337771,19.690001,18.156749,7.341255
2022-08-17,20252.834171,17570.294171,1616.963604,4299.503604,3,320.5672,63.575841,0.33788,19.9,18.157345,7.34007
2022-08-18,20398.275215,17690.201213,1591.429602,4299.503604,3,321.338165,64.127419,0.337712,19.559999,18.157824,7.338862
2022-08-19,20140.168676,16544.565519,703.900446,4299.503604,3,315.072937,56.623315,0.338449,20.6,18.158658,7.337747
2022-08-22,19337.9608,15063.305993,24.848796,4299.503604,3,306.777985,48.526796,0.339657,23.799999,18.160584,7.337234
2022-08-23,19278.235853,14980.134574,1.402324,4299.503604,3,306.524323,48.299354,0.339147,24.110001,18.162614,7.336805
2022-08-24,19417.881141,15118.377537,857.942225,5157.445829,3,307.412323,49.197032,0.339145,22.82,18.164203,7.336057
2022-08-25,20099.667511,16097.729162,1155.50748,5157.445829,3,312.847992,54.414672,0.33984,21.780001,18.165437,7.33511
2022-08-26,18672.52012,13993.674356,478.600065,5157.445829,3,300.024902,43.154696,0.34336,25.559999,18.167958,7.33513
2022-08-29,18301.596709,13446.940753,302.789873,5157.445829,3,297.067963,41.045479,0.343306,26.209999,18.170699,7.335382
2022-08-30,17836.021915,12884.629592,206.053505,5157.445829,3,293.759674,38.762755,0.343227,26.209999,18.173438,7.335633
2022-08-31,17594.215749,12594.5643,157.79438,5157.445829,3,292.051941,37.600289,0.343277,25.870001,18.176059,7.335758
2022-09-01,17613.18955,12598.04137,142.297649,5157.445829,3,292.178741,37.749566,0.343267,25.559999,18.178573,7.335774
2022-09-02,17018.963039,11942.379006,80.861796,5157.445829,3,288.050842,34.828515,0.343637,25.469999,18.181055,7.335759
2022-09-06,16685.059796,11558.147955,30.533987,5157.445829,3,285.981964,33.432202,0.343683,26.91,18.184025,7.336277
2022-09-07,17589.308451,12486.23975,54.377127,5157.445829,3,291.759186,40.594365,0.344597,24.639999,18.186221,7.335995
2022-09-08,17818.982013,12715.335052,53.798868,5157.445829,3,293.27182,42.343517,0.344661,23.610001,18.188065,7.335429
2022-09-09,18852.780531,13797.01291,101.678208,5157.445829,3,299.68338,49.17468,0.345707,22.790001,18.18963,7.334673
2022-09-12,19431.911214,14358.322892,83.857507,5157.445829,3,303.2453,52.538937,0.345941,23.870001,18.19156,7.334174
2022-09-13,17042.591147,11889.086541,3.941223,5157.445829,3,286.616302,39.420146,0.352329,27.27,18.194643,7.334836
2022-09-14,17388.153167,12234.34299,3.635651,5157.445829,3,288.890137,41.568649,0.352482,26.16,18.197348,7.335059
2022-09-15,16642.736058,11485.871731,0.581501,5157.445829,3,284.078979,38.460525,0.352851,26.27,18.200088,7.335322
2022-09-16,16364.842797,11207.528929,0.13196,5157.445829,3,282.341949,37.373989,0.352899,26.299999,18.202837,7.335594
2022-09-19,16646.118918,11488.674192,0.001103,5157.445829,3,284.540619,39.696248,0.352812,25.76,18.2054,7.33567
2022-09-20,16257.42083,11099.975006,0.000004,5157.445829,3,282.272552,38.125689,0.352099,27.16,18.208437,7.336279
2022-09-21,15516.788514,10359.342686,0,5157.445829,3,277.21817,34.819524,0.35269,27.99,18.211753,7.337246
2022-09-22,15013.165429,9855.719601,0,5157.445829,3,273.806152,32.754587,0.352736,27.35,18.214849,7.337931
2022-09-23,14386.613679,9229.16785,845.914777,6003.360605,3,269.348236,30.231946,0.352997,29.92,18.218814,7.33985
2022-09-26,14364.213407,9031.47527,670.622468,6003.360605,3,268.233704,29.617786,0.353005,32.259998,18.223569,7.343154
2022-09-27,14392.379806,9027.294101,638.2749,6003.360605,3,268.341217,29.76601,0.352915,32.599998,18.228436,7.346674
2022-09-28,14829.384,9723.752983,897.729588,6003.360605,3,273.679016,36.874,0.352233,30.18,18.232481,7.34872
2022-09-29,14233.572212,8689.234339,459.022732,6003.360605,3,265.789612,31.758114,0.353863,31.84,18.237084,7.351738
2022-09-30,13826.109039,8105.490948,282.742515,6003.360605,3,261.282715,29.260632,0.354372,31.620001,18.24161,7.354613
2022-10-03,14513.649736,8902.555638,392.266507,6003.360605,3,267.412506,36.567214,0.355465,30.1,18.245619,7.356601
2022-10-04,15335.842009,10100.148682,767.667278,6003.360605,3,275.82016,44.964011,0.356701,29.07,18.249277,7.358048
2022-10-05,15346.403606,10047.229113,704.186112,6003.360605,3,275.673462,44.852448,0.356287,28.549999,18.252757,7.359241
2022-10-06,15190.620039,9722.682652,535.423219,6003.360605,3,273.503204,43.146853,0.356277,30.52,18.2569,7.36145
2022-10-07,14233.76563,8393.84889,163.443865,6003.360605,3,263.081543,36.056283,0.358952,31.360001,18.261323,7.364144
2022-10-10,13951.659287,8015.150178,66.851496,6003.360605,3,260.451752,34.514911,0.359081,32.450001,18.266112,7.367513
2022-10-11,13535.653904,7561.607758,29.31446,6003.360605,3,256.873566,32.480336,0.359317,33.630001,18.271296,7.371673
2022-10-12,13518.189448,7535.739834,20.910992,6003.360605,3,256.785553,32.429698,0.359308,33.57,18.276455,7.375783
2022-10-13,14273.792911,8314.954886,44.52258,6003.360605,3,262.8078,39.392451,0.360331,31.940001,18.281062,7.378805
2022-10-14,13341.705692,7344.711346,6.366259,6003.360605,3,254.908539,34.387113,0.361289,32.02,18.285693,7.381872
2022-10-17,14425.26053,8429.705394,7.805469,6003.360605,3,263.325897,42.736798,0.363449,31.370001,18.290101,7.384534
2022-10-18,14681.459799,8684.104982,6.005788,6003.360605,3,265.408386,44.614675,0.363363,30.5,18.294214,7.38669
2022-10-19,14537.793601,8535.847616,1.41462,6003.360605,3,264.44046,43.894161,0.363221,30.76,18.298411,7.388987
2022-10-20,14348.62562,8345.385276,0.120261,6003.360605,3,263.091309,42.855265,0.36325,29.98,18.302343,7.390851
2022-10-21,15190.799583,9187.569214,0.130236,6003.360605,3,269.260162,48.820036,0.364329,29.690001,18.306174,7.392559
2022-10-24,15556.362759,9553.002153,938.750121,6942.110727,3,272.222504,51.441238,0.364516,29.85,18.310057,7.394347
2022-10-25,16012.043504,10361.148372,1291.215595,6942.110727,3,277.853607,56.049215,0.365187,28.459999,18.31347,7.395445
2022-10-26,15611.636629,9504.444715,834.918812,6942.110727,3,271.714081,50.430209,0.366038,27.280001,18.316484,7.396029
2022-10-27,15223.439998,8834.772533,553.443262,6942.110727,3,266.767181,46.394334,0.366592,27.389999,18.319533,7.396656
2022-10-28,15987.540912,10002.627074,957.196889,6942.110727,3,274.930511,53.068949,0.368234,25.75,18.322029,7.396667
2022-10-31,15809.941872,9508.018949,640.187803,6942.110727,3,271.733643,50.421234,0.368374,25.879999,18.324567,7.396722
2022-11-01,15580.610884,9114.659916,476.159758,6942.110727,3,268.957092,48.173207,0.368487,25.809999,18.32708,7.396751
2022-11-02,14721.06481,7966.257381,187.303297,6942.110727,3,259.738068,41.549276,0.370617,25.860001,18.329607,7.396797
2022-11-03,14184.482546,7337.334962,94.963143,6942.110727,3,254.664093,38.41819,0.370976,25.299999,18.331946,7.396657
2022-11-04,14640.549517,7830.958579,132.519788,6942.110727,3,258.760315,42.20474,0.371176,24.549999,18.334031,7.396293
2022-11-07,14975.858337,8152.445916,118.698306,6942.110727,3,261.605286,44.745915,0.371468,24.35,18.336048,7.395873
2022-11-08,15201.65075,8386.754579,127.214555,6942.110727,3,263.511658,46.445159,0.371619,25.540001,18.338462,7.395809
2022-11-09,14526.764952,7631.259393,46.605168,6942.110727,3,257.430756,42.007415,0.372486,26.09,18.341059,7.395931
2022-11-10,16995.072765,10501.932384,448.970345,6942.110727,3,276.426239,56.113827,0.382242,23.530001,18.342796,7.395302
2022-11-11,17542.181074,11259.436334,659.365987,6942.110727,3,281.519714,58.994133,0.382928,22.52,18.344195,7.394458
2022-11-14,17443.125885,10833.005473,331.990315,6942.110727,3,279.056122,57.044018,0.382778,23.73,18.345997,7.393877
2022-11-15,17906.296546,11405.839963,441.654143,6942.110727,3,282.917786,59.314319,0.3832,24.540001,18.34807,7.393508
2022-11-16,17546.117408,10817.828636,213.821955,6942.110727,3,279.056122,56.120112,0.383363,24.110001,18.349997,7.393022
2022-11-17,17508.419121,10708.997636,142.689242,6942.110727,3,278.440186,55.60575,0.383358,23.93,18.351862,7.39249
2022-11-18,17530.499844,10683.009027,94.61991,6942.110727,3,278.450012,55.61274,0.383107,23.120001,18.353456,7.391768
2022-11-21,17156.895678,10216.248982,1.464031,6942.110727,3,275.58548,52.993403,0.383168,22.360001,18.354795,7.390895
2022-11-22,17725.200623,10783.274273,0.184377,6942.110727,3,279.554718,56.080249,0.383429,21.290001,18.355775,7.389855
2022-11-23,18131.362986,11189.252259,1060.648546,8002.759272,3,282.360474,58.17127,0.383647,20.35,18.356441,7.388711
2022-11-25,18018.681177,10876.038689,860.116784,8002.759272,3,280.502991,56.261549,0.383663,20.5,18.357156,7.387581
2022-11-28,17674.49711,10212.250798,540.51296,8002.759272,3,276.387146,52.174251,0.383405,22.209999,18.358442,7.386683
2022-11-29,17443.224689,9864.603022,424.137605,8002.759272,3,274.294983,50.17869,0.382499,21.889999,18.35962,7.385732
2022-11-30,18812.344432,11821.203895,1011.618735,8002.759272,3,286.79895,60.020651,0.386107,20.58,18.36036,7.384612
2022-12-01,18865.334321,11838.710606,976.135558,8002.759272,3,287.15097,60.258671,0.385635,19.84,18.360853,7.38343
2022-12-02,18793.872383,11639.510844,848.397734,8002.759272,3,286.00708,59.028845,0.385522,19.059999,18.361086,7.38221
2022-12-05,18399.300655,10858.47214,461.930757,8002.759272,3,281.20694,54.044275,0.385485,20.75,18.361882,7.381109
2022-12-06,17775.385357,10015.648226,243.022142,8002.759272,3,275.380157,48.67151,0.38606,22.17,18.36315,7.380207
2022-12-07,17593.633335,9776.047014,185.172951,8002.759272,3,274.25592,47.686463,0.384275,22.68,18.364587,7.379398
2022-12-08,18003.86666,10227.89155,226.784162,8002.759272,3,277.501709,50.783457,0.384535,22.290001,18.365894,7.378517
2022-12-09,17790.091805,9946.380682,159.048149,8002.759272,3,275.732147,49.077611,0.384241,22.83,18.367379,7.377739
2022-12-12,18256.895294,10389.732395,135.596373,8002.759272,3,279.192932,52.442206,0.384321,25,18.369584,7.377503
2022-12-13,18651.642058,10808.490417,159.607631,8002.759272,3,282.194336,55.206436,0.384256,22.549999,18.370974,7.37667
2022-12-14,18389.393825,10478.898937,92.264385,8002.759272,3,280.102234,52.898423,0.38417,21.139999,18.371894,7.375616
2022-12-15,17158.31934,9168.122248,12.56218,8002.759272,3,270.697388,43.994174,0.385131,22.83,18.373375,7.374838
2022-12-16,16767.620934,8768.614544,3.752883,8002.759272,3,268.116364,41.909253,0.384114,22.620001,18.374786,7.374019
2022-12-19,16234.843193,8232.105291,0.021371,8002.759272,3,264.348389,39.003252,0.384397,22.42,18.376129,7.373163
2022-12-20,16186.64106,8183.882622,0.000835,8002.759272,3,264.142578,38.844812,0.384265,21.48,18.377159,7.372156
2022-12-21,16649.290917,8646.53168,0.000035,8002.759272,3,267.974243,43.450513,0.383693,20.07,18.377721,7.370997
2022-12-22,15810.25255,7807.493278,0,8002.759272,3,261.418243,38.155622,0.384372,21.969999,18.378912,7.370064
2022-12-23,15862.647405,7859.888133,1020.065225,9022.824498,3,262.006165,38.874981,0.384245,20.870001,18.379738,7.368982
2022-12-27,15704.22877,7324.917804,643.513531,9022.824498,3,258.30188,36.031211,0.383937,21.65,18.380822,7.368001
2022-12-28,15469.682802,6909.409307,462.551003,9022.824498,3,254.891678,33.594767,0.384174,22.139999,18.382068,7.367097
2022-12-29,15991.368896,7680.803349,712.25895,9022.824498,3,261.104675,41.373,0.385413,21.440001,18.38308,7.366087
2022-12-30,16005.698749,7643.980892,661.106641,9022.824498,3,260.947845,41.241681,0.385411,21.67,18.384169,7.36511
2023-01-03,15962.571767,7358.935065,419.187795,9022.824498,3,259.183929,39.71483,0.385421,22.9,18.385664,7.364348
2023-01-04,16083.025478,7487.476573,427.275593,9022.824498,3,260.418671,41.351643,0.385262,22.01,18.386863,7.363425
2023-01-05,15749.324704,6983.702608,257.202401,9022.824498,3,256.34201,37.711063,0.385393,22.459999,18.38821,7.362579
2023-01-06,16382.959623,7825.821317,465.686191,9022.824498,3,263.417419,46.512643,0.385287,21.129999,18.389117,7.36153
2023-01-09,16620.427798,7991.834644,394.231343,9022.824498,3,265.122589,48.404811,0.385401,21.969999,18.390301,7.360601
2023-01-10,16845.570577,8262.435544,439.689464,9022.824498,3,267.366669,50.868165,0.385408,20.58,18.391024,7.359492
2023-01-11,17269.944954,8876.249762,629.129306,9022.824498,3,271.992157,55.576177,0.386036,21.09,18.391916,7.358439
2023-01-12,17419.454561,9043.183046,646.552982,9022.824498,3,273.462067,56.986747,0.385629,18.83,18.392061,7.357228
2023-01-13,17613.701635,9284.766584,693.889446,9022.824498,3,275.343719,58.79063,0.385702,18.35,18.392047,7.356013
2023-01-17,17920.396586,9249.484068,351.91198,9022.824498,3,275.902344,59.335863,0.384627,19.360001,18.392366,7.354819
2023-01-18,17641.213963,8747.262987,128.873521,9022.824498,3,272.315582,54.362467,0.384792,20.34,18.393009,7.353691
2023-01-19,17332.707168,8343.172599,33.289929,9022.824498,3,269.640228,50.933208,0.383848,20.52,18.39371,7.352579
2023-01-20,18289.537559,9363.724797,97.011736,9022.824498,3,277.01944,58.676289,0.385143,19.85,18.394191,7.351414
2023-01-23,19227.884465,10205.059967,1129.050412,10151.874909,3,283.173676,63.806193,0.38585,19.809999,18.394657,7.350247
2023-01-24,19170.973004,10053.566074,1034.467979,10151.874909,3,282.59552,63.014772,0.384453,19.200001,18.394923,7.34905
2023-01-25,19144.060189,9941.344118,949.158839,10151.874909,3,281.968353,62.114731,0.384404,19.08,18.395148,7.34785
2023-01-26,19608.093033,10721.260866,1265.042742,10151.874909,3,287.465942,66.615976,0.384183,18.73,18.395258,7.346642
2023-01-27,19858.405316,11140.700191,1434.169783,10151.874909,3,290.327545,68.700565,0.384388,18.51,18.395296,7.345433
2023-01-30,19514.491853,10220.662111,858.045166,10151.874909,3,284.457489,60.372594,0.384957,19.940001,18.395805,7.344277
2023-01-31,19867.103792,10784.701587,1069.472704,10151.874909,3,288.720367,63.804092,0.38354,19.4,18.396135,7.343091
2023-02-01,20334.242256,11676.934659,1494.567313,10151.874909,3,294.894257,68.111035,0.382488,17.870001,18.395962,7.34189
2023-02-02,20989.575295,13458.00161,2620.301224,10151.874909,3,305.477936,73.854447,0.384814,18.73,18.396072,7.340685
2023-02-03,20825.400493,12553.912384,1880.3868,10151.874909,3,300.048889,67.171245,0.385231,18.33,18.39605,7.339478
2023-02-06,20767.608353,11974.753214,1359.01977,10151.874909,3,297.510773,64.244297,0.382219,19.43,18.39639,7.338296
2023-02-07,21195.537832,12972.904555,1929.241632,10151.874909,3,303.674774,67.90228,0.382734,18.66,18.396476,7.337092
2023-02-08,20970.867253,12087.912865,1268.920521,10151.874909,3,298.275116,61.925664,0.383198,19.629999,18.396881,7.335921
2023-02-09,20834.726771,11643.521459,960.669597,10151.874909,3,295.638977,59.186728,0.383064,20.709999,18.39764,7.334837
2023-02-10,20703.965048,11290.842285,738.752145,10151.874909,3,293.698639,57.181959,0.38224,20.530001,18.39834,7.333735
2023-02-13,21291.697801,11952.153217,812.330325,10151.874909,3,298.402527,60.660764,0.381828,20.34,18.398977,7.332616
2023-02-14,21494.156461,12222.538162,880.256611,10151.874909,3,300.607483,62.210652,0.38004,18.91,18.399144,7.331419
2023-02-15,21758.640175,12580.063388,973.298122,10151.874909,3,302.9104,63.814177,0.380159,18.23,18.399089,7.330218
2023-02-16,21346.681197,11623.485581,428.679293,10151.874909,3,297.226532,57.346294,0.379608,20.17,18.399669,7.329087
2023-02-17,21186.839796,11275.771106,240.80622,10151.874909,3,295.129395,55.126203,0.379687,20.02,18.4002,7.327945
2023-02-21,20262.11348,10110.263563,0.024992,10151.874909,3,288.142212,48.402711,0.379058,22.870001,18.401663,7.327191
2023-02-22,20265.626735,10113.751826,1081.569495,11233.444404,3,288.357819,48.610993,0.378836,22.290001,18.402936,7.326329
2023-02-23,20499.960391,10467.58102,1201.065033,11233.444404,3,290.876312,51.094395,0.378823,21.139999,18.403832,7.325297
2023-02-24,20090.606388,9703.797727,846.635743,11233.444404,3,286.005798,46.422199,0.378098,21.67,18.4049,7.324337
2023-02-27,20294.228968,9872.248516,811.463951,11233.444404,3,288.053955,48.552708,0.376051,20.950001,18.405733,7.323283
2023-02-28,20271.534107,9780.774009,742.684306,11233.444404,3,287.681488,48.177517,0.375561,20.700001,18.406483,7.322203
2023-03-01,20073.465631,9428.321796,588.300569,11233.444404,3,285.368805,45.81042,0.375642,20.58,18.407193,7.321112
2023-03-02,20320.275732,9739.895176,653.063848,11233.444404,3,287.730591,48.588477,0.375371,19.59,18.407579,7.319947
2023-03-03,20908.714566,10614.996453,939.72629,11233.444404,3,293.679016,54.864567,0.375652,18.49,18.407606,7.318751
2023-03-06,21037.014887,10588.956332,785.385849,11233.444404,3,294.012238,55.194538,0.375288,18.610001,18.407672,7.317557
2023-03-07,20714.18314,10021.275416,540.53668,11233.444404,3,290.405884,50.860816,0.375175,19.59,18.408058,7.316393
2023-03-08,20818.157219,10129.962399,545.249584,11233.444404,3,291.856293,52.476945,0.372558,19.110001,18.408287,7.31521
2023-03-09,20312.259676,9384.668217,305.852945,11233.444404,3,286.799622,46.709159,0.373091,22.610001,18.409658,7.31441
2023-03-10,19793.522725,8727.403994,167.325672,11233.444404,3,282.771912,42.68484,0.37096,24.799999,18.411741,7.314128
2023-03-13,20068.330021,8955.531101,120.645483,11233.444404,3,284.86908,45.32621,0.370862,26.52,18.414384,7.3144
2023-03-14,20895.897161,9887.726038,225.273281,11233.444404,3,291.415283,52.660007,0.371081,23.73,18.416116,7.313838
2023-03-15,21086.535955,10072.932674,219.841123,11233.444404,3,292.944031,54.204905,0.370426,26.139999,18.418632,7.313974
2023-03-16,21998.122851,11224.812428,460.133981,11233.444404,3,300.666229,61.10905,0.369881,22.99,18.42012,7.313248
2023-03-17,21816.896469,10891.699725,308.24766,11233.444404,3,299.2453,59.336379,0.367273,25.51,18.422428,7.313176
2023-03-20,22086.524174,10983.407349,130.327578,11233.444404,3,300.307343,60.264188,0.366999,24.15,18.424292,7.312716
2023-03-21,22691.197768,11633.60909,175.855727,11233.444404,3,304.596405,63.851343,0.366575,21.379999,18.425254,7.31172
2023-03-22,22169.528729,10959.305047,23.220721,11233.444404,3,300.454498,58.37123,0.366909,22.26,18.426501,7.310858
2023-03-23,22713.744569,11489.619083,9.318917,11233.444404,3,304.017273,61.437153,0.36642,22.610001,18.427861,7.310058
2023-03-24,22870.353425,11636.909021,1019.460193,12252.904597,3,305.13623,62.374415,0.366069,21.74,18.428937,7.309114
2023-03-27,22689.621541,11201.131181,764.414237,12252.904597,3,303.045624,59.466335,0.365148,20.6,18.429643,7.308031
2023-03-28,22529.84232,10923.98285,647.045127,12252.904597,3,301.435974,57.253026,0.365192,19.969999,18.430143,7.306896
2023-03-29,23165.577708,11794.280593,881.607483,12252.904597,3,306.932312,62.399307,0.365378,19.120001,18.430367,7.30572
2023-03-30,23490.362046,12239.870842,1002.413393,12252.904597,3,309.837585,64.81085,0.364959,19.02,18.430558,7.304542
2023-03-31,24048.316428,13107.306403,1311.894573,12252.904597,3,314.990448,68.651166,0.365315,18.700001,18.430646,7.303358
2023-04-03,24085.853218,12895.368796,1062.420175,12252.904597,3,314.224854,67.472956,0.365038,18.549999,18.430684,7.302173
2023-04-04,24015.261162,12690.308041,927.951476,12252.904597,3,313.164825,65.789375,0.36505,19,18.430869,7.300996
2023-04-05,23689.480421,12120.557179,683.981356,12252.904597,3,310.073181,61.008051,0.364359,19.08,18.431079,7.299822
2023-04-06,23938.489763,12421.649106,736.06394,12252.904597,3,312.163696,62.967886,0.363509,18.4,18.431069,7.298639
2023-04-10,24035.828446,12267.652254,484.728406,12252.904597,3,311.987061,62.68121,0.362587,18.969999,18.431244,7.297462
2023-04-11,23813.731907,11909.573679,348.746369,12252.904597,3,309.984741,59.38087,0.362644,19.1,18.43146,7.29629
2023-04-12,23460.983761,11426.286003,218.206839,12252.904597,3,307.246429,55.107539,0.362414,19.09,18.431674,7.295118
2023-04-13,24292.331789,12397.068076,357.640885,12252.904597,3,313.26297,61.639619,0.362075,17.799999,18.431469,7.293946
2023-04-14,24247.674713,12272.398447,277.628332,12252.904597,3,312.674072,60.7085,0.362049,17.07,18.431029,7.292807
2023-04-17,24347.79315,12219.441213,124.55266,12252.904597,3,312.939087,60.994056,0.361221,16.950001,18.43055,7.291676
2023-04-18,24338.404568,12164.932056,79.432085,12252.904597,3,312.958679,61.016612,0.360172,16.83,18.430032,7.290554
2023-04-19,24327.40549,12116.234711,41.733819,12252.904597,3,312.811493,60.732475,0.36017,16.459999,18.429396,7.289461
2023-04-20,23907.664959,11662.745967,7.985606,12252.904597,3,310.426453,56.168078,0.359274,17.17,18.428989,7.288318
2023-04-21,23931.550178,11679.877193,1.231613,12252.904597,3,310.750366,56.644644,0.35886,16.77,18.428453,7.287202
2023-04-24,23726.808077,11473.90348,1000.085021,13252.989618,3,310.102539,55.3485,0.358005,16.889999,18.427956,7.286077
2023-04-25,23077.933704,10479.65733,654.713244,13252.989618,3,304.252838,45.274399,0.35732,18.76,18.428063,7.284903
2023-04-26,23298.329226,10742.872243,697.532635,13252.989618,3,306.098083,48.461096,0.35706,18.84,18.428196,7.283731
2023-04-27,24196.642096,12050.160778,1106.508301,13252.989618,3,314.421143,59.824839,0.355532,17.030001,18.427745,7.282599
2023-04-28,24452.172876,12402.158844,1202.975586,13252.989618,3,316.59024,62.166092,0.355622,15.78,18.426891,7.28158
2023-05-01,24447.042859,12187.998514,993.945273,13252.989618,3,316.227081,61.519683,0.353145,16.08,18.426135,7.280527
2023-05-02,24061.038133,11558.988021,750.939506,13252.989618,3,313.469055,56.697909,0.348933,17.780001,18.425927,7.279363
2023-05-03,23830.614234,11176.642168,599.017552,13252.989618,3,311.417755,53.348774,0.348459,18.34,18.425899,7.27819
2023-05-04,23717.382823,10971.953996,507.560791,13252.989618,3,310.318512,51.590116,0.348483,20.09,18.426435,7.277079
2023-05-05,24496.33049,12018.487318,775.146446,13252.989618,3,316.914093,60.091124,0.347103,17.190001,18.426037,7.275941
2023-05-08,24538.955484,11905.509886,619.54402,13252.989618,3,317.69931,60.969859,0.341496,16.98,18.425571,7.274816
2023-05-09,24312.257708,11528.269677,469.001586,13252.989618,3,315.687286,57.477535,0.34127,17.709999,18.425341,7.273656
2023-05-10,24689.339688,11997.908034,561.557964,13252.989618,3,319.122467,61.529185,0.338067,16.940001,18.424863,7.272535
2023-05-11,24847.545297,12148.360073,553.804394,13252.989618,3,320.162842,62.688706,0.337792,16.93,18.424383,7.271414
2023-05-12,24683.624029,11861.312638,430.678228,13252.989618,3,319.014465,60.520363,0.335828,17.030001,18.423934,7.270288
2023-05-15,25021.899183,12095.094648,326.185083,13252.989618,3,320.741943,62.615183,0.335863,17.120001,18.423515,7.269157
2023-05-16,25030.28173,12048.199588,270.907477,13252.989618,3,321.105103,63.058948,0.333067,17.99,18.423376,7.267993
2023-05-17,25613.033444,12721.813143,361.769318,13252.989618,3,324.991791,67.504696,0.333046,16.870001,18.422877,7.266879
2023-05-18,26422.202361,13798.054022,628.84128,13252.989618,3,331.027924,72.949421,0.332374,16.049999,18.422116,7.265837
2023-05-19,26267.556408,13457.275843,442.709054,13252.989618,3,330.282104,71.358457,0.32672,16.809999,18.421598,7.264728
2023-05-22,26703.047641,9438.414723,95.799753,17360.432672,2,331.391113,72.324981,0.326657,17.209999,18.42121,7.263594
2023-05-23,26253.94492,8896.518459,3.00621,17360.432672,2,327.190369,63.573738,0.327022,18.530001,18.421244,7.262429
2023-05-24,26022.179816,8661.747144,541.229215,17901.661887,2,325.511993,60.427693,0.326532,20.030001,18.42176,7.261322
2023-05-25,26719.856557,9656.06322,837.868549,17901.661887,2,333.432709,68.380233,0.326667,19.139999,18.42199,7.260169
2023-05-26,27407.458344,4347.630803,646.221842,23706.049383,1,341.952026,74.350775,0.327611,17.950001,18.421839,7.25901
2023-05-30,27494.199627,4393.738405,605.58816,23706.049383,1,343.502777,75.266292,0.326074,17.459999,18.421531,7.257868
2023-05-31,27432.927415,4241.340158,514.462125,23706.049383,1,341.549591,71.790565,0.323949,17.940001,18.421377,7.25671
2023-06-01,27567.614808,4482.603246,621.03782,23706.049383,1,345.495178,74.365804,0.324194,15.65,18.42049,7.255718
2023-06-02,27654.684504,0,0,27654.684504,0,348.086304,75.920455,0.324157,14.6,18.419267,7.254879
2023-06-05,27654.684504,0,0,27654.684504,0,348.331665,76.068464,0.322593,14.73,18.418087,7.254018
2023-06-06,27654.684504,0,0,27654.684504,0,348.272736,75.94772,0.320965,13.96,18.416661,7.253296
2023-06-07,27654.684504,0,0,27654.684504,0,342.364227,64.835475,0.321652,13.94,18.41523,7.252577
2023-06-08,27654.684504,0,0,27654.684504,0,346.614044,68.415145,0.321819,13.65,18.413707,7.251918
2023-06-09,27654.684504,0,0,27654.684504,0,347.939056,69.459037,0.321706,13.83,18.412243,7.251222
2023-06-12,27654.684504,0,0,27654.684504,0,353.818207,73.624444,0.320544,15.01,18.411156,7.250319
2023-06-13,27654.684504,0,0,27654.684504,0,356.536987,75.302013,0.317587,14.61,18.409943,7.249479
2023-06-14,27654.684504,0,0,27654.684504,0,359.128113,76.81549,0.31224,13.88,18.408497,7.248773
2023-06-15,27654.684504,0,0,27654.684504,0,363.40744,79.094028,0.312503,14.5,18.40725,7.247953
2023-06-16,27654.684504,0,0,27654.684504,0,361.120514,74.859854,0.311348,13.54,18.405697,7.247318
2023-06-20,27654.684504,0,0,27654.684504,0,360.603516,73.896753,0.307174,13.88,18.404254,7.246612
2023-06-21,27654.684504,0,0,27654.684504,0,355.689331,65.297396,0.307417,13.2,18.402595,7.246053
2023-06-22,27654.684504,0,0,27654.684504,0,359.886108,68.652407,0.306347,12.91,18.400844,7.245561
2023-06-23,27654.684504,0,0,27654.684504,0,356.31842,63.070132,0.306619,13.44,18.399264,7.244948
2023-06-26,27654.684504,0,0,27654.684504,0,351.541748,56.451691,0.306665,14.25,18.397943,7.244172
2023-06-27,27654.684504,0,0,27654.684504,0,357.586212,61.900134,0.304739,13.74,18.39646,7.243495
2023-06-28,27654.684504,0,0,27654.684504,0,358.284027,62.483698,0.30458,13.43,18.394879,7.242884
2023-06-29,27654.684504,0,0,27654.684504,0,357.56662,61.441768,0.302177,13.54,18.393334,7.242249
2023-06-30,27654.684504,0,0,27654.684504,0,363.080322,66.118068,0.302662,13.59,18.391807,7.241604
2023-07-03,27654.684504,0,0,27654.684504,0,363.935455,66.790765,0.302225,13.57,18.390273,7.240962
2023-07-05,27654.684504,0,0,27654.684504,0,363.925568,66.774257,0.302157,14.18,18.388935,7.2402
2023-07-06,27654.684504,0,0,27654.684504,0,361.153992,62.13804,0.301732,15.44,18.387998,7.23924
2023-07-07,27654.684504,0,0,27654.684504,0,359.954834,60.190802,0.301706,14.83,18.386868,7.238368
2023-07-10,27654.684504,0,0,27654.684504,0,360.072845,60.322578,0.300724,15.07,18.385815,7.237459
2023-07-11,27654.684504,0,0,27654.684504,0,361.851807,62.346025,0.300763,14.84,18.384689,7.236586
2023-07-12,27654.684504,0,0,27654.684504,0,366.421997,67.001792,0.29986,13.54,18.383151,7.235952
2023-07-13,27654.684504,0,0,27654.684504,0,372.643341,72.065375,0.300175,13.61,18.381637,7.235303
2023-07-14,27654.684504,0,0,27654.684504,0,372.564728,71.915204,0.300154,13.34,18.380038,7.234712
2023-07-17,27654.684504,0,0,27654.684504,0,376.043976,74.45255,0.3003,13.48,18.378484,7.234091
2023-07-18,27654.684504,0,0,27654.684504,0,379.12027,76.476233,0.299736,13.3,18.376875,7.233509
2023-07-19,27654.684504,0,0,27654.684504,0,379.031799,76.289073,0.299516,13.76,18.375412,7.23283
2023-07-20,27654.684504,0,0,27654.684504,0,370.294464,60.533131,0.298888,13.99,18.374023,7.232105
2023-07-21,27654.684504,0,0,27654.684504,0,369.183807,58.868751,0.298394,13.6,18.372511,7.231459
2023-07-24,27654.684504,0,0,27654.684504,0,369.773438,59.505315,0.29796,13.91,18.371098,7.230749
2023-07-25,27654.684504,0,0,27654.684504,0,372.279755,62.184374,0.297206,13.86,18.369671,7.23005
2023-07-26,27654.684504,0,0,27654.684504,0,371.04129,60.069566,0.297143,13.19,18.368032,7.229493
2023-07-27,27654.684504,0,0,27654.684504,0,370.156799,58.53839,0.296115,14.41,18.366781,7.228692
2023-07-28,27654.684504,0,0,27654.684504,0,376.899109,65.713023,0.292819,13.33,18.365188,7.228104
2023-07-31,27654.684504,0,0,27654.684504,0,377.095612,65.898237,0.292626,13.63,18.363692,7.227452
2023-08-01,27654.684504,0,0,27654.684504,0,376.220886,64.234809,0.291916,13.93,18.362291,7.226739
2023-08-02,27654.684504,0,0,27654.684504,0,367.965057,51.119215,0.293212,16.09,18.361573,7.22571
2023-08-03,27654.684504,0,0,27654.684504,0,367.375366,50.328751,0.293192,15.92,18.360802,7.224699
2023-08-04,27654.684504,0,0,27654.684504,0,365.655396,47.997455,0.291563,17.1,18.360404,7.223593
2023-08-07,27654.684504,0,0,27654.684504,0,368.751312,52.282106,0.291674,15.77,18.359587,7.2226
2023-08-08,27654.684504,0,0,27654.684504,0,365.616058,47.971464,0.291689,15.99,18.358839,7.221583
2023-08-09,27654.684504,0,0,27654.684504,0,361.596252,43.068429,0.291989,15.96,18.358083,7.220569
2023-08-10,27654.684504,0,0,27654.684504,0,362.264618,44.09161,0.291637,15.85,18.357292,7.219568
2023-08-11,27654.684504,0,0,27654.684504,0,359.954834,41.327349,0.289949,14.84,18.356183,7.2187
2023-08-14,27654.684504,0,0,27654.684504,0,363.994385,47.523658,0.290135,14.82,18.355069,7.217835
2023-08-15,27654.684504,0,0,27654.684504,0,360.131836,42.862436,0.289566,16.459999,18.354472,7.216776
2023-08-16,27654.684504,0,0,27654.684504,0,356.31842,38.81471,0.289724,16.780001,18.353977,7.215694
2023-08-17,27654.684504,0,0,27654.684504,0,352.426361,35.164723,0.290026,17.889999,18.353831,7.214563
2023-08-18,27654.684504,0,0,27654.684504,0,351.98407,34.764643,0.289684,17.299999,18.353499,7.213451
2023-08-21,27654.684504,0,0,27654.684504,0,357.65506,43.621647,0.29028,17.129999,18.353114,7.212349
2023-08-22,27654.684504,0,0,27654.684504,0,357.144012,43.054353,0.289276,16.969999,18.352679,7.211256
2023-08-23,27654.684504,0,0,27654.684504,0,362.775665,50.668018,0.287983,15.98,18.351933,7.210245
2023-08-24,27654.684504,0,0,27654.684504,0,355.021057,42.284552,0.289215,17.200001,18.351571,7.20914
2023-08-25,27654.684504,0,0,27654.684504,0,357.77301,45.717114,0.289329,15.68,18.350732,7.208163
2023-08-28,27654.684504,0,0,27654.684504,0,360.466034,48.918749,0.288731,15.08,18.349705,7.207264
2023-08-29,27654.684504,0,0,27654.684504,0,368.338531,56.918192,0.285275,14.45,18.34848,7.206463
2023-08-30,27654.684504,0,0,27654.684504,0,370.392609,58.734039,0.285038,13.88,18.347078,7.205767
2023-08-31,27654.684504,0,0,27654.684504,0,371.503265,59.72258,0.284677,13.57,18.345579,7.205133
2023-09-01,27654.684504,0,0,27654.684504,0,371.110168,59.182201,0.284571,13.09,18.34393,7.204603
2023-09-05,27654.684504,0,0,27654.684504,0,371.58194,59.654021,0.284571,14.01,18.342571,7.203882
2023-09-06,27654.684504,0,0,27654.684504,0,368.309021,54.911808,0.284229,14.45,18.341351,7.203082
2023-09-07,27654.684504,0,0,27654.684504,0,365.675079,51.372429,0.284227,14.4,18.340116,7.202291
2023-09-08,27654.684504,0,0,27654.684504,0,366.186096,52.018601,0.283302,13.84,18.338706,7.201603
2023-09-11,27654.684504,0,0,27654.684504,0,370.500763,57.191055,0.283554,13.8,18.337285,7.200923
2023-09-12,27654.684504,0,0,27654.684504,0,366.392487,51.498404,0.282821,14.23,18.335999,7.200162
2023-09-13,27654.684504,0,0,27654.684504,0,367.788116,53.202539,0.282533,13.48,18.334479,7.199547
2023-09-14,27654.684504,0,0,27654.684504,0,370.795624,56.730705,0.274146,12.82,18.332753,7.199082
2023-09-15,27654.684504,0,0,27654.684504,0,364.446564,48.429778,0.274895,13.79,18.331333,7.198404
2023-09-18,27654.684504,0,0,27654.684504,0,364.826385,48.911379,0.274066,14,18.329978,7.197685
2023-09-19,27654.684504,0,0,27654.684504,0,364.048859,47.924717,0.273957,14.11,18.328659,7.196946
2023-09-20,27654.684504,0,0,27654.684504,0,358.802704,41.798042,0.274467,15.14,18.327663,7.196042
2023-09-21,27654.684504,0,0,27654.684504,0,352.227875,35.647391,0.275248,17.540001,18.327416,7.194931
2023-09-22,27654.684504,0,0,27654.684504,0,352.2771,35.723651,0.274302,17.200001,18.327064,7.193835
2023-09-25,27654.684504,0,0,27654.684504,0,353.950287,38.395973,0.273867,16.9,18.326619,7.192756
2023-09-26,27654.684504,0,0,27654.684504,0,348.635315,33.615044,0.273753,18.940001,18.32681,7.191641
2023-09-27,27654.684504,0,0,27654.684504,0,349.45224,34.955653,0.273687,18.219999,18.326777,7.190519
2023-09-28,27654.684504,0,0,27654.684504,0,352.375488,39.652033,0.273825,17.34,18.326469,7.189418
2023-09-29,27654.684504,0,0,27654.684504,0,352.631378,40.060017,0.272905,17.52,18.326218,7.188311
2023-10-02,27654.684504,0,0,27654.684504,0,355.574371,44.691228,0.270597,17.610001,18.325994,7.187201
2023-10-03,27654.684504,0,0,27654.684504,0,349.334137,37.98883,0.270657,19.780001,18.326447,7.186127
2023-10-04,27654.684504,0,0,27654.684504,0,354.088104,44.782781,0.269766,18.58,18.326526,7.185008
2023-10-05,27654.684504,0,0,27654.684504,0,353.0448,43.652463,0.267401,18.49,18.326577,7.18389
2023-10-06,27654.684504,0,0,27654.684504,0,358.960236,51.176922,0.268052,17.450001,18.326304,7.182788
2023-10-09,27654.684504,0,0,27654.684504,0,360.790985,53.257295,0.267878,17.700001,18.32611,7.181678
2023-10-10,27654.684504,0,0,27654.684504,0,362.789032,55.486593,0.263569,17.030001,18.325706,7.180597
2023-10-11,27654.684504,0,0,27654.684504,0,365.377594,58.26378,0.263307,16.09,18.325011,7.179588
2023-10-12,27654.684504,0,0,27654.684504,0,364.10788,56.404851,0.262737,16.690001,18.324502,7.178529
2023-10-13,27654.684504,0,0,27654.684504,0,359.531036,50.188786,0.263268,19.32,18.324812,7.177434
2023-10-16,27654.684504,0,0,27654.684504,0,363.59613,54.938762,0.262224,17.209999,18.324466,7.176346
2023-10-17,27654.684504,0,0,27654.684504,0,362.405182,53.334126,0.25947,17.879999,18.324327,7.175235
2023-10-18,27654.684504,0,0,27654.684504,0,357.651123,47.384493,0.257339,19.219999,18.324606,7.174137
2023-10-19,27654.684504,0,0,27654.684504,0,354.304657,43.689853,0.257528,21.4,18.32556,7.173228
2023-10-20,27654.684504,0,0,27654.684504,0,349.019165,38.574039,0.258195,21.709999,18.326611,7.172362
2023-10-23,27654.684504,0,0,27654.684504,0,350.072327,40.079616,0.258096,20.370001,18.327245,7.17134
2023-10-24,27654.684504,0,0,27654.684504,0,353.477844,44.791852,0.256936,18.969999,18.327444,7.170236
2023-10-25,27654.684504,0,0,27654.684504,0,344.826202,36.861004,0.258524,20.190001,18.328022,7.169199
2023-10-26,27654.684504,0,0,27654.684504,0,338.251312,32.195576,0.258579,20.68,18.328751,7.168207
2023-10-27,27654.684504,0,0,27654.684504,0,339.875336,34.404038,0.257117,21.27,18.329662,7.167283
2023-10-30,27654.684504,0,0,27654.684504,0,343.704132,39.414259,0.256362,19.75,18.330102,7.166216
2023-10-31,27654.684504,0,0,27654.684504,0,345.347839,41.480714,0.25399,18.139999,18.330043,7.165106
2023-11-01,27654.684504,0,0,27654.684504,0,351.34198,48.393412,0.254285,16.870001,18.329591,7.164043
2023-11-02,27654.684504,0,0,27654.684504,0,357.720032,54.546108,0.254732,15.66,18.328765,7.163088
2023-11-03,27654.684504,0,0,27654.684504,0,361.922821,58.091744,0.251321,14.91,18.327707,7.162232
2023-11-06,27654.684504,0,0,27654.684504,0,363.39917,59.292981,0.250059,14.89,18.326644,7.161379
2023-11-07,27654.684504,0,0,27654.684504,0,366.83429,62.02078,0.249632,14.81,18.325557,7.160538
2023-11-08,27654.684504,0,0,27654.684504,0,367.070526,62.208336,0.249368,14.45,18.324359,7.159755
2023-11-09,27654.684504,0,0,27654.684504,0,364.245667,58.488788,0.249502,15.29,18.323421,7.158847
2023-11-10,27654.684504,0,0,27654.684504,0,372.434814,65.018658,0.248991,14.17,18.322138,7.158113
2023-11-13,27654.684504,0,0,27654.684504,0,371.273285,63.493055,0.234449,14.76,18.321038,7.157281
2023-11-14,27654.684504,0,0,27654.684504,0,379.265503,68.900358,0.234797,14.16,18.319753,7.15655
2023-11-15,27654.684504,0,0,27654.684504,0,379.550995,69.076557,0.23449,14.18,18.318475,7.155814
2023-11-16,27654.684504,0,0,27654.684504,0,379.875763,69.289713,0.234005,14.32,18.317242,7.155055
2023-11-17,27654.684504,0,0,27654.684504,0,379.964355,69.351775,0.233317,13.8,18.315848,7.154391
2023-11-20,27654.684504,0,0,27654.684504,0,384.590393,72.479264,0.233644,13.41,18.314335,7.153806
2023-11-21,27654.684504,0,0,27654.684504,0,382.356049,68.826099,0.233795,13.35,18.312805,7.153234
2023-11-22,27654.684504,0,0,27654.684504,0,383.921082,69.967922,0.233401,12.85,18.311122,7.152774
2023-11-24,27654.684504,0,0,27654.684504,0,383.37973,69.026116,0.232899,12.46,18.309319,7.152409
2023-11-27,27654.684504,0,0,27654.684504,0,383.045074,68.413052,0.232674,12.69,18.307589,7.151987
2023-11-28,27654.684504,0,0,27654.684504,0,384.049011,69.294114,0.23249,12.69,18.305859,7.151565
2023-11-29,27654.684504,0,0,27654.684504,0,383.674957,68.527152,0.231703,12.98,18.30422,7.151075
2023-11-30,27654.684504,0,0,27654.684504,0,382.710419,66.483708,0.231501,12.92,18.302563,7.150598
2023-12-01,27654.684504,0,0,27654.684504,0,383.803009,67.660124,0.225568,12.63,18.300818,7.15019
2023-12-04,27654.684504,0,0,27654.684504,0,380.23999,60.235067,0.225918,13.08,18.299213,7.149676
2023-12-05,27654.684504,0,0,27654.684504,0,381.194672,61.45561,0.225841,12.85,18.297538,7.149215
2023-12-06,27654.684504,0,0,27654.684504,0,378.989929,57.096978,0.224947,12.97,18.2959,7.148727
2023-12-07,27654.684504,0,0,27654.684504,0,384.285248,63.747368,0.223874,13.06,18.294292,7.148217
2023-12-08,27654.684504,0,0,27654.684504,0,385.997894,65.604412,0.22381,12.35,18.292466,7.147878
2023-12-11,27654.684504,0,0,27654.684504,0,389.295166,68.906743,0.223625,12.63,18.290728,7.147469
2023-12-12,27654.684504,0,0,27654.684504,0,392.395569,71.661845,0.223569,12.07,18.288818,7.147203
2023-12-13,27654.684504,0,0,27654.684504,0,397.385803,75.434781,0.223581,12.19,18.286947,7.146904
2023-12-14,27654.684504,0,0,27654.684504,0,397.04129,74.695395,0.223316,12.48,18.285166,7.146531
2023-12-15,27654.684504,0,0,27654.684504,0,398.960571,76.100797,0.223103,12.28,18.283324,7.146209
2023-12-18,27654.684504,0,0,27654.684504,0,401.47348,77.836451,0.219025,12.56,18.28157,7.145816
2023-12-19,27654.684504,0,0,27654.684504,0,403.524841,79.16657,0.218653,12.53,18.279807,7.14543
2023-12-20,27654.684504,0,0,27654.684504,0,397.528534,66.586968,0.218741,13.67,18.278395,7.144791
2023-12-21,27654.684504,0,0,27654.684504,0,402.153961,70.483217,0.219046,13.65,18.276977,7.144155
2023-12-22,27654.684504,0,0,27654.684504,0,402.755585,70.957591,0.218509,13.03,18.27537,7.143651
2023-12-26,27654.684504,0,0,27654.684504,0,405.221191,72.881157,0.216248,12.99,18.273753,7.143156
2023-12-27,27654.684504,0,0,27654.684504,0,406.046082,73.51322,0.216247,12.43,18.271965,7.142794
2023-12-28,27654.684504,0,0,27654.684504,0,405.848755,73.074458,0.215406,12.47,18.27019,7.142422
2023-12-29,27654.684504,0,0,27654.684504,0,404.092316,69.119891,0.214767,12.45,18.26841,7.142055
2024-01-02,27654.684504,0,0,27654.684504,0,397.254211,56.337355,0.214279,13.2,18.26686,7.141513
2024-01-03,27654.684504,0,0,27654.684504,0,393.05069,50.192457,0.21477,14.04,18.265568,7.140803
2024-01-04,27654.684504,0,0,27654.684504,0,391.027863,47.507071,0.214687,14.13,18.264305,7.140078
2024-01-05,27654.684504,0,0,27654.684504,0,391.491608,48.191416,0.214655,13.35,18.262804,7.139504
2024-01-08,27654.684504,0,0,27654.684504,0,399.582886,58.385374,0.214813,13.08,18.261221,7.138988
2024-01-09,27654.684504,0,0,27654.684504,0,400.372375,59.228347,0.212611,12.76,18.259542,7.138545
2024-01-10,27654.684504,0,0,27654.684504,0,403.085846,62.072086,0.212621,12.69,18.257843,7.138118
2024-01-11,27654.684504,0,0,27654.684504,0,403.924561,62.932676,0.212466,12.44,18.256068,7.137752
2024-01-12,27654.684504,0,0,27654.684504,0,404.131805,63.155145,0.211646,12.7,18.254373,7.137323
2024-01-16,27654.684504,0,0,27654.684504,0,404.092316,63.07746,0.211605,13.84,18.253027,7.136651
2024-01-17,27654.684504,0,0,27654.684504,0,401.812958,58.59706,0.211684,14.79,18.251972,7.135819
2024-01-18,27654.684504,0,0,27654.684504,0,407.516296,65.248523,0.212222,14.13,18.250716,7.135094
2024-01-19,27654.684504,0,0,27654.684504,0,415.597809,72.090558,0.212592,13.3,18.249208,7.134531
2024-01-22,27654.684504,0,0,27654.684504,0,416.140503,72.482363,0.212137,13.19,18.247667,7.13399
2024-01-23,27654.684504,0,0,27654.684504,0,417.867371,73.745392,0.209962,12.55,18.245933,7.133597
2024-01-24,27654.684504,0,0,27654.684504,0,420.186157,75.379517,0.208581,13.14,18.244379,7.133067
2024-01-25,27654.684504,0,0,27654.684504,0,420.69931,75.739392,0.208536,13.45,18.242921,7.132472
2024-01-26,27654.684504,0,0,27654.684504,0,418.192932,70.331942,0.208684,13.26,18.241405,7.131916
2024-01-29,27654.684504,0,0,27654.684504,0,422.475433,73.776945,0.207848,13.6,18.239994,7.131291
2024-01-30,27654.684504,0,0,27654.684504,0,419.663177,68.178232,0.207834,13.31,18.238495,7.130725
2024-01-31,27654.684504,0,0,27654.684504,0,411.443573,55.03292,0.207737,14.35,18.237314,7.129963
2024-02-01,27654.684504,0,0,27654.684504,0,416.288574,59.936384,0.207476,13.88,18.23599,7.129284
2024-02-02,27654.684504,0,0,27654.684504,0,423.324066,65.773014,0.206939,13.85,18.234658,7.128611
2024-02-05,27654.684504,0,0,27654.684504,0,422.771423,64.972304,0.20291,13.67,18.233273,7.127972
2024-02-06,27654.684504,0,0,27654.684504,0,421.922821,63.69014,0.201625,13.06,18.231703,7.12746
2024-02-07,27654.684504,0,0,27654.684504,0,426.264496,67.250974,0.201556,12.83,18.230064,7.126999
2024-02-08,27654.684504,0,0,27654.684504,0,427.053955,67.868026,0.200241,12.79,18.228414,7.126548
2024-02-09,27654.684504,0,0,27654.684504,0,431.257446,71.001095,0.199141,12.93,18.226807,7.126064
2024-02-12,27654.684504,0,0,27654.684504,0,429.570129,68.1294,0.198857,13.93,18.225505,7.125377
2024-02-13,27654.684504,0,0,27654.684504,0,422.870117,58.083483,0.199694,15.85,18.224785,7.124417
2024-02-14,27654.684504,0,0,27654.684504,0,427.478302,62.210747,0.199257,14.38,18.22362,7.123651
2024-02-15,27654.684504,0,0,27654.684504,0,428.75116,63.286079,0.199137,14.01,18.222344,7.12295
2024-02-16,27654.684504,0,0,27654.684504,0,424.863373,57.86943,0.199394,14.24,18.221138,7.122208
2024-02-20,27654.684504,0,0,27654.684504,0,421.656433,53.780406,0.198185,15.42,18.220291,7.121297
2024-02-21,27654.684504,0,0,27654.684504,0,419.969086,51.710056,0.19803,15.34,18.219419,7.120395
2024-02-22,27654.684504,0,0,27654.684504,0,432.263977,62.913281,0.198393,14.54,18.218306,7.119606
2024-02-23,27654.684504,0,0,27654.684504,0,430.991028,61.326896,0.198466,13.75,18.216955,7.118953
2024-02-26,27654.684504,0,0,27654.684504,0,430.764069,61.031408,0.198297,13.74,18.215602,7.118302
2024-02-27,27654.684504,0,0,27654.684504,0,431.800201,61.933163,0.197051,13.43,18.214155,7.117712
2024-02-28,27654.684504,0,0,27654.684504,0,429.501007,58.687774,0.197116,13.84,18.212834,7.117043
2024-02-29,27654.684504,0,0,27654.684504,0,433.181641,62.110658,0.197261,13.4,18.21138,7.116459
2024-03-01,27654.684504,0,0,27654.684504,0,439.70401,67.283693,0.197559,13.11,18.20984,7.115936
2024-03-04,27654.684504,0,0,27654.684504,0,438.13504,64.985233,0.197503,13.49,18.208415,7.115335
2024-03-05,27654.684504,0,0,27654.684504,0,430.270752,54.867726,0.197621,14.46,18.207284,7.114559
2024-03-06,27654.684504,0,0,27654.684504,0,432.974365,57.327401,0.197702,14.5,18.206166,7.113777
2024-03-07,27654.684504,0,0,27654.684504,0,439.546143,62.655155,0.197657,14.44,18.20503,7.113004
2024-03-08,27654.684504,0,0,27654.684504,0,433.201324,55.456248,0.198566,14.74,18.203986,7.112186
2024-03-11,27654.684504,0,0,27654.684504,0,431.592987,53.769732,0.197341,15.22,18.203086,7.111303
2024-03-12,27654.684504,0,0,27654.684504,0,437.779907,58.942409,0.197001,13.84,18.201772,7.110634
2024-03-13,27654.684504,0,0,27654.684504,0,434.41507,55.317276,0.197208,13.75,18.200431,7.109983
2024-03-14,27654.684504,0,0,27654.684504,0,433.319855,54.149892,0.195634,14.4,18.199286,7.109218
2024-03-15,27654.684504,0,0,27654.684504,0,428.168976,48.920944,0.196256,14.41,18.198146,7.108451
2024-03-18,27654.684504,0,0,27654.684504,0,432.252625,52.811442,0.194263,14.33,18.196982,7.107698
2024-03-19,27654.684504,0,0,27654.684504,0,433.329529,53.810563,0.194124,13.82,18.195665,7.107034
2024-03-20,27654.684504,0,0,27654.684504,0,438.467407,58.342335,0.194503,13.04,18.194114,7.106527
2024-03-21,27654.684504,0,0,27654.684504,0,440.542328,60.047143,0.193942,12.92,18.192529,7.106047
2024-03-22,27654.684504,0,0,27654.684504,0,441.046234,60.470238,0.193081,13.06,18.190986,7.105536
2024-03-25,27654.684504,0,0,27654.684504,0,439.445618,58.356264,0.192783,13.19,18.189483,7.104997
2024-03-26,27654.684504,0,0,27654.684504,0,438.022797,56.466547,0.192847,13.24,18.187996,7.104447
2024-03-27,27654.684504,0,0,27654.684504,0,439.514709,58.00227,0.192601,12.78,18.186372,7.103998
2024-03-28,27654.684504,0,0,27654.684504,0,438.70459,56.82992,0.192468,13.01,18.184818,7.103498
2024-04-01,27654.684504,0,0,27654.684504,0,439.633362,57.880998,0.191431,13.65,18.183457,7.102866
2024-04-02,27654.684504,0,0,27654.684504,0,435.839172,52.280968,0.191569,14.61,18.182385,7.10207
2024-04-03,27654.684504,0,0,27654.684504,0,436.817383,53.529304,0.190702,14.33,18.18123,7.101318
2024-04-04,27654.684504,0,0,27654.684504,0,430.138184,44.893543,0.191702,16.35,18.180681,7.100323
2024-04-05,27654.684504,0,0,27654.684504,0,435.206879,51.312741,0.192031,16.030001,18.180036,7.099357
2024-04-08,27654.684504,0,0,27654.684504,0,435.335266,51.466956,0.191558,15.19,18.17914,7.098481
2024-04-09,27654.684504,0,0,27654.684504,0,436.945801,53.458475,0.19147,14.98,18.178182,7.097633
2024-04-10,27654.684504,0,0,27654.684504,0,433.131958,48.394197,0.19184,15.8,18.177469,7.09669
2024-04-11,27654.684504,0,0,27654.684504,0,440.04834,56.45127,0.192403,14.91,18.176491,7.095852
2024-04-12,27654.684504,0,0,27654.684504,0,433.033142,48.22672,0.19315,17.309999,18.176232,7.094805
2024-04-15,27654.684504,0,0,27654.684504,0,425.909332,41.598813,0.19312,19.23,18.176547,7.093767
2024-04-16,27654.684504,0,0,27654.684504,0,425.948822,41.646688,0.193089,18.4,18.176614,7.092707
2024-04-17,27654.684504,0,0,27654.684504,0,420.751678,37.311598,0.193767,18.209999,18.176624,7.091646
2024-04-18,27654.684504,0,0,27654.684504,0,418.350739,35.474488,0.193939,18,18.176571,7.090586
2024-04-19,27654.684504,0,0,27654.684504,0,409.695374,29.781651,0.195729,18.709999,18.17673,7.089532
2024-04-22,27654.684504,0,0,27654.684504,0,413.815552,35.119225,0.195738,16.940001,18.176361,7.088505
2024-04-23,27654.684504,0,0,27654.684504,0,419.990845,42.209689,0.196424,15.69,18.175618,7.087576
2024-04-24,27654.684504,0,0,27654.684504,0,421.413666,43.735396,0.196402,15.97,18.17496,7.08662
2024-04-25,27654.684504,0,0,27654.684504,0,419.378326,42.026141,0.195018,15.37,18.174122,7.085728
2024-04-26,27654.684504,0,0,27654.684504,0,425.850067,48.868855,0.195662,15.03,18.173184,7.084878
2024-04-29,27654.684504,0,0,27654.684504,0,427.579071,50.548192,0.193262,14.67,18.172139,7.084079
2024-04-30,27654.684504,0,0,27654.684504,0,419.516541,43.391432,0.194662,15.65,18.171387,7.083157
2024-05-01,27654.684504,0,0,27654.684504,0,416.483307,41.037413,0.194902,15.39,18.170558,7.082263
2024-05-02,27654.684504,0,0,27654.684504,0,421.79892,46.513637,0.195034,14.68,18.169517,7.081464
2024-05-03,27654.684504,0,0,27654.684504,0,430.276428,53.87182,0.196097,13.49,18.168123,7.080869
2024-05-06,27654.684504,0,0,27654.684504,0,434.989502,57.382089,0.196349,13.49,18.166729,7.080274
2024-05-07,27654.684504,0,0,27654.684504,0,435.058655,57.433273,0.194915,13.23,18.165259,7.079732
2024-05-08,27654.684504,0,0,27654.684504,0,434.801788,57.158669,0.194922,13,18.163721,7.079239
2024-05-09,27654.684504,0,0,27654.684504,0,435.750275,57.958015,0.19471,12.69,18.162092,7.078815
2024-05-10,27654.684504,0,0,27654.684504,0,436.777863,58.85374,0.194375,12.55,18.160422,7.078424
2024-05-13,27654.684504,0,0,27654.684504,0,437.785614,59.759217,0.194364,13.6,18.159066,7.077807
2024-05-14,27654.684504,0,0,27654.684504,0,440.601624,62.258585,0.194375,13.42,18.157657,7.077227
2024-05-15,27654.684504,0,0,27654.684504,0,447.488312,67.564345,0.195062,12.45,18.15596,7.076859
2024-05-16,27654.684504,0,0,27654.684504,0,446.579346,66.240686,0.195103,12.42,18.154256,7.076497
2024-05-17,27654.684504,0,0,27654.684504,0,446.361969,65.908143,0.194687,11.99,18.152424,7.076244
2024-05-20,27654.684504,0,0,27654.684504,0,449.474304,68.357498,0.193711,12.15,18.150642,7.075949
2024-05-21,27654.684504,0,0,27654.684504,0,450.353699,69.034456,0.193668,11.86,18.148774,7.075728
2024-05-22,27654.684504,0,0,27654.684504,0,450.264709,68.873878,0.193659,12.29,18.147035,7.075398
2024-05-23,27654.684504,0,0,27654.684504,0,448.239258,65.158863,0.19305,12.77,18.145439,7.074954
2024-05-24,27654.684504,0,0,27654.684504,0,452.477997,68.935226,0.193144,11.93,18.143595,7.074714
2024-05-28,27654.684504,0,0,27654.684504,0,454.187317,70.331739,0.191216,12.92,18.142046,7.074236
2024-05-29,27654.684504,0,0,27654.684504,0,450.986023,64.484894,0.189273,14.28,18.140901,7.0735
2024-05-30,27654.684504,0,0,27654.684504,0,446.154449,56.808905,0.189762,14.47,18.139813,7.072734
2024-05-31,27654.684504,0,0,27654.684504,0,445.324493,55.584897,0.189621,12.92,18.138267,7.072256
2024-06-03,27654.684504,0,0,27654.684504,0,447.715576,58.36794,0.189275,13.11,18.136777,7.071738
2024-06-04,27654.684504,0,0,27654.684504,0,448.940765,59.759327,0.189128,13.16,18.135304,7.071209
2024-06-05,27654.684504,0,0,27654.684504,0,457.991333,68.211176,0.190489,12.63,18.133674,7.070797
2024-06-06,27654.684504,0,0,27654.684504,0,457.833252,67.942754,0.190491,12.58,18.13203,7.070396
2024-06-07,27654.684504,0,0,27654.684504,0,457.428162,67.21284,0.189241,12.22,18.130281,7.070081
2024-06-10,27654.684504,0,0,27654.684504,0,459.275757,68.856225,0.188793,12.74,18.128687,7.069642
2024-06-11,27654.684504,0,0,27654.684504,0,462.427643,71.482253,0.188891,12.85,18.127126,7.06918
2024-06-12,27654.684504,0,0,27654.684504,0,468.484344,75.719103,0.188496,12.04,18.125327,7.068909
2024-06-13,27654.684504,0,0,27654.684504,0,471.023682,77.245489,0.188402,11.94,18.123499,7.068664
2024-06-14,27654.684504,0,0,27654.684504,0,473.464203,78.635563,0.188321,12.66,18.121885,7.068243
2024-06-17,27654.684504,0,0,27654.684504,0,479.264038,81.524191,0.188349,12.75,18.120298,7.067802
2024-06-18,27654.684504,0,0,27654.684504,0,479.412262,81.592689,0.18814,12.3,18.11858,7.067466
2024-06-20,27654.684504,0,0,27654.684504,0,475.71698,74.206347,0.188415,13.28,18.117152,7.066912
2024-06-21,27654.684504,0,0,27654.684504,0,474.442322,71.792079,0.187624,13.2,18.115701,7.066373
2024-06-24,27654.684504,0,0,27654.684504,0,469.041016,62.511145,0.187795,13.33,18.114289,7.065809
2024-06-25,27654.684504,0,0,27654.684504,0,474.404755,67.064513,0.187731,12.84,18.112734,7.065347
2024-06-26,27654.684504,0,0,27654.684504,0,475.38446,67.83303,0.186904,12.55,18.111094,7.064951
2024-06-27,27654.684504,0,0,27654.684504,0,476.611633,68.814631,0.185934,12.24,18.109363,7.064629
2024-06-28,27654.684504,0,0,27654.684504,0,474.137543,64.538618,0.186087,12.44,18.107693,7.064258
2024-07-01,27654.684504,0,0,27654.684504,0,476.918365,67.019244,0.186136,12.22,18.105959,7.06394
2024-07-02,27654.684504,0,0,27654.684504,0,481.925903,70.958868,0.185692,12.03,18.10417,7.063669
2024-07-03,27654.684504,0,0,27654.684504,0,485.943756,73.675942,0.185886,12.09,18.102399,7.063383
2024-07-05,27654.684504,0,0,27654.684504,0,491.01062,76.64366,0.18621,12.48,18.100745,7.063001
2024-07-08,27654.684504,0,0,27654.684504,0,492.178345,77.279394,0.185911,12.37,18.099059,7.062646
2024-07-09,27654.684504,0,0,27654.684504,0,492.603882,77.51953,0.18583,12.51,18.097415,7.062258
2024-07-10,27654.684504,0,0,27654.684504,0,497.740051,80.23487,0.186149,12.85,18.095872,7.061792
2024-07-11,27654.684504,0,0,27654.684504,0,486.824463,62.85799,0.188212,12.92,18.09435,7.061312
2024-07-12,27654.684504,0,0,27654.684504,0,489.684509,64.997055,0.187798,12.46,18.092695,7.060934
2024-07-15,27654.684504,0,0,27654.684504,0,491.000702,65.968396,0.186855,13.12,18.091234,7.060411
2024-07-16,27654.684504,0,0,27654.684504,0,491.188721,66.113062,0.18685,13.19,18.089794,7.059874
2024-07-17,27654.684504,0,0,27654.684504,0,476.769928,48.933786,0.190228,14.48,18.088735,7.059108
2024-07-18,27654.684504,0,0,27654.684504,0,474.513611,46.880879,0.190151,15.93,18.088101,7.058169
2024-07-19,27654.684504,0,0,27654.684504,0,470.307739,43.239378,0.19051,16.52,18.087641,7.057184
2024-07-22,27654.684504,0,0,27654.684504,0,477.314301,50.181734,0.189,14.91,18.086709,7.056358
2024-07-23,27654.684504,0,0,27654.684504,0,475.631897,48.643252,0.189017,14.72,18.085721,7.055559
2024-07-24,27654.684504,0,0,27654.684504,0,458.570801,36.441877,0.194308,18.040001,18.085708,7.054524
2024-07-25,27654.684504,0,0,27654.684504,0,453.513855,33.740393,0.194704,18.459999,18.085818,7.053493
2024-07-26,27654.684504,0,0,27654.684504,0,458.16507,38.272917,0.194968,16.389999,18.085321,7.052519
2024-07-29,27654.684504,0,0,27654.684504,0,459.085388,39.159744,0.194934,16.6,18.084886,7.051531
2024-07-30,27654.684504,0,0,27654.684504,0,452.781494,35.407323,0.194621,17.690001,18.08477,7.050502
2024-07-31,27654.684504,0,0,27654.684504,0,466.18103,47.026951,0.19759,16.360001,18.084265,7.049531
2024-08-01,27654.684504,0,0,27654.684504,0,454.889404,40.427116,0.199886,18.59,18.084413,7.048505
2024-08-02,27654.684504,0,0,27654.684504,0,444.092621,35.322528,0.200202,23.389999,18.085965,7.048057
2024-08-05,27654.684504,7242.430481,62.161805,20474.415828,1,430.851501,30.273921,0.203614,38.57,18.091957,7.055729
2024-08-06,27921.774783,14842.628936,150.311876,13229.457723,2,434.968353,33.458399,0.203791,27.709999,18.094769,7.056613
2024-08-07,27326.879339,14185.390572,87.968956,13229.457723,2,430.257721,31.67574,0.204048,27.85,18.097621,7.057553
2024-08-08,29101.1576,16159.966929,288.267052,13229.457723,2,443.419739,41.116085,0.206799,23.790001,18.099284,7.057192
2024-08-09,29375.348361,16470.412558,324.52192,13229.457723,2,445.735382,42.61826,0.206375,20.370001,18.099947,7.056268
2024-08-12,29525.491203,16581.728994,285.695514,13229.457723,2,446.695374,43.264449,0.206378,20.709999,18.10071,7.055378
2024-08-13,30861.678999,18301.639629,669.418353,13229.457723,2,457.779114,50.232838,0.208138,18.120001,18.100715,7.054347
2024-08-14,30890.106412,18299.807786,639.159097,13229.457723,2,457.927582,50.320858,0.207776,16.190001,18.100158,7.053393
2024-08-15,32010.253676,20140.002049,1359.206096,13229.457723,2,469.496246,56.741082,0.209296,15.23,18.09932,7.052534
2024-08-16,32078.545648,20206.801027,1357.713103,13229.457723,2,470.099915,57.052977,0.208822,14.8,18.098358,7.05173
2024-08-19,32600.692578,21156.885622,1785.650767,13229.457723,2,476.275116,60.213147,0.208803,14.65,18.097352,7.050947
2024-08-20,32590.242467,20987.75331,1626.968567,13229.457723,2,475.275665,59.450666,0.208819,15.88,18.096706,7.050021
2024-08-21,32736.978745,21306.13152,1798.610498,13229.457723,2,477.492371,60.641117,0.208101,16.27,18.096173,7.049062
2024-08-22,32326.587724,20129.087533,1031.957533,13229.457723,2,469.921783,54.73135,0.209091,17.549999,18.096014,7.048041
2024-08-23,32717.867562,20911.648552,1423.238713,13229.457723,2,475.018311,57.718667,0.208683,15.86,18.095363,7.047117
2024-08-26,32511.658029,20097.554374,815.354068,13229.457723,2,470.406647,54.231269,0.207301,16.15,18.094796,7.046169
2024-08-27,32677.319614,20304.646523,856.784632,13229.457723,2,471.811981,55.121153,0.207161,15.43,18.09402,7.04529
2024-08-28,32262.79442,19467.237378,433.900681,13229.457723,2,466.458069,51.048964,0.207559,17.110001,18.093734,7.044284
2024-08-29,32191.008626,19294.437437,332.886534,13229.457723,2,465.775299,50.536221,0.206093,15.65,18.093023,7.043382
2024-08-30,32814.509346,20170.60287,585.551247,13229.457723,2,471.327026,54.535012,0.206435,15,18.092123,7.042555
2024-09-03,31274.419299,18045.445021,0.483445,13229.457723,2,457.01712,44.539968,0.209913,20.719999,18.092887,7.041674
2024-09-04,31086.189396,17856.732532,78.648083,13308.104947,2,455.82959,43.82218,0.209941,21.32,18.093826,7.040865
2024-09-05,31143.694224,17910.882418,150.911427,13383.723233,2,456.255096,44.169368,0.209941,19.9,18.09435,7.039909
2024-09-06,29522.995176,16185.106659,45.834717,13383.723233,2,444.033295,37.080743,0.212295,22.379999,18.095596,7.039265
2024-09-09,30326.688725,17001.529453,58.563961,13383.723233,2,449.743408,41.781783,0.212569,19.450001,18.095989,7.03828
2024-09-10,30922.734785,17619.237549,80.225997,13383.723233,2,453.899811,45.002908,0.212805,19.08,18.096275,7.037278
2024-09-11,32343.370305,19148.322866,188.675794,13383.723233,2,463.756378,51.811879,0.213847,17.690001,18.096157,7.036259
2024-09-12,32963.548465,19835.83315,256.007919,13383.723233,2,468.308685,54.607124,0.213617,17.07,18.095859,7.03526
2024-09-13,33256.906498,20154.807962,281.624697,13383.723233,2,470.406647,55.877382,0.213631,16.559999,18.095413,7.034287
2024-09-16,33005.695705,19795.496035,173.523563,13383.723233,2,468.328491,54.257696,0.213554,17.139999,18.095136,7.033286
2024-09-17,33010.289649,19781.219452,154.653037,13383.723233,2,468.575897,54.427059,0.212426,17.610001,18.094996,7.032271
2024-09-18,32732.748067,19458.006375,108.981541,13383.723233,2,466.54718,52.703847,0.212523,18.23,18.095035,7.031252
2024-09-19,34433.776152,21382.650812,332.597894,13383.723233,2,478.343445,60.529255,0.21443,16.33,18.094523,7.030297
2024-09-20,34310.917875,21197.57319,270.378549,13383.723233,2,477.433014,59.708144,0.213636,16.15,18.09396,7.029356
2024-09-23,34503.474364,21322.388231,202.6371,13383.723233,2,478.698517,60.510051,0.21233,15.89,18.093322,7.028438
2024-09-24,34843.423852,21685.884269,226.183651,13383.723233,2,481.007599,61.996307,0.21237,15.39,18.092539,7.027571
2024-09-25,34929.062638,21746.336718,200.997314,13383.723233,2,481.453522,62.291463,0.212328,15.41,18.091763,7.026701
2024-09-26,35420.843264,22296.635401,259.515371,13383.723233,2,485.07074,64.687295,0.211543,15.37,18.090975,7.025837
2024-09-27,35089.663645,21853.024721,147.08431,13383.723233,2,482.375153,61.548949,0.211701,16.959999,18.090648,7.024847
2024-09-30,35349.316017,22029.454891,63.862107,13383.723233,2,483.683319,62.499794,0.211537,16.73,18.090254,7.023869
2024-10-01,34337.102622,20959.126077,5.746688,13383.723233,2,476.944397,54.959987,0.21233,19.26,18.090593,7.022881
2024-10-02,34432.614365,21050.635171,1.744039,13383.723233,2,477.618317,55.537652,0.212158,18.9,18.090827,7.021879
2024-10-03,34323.218987,20939.624321,0.128567,13383.723233,2,477.261566,55.134525,0.210949,20.49,18.09152,7.020983
2024-10-04,35226.120166,21842.42845,83.723176,13467.414892,2,482.940063,60.099194,0.210816,19.209999,18.091843,7.019994
2024-10-07,34416.854227,20990.612585,120.723072,13546.964713,2,477.766998,54.213658,0.211249,22.639999,18.093156,7.019406
2024-10-08,35478.577344,22130.659314,199.046684,13546.964713,2,484.902252,60.028221,0.211071,21.42,18.094117,7.01862
2024-10-09,36048.185334,22750.45537,249.234749,13546.964713,2,488.717621,62.752139,0.21117,20.860001,18.094915,7.017764
2024-10-10,35973.474431,22647.26715,220.757432,13546.964713,2,488.162689,62.089395,0.211124,20.93,18.095733,7.016917
2024-10-11,36089.814335,22758.83537,215.985749,13546.964713,2,488.92572,62.673144,0.211004,20.459999,18.096415,7.016019
2024-10-14,36724.210247,23412.149031,234.903498,13546.964713,2,493.028564,65.728915,0.211106,19.700001,18.096877,7.01506
2024-10-15,35744.337026,22314.866326,117.494013,13546.964713,2,486.438354,57.575559,0.211185,20.639999,18.09761,7.014182
2024-10-16,35745.722147,22302.698738,103.941304,13546.964713,2,486.497833,57.626647,0.210841,19.58,18.098037,7.013216
2024-10-17,35798.213408,22345.568462,94.319768,13546.964713,2,486.834717,57.935621,0.210774,19.110001,18.098329,7.012226
2024-10-18,36275.230056,22841.201584,112.936242,13546.964713,2,490.025818,60.847873,0.210158,18.030001,18.098309,7.011216
2024-10-21,36421.913087,22953.95014,79.001767,13546.964713,2,490.967285,61.690566,0.209767,18.370001,18.098388,7.010208
2024-10-22,36480.358889,23002.279667,68.885492,13546.964713,2,491.50238,62.188701,0.208843,18.200001,18.098417,7.009199
2024-10-23,35307.603926,21781.699943,21.060731,13546.964713,2,483.970673,51.949441,0.209804,19.24,18.098745,7.008217
2024-10-24,35931.943232,22413.25562,28.277101,13546.964713,2,487.895142,56.013402,0.20972,19.08,18.099028,7.007228
2024-10-25,36335.944325,22820.051658,31.072046,13546.964713,2,490.868134,58.852572,0.207433,20.33,18.099669,7.006322
2024-10-28,36290.3916,22754.35346,10.926574,13546.964713,2,490.947388,58.928678,0.205942,19.799999,18.100158,7.005374
2024-10-29,37071.459423,23541.421495,16.926785,13546.964713,2,495.664673,63.281937,0.206132,19.34,18.100515,7.004398
2024-10-30,36443.171847,22901.158689,4.951556,13546.964713,2,491.91861,58.022493,0.206086,20.35,18.101161,7.003495
2024-10-31,34477.036283,20930.169458,0.097888,13546.964713,2,479.501282,44.746739,0.208574,23.16,18.102614,7.003014
2024-11-01,35018.484319,21471.595148,0.075543,13546.964713,2,483.049011,48.380713,0.207822,21.879999,18.103699,7.002301
2024-11-04,34726.882101,21179.917388,74.25134,13621.216053,2,481.641815,47.05865,0.206902,21.98,18.104812,7.001603
2024-11-05,35690.508642,22182.167599,112.875009,13621.216053,2,487.786133,53.086734,0.206978,20.49,18.105497,7.000715
2024-11-06,37805.175956,24466.994047,366.32226,13704.504169,2,501.03598,62.897616,0.209222,16.27,18.10497,6.999779
2024-11-07,38943.287097,25822.143907,583.360979,13704.504169,2,508.924377,67.284254,0.209703,15.2,18.104137,6.998947
2024-11-08,39042.726189,25914.735257,576.513238,13704.504169,2,509.518951,67.59524,0.209702,14.94,18.103229,6.998149
2024-11-11,39050.831697,25825.629435,479.301907,13704.504169,2,509.221741,67.251106,0.209432,14.97,18.102331,6.997346
2024-11-12,38903.039531,25612.953516,414.418154,13704.504169,2,508.300049,66.126777,0.207945,14.71,18.101359,6.996579
2024-11-13,38824.27899,25488.885598,369.110778,13704.504169,2,507.645996,65.292578,0.207901,14.02,18.100189,6.995917
2024-11-14,38287.278175,24837.316375,254.542369,13704.504169,2,504.117981,60.834528,0.206723,14.31,18.099103,6.995209
2024-11-15,36487.338577,22862.242735,79.408327,13704.504169,2,492.106903,48.654679,0.20893,16.139999,18.098542,6.994286
2024-11-18,37038.302962,23408.514626,74.715833,13704.504169,2,495.525879,51.623764,0.209049,15.58,18.097821,6.993414
2024-11-19,37588.755894,23977.457956,93.20623,13704.504169,2,498.934998,54.452037,0.209163,16.35,18.097321,6.992475
2024-11-20,37534.100349,23905.924678,76.328497,13704.504169,2,498.647583,54.164526,0.20875,17.16,18.097053,6.991493
2024-11-21,37821.663645,24195.962491,78.803015,13704.504169,2,500.441376,55.735417,0.208609,16.870001,18.096702,6.990523
2024-11-22,37953.991145,24321.564045,72.077068,13704.504169,2,501.244049,56.454597,0.208578,15.24,18.095885,6.98969
2024-11-25,38090.809992,24425.877059,39.571236,13704.504169,2,502.036896,57.194402,0.208558,14.6,18.094886,6.988941
2024-11-26,38538.973964,24878.576997,44.107202,13704.504169,2,504.732422,59.701127,0.208608,14.1,18.093744,6.988268
2024-11-27,37886.236854,24197.406029,15.673344,13704.504169,2,500.758423,54.622497,0.208879,14.1,18.092603,6.987595
2024-11-29,38626.53789,24935.068072,13.034351,13704.504169,2,505.158508,58.80142,0.209068,13.51,18.091294,6.987026
2024-12-02,39564.35147,25862.192864,2.345563,13704.504169,2,510.6586,63.345487,0.209348,13.34,18.089937,6.98649
2024-12-03,39828.570917,26124.230337,0.163589,13704.504169,2,512.224365,64.544403,0.209351,13.3,18.08857,6.985961
2024-12-04,40927.523805,27223.028559,88.096269,13792.591515,2,518.557068,68.965705,0.209394,13.45,18.087246,6.985403
2024-12-05,40681.953298,26962.090589,72.728805,13792.591515,2,517.119995,66.926149,0.209444,13.54,18.085949,6.984829
2024-12-06,41464.909047,27767.999821,181.617792,13878.527018,2,521.747986,70.002822,0.209476,12.77,18.084432,6.984409
2024-12-09,40795.311432,27015.209808,98.425393,13878.527018,2,517.684937,64.343727,0.209206,14.19,18.083322,6.983723
2024-12-10,40500.031451,26696.758607,75.254174,13878.527018,2,515.920898,62.000225,0.209241,14.18,18.082209,6.983038
2024-12-11,42061.294149,28336.735195,153.968064,13878.527018,2,525.157104,68.474503,0.210003,13.58,18.080926,6.982456
2024-12-12,41502.657493,27727.3881,103.257624,13878.527018,2,521.768005,64.155164,0.210045,13.92,18.079741,6.981815
2024-12-13,42165.865797,28417.793314,130.454535,13878.527018,2,525.761719,66.811898,0.209734,13.81,18.078525,6.981192
2024-12-16,43452.680077,29757.363802,183.210742,13878.527018,2,533.333008,71.173893,0.210316,14.69,18.07756,6.980432
2024-12-17,43075.133561,29327.466365,130.859822,13878.527018,2,530.984314,68.180233,0.210376,15.87,18.076931,6.979537
2024-12-18,39930.222091,26066.823659,15.128586,13878.527018,2,511.828033,49.786719,0.215136,27.620001,18.079647,6.9804
2024-12-19,39533.885614,25663.975843,8.617247,13878.527018,2,509.548737,48.123173,0.215177,24.09,18.081357,6.980143
2024-12-20,40272.59197,26405.680317,11.615365,13878.527018,2,513.998413,51.528216,0.214522,18.360001,18.081436,6.979152
2024-12-23,41116.037694,27246.57891,9.068233,13878.527018,2,519.006042,55.09999,0.2144,16.780001,18.081066,6.978194
2024-12-24,42351.389546,28491.539229,18.676701,13878.527018,2,526.04364,59.605036,0.21492,14.27,18.079983,6.977498
2024-12-26,42276.964254,28406.224541,7.787305,13878.527018,2,525.68634,59.279834,0.214844,14.73,18.079031,6.976734
2024-12-27,41059.942868,27182.564761,1.148911,13878.527018,2,518.698425,53.169917,0.215536,15.95,18.078426,6.975835
2024-12-30,39847.394247,25968.873688,0.006459,13878.527018,2,511.799774,47.918976,0.216217,17.4,18.078233,6.974854
2024-12-31,39093.244898,25214.718041,0.000161,13878.527018,2,507.452118,44.908889,0.216423,17.35,18.078027,6.973874
2025-01-02,38871.680495,24993.153477,0,13878.527018,2,506.459473,44.22581,0.215366,17.93,18.077985,6.972884
2025-01-03,40303.417525,26424.890508,98.600241,13977.127259,2,514.747742,50.936288,0.215687,16.129999,18.077432,6.971972
2025-01-06,41292.252319,27435.868756,217.838586,14074.222149,2,520.663757,55.0898,0.215913,16.040001,18.076854,6.971067
2025-01-07,39812.185772,25837.601129,99.637506,14074.222149,2,511.372894,48.190183,0.217131,17.82,18.076781,6.970079
2025-01-08,39794.406993,25807.707045,87.5222,14074.222149,2,511.462311,48.257348,0.215872,17.700001,18.076674,6.969094
2025-01-10,38475.9812,24434.746335,32.987283,14074.222149,2,503.441956,42.886774,0.216806,19.540001,18.077089,6.968149
2025-01-13,38183.500633,24125.888598,16.610114,14074.222149,2,501.824066,41.87439,0.216747,19.190001,18.077404,6.967187
2025-01-14,38095.896043,24034.492847,12.818952,14074.222149,2,501.347534,41.563176,0.216753,18.709999,18.077584,6.966208
2025-01-15,40081.981354,26048.903987,41.144782,14074.222149,2,512.881714,51.046736,0.218338,16.120001,18.077029,6.965299
2025-01-16,39474.427532,25423.168972,22.963588,14074.222149,2,509.288483,48.410942,0.218545,16.6,18.076611,6.964357
2025-01-17,40946.598913,26922.909485,50.532721,14074.222149,2,517.88446,54.467917,0.219222,15.97,18.076015,6.963461
2025-01-21,41445.347456,27401.034304,29.908997,14074.222149,2,520.921814,56.415153,0.218733,15.06,18.075161,6.962661
2025-01-22,42572.459306,28550.737867,52.500709,14074.222149,2,527.582275,60.413176,0.218035,15.1,18.07432,6.961855
2025-01-23,42767.583733,28740.258639,46.897055,14074.222149,2,528.703857,61.060925,0.218039,15.02,18.073456,6.96106
2025-01-24,42252.995584,28201.844693,23.071258,14074.222149,2,525.716064,58.323129,0.218149,14.85,18.072545,6.960287
2025-01-27,39645.652495,25571.711374,0.281027,14074.222149,2,510.410095,46.757185,0.221116,17.9,18.072496,6.959303
2025-01-28,40960.630245,26887.084065,0.675969,14074.222149,2,517.953857,51.827673,0.221744,16.41,18.072026,6.958376
2025-01-29,40777.481231,26703.459454,0.200372,14074.222149,2,516.981262,51.151318,0.221616,16.559999,18.071599,6.957439
2025-01-30,41145.483109,27071.369393,0.108432,14074.222149,2,519.184753,52.658678,0.221369,15.84,18.070969,6.956557
2025-01-31,40998.663754,26924.460868,0.019262,14074.222149,2,518.430298,52.066261,0.221202,16.43,18.070505,6.95563
2025-02-03,40213.345222,26139.123073,104.128257,14178.350406,2,514.281311,48.813932,0.220065,18.620001,18.07066,6.954654
2025-02-04,41261.911885,27233.394425,149.832946,14178.350406,2,520.594238,53.566644,0.220101,17.209999,18.070418,6.953687
2025-02-05,41635.791068,27619.257673,269.720806,14286.254201,2,522.956665,55.241501,0.219314,15.77,18.069769,6.952814
2025-02-06,42076.724698,28093.225616,302.75512,14286.254201,2,525.68634,57.164116,0.219361,15.5,18.069044,6.951967
2025-02-07,41037.419026,26927.644183,176.479358,14286.254201,2,519.055725,51.389551,0.219937,16.540001,18.068613,6.951034
2025-02-10,42075.547933,28007.491487,218.197755,14286.254201,2,525.338867,55.932349,0.220059,15.81,18.067976,6.950157
2025-02-11,41882.23739,27776.405164,180.421975,14286.254201,2,524.088257,54.833918,0.220089,16.02,18.067399,6.949263
2025-02-12,41933.983632,27813.91191,166.18248,14286.254201,2,524.395996,55.067755,0.219823,15.89,18.066786,6.94838
2025-02-13,43169.611387,29159.400703,276.043517,14286.254201,2,531.939758,60.470475,0.220345,15.1,18.06595,6.94758
2025-02-14,43521.434103,29529.630332,294.45043,14286.254201,2,534.173218,61.930002,0.219475,14.77,18.065023,6.946821
2025-02-18,43775.345271,29699.757038,210.665969,14286.254201,2,535.384094,62.733374,0.219156,15.35,18.064258,6.945993
2025-02-19,43815.284456,29716.183813,187.153558,14286.254201,2,535.53302,62.837246,0.219143,15.27,18.063472,6.945173
2025-02-20,43449.44098,29291.41485,128.228071,14286.254201,2,533.259949,60.084495,0.2189,15.66,18.062796,6.944313
2025-02-21,41596.916957,27340.702401,30.039645,14286.254201,2,522.192322,48.860787,0.220236,18.209999,18.062837,6.943337
2025-02-24,40519.854299,26237.53359,3.933492,14286.254201,2,516.028198,43.937953,0.220689,18.98,18.063095,6.942378
2025-02-25,39329.29939,25043.567557,0.522368,14286.254201,2,509.526703,39.426004,0.218679,19.43,18.063479,6.941439
2025-02-26,39531.269898,25245.314424,0.298727,14286.254201,2,510.757507,40.66815,0.218646,19.1,18.063771,6.940486
2025-02-27,37171.262607,22885.010554,0.002148,14286.254201,2,496.57312,32.417742,0.221364,21.129999,18.064632,6.939701
2025-02-28,38510.531639,24224.282814,0.005376,14286.254201,2,504.414734,39.700775,0.222094,19.629999,18.065072,6.938776
2025-03-03,36658.042247,22371.788046,0,14286.254201,2,493.376892,34.125989,0.223653,22.780001,18.066395,6.938251
2025-03-04,36394.037928,22107.783727,0,14286.254201,2,491.888,33.443794,0.223487,23.51,18.067923,6.937876
2025-03-05,37451.435477,23165.181275,110.301856,14396.556057,2,498.300262,39.091046,0.223313,21.93,18.069007,6.937204
2025-03-06,35315.253483,20955.378631,36.681205,14396.556057,2,484.592285,32.702816,0.225847,24.870001,18.070914,6.937166
2025-03-07,35851.451959,21498.515925,153.840338,14506.776373,2,488.155792,35.646974,0.224893,23.370001,18.0724,6.936761
2025-03-10,33070.921485,27276.211446,141.734571,5936.44461,3,469.236603,28.514508,0.229855,27.860001,18.075144,6.937724
2025-03-11,32787.572429,26968.527434,117.399615,5936.44461,3,468.11496,28.154835,0.22919,26.92,18.077623,6.938332
2025-03-12,33906.069266,28131.699043,162.074387,5936.44461,3,473.39566,32.473382,0.228871,24.23,18.079347,6.938124
2025-03-13,32110.341274,26248.796742,74.900078,5936.44461,3,464.879028,29.403638,0.229895,24.66,18.08119,6.938026
2025-03-14,34600.749063,28839.828458,175.524005,5936.44461,3,476.115387,37.762873,0.23103,21.77,18.082223,6.937329
2025-03-17,35262.550005,29496.401491,170.296097,5936.44461,3,479.202362,39.869423,0.230942,20.51,18.082903,6.936476
2025-03-18,33514.485578,27655.060374,77.019407,5936.44461,3,471.033234,36.361932,0.231879,21.700001,18.083915,6.935769
2025-03-19,34898.211845,29082.363199,120.595964,5936.44461,3,477.336334,40.697005,0.231924,19.9,18.084424,6.934865
2025-03-20,34524.444932,28680.326062,92.325741,5936.44461,3,475.718414,39.944816,0.231711,19.799999,18.084904,6.933954
2025-03-21,34867.074724,29024.783145,94.153032,5936.44461,3,477.286682,41.081563,0.231724,19.280001,18.085238,6.933013
2025-03-24,37243.892788,31479.147305,171.699127,5936.44461,3,487.760437,48.141491,0.232733,17.48,18.085068,6.932051
2025-03-25,37867.530055,32126.243998,195.158553,5936.44461,3,490.543854,49.860927,0.232762,17.15,18.084807,6.9311
2025-03-26,35899.418112,30034.62547,71.651969,5936.44461,3,481.517548,44.686538,0.233874,18.33,18.084876,6.930132
2025-03-27,35275.050604,29382.404652,43.798659,5936.44461,3,478.773834,43.218354,0.233938,18.690001,18.085045,6.929171
2025-03-28,32550.683417,26620.903295,6.664489,5936.44461,3,466.168732,37.175372,0.236138,21.65,18.08604,6.92846
2025-03-31,32495.297245,26560.648004,1.79537,5936.44461,3,466.148895,37.166565,0.236107,22.280001,18.087211,6.927847
2025-04-01,33328.510328,27394.162871,2.097153,5936.44461,3,469.906555,40.06333,0.236279,21.77,18.088239,6.927153
2025-04-02,34094.937888,28160.718658,2.22538,5936.44461,3,473.336151,42.661565,0.236418,21.51,18.089194,6.926422
2025-04-03,29055.899762,23119.456311,0.001159,5936.44461,3,447.996796,31.720434,0.245333,30.02,18.092522,6.928322
2025-04-04,24259.836436,18323.391826,162.499715,6098.944326,3,420.17218,24.338925,0.25714,45.310001,18.100112,6.94225
2025-04-07,24374.866557,18417.43016,304.058615,6261.495011,3,421.186188,25.023667,0.2565,46.98,18.108163,6.95801
2025-04-08,23147.228447,17045.767771,160.034335,6261.495011,3,413.601257,23.323312,0.257019,52.330002,18.117701,6.98046
2025-04-09,32066.938308,28873.202422,3332.558335,6526.294221,3,463.246155,48.154887,0.29091,33.619999,18.12202,6.984282
2025-04-10,30079.802677,25012.129443,1458.620987,6526.294221,3,443.543274,42.29997,0.295569,40.720001,18.128315,6.993486
2025-04-11,31181.346455,26700.690274,2045.63804,6526.294221,3,451.714691,45.271929,0.29618,37.560001,18.133726,7.000027
2025-04-14,31664.022251,27246.188336,2108.460306,6526.294221,3,454.77652,46.386253,0.295685,30.889999,18.137277,7.002288
2025-04-15,31744.503753,27293.753081,2075.543549,6526.294221,3,455.283478,46.580198,0.295043,30.120001,18.140612,7.004166
2025-04-16,30081.615388,24549.1896,993.868433,6526.294221,3,441.555115,42.135127,0.296672,32.639999,18.144647,7.007367
2025-04-17,30107.049331,24511.949175,931.194066,6526.294221,3,441.475555,42.110047,0.296673,29.65,18.147847,7.009019
2025-04-21,28561.307142,22345.600108,310.587188,6526.294221,3,430.550507,38.703294,0.29784,33.82,18.152205,7.012915
2025-04-22,30497.176967,24637.967774,667.085027,6526.294221,3,441.853333,43.771559,0.299363,30.57,18.155657,7.014996
2025-04-23,31999.291872,26666.704384,1193.706733,6526.294221,3,451.873779,47.885566,0.299459,28.450001,18.158519,7.016121
2025-04-24,33629.591689,29422.228224,2318.930756,6526.294221,3,464.588196,52.62228,0.301035,26.469999,18.160828,7.016513
2025-04-25,34167.583906,30509.976368,2868.686684,6526.294221,3,469.767395,54.4389,0.300811,24.84,18.162683,7.016422
2025-04-28,34427.004966,30410.737678,2510.026932,6526.294221,3,469.618225,54.374233,0.300792,25.15,18.164624,7.016413
2025-04-29,34758.617202,31069.550713,2837.227733,6526.294221,3,472.719818,55.556388,0.300815,24.17,18.166291,7.016153
2025-04-30,34827.723249,31004.688272,2703.259244,6526.294221,3,472.660187,55.5266,0.300284,24.700001,18.168104,7.016023
2025-05-01,35273.507249,32370.865376,3623.652349,6526.294221,3,478.833466,58.035123,0.300631,24.6,18.169889,7.015867
2025-05-02,35543.24344,33927.181135,4910.231916,6526.294221,3,485.941193,60.77824,0.300197,22.68,18.17114,7.015296
2025-05-05,35574.489966,33205.900036,2367.558488,4736.148417,3,483.05835,59.091084,0.300152,23.639999,18.172657,7.014914
2025-05-06,35097.017502,32168.176031,1807.306946,4736.148417,3,478.565063,56.460341,0.300033,24.76,18.174483,7.014799
2025-05-07,35264.893212,32518.317239,557.590716,3304.166689,3,480.443878,57.316049,0.299151,23.549999,18.175973,7.014398
2025-05-08,36247.298958,33615.279397,672.147128,3304.166689,3,485.404449,59.57508,0.29912,22.48,18.177165,7.013791
2025-05-09,36200.038166,33521.296806,929.086246,3607.827605,3,485.086334,59.358122,0.299123,21.9,18.178197,7.013093
2025-05-12,39809.902782,38239.808935,2037.733758,3607.827605,3,504.848816,67.320277,0.302852,18.389999,18.178255,7.012123
2025-05-13,41004.061258,40078.647402,2682.413749,3607.827605,3,512.543152,69.800923,0.303348,18.219999,18.178267,7.011152
2025-05-14,41491.033482,40800.052757,2916.84688,3607.827605,3,515.614807,70.7553,0.303409,18.620001,18.178389,7.010185
2025-05-15,41645.229264,40915.059471,2877.657813,3607.827605,3,516.181458,70.937766,0.303403,17.83,18.178293,7.009217
2025-05-16,42013.443282,41435.614827,3029.99915,3607.827605,3,518.428101,71.691902,0.303356,17.24,18.178033,7.008265
2025-05-19,42328.565039,41465.049998,2744.312564,3607.827605,3,518.92511,71.86583,0.302827,18.139999,18.178023,7.007296
2025-05-20,42199.005821,41024.317214,2433.138999,3607.827605,3,517.195496,70.248256,0.302848,18.09,18.177998,7.006327
2025-05-21,41270.768744,39296.554619,1633.61348,3607.827605,3,510.008118,63.819851,0.30335,20.870001,18.178742,7.005501
2025-05-22,41500.841738,39498.422982,1605.40885,3607.827605,3,510.962494,64.287183,0.303256,20.280001,18.179323,7.00462
2025-05-23,40824.194351,38358.799214,1142.432468,3607.827605,3,506.230621,60.139432,0.303479,22.290001,18.180459,7.003985
2025-05-27,43158.742427,41193.939458,1643.024637,3607.827605,3,518.139893,66.072473,0.304708,18.959999,18.180674,7.00303
2025-05-28,42937.166744,40615.373373,1286.034234,3607.827605,3,515.843384,64.091396,0.304706,19.309999,18.180986,7.002088
2025-05-29,43214.973088,40829.895969,1222.750486,3607.827605,3,516.857422,64.596176,0.304524,19.18,18.181261,7.001141
2025-05-30,43216.283239,40609.797812,1001.342178,3607.827605,3,516.042236,63.819493,0.304509,18.57,18.181369,7.000178
2025-06-02,44361.915934,41533.86723,779.778901,3607.827605,3,520.118103,66.019455,0.304499,18.360001,18.181418,6.999212
2025-06-03,45226.268371,42498.319511,879.878746,3607.827605,3,524.183838,68.10296,0.304315,17.690001,18.181282,6.998252
2025-06-04,45733.659354,42835.870087,1065.887382,3963.67665,3,525.645203,68.84245,0.304311,17.610001,18.181125,6.997293
2025-06-05,45255.816921,41847.86085,555.720579,3963.67665,3,521.68866,64.483593,0.304417,18.48,18.181207,6.99633
2025-06-06,46512.686791,43088.279582,900.418623,4324.825831,3,526.78833,67.352868,0.304603,16.77,18.180818,6.995405
2025-06-09,46897.292926,43172.310655,956.321462,4681.303733,3,527.563843,67.779164,0.303714,17.16,18.180537,6.994462
2025-06-10,47643.608753,44020.221404,1057.916384,4681.303733,3,531.05304,69.696427,0.303798,16.950001,18.180198,6.993528
2025-06-11,47321.052018,43555.488058,915.739773,4681.303733,3,529.263611,67.478813,0.30383,17.26,18.179945,6.992582
2025-06-12,47612.755291,43841.451525,909.999967,4681.303733,3,530.506226,68.234663,0.303809,18.02,18.179901,6.991619
2025-06-13,46263.753227,42187.86892,605.419426,4681.303733,3,523.845825,60.16326,0.304127,20.82,18.180627,6.990794
2025-06-16,47911.567201,43927.658597,697.395129,4681.303733,3,531.132568,65.036095,0.304176,19.110001,18.180883,6.989849
2025-06-17,46838.066394,42630.931161,474.1685,4681.303733,3,525.953369,59.468136,0.304369,21.6,18.181823,6.989118
2025-06-18,46842.593279,42584.455568,423.166022,4681.303733,3,525.863892,59.373562,0.304316,20.139999,18.182362,6.988232
2025-06-20,46394.320787,41998.069538,285.052484,4681.303733,3,523.716736,57.029753,0.304034,20.620001,18.183032,6.987388
2025-06-23,47690.437847,43274.209702,265.075588,4681.303733,3,529.101746,61.169809,0.304265,19.83,18.183484,6.986481
2025-06-24,49564.353988,45291.316723,408.266468,4681.303733,3,537.19281,66.406923,0.304622,17.48,18.183291,6.985531
2025-06-25,49913.152504,45614.945495,383.096724,4681.303733,3,538.566162,67.215192,0.304608,16.76,18.1829,6.984611
2025-06-26,51074.437949,46860.991441,467.857225,4681.303733,3,543.601868,70.05981,0.304449,16.59,18.182463,6.983702
2025-06-27,51534.324127,47301.902206,448.881812,4681.303733,3,545.462952,71.059239,0.304191,16.32,18.181952,6.982811
2025-06-30,52522.443156,48144.196427,303.057004,4681.303733,3,548.996033,72.908118,0.304268,16.73,18.181553,6.981894
2025-07-01,51492.563387,46948.782178,137.522524,4681.303733,3,544.368164,66.880952,0.304451,16.83,18.181182,6.980972
2025-07-02,52438.800832,47896.116217,138.619118,4681.303733,3,548.159912,69.132503,0.30447,16.639999,18.18076,6.980061
2025-07-03,53783.750977,32773.215827,129.443841,21139.97899,2,553.553894,72.044105,0.304605,16.379999,18.180266,6.979167
2025-07-07,53144.238596,32007.727234,377.599489,21514.110851,2,549.384094,66.798588,0.304529,17.790001,18.180159,6.978213
2025-07-08,53196.715488,32041.274243,358.669606,21514.110851,2,549.692566,66.990066,0.304385,16.809999,18.179784,6.977294
2025-07-09,53797.806234,32683.19034,770.318955,21884.934849,2,553.583862,69.388415,0.304255,15.94,18.17917,6.976436
2025-07-10,53713.987336,32533.736075,704.683588,21884.934849,2,552.78772,68.295117,0.304255,15.78,18.178513,6.975593
2025-07-11,53564.949642,32308.89822,628.883427,21884.934849,2,551.543701,66.531123,0.304272,16.4,18.178026,6.9747
2025-07-14,53920.990777,32600.055099,563.999171,21884.934849,2,553.544006,67.963971,0.304062,17.200001,18.177758,6.973764
2025-07-15,53990.859248,32636.018212,530.093813,21884.934849,2,554.051575,68.334421,0.302841,17.379999,18.17754,6.972822
2025-07-16,54097.375126,32716.699972,504.259695,21884.934849,2,554.618835,68.76908,0.302773,17.16,18.177261,6.971888
2025-07-17,54775.443641,33474.573115,584.064323,21884.934849,2,559.107239,72.039474,0.302898,16.52,18.176808,6.970988
2025-07-18,54729.24648,33368.527654,524.216022,21884.934849,2,558.569824,71.079713,0.302903,16.41,18.176325,6.970096
2025-07-21,55194.342706,33762.78961,453.381752,21884.934849,2,561.46582,73.155227,0.300744,16.65,18.175908,6.969188
2025-07-22,54791.569498,33248.881421,342.246772,21884.934849,2,558.559937,67.890262,0.300756,16.5,18.17545,6.968291
2025-07-23,55199.59456,33668.437386,353.777675,21884.934849,2,561.107666,69.933384,0.300572,15.37,18.174683,6.967493
2025-07-24,55398.867861,33847.372282,333.439269,21884.934849,2,562.30188,70.869061,0.300097,15.39,18.173922,6.966693
2025-07-25,55634.877273,34066.761721,316.819297,21884.934849,2,563.655334,71.935047,0.300062,14.93,18.173037,6.965948
2025-07-28,55918.949767,34238.318843,204.303925,21884.934849,2,565.416931,73.304307,0.296709,15.03,18.172179,6.96519
2025-07-29,55798.587491,34063.24984,149.597198,21884.934849,2,564.541077,71.438092,0.296375,15.98,18.17158,6.964333
2025-07-30,55939.332454,34175.407075,121.009469,21884.934849,2,565.297424,72.098681,0.296162,15.48,18.170846,6.963525
2025-07-31,55466.188109,33643.79194,62.53868,21884.934849,2,562.30188,65.624989,0.296251,16.719999,18.17045,6.962616
2025-08-01,53613.909944,31737.953587,8.978491,21884.934849,2,551.225159,48.340517,0.296773,20.379999,18.171053,6.961762
2025-08-04,55295.231458,33412.912463,2.615854,21884.934849,2,561.396179,59.015057,0.295553,17.52,18.170875,6.960821
2025-08-05,54584.895669,15872.800696,0.197673,38712.292646,1,557.584534,54.472416,0.294126,17.85,18.170788,6.959874
2025-08-06,55138.540456,16426.326687,0.078877,38712.292646,1,564.600769,60.499708,0.292932,16.77,18.170406,6.958964
2025-08-07,55248.834439,16536.541967,0.000174,38712.292646,1,566.511597,61.976116,0.29052,16.57,18.16997,6.958066
2025-08-08,55686.082818,16973.790172,331.575914,39043.86856,1,571.796082,65.784925,0.29051,15.15,18.169148,6.957297
2025-08-11,55593.800614,16804.979657,255.047602,39043.86856,1,570.104248,63.588819,0.290194,16.25,18.168625,6.956421
2025-08-12,56092.971294,17374.677305,325.57457,39043.86856,1,577.269775,68.400359,0.28841,14.73,18.167689,6.955706
2025-08-13,56126.315887,17391.721518,309.274191,39043.86856,1,577.55835,68.58043,0.288367,14.49,18.166688,6.955024
2025-08-14,56107.815579,17346.840952,282.893932,39043.86856,1,577.110535,67.93348,0.288372,14.83,18.165781,6.954295
2025-08-15,55917.935301,17102.017526,227.950785,39043.86856,1,574.572754,64.235326,0.287051,15.09,18.164944,6.953534
2025-08-18,55933.404081,17062.148645,172.613124,39043.86856,1,574.343811,63.897384,0.287054,14.99,18.164081,6.952786
2025-08-19,55329.428743,16380.694854,95.134671,39043.86856,1,566.551392,53.567424,0.286115,15.57,18.163376,6.951972
2025-08-20,55070.954371,16093.512203,66.426392,39043.86856,1,563.187622,49.823008,0.286227,15.69,18.162704,6.951147
2025-08-21,54860.475106,15863.288863,46.682317,39043.86856,1,560.5802,47.076043,0.285912,16.6,18.162279,6.95025
2025-08-22,55559.833061,16591.058969,75.094467,39043.86856,1,569.228455,55.783801,0.286433,14.22,18.161209,6.949609
2025-08-25,55438.248005,16431.792602,37.413157,39043.86856,1,567.586426,53.968166,0.286426,14.79,18.160293,6.948888
2025-08-26,55614.310887,16605.851716,35.409389,39043.86856,1,569.865356,56.103592,0.285748,14.62,18.159332,6.948189
2025-08-27,55683.478067,16668.874224,29.264717,39043.86856,1,570.741211,56.930546,0.285495,14.85,18.158434,6.94746
2025-08-28,55975.318825,16962.038537,30.588272,39043.86856,1,574.314026,60.222494,0.285291,14.43,18.157423,6.946789
2025-08-29,55431.320995,16398.108095,10.65566,39043.86856,1,567.666016,52.223818,0.285668,15.36,18.156664,6.945999
2025-09-02,55011.365718,15967.739426,0.242268,39043.86856,1,562.908875,47.374881,0.285506,17.17,18.156396,6.945076
2025-09-03,55378.828728,16335.091848,0.13168,39043.86856,1,567.337585,51.856468,0.28562,16.35,18.155907,6.944198
2025-09-04,55804.475183,16760.660235,0.053611,39043.86856,1,572.472839,56.484073,0.285482,15.3,18.155133,6.943416
2025-09-05,55826.309619,16782.442335,0.001276,39043.86856,1,573.298828,57.196749,0.282932,15.18,18.154327,6.942648
2025-09-08,56044.860077,17000.991517,303.355092,39347.223652,1,576.095398,59.608696,0.28294,15.11,18.153502,6.941888
2025-09-09,56173.662562,17134.172597,307.733687,39347.223652,1,577.727539,60.99029,0.28295,15.04,18.152659,6.941137
2025-09-10,56173.32487,17111.468988,285.36777,39347.223652,1,577.916687,61.156113,0.28092,15.35,18.1519,6.94035
2025-09-11,56425.135783,0,0,56425.135783,0,581.280396,64.080301,0.280623,14.71,18.150969,6.939642
2025-09-12,56425.135783,0,0,56425.135783,0,583.848083,66.173672,0.28048,14.76,18.150051,6.938927
2025-09-15,56425.135783,0,0,56425.135783,0,588.843994,69.854858,0.279541,15.69,18.149386,6.938106
2025-09-16,56425.135783,0,0,56425.135783,0,588.346375,69.048818,0.279347,16.360001,18.148902,6.93723
2025-09-17,56425.135783,0,0,56425.135783,0,587.172058,67.081673,0.279336,15.72,18.148245,6.936407
2025-09-18,56425.135783,0,0,56425.135783,0,592.466553,71.081813,0.279431,15.7,18.147584,6.935586
2025-09-19,56425.135783,0,0,56425.135783,0,596.477173,73.689952,0.279517,15.45,18.146855,6.934791
2025-09-22,56425.135783,0,0,56425.135783,0,600.008362,75.762663,0.279507,16.1,18.146302,6.933935
2025-09-23,56425.135783,0,0,56425.135783,0,596.022888,69.141983,0.278159,16.639999,18.145895,6.933043
2025-09-24,56425.135783,0,0,56425.135783,0,593.930542,65.886739,0.278189,16.18,18.145364,6.932182
2025-09-25,56425.135783,0,0,56425.135783,0,591.369934,62.037371,0.27825,16.74,18.144985,6.931284
2025-09-26,56425.135783,0,0,56425.135783,0,593.800964,64.177218,0.278237,15.29,18.144215,6.930508
2025-09-29,56425.135783,0,0,56425.135783,0,596.550964,66.47903,0.278274,16.120001,18.143669,6.929652
2025-09-30,56425.135783,0,0,56425.135783,0,598.184998,67.802886,0.278168,16.280001,18.143166,6.928785
2025-10-01,56425.135783,0,0,56425.135783,0,601.054504,70.040521,0.278101,16.290001,18.142666,6.927918
2025-10-02,56425.135783,0,0,56425.135783,0,603.525513,71.854502,0.27812,16.629999,18.142259,6.927028
2025-10-03,56425.135783,0,0,56425.135783,0,600.984802,67.339732,0.277608,16.65,18.141857,6.926138
2025-10-06,56425.135783,0,0,56425.135783,0,605.498291,70.84439,0.277719,16.370001,18.141379,6.925266
2025-10-07,56425.135783,0,0,56425.135783,0,602.309998,65.497728,0.277812,17.24,18.141137,6.924349
2025-10-08,56425.135783,0,0,56425.135783,0,609.214722,70.661711,0.277788,16.299999,18.140641,6.923482
2025-10-09,56425.135783,0,0,56425.135783,0,608.477417,69.466085,0.277443,16.43,18.14018,6.922607
2025-10-10,56425.135783,0,0,56425.135783,0,587.354553,45.640196,0.280333,21.66,18.141128,6.921916
2025-10-13,56425.135783,0,0,56425.135783,0,599.819031,55.368254,0.281257,19.030001,18.141367,6.921
2025-10-14,56425.135783,0,0,56425.135783,0,595.823669,52.146865,0.281391,20.809999,18.142084,6.920207
2025-10-15,56425.135783,0,0,56425.135783,0,600.028259,55.107011,0.281489,20.639999,18.142756,6.919398
2025-10-16,56425.135783,0,0,56425.135783,0,597.806396,53.233042,0.281394,25.309999,18.144683,6.919465
2025-10-17,56425.135783,0,0,56425.135783,0,601.732056,56.075182,0.280956,20.780001,18.145391,6.91867
2025-10-20,56425.135783,0,0,56425.135783,0,609.314331,61.004556,0.281304,18.23,18.145414,6.91774
2025-10-21,56425.135783,0,0,56425.135783,0,609.154907,60.849931,0.281307,17.870001,18.14534,6.916812
2025-10-22,56425.135783,0,0,56425.135783,0,603.286377,55.294,0.28151,18.6,18.145462,6.915888
2025-10-23,56425.135783,0,0,56425.135783,0,608.35791,58.795366,0.281652,17.299999,18.145235,6.914973
2025-10-24,56425.135783,0,0,56425.135783,0,614.854065,62.812951,0.281896,16.370001,18.144758,6.914106
2025-10-27,56425.135783,0,0,56425.135783,0,625.804199,68.405155,0.281922,15.79,18.144127,6.913285
2025-10-28,56425.135783,0,0,56425.135783,0,630.616516,70.504422,0.281907,16.42,18.143664,6.912416
2025-10-29,56425.135783,0,0,56425.135783,0,633.456177,71.699358,0.281872,16.92,18.143336,6.911517
2025-10-30,56425.135783,0,0,56425.135783,0,623.771545,62.412652,0.282559,16.91,18.143005,6.91062
2025-10-31,56425.135783,0,0,56425.135783,0,626.780579,63.97397,0.282407,17.440001,18.142817,6.909703
2025-11-03,56425.135783,0,0,56425.135783,0,629.779663,65.511659,0.282257,17.17,18.142556,6.908796
2025-11-04,56425.135783,0,0,56425.135783,0,616.996338,54.779028,0.281634,19,18.142786,6.907884
2025-11-05,56425.135783,0,0,56425.135783,0,621.011658,57.153484,0.281607,18.01,18.14275,6.906959
2025-11-06,56425.135783,0,0,56425.135783,0,609.443848,49.147079,0.28257,19.5,18.143114,6.90607
2025-11-07,56425.135783,0,0,56425.135783,0,607.520935,47.944734,0.282257,19.08,18.143365,6.905162
2025-11-10,56425.135783,0,0,56425.135783,0,620.961792,56.040155,0.281665,17.6,18.143219,6.904244
2025-11-11,56425.135783,0,0,56425.135783,0,619.307861,54.908563,0.281133,17.280001,18.142988,6.903335
2025-11-12,56425.135783,0,0,56425.135783,0,618.819641,54.558348,0.281139,17.51,18.142819,6.902419
2025-11-13,56425.135783,0,0,56425.135783,0,606.185852,46.324416,0.282305,20,18.143316,6.901563
2025-11-14,56425.135783,0,0,56425.135783,0,606.644043,46.63895,0.282289,19.83,18.143766,6.900695
2025-11-17,56425.135783,0,0,56425.135783,0,601.463013,43.532535,0.282499,22.379999,18.144898,6.90012
2025-11-18,56425.135783,0,0,56425.135783,0,594.139771,39.52519,0.282776,24.690001,18.146647,6.900027
2025-11-19,56425.135783,0,0,56425.135783,0,597.686829,42.295948,0.281267,23.66,18.14812,6.899694
2025-11-20,56425.135783,0,0,56425.135783,0,583.538513,35.340597,0.282727,26.42,18.150328,6.900097
2025-11-21,56425.135783,0,0,56425.135783,0,587.922485,38.704156,0.282748,23.43,18.151738,6.899715
2025-11-24,56425.135783,0,0,56425.135783,0,602.957581,48.58283,0.284281,20.52,18.15237,6.898902
2025-11-25,56425.135783,0,0,56425.135783,0,606.674072,50.697993,0.284334,18.559999,18.152479,6.897985
2025-11-26,56425.135783,0,0,56425.135783,0,612.034424,53.659041,0.284496,17.190001,18.152222,6.897082
2025-11-28,56425.135783,0,0,56425.135783,0,616.996338,56.276822,0.284628,16.35,18.151741,6.896225
2025-12-01,56425.135783,0,0,56425.135783,0,614.923828,54.882278,0.28462,17.24,18.151498,6.895322
2025-12-02,56425.135783,0,0,56425.135783,0,619.736267,57.514924,0.284551,16.59,18.151082,6.89445
2025-12-03,56425.135783,0,0,56425.135783,0,621.250793,58.338822,0.284398,16.08,18.15053,6.893614
2025-12-04,56425.135783,0,0,56425.135783,0,620.672852,57.877569,0.28415,15.78,18.149899,6.892804
2025-12-05,56425.135783,0,0,56425.135783,0,623.203674,59.391683,0.284164,15.41,18.149169,6.892031
2025-12-08,56425.135783,0,0,56425.135783,0,622.007996,58.324995,0.283843,16.66,18.148773,6.891156
2025-12-09,56425.135783,0,0,56425.135783,0,622.775208,58.835872,0.283813,16.93,18.148448,6.890267
2025-12-10,56425.135783,0,0,56425.135783,0,625.325867,60.566592,0.283671,15.77,18.147815,6.889459
2025-12-11,56425.135783,0,0,56425.135783,0,623.303345,58.467424,0.283525,14.85,18.146938,6.888753
2025-12-12,56425.135783,0,0,56425.135783,0,611.38678,47.927422,0.284501,15.74,18.146298,6.887948
2025-12-15,56425.135783,0,0,56425.135783,0,608.317993,45.645379,0.283837,16.5,18.14586,6.887084
2025-12-16,56425.135783,0,0,56425.135783,0,609.52356,46.718685,0.283714,16.48,18.145417,6.886222
2025-12-17,56425.135783,0,0,56425.135783,0,598.224792,38.954892,0.284533,17.620001,18.145278,6.885312
2025-12-18,56425.135783,0,0,56425.135783,0,606.893188,46.324611,0.284539,16.870001,18.144939,6.884429
2025-12-19,56425.135783,0,0,56425.135783,0,614.80426,52.017869,0.284867,14.91,18.14408,6.883716
2025-12-22,56425.135783,0,0,56425.135783,0,617.751343,53.976302,0.281337,14.08,18.143001,6.88312
2025-12-23,56425.135783,0,0,56425.135783,0,620.64447,55.880112,0.281306,14,18.141901,6.882538
2025-12-24,56425.135783,0,0,56425.135783,0,622.460205,57.080083,0.281157,13.47,18.140661,6.882045
2025-12-26,56425.135783,0,0,56425.135783,0,622.420349,57.043408,0.280952,13.6,18.139456,6.881529
2025-12-29,56425.135783,0,0,56425.135783,0,619.40741,54.207924,0.280611,14.2,18.138411,6.880915
2025-12-30,56425.135783,0,0,56425.135783,0,617.970764,52.858707,0.280629,14.33,18.137401,6.880282
2025-12-31,56425.135783,0,0,56425.135783,0,612.862854,48.259524,0.280328,14.95,18.136556,6.879565
2026-01-02,56425.135783,0,0,56425.135783,0,611.675659,47.230906,0.279834,14.51,18.135595,6.878907
2026-01-05,56425.135783,0,0,56425.135783,0,616.53418,51.762227,0.279745,14.9,18.134738,6.878197
2026-01-06,56425.135783,0,0,56425.135783,0,621.951416,56.271139,0.279889,14.75,18.133841,6.877506
2026-01-07,56425.135783,0,0,56425.135783,0,622.550049,56.752217,0.279272,15.38,18.133112,6.876741
2026-01-08,56425.135783,0,0,56425.135783,0,619.008362,53.034787,0.279082,15.45,18.132401,6.875969
2026-01-09,56425.135783,0,0,56425.135783,0,625.173828,58.171367,0.278389,14.49,18.131437,6.875314
2026-01-12,56425.135783,0,0,56425.135783,0,625.692566,58.581813,0.278388,15.12,18.13064,6.874579
2026-01-13,56425.135783,0,0,56425.135783,0,624.764771,57.495132,0.277682,15.98,18.130071,6.873758
2026-01-14,56425.135783,0,0,56425.135783,0,618.090515,50.270909,0.277988,16.75,18.129706,6.872886
2026-01-15,56425.135783,0,0,56425.135783,0,620.315308,52.417166,0.278,15.84,18.129101,6.872077
2026-01-16,56425.135783,0,0,56425.135783,0,619.796509,51.855139,0.276751,15.86,18.128501,6.871268
2026-01-20,56425.135783,0,0,56425.135783,0,606.627625,40.101363,0.277879,20.09,18.12902,6.870434
2026-01-21,56425.135783,0,0,56425.135783,0,614.828247,48.005043,0.277631,16.9,18.128695,6.869555
2026-01-22,56425.135783,0,0,56425.135783,0,619.297668,51.742422,0.277674,15.64,18.128038,6.868766
2026-01-23,56425.135783,0,0,56425.135783,0,621.253052,53.323205,0.277312,16.09,18.127499,6.867939
2026-01-26,56425.135783,0,0,56425.135783,0,623.986633,55.51695,0.277343,16.15,18.126977,6.867107
2026-01-27,56425.135783,0,0,56425.135783,0,629.64325,59.734212,0.277419,16.35,18.126508,6.866262
2026-01-28,56425.135783,0,0,56425.135783,0,631.728271,61.194595,0.275029,16.35,18.12604,6.865416
2026-01-29,56425.135783,0,0,56425.135783,0,627.947205,57.146866,0.274645,16.879999,18.125711,6.86454
2026-01-30,56425.135783,0,0,56425.135783,0,620.405029,50.037068,0.27506,17.440001,18.12553,6.863644
2026-02-02,56425.135783,0,0,56425.135783,0,624.665039,53.552102,0.275125,16.34,18.125059,6.8628
2026-02-03,56425.135783,0,0,56425.135783,0,615.067688,45.744066,0.275801,18,18.125026,6.861895
2026-02-04,56425.135783,0,0,56425.135783,0,604.322998,38.904984,0.276478,18.639999,18.125162,6.860996
2026-02-05,56425.135783,0,0,56425.135783,0,595.623596,34.418235,0.27672,21.77,18.126122,6.860347
2026-02-06,56425.135783,0,0,56425.135783,0,608.213867,44.410222,0.277759,20.370001,18.126713,6.85954
2026-02-09,56425.135783,0,0,56425.135783,0,612.872864,47.592266,0.277833,17.360001,18.126511,6.858648
2026-02-10,56425.135783,0,0,56425.135783,0,610.029541,45.866717,0.277443,17.790001,18.126423,6.857747
2026-02-11,56425.135783,0,0,56425.135783,0,611.66571,47.056292,0.277115,17.65,18.126297,6.856849
2026-02-12,56425.135783,0,0,56425.135783,0,599.225098,39.880267,0.278253,20.82,18.127006,6.856086
2026-02-13,56425.135783,0,0,56425.135783,0,600.502014,40.876886,0.27826,20.6,18.127657,6.855301
2026-02-17,56425.135783,0,0,56425.135783,0,599.883484,40.52643,0.277772,20.290001,18.128225,6.854489
2026-02-18,56425.135783,0,0,56425.135783,0,604.362976,44.253968,0.277862,19.620001,18.128617,6.853631
2026-02-19,56425.135783,0,0,56425.135783,0,602.04834,42.762547,0.277903,20.23,18.12917,6.852815
2026-02-20,56425.135783,0,0,56425.135783,0,607.375793,47.175272,0.278083,19.09,18.129422,6.851932
2026-02-23,56425.135783,0,0,56425.135783,0,599.993225,42.307639,0.278444,21.01,18.130179,6.851191
2026-02-24,56425.135783,0,0,56425.135783,0,606.438049,47.409183,0.27751,19.549999,18.130551,6.850329
2026-02-25,56425.135783,0,0,56425.135783,0,615.227295,53.454096,0.277594,17.93,18.130499,6.849431
2026-02-26,56425.135783,0,0,56425.135783,0,607.80481,48.395104,0.277557,18.629999,18.13063,6.848536
2026-02-27,56425.135783,0,0,56425.135783,0,605.859436,47.135965,0.277588,19.860001,18.131084,6.847695
2026-03-02,56425.135783,0,0,56425.135783,0,606.657532,47.736731,0.275406,21.440001,18.131952,6.847006
2026-03-03,56425.135783,0,0,56425.135783,0,600.162842,43.41305,0.275168,23.57,18.133378,6.846674
2026-03-04,56425.135783,0,0,56425.135783,0,609.311218,50.248643,0.274333,21.15,18.134169,6.845951
2026-03-05,56425.135783,0,0,56425.135783,0,607.475586,48.970381,0.274333,23.75,18.135641,6.845657
2026-03-06,56425.135783,0,0,56425.135783,0,598.337158,43.093134,0.274612,29.49,18.138616,6.847227
2026-03-09,56425.135783,0,0,56425.135783,0,606.328308,48.871751,0.272846,25.5,18.140545,6.847367
2026-03-10,56425.135783,0,0,56425.135783,0,606.338318,48.878753,0.272738,24.93,18.142323,6.847351
2026-03-11,56425.135783,0,0,56425.135783,0,606.258423,48.821277,0.268366,24.23,18.143917,6.847163
2026-03-12,56425.135783,0,0,56425.135783,0,595.853027,41.909297,0.269235,27.290001,18.146312,6.847866
2026-03-13,56425.135783,0,0,56425.135783,0,592.32135,39.847249,0.269078,27.190001,18.148678,6.848532
2026-03-16,56425.135783,0,0,56425.135783,0,598.965698,45.300184,0.268376,23.51,18.150081,6.848185
2026-03-17,56425.135783,0,0,56425.135783,0,601.888794,47.552727,0.266999,22.370001,18.151185,6.847629
2026-03-18,56425.135783,0,0,56425.135783,0,593.498657,42.183185,0.267518,25.09,18.152999,6.847653
2026-03-19,56425.135783,0,0,56425.135783,0,591.623047,41.066807,0.266679,24.059999,18.154544,6.847424
2026-03-20,56425.135783,0,0,56425.135783,0,580.688843,35.215709,0.267288,26.780001,18.156798,6.847949
2026-03-23,56425.135783,0,0,56425.135783,0,587.354553,40.757192,0.267544,26.15,18.158887,6.848273
2026-03-24,56425.135783,0,0,56425.135783,0,583.338928,38.614321,0.267687,26.950001,18.161183,6.848852
2026-03-25,56425.135783,0,0,56425.135783,0,587.174744,41.764043,0.266591,25.33,18.163056,6.848937
2026-03-26,56425.135783,11965.921211,259.658779,44718.873352,1,573.160095,34.748646,0.26819,27.440001,18.165478,6.849683
2026-03-27,55769.462324,11188.285788,137.696815,44718.873352,1,561.962463,30.360445,0.268314,31.049999,18.168841,6.851952
2026-03-30,55513.158626,22499.308289,335.661945,33349.512282,2,557.667175,28.855146,0.268391,30.610001,18.172088,6.854005
2026-03-31,57743.28148,25181.218284,787.449085,33349.512282,2,576.546387,42.378272,0.269224,25.25,18.173934,6.854064
2026-04-01,58542.680613,26214.114956,1020.946625,33349.512282,2,583.668579,46.50902,0.269571,24.540001,18.175595,6.853941
2026-04-02,58638.302012,26289.126982,1000.337251,33349.512282,2,584.33783,46.894271,0.269434,23.870001,18.17708,6.853664
2026-04-06,59142.235213,26741.203231,948.480299,33349.512282,2,587.854004,48.973605,0.269394,24.17,18.178642,6.853453
2026-04-07,58793.327402,26277.769536,833.954415,33349.512282,2,587.943909,49.02856,0.260849,25.780001,18.180623,6.853659
2026-04-08,60089.102389,28368.046322,1628.456214,33349.512282,2,605.424683,58.408129,0.250993,21.040001,18.181368,6.852921
2026-04-09,60480.914371,28987.749201,1856.347112,33349.512282,2,609.520203,60.253518,0.251071,19.49,18.181709,6.852061
2026-04-10,60562.318509,29051.740847,1838.93462,33349.512282,2,610.399231,60.657001,0.249953,19.23,18.181982,6.851189
2026-04-13,59650.49852,28071.23621,1770.249971,33349.512282,2,616.71228,63.521108,0.210836,19.120001,18.182226,6.850314
2026-04-14,60151.341608,29613.983628,2812.154301,33349.512282,2,627.909912,67.974486,0.204855,18.360001,18.182272,6.849423
2026-04-15,60476.575954,31048.22988,3921.166208,33349.512282,2,636.700317,70.970569,0.204403,18.17,18.182269,6.848531
2026-04-16,60579.116757,31549.912703,4320.308228,33349.512282,2,639.766907,71.956226,0.204342,17.940001,18.182206,6.847641
2026-04-17,60661.424687,32980.137227,5668.224822,33349.512282,2,648.137695,74.5013,0.204818,17.48,18.182023,6.84676
2026-04-20,60663.655581,32444.315877,5130.172577,33349.512282,2,646.079956,72.753363,0.201232,18.870001,18.182202,6.845878
2026-04-21,60736.957886,32016.110176,4628.664571,33349.512282,2,643.622681,70.622511,0.201324,19.5,18.182545,6.845021
2026-04-22,60494.318609,33785.935015,6641.128687,33349.512282,2,654.390869,74.189994,0.199578,18.92,18.182736,6.844142
2026-04-23,60517.816937,33058.796869,5890.492214,33349.512282,2,650.704895,71.011158,0.197617,19.309999,18.183029,6.843277
2026-04-24,60188.450251,35199.645108,8360.707139,33349.512282,2,663.151245,74.919039,0.197129,18.709999,18.183166,6.842393
2026-04-27,60072.198707,35132.926315,5136.633484,30075.905876,2,663.500854,75.020901,0.194583,18.02,18.183124,6.841505
2026-04-28,59597.496516,33953.427892,4431.837251,30075.905876,2,656.828186,69.240842,0.194722,17.83,18.183032,6.840619
2026-04-29,59887.358599,34648.866997,129.975728,25368.467331,2,660.84375,70.703675,0.194796,18.809999,18.183195,6.839738
2026-04-30,60918.639521,35730.194655,180.022465,25368.467331,2,667.006958,72.838759,0.194927,16.889999,18.182859,6.838882
2026-05-01,61983.29287,36866.013975,251.188435,25368.467331,2,673.409973,74.886485,0.195166,16.99,18.18255,6.838022
2026-05-04,61782.746685,36588.840706,174.561352,25368.467331,2,672.141357,73.70092,0.194707,18.290001,18.182578,6.837135
2026-05-05,63218.211427,38135.344117,285.60002,25368.467331,2,680.861755,76.459743,0.194536,17.379999,18.18237,6.836261
2026-05-06,65457.373875,40726.307931,637.401388,25368.467331,2,695.006226,80.105243,0.195698,17.389999,18.182164,6.835386
2026-05-07,65355.474715,40551.316737,564.309352,25368.467331,2,694.177124,79.329733,0.195292,17.08,18.181879,6.834524
2026-05-08,67650.722628,43578.633945,1296.378648,25368.467331,2,710.449219,82.840833,0.196999,17.190001,18.181622,6.833657
2026-05-11,68055.863956,43918.296448,1230.899822,25368.467331,2,712.506958,83.228798,0.196726,18.379999,18.181673,6.832772
2026-05-12,67338.074178,42800.445351,830.838504,25368.467331,2,706.463623,77.674297,0.197078,17.99,18.181624,6.831888
2026-05-13,68266.010338,44030.761653,1133.218645,25368.467331,2,713.925476,79.494026,0.191874,17.870001,18.181543,6.831005
2026-05-14,68912.66529,44952.122964,1407.925005,25368.467331,2,718.999817,80.649126,0.191283,17.26,18.181304,6.830137
2026-05-15,67627.945796,42945.170978,685.692513,25368.467331,2,708.151794,71.390713,0.192227,18.43,18.181369,6.829254
2026-05-18,67333.219067,42350.944935,386.193198,25368.467331,2,705.105103,68.995094,0.192343,17.82,18.181275,6.828373
2026-05-19,66690.574304,41542.304853,220.19788,25368.467331,2,700.759949,65.613433,0.192512,18.059999,18.181244,6.82749
2026-05-20,68532.984183,43703.052622,538.535769,25368.467331,2,712.367188,69.862791,0.193378,17.440001,18.181052,6.826618
2026-05-21,68792.709577,43942.69193,518.449684,25368.467331,2,713.725647,70.324989,0.1933,16.76,18.180685,6.825774
2026-05-22,69271.711538,44474.334183,571.089976,25368.467331,2,716.752319,71.378223,0.192454,16.700001,18.180302,6.824933
2026-05-26,71283.881389,46840.678012,925.263955,25368.467331,2,729.478394,75.341185,0.193438,17.01,18.18,6.824077
2026-05-27,71523.775594,46664.44256,588.403684,25447.736718,2,728.649292,74.616323,0.193032,16.290001,18.179512,6.823263
2026-05-28,72285.465211,47777.041112,939.312619,25447.736718,2,734.79248,76.426099,0.191422,15.74,18.178882,6.822495
2026-05-29,72565.677302,48276.797548,188.672896,24477.55265,2,737.499512,77.197598,0.191312,15.32,18.178144,6.821768
2026-06-01,73375.223836,49086.812883,189.141697,24477.55265,2,741.924683,78.439761,0.19139,16.049999,18.177595,6.820974
2026-06-02,73990.829669,49726.382836,213.105818,24477.55265,2,745.340881,79.373903,0.191392,15.77,18.176974,6.820203
2026-06-03,73650.829511,49343.236633,169.959772,24477.55265,2,743.393066,77.316955,0.191298,16.059999,18.176428,6.819408
2026-06-04,73007.67509,48648.991782,118.869343,24477.55265,2,739.796997,73.528465,0.191291,15.4,18.175712,6.818674
2026-06-05,66699.151198,42229.158807,7.560259,24477.55265,2,704.286011,48.339402,0.200672,21.51,18.176571,6.818005
2026-06-08,68703.65395,44236.982386,10.881085,24477.55265,2,715.283936,53.6368,0.201131,18.92,18.176763,6.817137
2026-06-09,67188.202472,42714.208112,3.558289,24477.55265,2,707.052979,49.542277,0.201457,19.870001,18.177199,6.816312
2026-06-10,64645.48505,40168.431178,0.498779,24477.55265,2,692.928528,43.41724,0.203079,22.219999,18.178241,6.815743
2026-06-11,69016.136783,44545.323975,6.739842,24477.55265,2,716.332764,53.644158,0.206606,19.440001,18.178566,6.814895
2026-06-12,69783.412793,45313.54129,7.681148,24477.55265,2,720.548157,55.214263,0.206609,17.68,18.178437,6.814022
2026-06-15,74021.379757,49579.462879,35.635771,24477.55265,2,743.183289,62.549462,0.209658,16.200001,18.177928,6.813219
2026-06-16,71420.972394,46948.59845,5.178707,24477.55265,2,729.058777,56.347592,0.210435,16.41,18.177473,6.812401
2026-06-17,70049.601141,45573.139761,1.09127,24477.55265,2,721.716858,53.384565,0.21034,18.440001,18.177541,6.811526
2026-06-18,73434.635892,48965.161658,8.078416,24477.55265,2,739.807007,59.092516,0.211805,16.4,18.177083,6.810709
2026-06-22,73050.649536,48573.278973,0.182086,24477.55265,2,737.950012,58.303299,0.211849,17.280001,18.176853,6.809849
2026-06-23,68651.637982,44174.085412,0.000079,24477.55265,2,713.650024,49.068146,0.215837,19.49,18.17719,6.809005
2026-06-24,68080.593941,43603.041291,0.000001,24477.55265,2,710.619995,48.046183,0.215664,18.629999,18.177307,6.808134
2026-06-25,69108.361161,44630.808511,0,24477.55265,2,716.380005,50.1708,0.215165,18.889999,18.17749,6.807269
2026-06-26,67316.531288,42838.978638,135.105173,24612.657823,2,706.52002,46.653683,0.215909,18.41,18.177549,6.806395
2026-06-29,70406.611783,46066.167014,417.284371,24757.72914,2,724.080017,52.976153,0.217518,17.65,18.177414,6.805526
2026-06-30,72410.412275,48357.01966,704.336525,24757.72914,2,736.400024,56.84094,0.21832,16.450001,18.17697,6.804709
2026-07-01,70653.20703,46288.12501,392.64712,24757.72914,2,725.169983,52.597414,0.219128,16.59,18.176563,6.803883
2026-07-02,68568.316507,43995.575979,184.988612,24757.72914,2,712.599976,48.254857,0.219963,16.15,18.176043,6.803087
2026-07-06,70363.057189,45831.591851,226.263803,24757.72914,2,722.820007,51.743364,0.220419,15.57,18.175375,6.802342
2026-07-07,68074.359117,43401.694077,85.064099,24757.72914,2,709.429993,47.248926,0.221443,16.129999,18.17485,6.801548
2026-07-08,68421.957133,43747.978136,83.750144,24757.72914,2,711.440002,47.979389,0.221214,16.9,18.174523,6.800707
2026-07-09,70514.343325,45924.408009,167.793824,24757.72914,2,723.280029,52.180026,0.221992,15.84,18.173925,6.799937
2026-07-10,70907.751825,46319.483475,169.460791,24757.72914,2,725.51001,52.950622,0.221889,15.03,18.173119,6.799252
2026-07-13,68524.818376,43800.349218,33.259982,24757.72914,2,711.73999,47.825598,0.223194,17.16,18.172859,6.7984
2026-07-14,69952.115116,45247.656444,53.270468,24757.72914,2,719.690002,50.787162,0.223488,16.5,18.172431,6.797582
2026-07-15,69602.997628,44879.234434,33.965946,24757.72914,2,717.73999,50.036908,0.223512,15.67,18.17179,6.796829
2026-07-16,67501.963793,42751.144479,6.909826,24757.72914,2,705.940002,45.642939,0.224509,16.73,18.171421,6.795998
2026-07-17,65613.169614,40856.495668,1.055194,24757.72914,2,695.330017,42.065969,0.225339,18.77,18.171574,6.795135
2026-07-20,65700.799587,40943.157052,0.086605,24757.72914,2,696.059998,42.400427,0.225174,18.65,18.171697,6.794269
2026-07-23,65002.303031,40244.574241,0.00035,24757.72914,2,691.960022,41.865333,0.227363,18.700001,18.171832,6.793405
2026-07-24,63632.563832,38874.834694,0.000002,24757.72914,2,684.22998,39.3297,0.22778,18.58,18.171936,6.792539
2026-07-27,63222.1224,38464.39326,165.311675,24923.040815,2,682.119995,38.641728,0.227822,18.67,18.172063,6.791675
2026-07-28,62113.863171,37299.421027,108.598671,24923.040815,2,675.48999,36.482241,0.228163,18.209999,18.172073,6.790807
2026-07-29,59831.929649,34954.1398,207.625742,25085.415591,2,661.72998,32.431366,0.229571,20.66,18.172709,6.790056
2026-07-30,63335.146812,38847.907576,598.176355,25085.415591,2,683.549988,43.201582,0.232708,17.09,18.172432,6.78921
2026-08-03,65844.222932,41752.648667,993.841326,25085.415591,2,700.070007,50.057369,0.233543,15.86,18.171842,6.788443
2026-08-04,68829.112863,46094.534309,2350.837038,25085.415591,2,723.849976,58.058771,0.235442,16.5,18.171415,6.787629
2026-08-05,68155.076732,44871.95918,1802.298039,25085.415591,2,717.299988,55.42479,0.234841,15.81,18.170812,6.786867
2026-08-06,67894.556266,44374.886,1565.745325,25085.415591,2,714.650024,54.350474,0.234722,15.15,18.170041,6.786172
2026-08-07,68914.214965,45883.37006,2054.570686,25085.415591,2,723.030029,57.177252,0.234664,14.9,18.169206,6.785507
2026-08-10,68866.720527,45451.914892,1670.609956,25085.415591,2,720.869995,56.211028,0.234695,15.46,18.168515,6.784779
2026-08-11,68643.49962,44993.887771,1435.803743,25085.415591,2,718.450012,55.087854,0.234536,15.28,18.167779,6.784071
2026-08-12,69323.489548,45939.913108,1701.839152,25085.415591,2,723.700012,57.090969,0.234614,14.55,18.166856,6.783452
