date,equity,coreValue,cashValue,wheelValue,leapsValue
2021-08-13,100000,50000,10000,32000,8000.000000000001
2021-08-16,100022.09028773988,50021.69129371129,10000,32000,8000.398994028595
2021-08-17,99348.86253496431,49581.096974604436,10000,32000,7767.765560359869
2021-08-18,98624.2202874773,49103.89678733861,10000,32000,7520.323500138707
2021-08-19,99097.9851425617,49341.1398822423,10000,32120.084693836976,7636.760566482417
2021-08-20,100001.96607716642,49852.23194020865,10000,32254.84376620046,7894.890370757302
2021-08-23,101240.3586600523,50597.85309562025,10000,32362.538463663124,8279.967100768914
2021-08-24,101485.8458576514,50752.39787467521,10000,32376.058629954565,8357.389353021616
2021-08-25,101574.19464425404,50810.69089935422,10000,32380.2640173352,8383.239727564624
2021-08-26,101054.6145434824,50488.04376552585,10000,32368.846830675993,8197.723947280547
2021-08-27,101827.33151933439,50978.79739131888,10000,32392.437128832127,8456.096999183372
2021-08-30,102709.32992767406,51550.89233423144,10000,32404.0262556775,8754.411337765121
2021-08-31,102640.03094886053,51508.866745538086,10000,32404.34788753758,8726.816315784856
2021-09-01,102760.77571230815,51594.270784462766,10000,32405.21529932697,8761.289628518422
2021-09-02,102716.62257785996,51569.86963048428,10000,32405.50253844822,8741.250408927453
2021-09-03,102856.592807746,51728.485405726904,10000,32406.05860063941,8722.048801379684
2021-09-07,102948.07056246181,51801.68886766234,10000,32406.48613580522,8739.89555899425
2021-09-08,102568.07783768125,51621.385935899685,10000,32406.48596423235,8540.205937549215
2021-09-09,102258.76211924634,51443.79286440422,10000,32406.485649342143,8408.483605499976
2021-09-10,101631.57232952655,51053.35785198354,10000,32406.41705965398,8171.797417889024
2021-09-13,101563.07640576169,51018.1089825538,10000,32406.533566671136,8138.433856536749
2021-09-14,101324.3300379924,50873.054920220886,10000,32406.537148285697,8044.737969485825
2021-09-15,101904.90487319788,51251.285218461075,10000,32406.540607256233,8247.07904748058
2021-09-16,101944.67555256827,51286.534087890825,10000,32406.540633206478,8251.60083147096
2021-09-17,100990.5163489571,50679.19027554852,10000,32406.54063204056,7904.785441368015
2021-09-20,99288.72053204653,49577.03011560802,10000,32406.54063368494,7305.14978275357
2021-09-21,99409.98437484997,49638.03300055422,10000,32437.746875299064,7334.204498996681
2021-09-22,100276.74344165092,50101.675612101586,10000,32602.23803681239,7572.829792736946
2021-09-23,101053.6455367819,50563.96122491973,10000,32705.38954308329,7784.29476877888
2021-09-24,101139.54219729589,50611.40653414747,10000,32721.703048215368,7806.432614933042
2021-09-27,100445.87343268788,50207.41808319958,10000,32681.381346268092,7557.074003220203
2021-09-28,97521.14618661898,48786.66937404462,10000,31926.123397299365,6808.353415274992
2021-09-29,97337.58402034832,48706.68505565433,10000,31869.517434687776,6761.381530006212
2021-09-30,96933.94387631955,48527.73498542964,10000,31743.19020841717,6663.018682472743
2021-10-01,97655.39397200476,48828.69496273797,10000,32016.803018425624,6809.895990841162
2021-10-04,95145.26339069632,47803.805123729326,10000,31054.7644114357,6286.693855531295
2021-10-05,96741.16575025504,48449.10766576857,10000,31703.46572110364,6588.592363382826
2021-10-06,97486.91907288453,48759.558359798946,10000,32000.498834797138,6726.861878288448
2021-10-07,98459.03409017052,49206.92939816941,10000,32312.3875202059,6939.717171795204
2021-10-08,97966.84346918517,48961.55258527289,10000,32190.535779042933,6814.755104869339
2021-10-11,97225.99621539778,48586.0321472999,10000,32025.033244402654,6614.930823695228
2021-10-12,96835.00997318061,48416.57279379726,10000,31920.011166360186,6498.426013023165
2021-10-13,97761.2335452699,48804.293808759496,10000,32268.065064594088,6688.87467191632
2021-10-14,99535.05293510221,49703.10688168808,10000,32687.444104415412,7144.501948998715
2021-10-15,100086.42251526492,50016.267435985654,10000,32770.33797916102,7299.817100118241
2021-10-18,100902.59819904254,50519.22163876794,10000,32833.28073073956,7550.09582953503
2021-10-19,101475.53549267455,50901.52293319578,10000,32837.16921836663,7736.843341112143
2021-10-20,101371.87333821079,50835.096190523946,10000,32837.41730377638,7699.3598439104535
2021-10-21,101841.87370983479,51145.54274736308,10000,32837.464118408025,7858.86684406368
2021-10-22,101188.00478632416,50715.79614370749,10000,32837.46416780741,7634.74447480926
2021-10-25,101971.19378518463,51235.01778247542,10000,32837.464167969185,7898.7118347400265
2021-10-26,102206.19247991756,51396.343417985234,10000,32837.464167969185,7972.384893963149
2021-10-27,102383.979339704,51515.64346480169,10000,32837.464167969185,8030.871706933136
2021-10-28,103209.75268595933,52087.73840771424,10000,32837.464167969185,8284.550110275908
2021-10-29,103593.43478810394,52343.95879887078,10000,32837.464167969185,8412.011821263972
2021-11-01,103839.20847697467,52522.90886909547,10000,32837.464167969185,8478.835439910017
2021-11-02,104188.07358321428,52742.527529284285,10000,32837.464167969185,8608.08188596081
2021-11-03,105078.309703813,53302.4218952076,10000,32837.464167969185,8938.423640636212
2021-11-04,106105.35500428466,53985.68316694378,10000,32837.464167969185,9282.20766937169
2021-11-05,106157.94540153371,54037.19947235918,10000,32837.464167969185,9283.281761205344
2021-11-08,106027.2678726456,53963.99187323249,10000,32837.464167969185,9225.81183144393
2021-11-09,105400.09133108599,53592.53829425591,10000,32837.464167969185,8970.088868860896
2021-11-10,104115.18332199955,52804.891550150955,10000,32837.464167969185,8472.827603879403
2021-11-11,104326.82407386735,52951.30261121308,10000,32837.464167969185,8538.05729468508
2021-11-12,105228.48875319319,53508.487116869204,10000,32837.464167969185,8882.537468354798
2021-11-15,105194.4477931252,53496.28240268871,10000,32837.464167969185,8860.701222467316
2021-11-16,105810.1373146387,53877.230835578586,10000,32837.464167969185,9095.442311090941
2021-11-17,105851.80505593926,53905.69884855348,10000,32837.464167969185,9108.642039416589
2021-11-18,106760.9543457145,54464.23621574757,10000,32837.464167969185,9459.25396199775
2021-11-19,107253.95626794318,54767.9060533231,10000,32837.464167969185,9648.586046650908
2021-11-22,106205.68159469747,54132.09422800591,10000,32837.464167969185,9236.123198722365
2021-11-23,105800.64997119477,53885.36455357142,10000,32837.464167969185,9077.821249654164
2021-11-24,106072.70461317641,54058.890766070464,10000,32837.464167969185,9176.349679136763
2021-11-26,104416.82577109296,53034.00092706182,10000,32837.464167969185,8545.360676061957
2021-11-29,106292.058367336,54184.96753215053,10000,32837.464167969185,9269.626667216282
2021-11-30,105004.49630517434,53389.18707005274,10000,32837.464167969185,8777.845067152408
2021-12-01,103542.65508010174,52480.88328040211,10000,32837.464167969185,8224.30763173045
2021-12-02,104334.72387476108,52859.11771583355,10000,33023.69854683509,8451.907612092447
2021-12-03,102345.2950940274,51939.97034792289,10000,32494.2769863962,7911.047759708306
2021-12-06,103334.62381061583,52356.163513051266,10000,32828.27004969661,8150.190247867953
2021-12-07,106479.69191428946,53932.80986279916,10000,33396.38311525644,9150.498936233871
2021-12-08,106953.52389321267,54174.11981669926,10000,33481.9901643595,9297.413912153901
2021-12-09,105419.02472189888,53376.9864930635,10000,33258.565730401475,8783.472498433906
2021-12-10,106545.581937565,53957.215153968886,10000,33445.31071071983,9143.056072876296
2021-12-13,105097.7022955242,53177.702127856755,10000,33259.71812305438,8660.282044613063
2021-12-14,104008.78927476257,52627.29847865549,10000,33055.65946408085,8325.831332026237
2021-12-15,106374.47410092485,53827.06739170116,10000,33473.09737250849,9074.30933671521
2021-12-16,103599.77805013787,52442.92455070517,10000,32897.45597868977,8259.397520742936
2021-12-17,103105.12529546198,52181.280301823,10000,32824.77202495763,8099.072968681364
2021-12-20,101961.27216241589,51609.18535891044,10000,32597.292777074163,7754.794026431279
2021-12-21,104509.9029199571,52764.21882299557,10000,33286.61646881888,8459.067628142642
2021-12-22,105792.76808874146,53406.81150476762,10000,33534.70758377629,8851.249000197546
2021-12-23,106557.79498611303,53809.447094177536,10000,33653.301566842245,9095.046325093253
2021-12-27,108135.0474613462,54698.769450384076,10000,33793.20332009512,9643.074690867017
2021-12-28,107722.64470138472,54445.254782303484,10000,33799.607102571266,9477.78281650996
2021-12-29,107709.55712731298,54437.12106431065,10000,33803.78392505707,9468.652137945248
2021-12-30,107443.61633077744,54274.44256726287,10000,33805.59358535984,9363.580178154727
2021-12-31,106892.86506281931,53935.5238602576,10000,33806.25879424016,9151.082408321561
2022-01-03,107717.58711557003,54454.74549902553,10000,33807.73943894706,9455.102177597444
2022-01-04,106564.07864925737,53748.44007204009,10000,33807.73943894706,9007.899138270219
2022-01-05,103931.79502903028,52097.229124436286,10000,33807.73943894706,8026.8264656469355
2022-01-06,103852.83179633025,52060.62325627732,10000,33821.852232634476,7970.356307418464
2022-01-07,102584.97995345277,51496.6620313576,10000,33461.072558595035,7627.245363500143
2022-01-10,102781.29071554996,51530.55390205812,10000,33630.24817499221,7620.488638499643
2022-01-11,104509.6287357191,52304.64720763587,10000,34112.038192445434,8092.943335637793
2022-01-12,104980.31376958097,52512.065290835446,10000,34254.643076742206,8213.60540200332
2022-01-13,87552.96823869931,51198.4160515077,10000,18897.79445967357,7456.7577275180365
2022-01-14,88313.96346109125,51517.00046353091,10000,19159.0682443257,7637.894753234629
2022-01-18,85005.18757033577,50234.52909744525,10000,17869.742136639168,6900.916336251345
2022-01-19,83540.80597830561,49682.772586706014,10000,17294.460129329455,6563.573262270125
2022-01-20,81924.63428370164,49037.47004466677,10000,16677.225437554458,6209.93880148042
2022-01-21,78596.78909429847,47677.72835764926,10000,15388.770730238957,5530.29000641025
2022-01-24,79106.25107669306,47895.99001910886,10000,15582.804639662234,5627.456417921975
2022-01-25,76410.56261334498,46785.69200398428,10000,14533.717966557811,5091.1526428028865
2022-01-26,76221.58524243816,46712.48854204884,10000,14506.267194125721,5002.829506263595
2022-01-27,75126.19320148656,46242.069211237875,10000,14111.125766768426,4772.998223480255
2022-01-28,78509.18073802817,47692.638794905695,10000,15295.32319934824,5521.21874377422
2022-01-31,82193.27996939121,49217.77297642943,10000,16634.373420650616,6341.133572311163
2022-02-01,82984.72264263518,49552.624824438295,10000,16922.78796876363,6509.3098494332635
2022-02-02,83942.22507256966,49955.260413848206,10000,17287.702833586958,6699.261825134494
2022-02-03,79109.14846366676,47929.88188980939,10000,15369.978128747924,5809.2884451094405
2022-02-04,80472.20282536568,48534.515841884495,10000,15850.874653204071,6086.8123302771155
2022-02-07,79558.36982780157,48144.08082946382,10000,15514.338256902132,5899.950741435612
2022-02-08,80348.08296148562,48684.99376194304,10000,15514.338256902132,6148.750942640439
2022-02-09,81872.82089500407,49716.66445740654,10000,15514.338256902132,6641.818180695393
2022-02-10,80237.26736958043,48591.45186783429,10000,15514.338256902132,6131.477244844008
2022-02-11,78036.17058997252,47050.05025032489,10000,15514.338256902132,5471.782082745493
2022-02-14,78110.27894694274,47108.34327500391,10000,15514.338256902132,5487.597415036689
2022-02-15,79821.37990189699,48279.64831226593,10000,15514.338256902132,6027.393332728927
2022-02-16,79799.71973923972,48267.44773527669,10000,15514.338256902132,6017.933747060909
2022-02-17,77754.20439377133,46831.788588865296,10000,15514.338256902132,5408.077548003905
2022-02-18,76966.73387823076,46297.65237564968,10000,15514.338256902132,5154.743245678961
2022-02-22,76295.0488626834,45832.6527653731,10000,15514.338256902132,4948.057840408162
2022-02-23,74656.06475685212,44658.64200503513,10000,15514.338256902132,4483.084494914863
2022-02-24,76768.49160580566,46159.37089538913,10000,15514.338256902132,5094.78245351439
2022-02-25,77796.33374022273,46875.167039096625,10000,15514.338256902132,5406.828444223989
2022-02-28,77957.62737217905,47014.80138089515,10000,15514.338256902132,5428.48773438176
2022-03-01,76922.34628243983,46294.93837819125,10000,15514.338256902132,5113.069647346443
2022-03-02,77979.61906510087,47071.74154403618,10000,15514.338256902132,5393.539264162558
2022-03-03,77045.16001076854,46399.32798775127,10000,15514.338256902132,5131.4937661151325
2022-03-04,76116.74877784963,45726.910294275105,10000,15514.338256902132,4875.500226672382
2022-03-07,73821.33209283931,44040.45047724156,10000,15514.338256902132,4266.543358695622
2022-03-08,73503.68234024862,43835.74639150043,10000,15514.338256902132,4153.59769184607
2022-03-09,75684.06794194016,45413.74973997753,10000,15514.338256902132,4755.979945060499
2022-03-10,74982.00011288247,44909.438538466035,10000,15514.338256902132,4558.2233175143065
2022-03-11,73721.3870382799,43978.09059356614,10000,15514.338256902132,4228.958187811622
2022-03-14,72580.00748900732,43133.5078235114,10000,15514.338256902132,3932.161408593793
2022-03-15,74432.65089734855,44486.46865407405,10000,15514.338256902132,4431.8439863723615
2022-03-16,76719.88898344718,46136.32674013988,10000,15514.338256902132,5069.223986405164
2022-03-17,77467.97534707686,46694.86410733397,10000,15514.338256902132,5258.772982840761
2022-03-18,78798.98051331022,47650.61320621234,10000,15514.338256902132,5634.0290501957525
2022-03-21,78520.40177646338,47459.46255899842,10000,15514.338256902132,5546.600960562825
2022-03-22,79824.06565657619,48392.16750262753,10000,15514.338256902132,5917.559897046523
2022-03-23,78851.038946265,47696.70565390211,10000,15514.338256902132,5639.995035460774
2022-03-24,80336.78495911715,48756.844362340504,10000,15514.338256902132,6065.602339874517
2022-03-25,80273.26957293328,48716.17577237637,10000,15514.338256902132,6042.7555436547655
2022-03-28,81326.76067262636,49469.930645780805,10000,15514.338256902132,6342.491769943435
2022-03-29,82526.61598627616,50321.294272290404,10000,15514.338256902132,6690.983457083626
2022-03-30,81740.49758685865,49765.466765363504,10000,15514.338256902132,6460.692564593021
2022-03-31,80870.38157889653,49148.6363734904,10000,15514.338256902132,6207.406948503989
2022-04-01,80729.34434064198,49055.094479381645,10000,15514.338256902132,6159.91160435821
2022-04-04,82173.7045990865,50065.069743942615,10000,15514.338256902132,6594.296598241748
2022-04-05,80598.77184375023,48953.41886728007,10000,15514.338256902132,6131.014719568031
2022-04-06,79101.76071578985,47890.57029857447,10000,15514.338256902132,5696.852160313238
2022-04-07,79258.80947812855,48004.4464876653,10000,15514.338256902132,5740.024733561116
2022-04-08,78316.61538021323,47333.38579291836,10000,15514.338256902132,5468.891330392736
2022-04-11,76754.93077274464,46213.60119826298,10000,15514.338256902132,5026.991317579533
2022-04-12,76476.77562488784,46018.38369205264,10000,15514.338256902132,4944.053675933065
2022-04-13,77784.13702882249,46953.79849594895,10000,15514.338256902132,5316.000275971413
2022-04-14,76299.86425185973,45880.10221179209,10000,15514.338256902132,4905.423783165522
2022-04-18,76334.88058604221,45915.35108122184,10000,15514.338256902132,4905.191247918253
2022-04-19,77774.98995686769,46941.597918959706,10000,15514.338256902132,5319.053781005862
2022-04-20,76820.7408943257,46256.97964849431,10000,15514.338256902132,5049.422988929258
2022-04-21,75499.50152485748,45299.87355088671,10000,15514.338256902132,4685.2897170686365
2022-04-22,73883.76241017989,44113.65807636825,10000,15514.338256902132,4255.766076909511
2022-04-25,74654.48446574935,44680.32916155517,10000,15514.338256902132,4459.817047292043
2022-04-26,72397.9041870124,42993.87348171287,10000,15514.338256902132,3889.692448397403
2022-04-27,72325.23035006222,42942.35717629747,10000,15514.338256902132,3868.534916862625
2022-04-28,74430.62144384283,44467.49135782121,10000,15514.338256902132,4448.791829119499
2022-04-29,71773.3163088028,42466.51398776087,10000,15514.338256902132,3792.4640641398028
2022-05-02,72726.9262696614,43175.53341220475,10000,15514.338256902132,4037.0546005545166
2022-05-03,72779.81915496064,43221.62585989451,10000,15514.338256902132,4043.855038163989
2022-05-04,74691.84854185826,44683.04315901361,10000,15514.338256902132,4494.467125942519
2022-05-05,71815.16822865327,42432.62211706034,10000,15514.338256902132,3868.207854690801
2022-05-06,71161.22723903894,41924.24405655243,10000,15514.338256902132,3722.644925584373
2022-05-09,69076.33895493826,40283.87668720865,10000,15514.338256902132,3278.124010827486
2022-05-10,69699.38989000954,40773.27745146371,10000,15514.338256902132,3411.774181643686
2022-05-11,68166.59628015512,39564.013684504745,10000,15514.338256902132,3088.244338748239
2022-05-12,68045.59458566393,39470.47179039599,10000,15514.338256902132,3060.7845383658014
2022-05-13,69913.58220689151,40933.246088244305,10000,15514.338256902132,3465.9978617450884
2022-05-16,69305.52528655596,40458.75989843692,10000,15514.338256902132,3332.4271312169217
2022-05-17,70649.4582488025,41506.69802988608,10000,15514.338256902132,3628.421962014291
2022-05-18,68097.30138732068,39469.11892885802,10000,15514.338256902132,3113.8442015605324
2022-05-19,67823.0623200657,39257.62984947078,10000,15514.338256902132,3051.094213692789
2022-05-20,67667.17881537939,39135.61994238713,10000,15514.338256902132,3017.220616090127
2022-05-23,68482.6165390962,39786.34634215201,10000,15514.338256902132,3181.931940042059
2022-05-24,67420.67226461989,38940.402436176795,10000,15514.338256902132,2965.9315715409543
2022-05-25,68108.3113918012,39485.386364843675,10000,15514.338256902132,3108.586770055379
2022-05-26,69503.61414343947,40579.41280679135,10000,15514.338256902132,3409.8630797459855
2022-05-27,71206.77857585892,41903.90976157036,10000,15514.338256902132,3788.530557386434
2022-05-31,71056.69945894212,41792.743432746734,10000,15514.338256902132,3749.617769293252
2022-06-01,70660.26887917,41483.64973744557,10000,15514.338256902132,3662.280884822304
2022-06-02,72098.0959770148,42619.70590527785,10000,15514.338256902132,3964.0518148348256
2022-06-03,70703.25687713205,41510.76488888249,10000,15514.338256902132,3678.1537313474237
2022-06-06,70872.4617466721,41649.0422319518,10000,15514.338256902132,3709.081257818169
2022-06-07,71324.13514381027,42008.295233939134,10000,15514.338256902132,3801.501652969
2022-06-08,70942.40449329752,41705.98239509283,10000,15514.338256902132,3722.083841302569
2022-06-09,69545.68166866558,40588.9035235134,10000,15514.338256902132,3442.43988825006
2022-06-10,67773.4063022791,39157.311236098416,10000,15514.338256902132,3101.75680927855
2022-06-13,65543.61595217432,37336.640934991985,10000,15514.338256902132,2692.6367602801993
2022-06-14,65625.0348335569,37404.42467639304,10000,15514.338256902132,2706.27190026172
2022-06-15,66783.0500948349,38338.482481560124,10000,15514.338256902132,2930.2293563726553
2022-06-16,64895.062322527025,36791.66114351635,10000,15514.338256902132,2589.0629221085405
2022-06-17,65443.67901146926,37239.03218188682,10000,15514.338256902132,2690.3085726803133
2022-06-21,66510.21369126486,38105.30624565285,10000,15514.338256902132,2890.5691887098724
2022-06-22,66438.74964797747,38049.72721843228,10000,15514.338256902132,2874.684172643055
2022-06-23,67140.33670073152,38616.3983036192,10000,15514.338256902132,3009.6001402101915
2022-06-24,68795.26954652826,39939.534122477744,10000,15514.338256902132,3341.397167148377
2022-06-27,68426.12109378663,39646.71200035348,10000,15514.338256902132,3265.070836531011
2022-06-28,66934.77571200924,38438.805232123734,10000,15514.338256902132,2981.632222983378
2022-06-29,66976.47333579302,38474.04996436224,10000,15514.338256902132,2988.085114528656
2022-06-30,66387.03577688793,37996.85391428766,10000,15514.338256902132,2875.84360569813
2022-07-01,66695.508944465,38247.65458490981,10000,15514.338256902132,2933.516102653048
2022-07-05,67486.32122643768,38902.443706479855,10000,15514.338256902132,3069.539263055687
2022-07-06,67788.42001217387,39151.88737837278,10000,15514.338256902132,3122.1943768989513
2022-07-07,68810.94044366898,39989.69756635517,10000,15514.338256902132,3306.904620411673
2022-07-08,68870.68853301034,40039.85687304135,10000,15514.338256902132,3316.493403066845
2022-07-11,67828.44889309764,39184.42638753534,10000,15514.338256902132,3129.684248660163
2022-07-12,67366.47995757584,38804.83495337468,10000,15514.338256902132,3047.3067472990283
2022-07-13,67268.14788838365,38724.85063498439,10000,15514.338256902132,3028.95899649713
2022-07-14,67434.88413477503,38863.13211524494,10000,15514.338256902132,3057.4137626279576
2022-07-15,68293.2540182017,39568.080543501164,10000,15514.338256902132,3210.835217798398
2022-07-18,67882.18615605088,39233.2286954923,10000,15514.338256902132,3134.6192036564553
2022-07-19,69357.91513665736,40439.77846499283,10000,15514.338256902132,3403.798414762402
2022-07-20,70141.08271737222,41081.014148035654,10000,15514.338256902132,3545.7303124344357
2022-07-21,70862.86168198098,41670.73352566308,10000,15514.338256902132,3677.789899415768
2022-07-22,69969.08389596679,40940.022807507914,10000,15514.338256902132,3514.7228315567413
2022-07-25,69679.45739310021,40706.84657160063,10000,15514.338256902132,3458.272564597444
2022-07-26,68705.0333150663,39906.99925050644,10000,15514.338256902132,3283.6958076577416
2022-07-27,70776.177783332,41593.45906753998,10000,15514.338256902132,3668.380458889873
2022-07-28,71273.83621543586,42000.16151594631,10000,15514.338256902132,3759.336442587423
2022-07-29,72214.89554237082,42766.11696633998,10000,15514.338256902132,3934.440319128711
2022-08-01,72179.42445205394,42740.35881363228,10000,15514.338256902132,3924.7273815195267
2022-08-02,72018.9888512129,42612.925048822995,10000,15514.338256902132,3891.725545487773
2022-08-03,73473.85005410691,43773.386507825,10000,15514.338256902132,4186.125289379781
2022-08-04,73728.70415655263,43978.09059356614,10000,15514.338256902132,4236.275306084348
2022-08-05,73277.59299651659,43618.8375915788,10000,15514.338256902132,4144.417148035657
2022-08-08,73096.3161227342,43477.84625105106,10000,15514.338256902132,4104.131614781008
2022-08-09,72481.14431484211,42985.735626528796,10000,15514.338256902132,3981.070431411178
2022-08-10,73987.46721684588,44185.50867676572,10000,15514.338256902132,4287.620283178025
2022-08-11,73671.96326293547,43934.70800614356,10000,15514.338256902132,4222.916999889779
2022-08-12,74746.42020340796,44790.142628840826,10000,15514.338256902132,4441.939317665006
2022-08-15,75196.73740869728,45152.10549109536,10000,15514.338256902132,4530.293660699803
2022-08-16,75062.25042436202,45046.36301999736,10000,15514.338256902132,4501.5491474625305
2022-08-17,74416.05917805391,44532.56110176382,10000,15514.338256902132,4369.15981938796
2022-08-18,74548.03354801719,44639.660571591034,10000,15514.338256902132,4394.034719524034
2022-08-19,73459.1795937834,43769.31551163734,10000,15514.338256902132,4175.525825243916
2022-08-22,72021.12613444198,42616.99190781941,10000,15514.338256902132,3889.7959697204283
2022-08-23,71973.12875666385,42581.74717558091,10000,15514.338256902132,3877.0433241808014
2022-08-24,72125.16125831951,42705.11408139378,10000,15514.338256902132,3905.7089200235882
2022-08-25,73069.12407287433,43460.22181633618,10000,15514.338256902132,4094.563999636008
2022-08-26,70865.58125038557,41678.867243655906,10000,15514.338256902132,3672.3757498275318
2022-08-29,70350.88893730464,41268.097936253165,10000,15514.338256902132,3568.452744149343
2022-08-30,69779.97220650656,40808.52218370222,10000,15514.338256902132,3457.1117659022184
2022-08-31,69485.312106909,40571.279088798525,10000,15514.338256902132,3399.694761208352
2022-09-01,69505.32825648488,40588.9035235134,10000,15514.338256902132,3402.086476069347
2022-09-02,68806.05714151206,40015.45571906287,10000,15514.338256902132,3276.263165547057
2022-09-06,68450.61054333777,39728.04918028175,10000,15514.338256902132,3208.223106153882
2022-09-07,69431.06992569605,40530.61049883439,10000,15514.338256902132,3386.121169959529
2022-09-08,69686.47173969298,40740.73844230116,10000,15514.338256902132,3431.3950404896873
2022-09-09,70778.6983026023,41631.41779723692,10000,15514.338256902132,3632.942248463237
2022-09-12,71381.99278726037,42126.238282026374,10000,15514.338256902132,3741.416248331861
2022-09-13,68583.34083217346,39816.17135385612,10000,15514.338256902132,3252.831221415207
2022-09-14,68967.08236552471,40132.04176842089,10000,15514.338256902132,3320.7023402016866
2022-09-15,68153.98735349241,39463.69507113239,10000,15514.338256902132,3175.9540254578847
2022-09-16,67859.63189752056,39222.38511723228,10000,15514.338256902132,3122.9085233861547
2022-09-19,68139.5291758444,39456.914214677534,10000,15514.338256902132,3168.2767042647242
2022-09-20,67752.78970840554,39142.40079884198,10000,15514.338256902132,3096.050652661426
2022-09-21,66904.27292726084,38441.51509239093,10000,15514.338256902132,2948.419577967772
2022-09-22,66330.90395934643,37968.385901312766,10000,15514.338256902132,2848.1798011315313
2022-09-23,65584.77133210703,37350.19851071045,10000,15514.338256902132,2720.234564494445
2022-09-26,65394.290565188436,37195.649594464245,10000,15514.338256902132,2684.3027138220586
2022-09-27,65410.40325767117,37210.56416891192,10000,15514.338256902132,2685.500831857115
2022-09-28,66298.73513886814,37950.76146659789,10000,15514.338256902132,2833.6354153681177
2022-09-29,64985.8392809323,36856.730887458965,10000,15514.338256902132,2614.770136571196
2022-09-30,64236.40358647088,36231.76677759304,10000,15514.338256902132,2490.298551975704
2022-10-03,65257.38372560609,37081.77340537342,10000,15514.338256902132,2661.272063330535
2022-10-04,66643.76494922771,38247.65458490981,10000,15514.338256902132,2881.772107415761
2022-10-05,66617.24344430276,38227.320289927746,10000,15514.338256902132,2875.5848974728847
2022-10-06,66258.48389902686,37926.360312619414,10000,15514.338256902132,2817.7853295053173
2022-10-07,64553.09988059139,36481.210449485974,10000,15514.338256902132,2557.551174203281
2022-10-10,64119.313593209066,36116.533589773,10000,15514.338256902132,2488.441746533937
2022-10-11,63533.60119247599,35620.35610625432,10000,15514.338256902132,2398.9068293195332
2022-10-12,63518.07552431561,35608.15552926509,10000,15514.338256902132,2395.5817381483857
2022-10-13,64505.86860224648,36443.251719789034,10000,15514.338256902132,2548.2786255553156
2022-10-14,63215.5144297033,35347.86414192089,10000,15514.338256902132,2353.312030880272
2022-10-17,64596.057748220555,36515.1023201865,10000,15514.338256902132,2566.617171131921
2022-10-18,64936.159903582586,36803.86172050559,10000,15514.338256902132,2617.9599261748567
2022-10-19,64775.8166839388,36669.647099241454,10000,15514.338256902132,2591.8313277952147
2022-10-20,64553.581762500595,36482.56331102394,10000,15514.338256902132,2556.680194574515
2022-10-21,65568.27737506376,37337.997933721206,10000,15514.338256902132,2715.9411844404117
2022-10-24,66052.60812427726,37748.76724112395,10000,15514.338256902132,2789.5026262511806
2022-10-25,66981.17711433016,38529.633128774054,10000,15514.338256902132,2937.2057286539757
2022-10-26,65971.31376291177,37678.269502264455,10000,15514.338256902132,2778.706003745183
2022-10-27,65158.95508480757,36992.29837026108,10000,15514.338256902132,2652.31845764435
2022-10-28,66505.11507420904,38124.28767909694,10000,15514.338256902132,2866.4891382099654
2022-10-31,65975.92132361443,37680.98349972289,10000,15514.338256902132,2780.5995669894032
2022-11-01,65518.68349793216,37295.9682078366,10000,15514.338256902132,2708.3770331934193
2022-11-02,64015.70118404976,36017.56783793861,10000,15514.338256902132,2483.7950892090153
2022-11-03,63188.21315512042,35313.97227122036,10000,15514.338256902132,2359.9026269979327
2022-11-04,63855.61600291118,35882.0003551365,10000,15514.338256902132,2459.2773908725403
2022-11-07,64317.76711197437,36276.50222655359,10000,15514.338256902132,2526.9266285186454
2022-11-08,64628.785223500825,36540.8604728942,10000,15514.338256902132,2573.586493704493
2022-11-09,63637.19421207655,35697.630564377425,10000,15514.338256902132,2425.225390796995
2022-11-10,66776.71611095095,38331.70576229652,10000,15514.338256902132,2930.6720917522975
2022-11-11,67615.49862746526,39038.01118928196,10000,15514.338256902132,3063.1491812811614
2022-11-14,67206.15516106339,38696.38262200949,10000,15514.338256902132,2995.4342821517675
2022-11-15,67841.97342655745,39231.87583395433,10000,15514.338256902132,3095.7593357009846
2022-11-16,67205.61173714582,38696.38262200949,10000,15514.338256902132,2994.890858234201
2022-11-17,67103.1398878108,38610.97444589357,10000,15514.338256902132,2977.8271850150927
2022-11-18,67102.84049386793,38612.33144462279,10000,15514.338256902132,2976.170792343015
2022-11-21,66628.70145925107,38215.119712938504,10000,15514.338256902132,2899.2434894104335
2022-11-22,67280.92973319926,38765.52336213977,10000,15514.338256902132,3001.068114157357
2022-11-23,67742.32366195999,39154.601375831226,10000,15514.338256902132,3073.3840292266323
2022-11-25,67434.22616509948,38897.02398594547,10000,15514.338256902132,3022.8639222518773
2022-11-28,66753.04610892771,38326.28190457089,10000,15514.338256902132,2912.425947454691
2022-11-29,66405.45598466377,38036.16964271382,10000,15514.338256902132,2854.9480850478144
2022-11-30,68473.03102945215,39770.07476897511,10000,15514.338256902132,3188.6180035749126
2022-12-01,68528.57172349704,39818.881214123314,10000,15514.338256902132,3195.352252471594
2022-12-02,68337.28297860989,39660.2654388807,10000,15514.338256902132,3162.6792828270586
2022-12-05,67538.60486615838,38994.632739050634,10000,15514.338256902132,3029.633870205613
2022-12-06,66576.97868583782,38186.64756277236,10000,15514.338256902132,2875.992866163326
2022-12-07,66383.80066205247,38030.74578498818,10000,15514.338256902132,2838.7166201621444
2022-12-08,66918.9685014911,38480.83082081709,10000,15514.338256902132,2923.799423771866
2022-12-09,66624.53327791048,38235.45400792057,10000,15514.338256902132,2874.741013087782
2022-12-12,67192.31067549498,38715.359918262344,10000,15514.338256902132,2962.6125003305033
2022-12-13,67687.0425385295,39131.55308339072,10000,15514.338256902132,3041.1511982366496
2022-12-14,67339.41907684648,38841.44082153365,10000,15514.338256902132,2983.639998410697
2022-12-15,65790.09611383428,37537.28229892796,10000,15514.338256902132,2738.47555800419
2022-12-16,65360.51497164978,37179.38215847859,10000,15514.338256902132,2666.794556269062
2022-12-19,64635.54586123879,36569.3284858691,10000,15514.338256902132,2551.8791184675592
2022-12-20,64599.914375034095,36540.8604728942,10000,15514.338256902132,2544.715645237763
2022-12-21,65224.12244990551,37070.929827113396,10000,15514.338256902132,2638.8543658899794
2022-12-22,64152.15860169469,36163.98303619199,10000,15514.338256902132,2473.8373086005663
2022-12-23,64246.459782086546,36245.32021612025,10000,15514.338256902132,2486.801309064162
2022-12-27,63635.13228646118,35732.87529661593,10000,15514.338256902132,2387.9187329431165
2022-12-28,63078.86174000428,35261.103104266986,10000,15514.338256902132,2303.420378835157
2022-12-29,64095.410995505685,36120.60044876941,10000,15514.338256902132,2460.4722898341415
2022-12-30,64068.45823443452,36098.90915505812,10000,15514.338256902132,2455.210822474264
2023-01-03,63775.14761665408,35854.889340890826,10000,15514.338256902132,2405.92001886112
2023-01-04,63972.532936818665,36025.70155593143,10000,15514.338256902132,2432.4931239850976
2023-01-05,63315.89915110885,35461.74033101171,10000,15514.338256902132,2339.82056319501
2023-01-06,64453.82415029342,36440.53772233059,10000,15514.338256902132,2498.948171060694
2023-01-09,64726.160745999034,36676.42795569631,10000,15514.338256902132,2535.39453340059
2023-01-10,65087.36257861757,36986.87451253544,10000,15514.338256902132,2586.1498091799963
2023-01-11,65835.35340248546,37626.75319684905,10000,15514.338256902132,2694.2619487342677
2023-01-12,66071.08961697671,37830.104421052216,10000,15514.338256902132,2726.6469390223647
2023-01-13,66374.78910071442,38090.39580839642,10000,15514.338256902132,2770.055035415865
2023-01-17,66458.63094604123,38167.67026651952,10000,15514.338256902132,2776.6224226195754
2023-01-18,65877.62630732158,37671.492783000846,10000,15514.338256902132,2691.795267418595
2023-01-19,65441.74609523662,37301.392065562235,10000,15514.338256902132,2626.015772772246
2023-01-20,66637.91652093132,38322.21504557447,10000,15514.338256902132,2801.3632184547123
2023-01-23,67634.53553236944,39173.57867208407,10000,15514.338256902132,2946.618603383231
2023-01-24,67536.3618446826,39093.59435369378,10000,15514.338256902132,2928.4292340866937
2023-01-25,67433.5073359459,39006.833316039876,10000,15514.338256902132,2912.3357630038977
2023-01-26,68324.6885930803,39767.36490870791,10000,15514.338256902132,3042.985427470245
2023-01-27,68789.40790384906,40163.22377885422,10000,15514.338256902132,3111.8458680927083
2023-01-30,67833.9756867759,39351.171743579536,10000,15514.338256902132,2968.4656862942315
2023-01-31,68522.23320429135,39940.891121206965,10000,15514.338256902132,3067.003826182254
2023-02-01,69523.43558549277,40794.968745175,10000,15514.338256902132,3214.128583415647
2023-02-02,71280.29972691214,42259.09590456129,10000,15514.338256902132,3506.8655654487175
2023-02-03,70381.97087965044,41508.05089142405,10000,15514.338256902132,3359.5817313242565
2023-02-06,69947.9354927232,41156.931607429535,10000,15514.338256902132,3276.665628391537
2023-02-07,70967.88024695648,42009.652232668355,10000,15514.338256902132,3443.8897573860017
2023-02-08,70075.03623726325,41262.67407852753,10000,15514.338256902132,3298.023901833585
2023-02-09,69637.85179427704,40897.997218814555,10000,15514.338256902132,3225.516318560361
2023-02-10,69313.4060040443,40629.576250668775,10000,15514.338256902132,3169.4914964733885
2023-02-13,70084.67115510251,41280.29851324241,10000,15514.338256902132,3290.0343849579604
2023-02-14,70441.69969842093,41585.32534954715,10000,15514.338256902132,3342.036091971647
2023-02-15,70821.91105531875,41903.90976157036,10000,15514.338256902132,3403.66303684626
2023-02-16,69878.62057027125,41117.61587900337,10000,15514.338256902132,3246.666434365749
2023-02-17,69531.2421136041,40827.50361714631,10000,15514.338256902132,3189.400239555667
2023-02-21,68371.86650794704,39860.906802816666,10000,15514.338256902132,2996.6214482282353
2023-02-22,68432.81369205186,39890.73181452078,10000,15541.906307546742,3000.1755699843407
2023-02-23,69006.80507470219,40239.14123824811,10000,15702.397927847382,3065.2659086067
2023-02-24,67920.01907658085,39565.37068323397,10000,15421.411894537805,2933.2364988090735
2023-02-27,68449.18839682723,39848.70622582743,10000,15624.798888880825,2975.68328211897
2023-02-28,68382.76667746183,39797.18992041203,10000,15622.747935092239,2962.8288219575675
2023-03-01,67881.61662406914,39477.252646850844,10000,15503.167940591102,2901.1960366271983
2023-03-02,68438.58111838772,39803.96663967563,10000,15675.787627970876,2958.826850741213
2023-03-03,69797.2044951706,40626.86225321034,10000,16059.928897955519,3110.4133440047462
2023-03-06,69935.01238836325,40672.9547009001,10000,16147.782534807831,3114.2751526553234
2023-03-07,69190.69374722832,40174.06735711424,10000,15996.31869993184,3020.3076901822315
2023-03-08,69520.24870632346,40374.708721050214,10000,16097.646248858959,3047.8937364142935
2023-03-09,68440.04203406915,39675.180013328376,10000,15845.279327369934,2919.582693370835
2023-03-10,67512.35843239061,39117.995507672254,10000,15584.366398482363,2809.9965262359906
2023-03-13,68101.34843469395,39408.11190672057,10000,15834.375266278705,2858.861261694674
2023-03-14,69555.97074394242,40313.701698912766,10000,16217.450954760554,3024.8180902691033
2023-03-15,69895.53702122073,40525.186641108754,10000,16309.512411726044,3060.837968385939
2023-03-16,71370.18618421705,41593.45906753998,10000,16518.326131408492,3258.4009852685654
2023-03-17,71123.36843420465,41396.88456260042,10000,16514.407438908045,3212.076432696186
2023-03-20,71291.64291343396,41479.58287844916,10000,16588.748895808574,3223.3111391762186
2023-03-21,72017.29853009398,42072.01211634378,10000,16611.830703904056,3333.4557098461355
2023-03-22,71330.59993085991,41499.917173431226,10000,16606.178408211887,3224.504349216804
2023-03-23,71923.1332170324,41992.02779795348,10000,16615.744070888613,3315.361348190306
2023-03-24,72105.7328638966,42146.576714199684,10000,16616.484016429393,3342.6721332675256
2023-03-27,71755.65540284266,41857.817313880594,10000,16616.51039329711,3281.327695664968
2023-03-28,71490.01289124615,41635.48465623333,10000,16616.51039329711,3238.017841715722
2023-03-29,72393.53880492086,42394.6633873634,10000,16616.51039329711,3382.365024260346
2023-03-30,72869.71520672688,42795.941978044095,10000,16616.51039329711,3457.262835385672
2023-03-31,73719.4622110778,43507.67126275517,10000,16616.51039329711,3595.2805550255252
2023-04-03,73588.89450894739,43401.92879165717,10000,16616.51039329711,3570.4553239931147
2023-04-04,73410.68290982733,43255.51773059504,10000,16616.51039329711,3538.6547859351867
2023-04-05,72891.1325890816,42828.48098720665,10000,16616.51039329711,3446.1412085778406
2023-04-06,73234.53288637691,43117.23625033449,10000,16616.51039329711,3500.7862427453056
2023-04-10,73195.4708021846,43092.835096356015,10000,16616.51039329711,3486.1253125314856
2023-04-11,72860.59336459628,42816.27627302616,10000,16616.51039329711,3427.806698273003
2023-04-12,72402.34589504903,42438.04597478597,10000,16616.51039329711,3347.78952696595
2023-04-13,73401.78367591221,43269.075306313505,10000,16616.51039329711,3516.197976301596
2023-04-14,73301.99532869936,43187.73398919399,10000,16616.51039329711,3497.7509462082553
2023-04-17,73338.4322496399,43224.33572016171,10000,16616.51039329711,3497.586136181061
2023-04-18,73336.02236475074,43227.0455804289,10000,16616.51039329711,3492.466391024736
2023-04-19,73309.99480401381,43206.711285446836,10000,16616.51039329711,3486.773125269861
2023-04-20,72907.28462091449,42877.28329516361,10000,16616.51039329711,3413.490932453774
2023-04-21,72958.13083041909,42922.01874412416,10000,16616.51039329711,3419.6016929978186
2023-04-24,72842.35122049556,42832.54784620306,10000,16616.51039329711,3393.2929809953985
2023-04-25,71864.61917462447,42024.56266992479,10000,16616.51039329711,3223.5461114025734
2023-04-26,72269.59249215569,42279.430199543356,10000,16717.204445258987,3272.957847353345
2023-04-27,73950.57666228602,43429.0439430941,10000,17018.657685381408,3502.8750338105215
2023-04-28,74383.21115011413,43728.64692167321,10000,17090.068895879813,3564.4953325611095
2023-05-01,74358.86138628505,43678.487614987025,10000,17140.51343770805,3539.8603335899747
2023-05-02,73828.10115572446,43297.5433192884,10000,17089.092406461416,3441.4654299746458
2023-05-03,73453.87276533058,43014.20777669494,10000,17060.48645507959,3379.178533556051
2023-05-04,73293.99472869534,42862.372857907176,10000,17085.21739521868,3346.4044755694954
2023-05-05,74537.24192473112,43773.386507825,10000,17234.705553000087,3529.1498639060314
2023-05-08,74684.74254609173,43881.83883919019,10000,17277.961286874513,3524.942420027024
2023-05-09,74336.1978840114,43603.927154322366,10000,17268.20260375987,3464.068125929159
2023-05-10,74945.02408332101,44078.41334412975,10000,17316.66541603391,3549.9453231573507
2023-05-11,75129.95136818377,44222.11454492468,10000,17329.878156692357,3577.958666566724
2023-05-12,74927.72941598226,44063.49876968207,10000,17329.206801432356,3535.0238448678356
2023-05-15,75235.0924736492,44302.09886331498,10000,17351.278038148055,3581.715572186162
2023-05-16,75287.48617840101,44352.258170001165,10000,17355.24645789324,3579.9815505066035
2023-05-17,75944.01957485081,44889.10424348397,10000,17361.14604573162,3693.769285635227
2023-05-18,76956.7185541505,45722.84343527869,10000,17363.03675485153,3870.838364020276
2023-05-19,76808.58831061637,45619.81496163914,10000,17363.104372603102,3825.6689763741315
2023-05-22,76991.11749167288,45773.00687915612,10000,17363.19784197041,3854.9127705463525
2023-05-23,76284.13677123022,45192.77408105949,10000,17363.19704739796,3728.1656427727635
2023-05-24,75998.75665811254,44960.95484388144,10000,17363.1979479814,3674.603866249701
2023-05-25,77331.05981244119,46054.985423020364,10000,17363.198273555437,3912.876115865389
2023-05-26,78771.3381558033,47231.71018081677,10000,17363.19827355681,4176.429701429713
2023-05-30,79022.80106582645,47445.9091204712,10000,17363.19827355681,4213.693671798441
2023-05-31,78683.62072216898,47176.12701640496,10000,17363.19827355681,4144.295432207222
2023-06-01,79350.82511228073,47721.110945071836,10000,17363.19827355681,4266.515893652078
2023-06-02,79795.00415859085,48079.00694832996,10000,17363.19827355681,4352.798936704078
2023-06-05,79823.62335383662,48112.89881903049,10000,17363.19827355681,4347.526261249328
2023-06-06,79803.13816055736,48104.76510103766,10000,17363.19827355681,4335.1747859628995
2023-06-07,78787.99880004705,47288.65034395781,10000,17363.19827355681,4136.150182532424
2023-06-08,79518.2564337969,47875.655724126795,10000,17363.19827355681,4279.402436113296
2023-06-09,79744.14638338478,48058.672653347894,10000,17363.19827355681,4322.275456480089
2023-06-12,80747.38991003254,48870.72055143133,10000,17363.19827355681,4513.4710850443935
2023-06-13,81200.7879663613,49246.245126595575,10000,17363.19827355681,4591.344566208925
2023-06-14,81621.12865484659,49604.14112985369,10000,17363.19827355681,4653.789251436084
2023-06-15,82363.30661592624,50195.21750621034,10000,17363.19827355681,4804.89083615908
2023-06-16,81958.85318596191,49879.342954454325,10000,17363.19827355681,4716.31195795078
2023-06-20,81756.20439461895,49739.708612655806,10000,17363.19827355681,4653.297508406331
2023-06-21,80904.82210364811,49061.871198645254,10000,17363.19827355681,4479.75263144604
2023-06-22,81625.37402864276,49640.74699801266,10000,17363.19827355681,4621.428757073279
2023-06-23,81007.22738957392,49148.6363734904,10000,17363.19827355681,4495.392742526703
2023-06-26,80176.71889881528,48489.7762557327,10000,17363.19827355681,4323.744369525762
2023-06-27,81210.5064528001,49323.515447527425,10000,17363.19827355681,4523.792731715862
2023-06-28,81328.87453093691,49419.77133909462,10000,17363.19827355681,4545.904918285485
2023-06-29,81191.22456468926,49320.805587260234,10000,17363.19827355681,4507.220703872216
2023-06-30,82148.02573756123,50081.34131711952,10000,17363.19827355681,4703.486146884904
2023-07-03,82289.35645456643,50199.28436520675,10000,17363.19827355681,4726.873815802868
2023-07-05,82283.18513092185,50197.92736647753,10000,17363.19827355681,4722.059490887511
2023-07-06,81792.69059804492,49815.62607204969,10000,17363.19827355681,4613.866252438423
2023-07-07,81580.54378805382,49650.23357754346,10000,17363.19827355681,4567.111936953552
2023-07-10,81589.02960814263,49666.501013529116,10000,17363.19827355681,4559.330321056716
2023-07-11,81898.88233053988,49911.88196361688,10000,17363.19827355681,4623.802093366199
2023-07-12,82693.35603127598,50542.269931208444,10000,17363.19827355681,4787.887826510724
2023-07-13,83788.04510962714,51400.410276981645,10000,17363.19827355681,5024.436559088692
2023-07-14,83772.07560391957,51389.566698721625,10000,17363.19827355681,5019.310631641136
2023-07-17,84380.63564020928,51869.4726090634,10000,17363.19827355681,5147.964757589071
2023-07-18,84918.85545638687,52293.7994921846,10000,17363.19827355681,5261.857690645463
2023-07-19,84899.97514997011,52281.59891519536,10000,17363.19827355681,5255.177961217939
2023-07-20,83352.61249591541,51076.40614442405,10000,17363.19827355681,4913.008077934553
2023-07-21,83152.1615267464,50923.21422690707,10000,17363.19827355681,4865.74902628252
2023-07-24,83247.3858472408,51004.55554402658,10000,17363.19827355681,4879.632029657411
2023-07-25,83682.52427393303,51350.25097029546,10000,17363.19827355681,4969.075030080754
2023-07-26,83461.90416620095,51179.434618063606,10000,17363.19827355681,4919.271274580533
2023-07-27,83298.0662690491,51057.42471097996,10000,17363.19827355681,4877.443284512326
2023-07-28,84466.86205239246,51987.41979434188,10000,17363.19827355681,5116.2439844937735
2023-07-31,84494.62751392907,52014.53080858755,10000,17363.19827355681,5116.898431784708
2023-08-01,84333.9819196055,51893.87790023312,10000,17363.19827355681,5076.905745815573
2023-08-02,82875.00612524114,50755.11187213365,10000,17363.19827355681,4756.695979550689
2023-08-03,82768.23105104828,50673.77055501414,10000,17363.19827355681,4731.262222477333
2023-08-04,82450.12570431286,50436.52746011045,10000,17363.19827355681,4650.399970645594
2023-08-07,83172.14210610303,50863.56420349884,10000,17542.89548491845,4765.682417685728
2023-08-08,82501.25929389766,50431.103602384814,10000,17429.22863459255,4640.927056920296
2023-08-09,81606.0322133142,49876.633094187135,10000,17244.250573936584,4485.148545190484
2023-08-10,81770.68135860364,49968.81798956667,10000,17295.65931117115,4506.204057865819
2023-08-11,81229.26775085392,49650.23357754346,10000,17175.936727246048,4403.097446064403
2023-08-14,82191.67286076084,50207.41808319958,10000,17430.602062527596,4553.652715033665
2023-08-15,81322.25693670478,49674.63886871319,10000,17249.31325175416,4398.304816237439
2023-08-16,80404.09381905734,49148.6363734904,10000,17003.777989960246,4251.679455606682
2023-08-17,79426.41511392471,48611.78616281635,10000,16709.73472838174,4104.894222726618
2023-08-18,79334.12248783918,48550.78327787015,10000,16699.682003575337,4083.6572063936915
2023-08-21,80811.79757709075,49333.00616424948,10000,17183.41475980666,4295.376653034621
2023-08-22,80700.94996446594,49262.51256258123,10000,17171.86480454913,4266.572597335571
2023-08-23,82028.49912836473,50039.31159123492,10000,17517.752105771706,4471.435431358104
2023-08-24,80151.88476407736,48969.68630326572,10000,17000.970906288527,4181.227554523106
2023-08-25,80891.76444331798,49349.27360023513,10000,17258.222009506382,4284.268833576464
2023-08-28,81633.25554607547,49720.731316402955,10000,17536.066660796587,4376.457568875914
2023-08-29,83289.60861487415,50806.624040357805,10000,17826.173141533913,4656.811432982435
2023-08-30,83703.95501180268,51089.95958295127,10000,17879.803415476283,4734.192013375133
2023-08-31,83923.66320768428,51243.15150046825,10000,17906.852605643184,4773.6591015728545
2023-09-01,83859.48357117691,51188.92533478566,10000,17915.428647994948,4755.12958839631
2023-09-05,83956.06350512881,51253.99921591952,10000,17936.924548964504,4765.139740244789
2023-09-06,83373.91411513105,50802.55718136139,10000,17936.93111763985,4634.425816129799
2023-09-07,82907.55729422712,50439.23732037764,10000,17936.93111763985,4531.388856209637
2023-09-08,82989.37479902232,50509.730922045885,10000,17936.93111763985,4542.712759336585
2023-09-11,83746.01085095345,51104.87415739895,10000,17936.93111763985,4704.2055759146415
2023-09-12,83014.2597792912,50538.203072212025,10000,17936.93111763985,4539.125589439328
2023-09-13,83256.35521535634,50730.706580963924,10000,17936.93111763985,4588.717516752559
2023-09-14,83731.40800565202,51145.54274736308,10000,17936.93111763985,4648.934140649086
2023-09-15,82613.21502928901,50269.777966875,10000,17936.93111763985,4406.5059447741605
2023-09-18,82639.01593083549,50249.443671892936,10000,18000.19586162269,4389.376397319865
2023-09-19,82482.2616015007,50142.34420206572,10000,17982.97529263811,4356.942106796871
2023-09-20,81263.08819907076,49419.77133909462,10000,17683.2605385764,4160.056321399742
2023-09-21,79606.27444165779,48514.177409711185,10000,17173.126364850043,3918.970667096575
2023-09-22,79639.12543012235,48520.95826616604,10000,17205.835292797783,3912.331871158532
2023-09-25,80115.63572098316,48751.42050461487,10000,17399.245668579748,3964.969547788542
2023-09-26,78732.68111652278,48019.35692492173,10000,16946.04844620756,3767.2757453934905
2023-09-27,78957.89190517626,48131.88025247458,10000,17031.512103577406,3794.499549124295
2023-09-28,79737.87437782154,48534.515841884495,10000,17302.926739193637,3900.4317967434226
2023-09-29,79832.49585078238,48569.76057412299,10000,17361.1415148685,3901.5937617908853
2023-10-02,80618.18877678568,48975.11016099135,10000,17653.957918147888,3989.1206976464427
2023-10-03,78964.56978775987,48115.61281648892,10000,17078.97320441938,3769.9837668515647
2023-10-04,80233.6504068804,48770.40193805897,10000,17534.6243139477,3928.624154873725
2023-10-05,79951.76112721207,48626.70073726403,10000,17448.298162361873,3876.7622275861604
2023-10-06,81453.15656238221,49441.46263280591,10000,17924.08222342203,4087.6117061542705
2023-10-09,81966.67931567522,49693.616164966035,10000,18126.297385856757,4146.765764852436
2023-10-10,82426.60234260361,49968.81798956667,10000,18264.500681188136,4193.283671848809
2023-10-11,83008.87069919537,50325.361131286816,10000,18399.61656156518,4283.893006343371
2023-10-12,82766.21256916595,50150.47792005855,10000,18382.672050086923,4233.062599020479
2023-10-13,81786.07233882767,49520.08995246699,10000,18196.56552327233,4069.416863088347
2023-10-16,82793.40707586527,50079.9843183903,10000,18508.540722074315,4204.8820354006475
2023-10-17,82592.74576202472,49915.948822613296,10000,18531.45335094367,4145.343588467741
2023-10-18,81627.74845791573,49261.15556385201,10000,18405.461605193603,3961.1312888701223
2023-10-19,80813.97919555577,48800.226949763084,10000,18172.381028483043,3841.3712173096487
2023-10-20,79429.62714919962,48072.23022906635,10000,17699.635187623593,3657.761732509671
2023-10-23,79753.78024961965,48217.28842859051,10000,17847.719797129936,3688.772023899202
2023-10-24,80636.33237194325,48686.350760672256,10000,18149.729329333346,3800.2522819376513
2023-10-25,78282.84444739908,47494.71142842816,10000,17282.222189930246,3505.910829040669
2023-10-26,76408.47825108729,46589.12163623597,10000,16538.2218226198,3281.1347922315113
2023-10-27,76869.53552191769,46812.8071554212,10000,16731.155231522705,3325.573134973781
2023-10-30,77958.1517274013,47340.16664937321,10000,17171.62238597019,3446.3626920578918
2023-10-31,78440.31822634327,47566.56202882563,10000,17386.111476725084,3487.6447207925526
2023-11-01,80085.50213267958,48392.16750262753,10000,17996.78835129381,3696.5462787582337
2023-11-02,81729.21393690135,49270.64628057405,10000,18538.94697139971,3919.6206849275777
2023-11-03,82754.75944224477,49849.51794275021,10000,18856.297168057077,4048.9443314374926
2023-11-06,83171.45727832547,50052.86916695337,10000,19028.187479129407,4090.4006322426894
2023-11-07,83968.45675633804,50526.00249522279,10000,19232.170041412985,4210.284219702273
2023-11-08,84044.9717944273,50558.5373671941,10000,19270.535843037218,4215.898584195987
2023-11-09,83442.14189593265,50169.459353502636,10000,19159.60508475013,4113.07745767988
2023-11-10,85180.07661138418,51297.38180334209,10000,19476.3752575471,4406.3195504950045
2023-11-13,84955.86126973543,51137.409029370254,10000,19528.263799265198,4290.188441099981
2023-11-14,86452.50190912654,52238.21632777279,10000,19625.535900521005,4588.749680832741
2023-11-15,86509.35122557438,52277.53205619894,10000,19635.151611895097,4596.667557480339
2023-11-16,86568.57286866919,52322.271642350745,10000,19640.99966128044,4605.301565037992
2023-11-17,86583.34820435547,52334.47221933998,10000,19644.687914135295,4604.188070880197
2023-11-20,87398.00343203875,52971.63690619515,10000,19649.700067818805,4776.666458024804
2023-11-21,87004.39386684334,52663.90020962321,10000,19649.700067818805,4690.7935894013135
2023-11-22,87276.32022779157,52879.452010815614,10000,19649.700067818805,4747.168149157147
2023-11-24,87176.0564800553,52804.891550150955,10000,19649.700067818805,4721.464862085523
2023-11-27,87111.79816242999,52758.799102461184,10000,19649.700067818805,4703.298992149997
2023-11-28,87286.08488114223,52897.07644553049,10000,19649.700067818805,4739.308367792944
2023-11-29,87215.59302203372,52845.560140115085,10000,19649.700067818805,4720.332814099821
2023-11-30,87043.64772806547,52712.70251758017,10000,19649.700067818805,4681.245142666493
2023-12-01,87210.44295149075,52863.18457482996,10000,19649.700067818805,4697.55830884198
2023-12-04,86559.3829161694,52372.43094903692,10000,19649.700067818805,4537.251899313672
2023-12-05,86729.81112658873,52503.931572842615,10000,19649.700067818805,4576.179485927301
2023-12-06,86320.75949644305,52200.25759807584,10000,19649.700067818805,4470.801830548395
2023-12-07,87272.11491686651,52929.611317501796,10000,19649.700067818805,4692.803531545914
2023-12-08,87581.39532890578,53165.50155086751,10000,19649.700067818805,4766.193710219457
2023-12-11,88175.16428012971,53619.64930850158,10000,19649.700067818805,4905.814903809329
2023-12-12,88739.72646866785,54046.69018908123,10000,19649.700067818805,5043.336211767812
2023-12-13,89653.01628708473,54734.01418262257,10000,19649.700067818805,5269.302036643345
2023-12-14,89585.68192402672,54686.568873394834,10000,19649.700067818805,5249.412982813081
2023-12-15,89934.87323432307,54950.9229825442,10000,19649.700067818805,5334.250183960054
2023-12-18,90215.52523349218,55186.809078718674,10000,19649.700067818805,5379.016086954692
2023-12-19,90588.59074987708,55468.79175977416,10000,19649.700067818805,5470.098922284118
2023-12-20,89482.57230264596,54644.53914751023,10000,19649.700067818805,5188.333087316927
2023-12-21,90332.7300585274,55280.35097282743,10000,19649.700067818805,5402.679017881168
2023-12-22,90437.75112274771,55363.049288676164,10000,19649.700067818805,5425.0017662527425
2023-12-26,90868.99717376509,55701.967995681436,10000,19649.700067818805,5517.329110264846
2023-12-27,90979.76071857623,55786.01917306815,10000,19649.700067818805,5544.041477689292
2023-12-28,90935.82410885897,55758.90402163122,10000,19649.700067818805,5527.220019408935
2023-12-29,90605.56956953356,55517.594067731116,10000,19649.700067818805,5438.275433983639
2024-01-02,89335.51230129297,54578.1124048384,10000,19649.700067818805,5107.69982863576
2024-01-03,88557.9397271752,54000.593604200214,10000,19649.700067818805,4907.646055156181
2024-01-04,88102.81386424798,53722.68191933238,10000,19571.837208834546,4808.294736081044
2024-01-05,88228.18406476287,53786.39880173703,10000,19614.254340767588,4827.530922258251
2024-01-08,90051.05314976299,54898.05381559083,10000,19942.238458507767,5210.760875664393
2024-01-09,90214.6488784681,55006.50614695602,10000,19980.193568516937,5227.949162995133
2024-01-10,90790.60684167988,55379.31672466182,10000,20052.333960365395,5358.956156652668
2024-01-11,90969.12363229583,55494.54991248186,10000,20077.9163105976,5396.657409216364
2024-01-12,91013.8419974476,55523.017925456756,10000,20093.185568944522,5397.638503046326
2024-01-16,91045.69790330184,55517.594067731116,10000,20142.46418652937,5385.639649041359
2024-01-17,90594.72656617158,55204.43351343354,10000,20119.01082461051,5271.282228127526
2024-01-18,91737.66061129159,55988.01339854209,10000,20193.32859509868,5556.318617650812
2024-01-19,93298.90321522257,57098.31141366667,10000,20235.114310954996,5965.477490600905
2024-01-22,93398.57098711719,57172.876011522574,10000,20243.15822487844,5982.536750716171
2024-01-23,93708.80728489654,57410.11910642627,10000,20246.38514845804,6052.303030012233
2024-01-24,94135.8861767283,57728.69938125823,10000,20247.62839745444,6159.55839801563
2024-01-25,94230.68348850435,57799.19712011772,10000,20247.975501718385,6183.51086666825
2024-01-26,93755.40895057742,57454.85455538682,10000,20248.14849589437,6052.405899296244
2024-01-29,94553.12689402637,58043.216934285025,10000,20248.318446932743,6261.591512808609
2024-01-30,94017.9039586604,57656.84878086076,10000,20248.318407589635,6112.736770210001
2024-01-31,92463.34372400604,56527.57346948334,10000,20248.29388078323,5687.476373739489
2024-02-01,93372.4754807351,57193.21030650465,10000,20248.31864805687,5930.946526173574
2024-02-02,94720.8970266758,58159.80712083429,10000,20248.318762911815,6312.771142929687
2024-02-05,94565.76852990936,58083.8896614404,10000,20248.31876291256,6233.5601055564075
2024-02-06,94386.16032338023,57967.29947489114,10000,20248.31876291256,6170.542085576534
2024-02-07,95224.43647384246,58563.795571782175,10000,20248.31876291256,6412.322139147724
2024-02-08,95362.55238899718,58672.25204033861,10000,20248.31876291256,6441.9815857460035
2024-02-09,96168.36619363715,59249.76670378555,10000,20248.31876291256,6670.28072693905
2024-02-12,95828.44158723015,59017.94746660749,10000,20248.31876291256,6562.175357710091
2024-02-13,94531.31915794664,58097.44309996762,10000,20248.31876291256,6185.557295066465
2024-02-14,95419.21698456511,58730.54506501762,10000,20248.31876291256,6440.353156634925
2024-02-15,95663.12224232506,58905.42827624589,10000,20248.31876291256,6509.375203166609
2024-02-16,94906.68926438507,58371.292063030276,10000,20248.31876291256,6287.078438442246
2024-02-20,94262.11001134309,57930.69774392342,10000,20248.31876291256,6083.093504507106
2024-02-21,93931.19649882696,57698.87436955411,10000,20248.31876291256,5984.00336636029
2024-02-22,96322.3436113571,59388.0481840461,10000,20248.31876291256,6685.976664398433
2024-02-23,96071.66195895581,59213.16497281783,10000,20248.31876291256,6610.178223225417
2024-02-26,96017.53187734935,59181.98296238449,10000,20248.31876291256,6587.230152052294
2024-02-27,96205.99963163925,59324.33130164146,10000,20248.31876291256,6633.349567085225
2024-02-28,95754.94225892944,59008.456749885445,10000,20248.31876291256,6498.166746131442
2024-02-29,96472.41689336952,59514.12495012616,10000,20248.31876291256,6709.973180330789
2024-03-01,97751.04229114132,60410.22402559631,10000,20248.31876291256,7092.499502632444
2024-03-04,97423.04182055082,60194.672224403905,10000,20248.31876291256,6980.050833234348
2024-03-05,95840.91292970552,59114.19922098344,10000,20248.31876291256,6478.394945809512
2024-03-06,96380.22025569009,59485.65693715127,10000,20248.31876291256,6646.244555626251
2024-03-07,97699.36550232848,60388.53686907627,10000,20248.31876291256,7062.509870339644
2024-03-08,96430.19499693142,59516.83481039335,10000,20248.31876291256,6665.041423625496
2024-03-11,96080.89811969377,59295.863288666565,10000,20248.31876291256,6536.716068114649
2024-03-12,97316.90799873552,60145.86991644694,10000,20248.31876291256,6922.719319376024
2024-03-13,96638.50834838457,59683.5843036288,10000,20248.31876291256,6706.605281843213
2024-03-14,96394.22428593581,59533.10638357026,10000,20248.31876291256,6612.799139452982
2024-03-15,95367.3117549992,58825.44395785559,10000,20248.31876291256,6293.549034231052
2024-03-18,96216.2555461969,59308.06386565581,10000,20432.202405735712,6475.989274805399
2024-03-19,96472.11325820959,59455.83192544716,10000,20477.456444688232,6538.824888074205
2024-03-20,97628.87647026277,60160.780353703376,10000,20599.240423920783,6868.855692638607
2024-03-21,98085.21480114796,60445.472895026054,10000,20647.26481162086,6992.477094501031
2024-03-22,98204.24947646756,60514.61363515633,10000,20678.6134395681,7011.022401743127
2024-03-25,97878.3689216002,60294.994974967514,10000,20690.506689400198,6892.8672572324795
2024-03-26,97576.96650082528,60099.77746875717,10000,20678.98469190015,6798.204340167949
2024-03-27,97903.46525754232,60304.481554498314,10000,20710.875766574245,6888.107936469761
2024-03-28,97732.05676578639,60193.31936286593,10000,20708.215754649846,6830.521648270601
2024-04-01,97945.87040602302,60320.75312767521,10000,20761.33507338354,6863.78220496427
2024-04-02,97141.49875021094,59800.17035298682,10000,20721.12957443933,6620.198822784808
2024-04-03,97358.65471640392,59934.38497425095,10000,20756.644711141897,6667.625031011076
2024-04-04,95917.43226533468,59017.94746660749,10000,20642.10004054978,6257.384758177395
2024-04-05,97039.68619934157,59713.409315332916,10000,20750.41214628323,6575.86473772542
2024-04-08,97086.89457842654,59731.03375004778,10000,20788.303624365682,6567.557204013069
2024-04-09,97429.26008044319,59952.00940896582,10000,20812.125648501726,6665.1250229756415
2024-04-10,96649.13171440276,59428.71677401023,10000,20794.92175192417,6425.493188468367
2024-04-11,98074.40284909126,60377.689153625004,10000,20828.31160521175,6868.402090254508
2024-04-12,96654.07451074262,59415.159198291774,10000,20809.309576396194,6429.605736054657
2024-04-15,95211.66412614624,58437.71880570211,10000,20795.88021727423,5978.06510316989
2024-04-16,95245.01030218019,58443.142663427745,10000,20825.27676577524,5976.590872977204
2024-04-17,94230.98310656566,57730.05637998745,10000,20832.530880539038,5668.395846039175
2024-04-18,93679.53932281595,57400.62838970422,10000,20754.37621452055,5524.534718591182
2024-04-19,91523.52005365265,56213.05591645654,10000,20266.13381189088,5044.330325305249
2024-04-22,92612.1548688758,56778.37414010549,10000,20563.34420141092,5270.436527359406
2024-04-23,94130.07606625116,57625.670907618674,10000,20865.485178501178,5638.919980131304
2024-04-24,94482.03708465546,57820.88841382901,10000,20941.234732503475,5719.913938322973
2024-04-25,93984.79943702563,57541.61973023196,10000,20867.081241680757,5576.098465112909
2024-04-26,95499.42497715734,58429.58508770928,10000,21099.34479573277,5970.495093715286
2024-04-29,95898.85406586839,58666.828182612975,10000,21198.535221101654,6033.490662153754
2024-04-30,94054.10095627316,57560.597026484815,10000,20931.726659994372,5561.777269793977
2024-05-01,93368.40545723232,57144.40386135643,10000,20841.390175662164,5382.6114202137305
2024-05-02,94613.20919079837,57873.75758078238,10000,21076.57447649835,5662.877133517645
2024-05-03,96459.70874188904,59036.928900051586,10000,21294.050949773176,6128.728892064282
2024-05-06,97447.66881620402,59683.5843036288,10000,21381.564326798478,6382.520185776734
2024-05-07,97454.47936281333,59693.07502035084,10000,21390.45069252416,6370.95364993834
2024-05-08,97410.25833650879,59657.8261509211,10000,21398.323623006683,6354.108562581005
2024-05-09,97599.85558065731,59787.969775997575,10000,21409.597132621606,6402.28867203813
2024-05-10,97802.45650926368,59928.961116525315,10000,21419.552818160613,6453.94257457774
2024-05-13,98000.47749640755,60067.23845959462,10000,21431.015527437477,6502.223509375439
2024-05-14,98544.76094735682,60453.606613018885,10000,21433.385887397933,6657.768446939998
2024-05-15,99884.03646677792,61398.51213363724,10000,21433.823976524724,7051.700356615954
2024-05-16,99705.11028208601,61273.7923662864,10000,21433.83089281403,6997.487022985589
2024-05-17,99656.89128213332,61243.96735458228,10000,21433.83216605389,6979.091761497162
2024-05-20,100246.72242191384,61671.004097970676,10000,21433.832201017394,7141.886122925794
2024-05-21,100415.09279096522,61791.657006325106,10000,21433.832201017394,7189.603583622718
2024-05-22,100395.09516045732,61779.45642933586,10000,21433.832201017394,7181.806530104056
2024-05-23,99993.3365082027,61501.54474446804,10000,21433.832201017394,7057.95956271728
2024-05-24,100817.60598902496,62083.13040410264,10000,21433.832201017394,7300.643383904926
2024-05-28,101126.84207105187,62317.65950154789,10000,21433.832201017394,7375.350368486584
2024-05-29,100484.50039291078,61878.42218117025,10000,21433.832201017394,7172.246010723131
2024-05-30,99543.7688556792,61215.49520441614,10000,21433.832201017394,6894.441450245671
2024-05-31,99378.60224151883,61101.61901532532,10000,21433.832201017394,6843.15102517612
2024-06-03,99833.72865957323,61429.69414407057,10000,21433.832201017394,6970.202314485262
2024-06-04,100075.69245067895,61597.796498843985,10000,21433.832201017394,7044.063750817574
2024-06-05,101925.79426193994,62839.59513777426,10000,21433.832201017394,7652.366923148274
2024-06-06,101890.12764316841,62817.903844062974,10000,21433.832201017394,7638.39159808806
2024-06-07,101788.77174547952,62762.32067965116,10000,21433.832201017394,7592.61886481097
2024-06-10,102149.59004410624,63015.831210540506,10000,21433.832201017394,7699.926632548331
2024-06-11,102791.45006188401,63448.29181165453,10000,21433.832201017394,7909.326049212074
2024-06-12,104026.20293570618,64279.32114318207,10000,21433.832201017394,8313.049591506715
2024-06-13,104544.64573246625,64627.73056690939,10000,21433.832201017394,8483.082964539477
2024-06-14,105043.91203511151,64962.58241491825,10000,21433.832201017394,8647.497419175874
2024-06-17,106234.53898225701,65758.36287701603,10000,21433.832201017394,9042.34390422358
2024-06-18,106259.72623333208,65778.69717199811,10000,21433.832201017394,9047.196860316568
2024-06-20,105489.79638300571,65271.676110219414,10000,21433.832201017394,8784.288071768911
2024-06-21,105214.26643072799,65096.79289899114,10000,21433.832201017394,8683.641330719462
2024-06-24,103939.78916251281,64253.56299047437,10000,21433.832201017394,8252.393971021056
2024-06-25,105040.10068831456,64988.34056762595,10000,21433.832201017394,8617.927919671236
2024-06-26,105230.12891028773,65122.55105169884,10000,21433.832201017394,8673.745657571488
2024-06-27,105470.09172554014,65290.65340647226,10000,21433.832201017394,8745.606118050495
2024-06-28,104957.06701723918,64951.734699466986,10000,21433.832201017394,8571.500116754805
2024-07-01,105522.07272612106,65332.68313235686,10000,21433.832201017394,8755.557392746787
2024-07-02,106586.3231559032,66018.65426436023,10000,21433.832201017394,9133.836690525586
2024-07-03,107452.53138195937,66569.0579135615,10000,21433.832201017394,9449.641267380488
2024-07-05,108547.63363266048,67263.1627635577,10000,21433.832201017394,9850.63866808538
2024-07-08,108783.88405221305,67423.13140033829,10000,21433.832201017394,9926.920450857382
2024-07-09,108870.9162164838,67481.4244250173,10000,21433.832201017394,9955.65959044909
2024-07-10,109992.31435585266,68185.01999173555,10000,21433.832201017394,10373.46216309972
2024-07-11,107644.43006783235,66689.71082191593,10000,21433.832201017394,9520.887044899016
2024-07-12,108253.15072047824,67081.50283306582,10000,21433.832201017394,9737.815686395019
2024-07-15,108511.10517450987,67261.80576482849,10000,21433.832201017394,9815.467208663998
2024-07-16,108547.47914019541,67287.56391753619,10000,21433.832201017394,9826.083021641822
2024-07-17,105486.81212305278,65312.344700183545,10000,21433.832201017394,8740.635221851837
2024-07-18,104937.7444686134,65003.25100488238,10000,21372.721451887595,8561.772011843406
2024-07-19,103859.59989283288,64427.08920297342,10000,21188.348441762268,8244.162248097204
2024-07-22,105690.87003939872,65386.909298039456,10000,21564.32689916161,8739.633842197676
2024-07-23,105284.47754316255,65156.44292239937,10000,21522.14216438019,8605.892456382973
2024-07-24,100631.67931518865,62819.260842792195,10000,20388.904237550723,7423.514234845733
2024-07-25,99167.3390118525,62126.508854333966,10000,19975.27871760776,7065.55143991077
2024-07-26,100511.30843984477,62763.67767838038,10000,20350.55162311369,7397.079138350707
2024-07-29,100844.58550215268,62889.75444446044,10000,20505.932090723385,7448.8989669688435
2024-07-30,98986.723302602,62026.1902409616,10000,19971.142251515354,6989.390810125039
2024-07-31,102848.02149092393,63861.77511651572,10000,20981.596733078215,8004.649641329984
2024-08-01,99625.03396932497,62314.9496412807,10000,20084.439258341656,7225.645069702635
2024-08-02,96350.31799527661,60835.90790744673,10000,18958.465681601752,6555.944406228124
2024-08-05,92320.59140144683,59022.0143256039,10000,17493.029647590924,5805.547428251997
2024-08-06,93535.73063676621,59585.97555052363,10000,17904.853780412603,6044.901305829965
2024-08-07,92076.90689836793,58940.67300848439,10000,17365.989767558924,5770.244122324611
2024-08-08,96150.96141153721,60743.723012067196,10000,18822.88088545151,6584.357514018504
2024-08-09,96838.93681226771,61060.95042536118,10000,19062.406386885006,6715.580000021526
2024-08-12,97181.70239581066,61192.45104916688,10000,19225.925784910884,6763.3255617329
2024-08-13,100591.50941811403,62710.80437423576,10000,20408.09859772838,7472.606446149883
2024-08-14,100684.76525374982,62731.14280640907,10000,20480.00994388069,7473.612503460061
2024-08-15,104027.4453403076,64315.92701134104,10000,21479.58476444242,8231.933564524157
2024-08-16,104246.52808708718,64398.62118999853,10000,21586.042415731412,8261.86448135725
2024-08-19,105927.06457117901,65244.56095878249,10000,22025.675685417904,8656.827926978613
2024-08-20,105720.61066910753,65107.64061444241,10000,22025.675685417904,8587.294369247213
2024-08-21,106159.12146831474,65411.31045201793,10000,22025.675685417904,8722.135330878913
2024-08-22,104631.63677841912,64374.220036020044,10000,22025.675685417904,8231.74105698119
2024-08-23,105655.83981868115,65072.39174501266,10000,22025.675685417904,8557.772388250603
2024-08-26,104693.56878604068,64440.64677869188,10000,22025.675685417904,8227.246321930897
2024-08-27,104972.88607872387,64633.154424635024,10000,22025.675685417904,8314.055968670946
2024-08-28,103891.39257628805,63899.73384621266,10000,22025.675685417904,7965.9830446575015
2024-08-29,103731.9388227677,63806.1919521039,10000,22025.675685417904,7900.0711852459035
2024-08-30,104855.02834157296,64566.72354477194,10000,22025.675685417904,8262.629111383114
2024-09-03,102002.39313514429,62606.418901866986,10000,22025.675685417904,7370.2985478593955
2024-09-04,101728.67736208536,62443.73626762795,10000,21990.948067606925,7293.993026850491
2024-09-05,101890.52252857597,62502.03342949821,10000,22071.89226917624,7316.596829901522
2024-09-06,98748.5908569177,60827.77418945391,10000,21314.45121669005,6606.365450773733
2024-09-09,100290.36682695473,61609.99707583323,10000,21740.23659523966,6940.1331558818365
2024-09-10,101360.32834465754,62179.38215847859,10000,21989.432343509947,7191.51384266899
2024-09-11,103758.64850342333,63529.633128774054,10000,22418.781855135414,7810.233519513863
2024-09-12,104849.79642536963,64153.244377102004,10000,22606.060718445126,8090.491329822506
2024-09-13,105353.77172192417,64440.64677869188,10000,22692.81631537585,8220.308627856446
2024-09-16,104950.61396163933,64155.9542373692,10000,22718.016667358537,8076.643056911589
2024-09-17,105020.9327133498,64189.84610806972,10000,22755.934093886586,8075.152511393496
2024-09-18,104584.00608702097,63911.9344232019,10000,22727.82944082636,7944.242222992711
2024-09-19,107224.61927860016,65527.89650137595,10000,22978.564002481344,8718.158774742871
2024-09-20,107034.58816913833,65403.17673402511,10000,22984.89917548205,8646.512259631176
2024-09-23,107206.13759735282,65484.51805114462,10000,23062.285013010962,8659.334533197241
2024-09-24,107707.02193202234,65800.38846570939,10000,23100.323265785803,8806.310200527152
2024-09-25,107807.59532605778,65861.39548784684,10000,23114.82994483601,8831.369893374933
2024-09-26,108555.05353039473,66356.21597263629,10000,23142.721084850156,9056.116472908287
2024-09-27,108006.51833958011,65987.4722539269,10000,23141.518449050385,8877.52763660283
2024-09-30,108283.88552146559,66166.42232415159,10000,23166.642759473823,8950.82043784018
2024-10-01,106923.22628646051,65244.56095878249,10000,23161.2584352656,8517.406892412435
2024-10-02,107061.71817389091,65336.749991353274,10000,23168.581503078225,8556.386679459403
2024-10-03,106970.15276808575,65287.94354620507,10000,23171.58780243001,8510.62141945069
2024-10-04,108129.60627226811,66064.74671205001,10000,23172.665745435672,8892.193814782418
2024-10-07,107062.69568423762,65357.08428633534,10000,23172.672896185126,8532.938501717157
2024-10-08,108520.60737512144,66333.16768019578,10000,23172.672896185126,9014.766798740551
2024-10-09,109304.64349375233,66855.10331642216,10000,23172.672896185126,9276.867281145054
2024-10-10,109185.37730403118,66779.18585702828,10000,23172.672896185126,9233.518550817776
2024-10-11,109337.23606710536,66883.57132939705,10000,23172.672896185126,9280.9918415232
2024-10-14,110175.3665474933,67444.82269404958,10000,23172.672896185126,9557.870957258601
2024-10-15,108810.25947304798,66543.2997608538,10000,23172.672896185126,9094.28681600906
2024-10-16,108813.70182635983,66551.43347884662,10000,23172.672896185126,9089.595451328072
2024-10-17,108878.21807251162,66597.5259265364,10000,23172.672896185126,9108.0192497901
2024-10-18,109524.90392463838,67034.05338664683,10000,23172.672896185126,9318.177641806431
2024-10-21,109702.38558224293,67162.84415018534,10000,23172.672896185126,9366.868535872474
2024-10-22,109796.917464459,67236.04761212078,10000,23172.672896185126,9388.196956153086
2024-10-23,108250.43845366745,66205.7339153865,10000,23172.672896185126,8872.031642095824
2024-10-24,109054.39089099542,66742.58412606055,10000,23172.672896185126,9139.133868749752
2024-10-25,109634.81819668974,67149.28657446688,10000,23172.672896185126,9312.85872603773
2024-10-28,109619.63662485407,67160.1301527269,10000,23172.672896185126,9286.83357594205
2024-10-29,110597.80487930628,67805.43269476615,10000,23172.672896185126,9619.699288355001
2024-10-30,109814.90224641407,67292.98777526182,10000,23172.672896185126,9349.241574967127
2024-10-31,107282.2824392452,65594.32738123903,10000,23172.672896185126,8515.282161821051
2024-11-01,108253.35198830205,66079.65714930644,10000,23429.134265908906,8744.560573086703
2024-11-04,107947.23621256572,65887.15364055453,10000,23440.3745742662,8619.707997744996
2024-11-05,109459.62958845292,66727.66955161287,10000,23684.461289369032,9047.498747471029
2024-11-06,112568.05484413431,68540.20613472648,10000,24001.179474359367,10026.669235048459
2024-11-07,114323.12753917118,69619.32213941772,10000,24095.732305229,10608.073094524456
2024-11-08,114457.0311618115,69700.66759372849,10000,24108.46146244648,10647.902105636509
2024-11-11,114412.02644802285,69659.99900376434,10000,24142.254638480987,10609.772805777522
2024-11-12,114195.32969210365,69533.91396330179,10000,24144.017933280134,10517.397795521721
2024-11-13,114065.49915119135,69444.44306538069,10000,24156.79948084756,10464.256604963106
2024-11-14,113287.80164260828,68961.82315758048,10000,24141.967366785284,10184.011118242517
2024-11-15,110649.28625177305,67318.74592796952,10000,23989.80253110181,9340.737792701724
2024-11-18,111452.24522884311,67786.45126132204,10000,24091.074845279145,9574.719122241917
2024-11-19,112207.62783570329,68252.8037331366,10000,24136.494294020496,9818.329808546187
2024-11-20,112152.1837301391,68213.49214190169,10000,24151.245149110724,9787.446439126697
2024-11-21,112541.35183630518,68458.8689547982,10000,24170.895699188095,9911.587182318875
2024-11-22,112715.84625162707,68568.67828489262,10000,24181.73351106352,9965.434455670926
2024-11-25,112885.33962789495,68677.13061625781,10000,24197.81012933441,10010.398882302734
2024-11-26,113452.58832892105,69045.8743349672,10000,24202.26362919682,10204.450364757018
2024-11-27,112616.93062966227,68502.24740502954,10000,24201.61071840097,9913.072506231749
2024-11-29,113537.47944588045,69104.1673596462,10000,24203.960838927378,10229.35124730687
2024-12-02,114687.8967647937,69856.56523432142,10000,24204.007611479574,10627.323918992712
2024-12-03,115022.10349167032,70070.76417397584,10000,24204.007611479574,10747.331706214916
2024-12-04,116394.92504932078,70937.04237493312,10000,24204.007611479574,11253.875062908088
2024-12-05,116077.5183857194,70740.46786999356,10000,24204.007611479574,11133.042904246264
2024-12-06,117083.0117055649,71373.56569785232,10000,24204.007611479574,11505.438396233001
2024-12-09,116175.83481324042,70817.74232811667,10000,24204.007611479574,11154.084873644171
2024-12-10,115787.17556518866,70576.42823702532,10000,24204.007611479574,11006.739716683778
2024-12-11,117813.08621187395,71839.91816966688,10000,24204.007611479574,11769.16043072749
2024-12-12,117066.57037733842,71376.27969531076,10000,24204.007611479574,11486.283070548086
2024-12-13,117930.79778905392,71922.62062270686,10000,24204.007611479574,11804.169554867482
2024-12-16,119591.42877999562,72958.34990278428,10000,24204.007611479574,12429.071265731756
2024-12-17,119069.465987432,72637.05563049388,10000,24204.007611479574,12228.402745458545
2024-12-18,114965.91314791751,70016.533871102,10000,24204.007611479574,10745.371665335928
2024-12-19,114377.59820039375,69704.73031553366,10000,24112.85007084846,10560.017814011635
2024-12-20,115531.11285836704,70313.42698941393,10000,24320.802650220856,10896.883218732257
2024-12-23,116628.36457607383,70884.1690707885,10000,24531.02546121578,11213.170044069562
2024-12-24,118357.91726057067,71845.34616458375,10000,24722.701977698875,11789.869118288047
2024-12-26,118296.60877247734,71796.53558224431,10000,24751.248358997676,11748.82483123535
2024-12-27,116598.29365752402,70842.14348209515,10000,24568.440335718533,11187.709839710333
2024-12-30,114898.8870792269,69899.94782174399,10000,24366.106412388694,10632.832845094228
2024-12-31,113786.60643224689,69306.1657223114,10000,24191.598568523783,10288.84214141171
2025-01-02,113547.93865117698,69170.59823950929,10000,24196.455816801288,10180.884594866415
2025-01-03,115681.94429358777,70302.58754834515,10000,24568.844432317015,10810.512312925608
2025-01-06,117183.62257002294,71110.56445024093,10000,24817.03455357915,11256.023566202875
2025-01-07,114939.12454414723,69841.65479706498,10000,24539.500109320095,10557.969637762137
2025-01-08,114984.0049305321,69853.85951124546,10000,24591.466043665736,10538.6793756209
2025-01-10,112939.90129902167,68758.47193337732,10000,24240.262006072986,9941.16735957136
2025-01-13,112616.76916941913,68537.49627445928,10000,24274.059345836416,9805.213549123437
2025-01-14,112526.66751848104,68472.42239332543,10000,24289.14448253739,9765.10064261823
2025-01-15,115569.18986883317,70047.72001872658,10000,24867.483218849513,10653.986631257088
2025-01-16,114753.38924861423,69556.96639293355,10000,24816.264741252493,10380.158114428179
2025-01-17,116791.4222732519,70730.97715327152,10000,25018.650794181147,11041.794325799234
2025-01-21,117442.93513342201,71145.81331967068,10000,25048.188851267627,11248.932962483716
2025-01-22,118856.69112701886,72055.47410805053,10000,25048.188851267627,11753.028167700699
2025-01-23,119093.42188414681,72208.66602556751,10000,25048.188851267627,11836.567007311682
2025-01-24,118447.46121438174,71800.60657843197,10000,25048.188851267627,11598.665784682154
2025-01-27,115212.41867216083,69710.15831045053,10000,25048.188851267627,10454.071510442678
2025-01-28,117148.1105898179,70740.46786999356,10000,25373.34451117429,11034.298208650049
2025-01-29,116920.42478842141,70607.6143846499,10000,25360.159274218102,10952.651129553402
2025-01-30,117483.07381957916,70908.57022476698,10000,25461.450616975384,11113.052977836795
2025-01-31,117312.24197920568,70805.53761393618,10000,25459.35953873298,11047.344826536511
2025-02-03,116315.88384750894,70238.86652874926,10000,25380.95121332809,10696.066105431588
2025-02-04,117943.52111691564,71101.07373351888,10000,25663.693237597647,11178.754145799114
2025-02-05,118517.08663395136,71423.7250045385,10000,25749.1796572227,11344.181972190154
2025-02-06,119181.28900224324,71796.53558224431,10000,25830.705429789254,11554.047990209674
2025-02-07,117611.03979093397,70890.94579005211,10000,25678.76760426579,11041.326396616072
2025-02-10,119186.32230224881,71749.09027301657,10000,25918.727826870145,11518.504202362092
2025-02-11,118919.51867602007,71578.2739207847,10000,25925.394686816748,11415.850068418617
2025-02-12,119001.47100983906,71620.29950947806,10000,25950.817802369205,11430.353697991806
2025-02-13,120732.28060234486,72650.61734340359,10000,26051.292944897898,12030.370314043379
2025-02-14,121223.41063976803,72955.64417970834,10000,26078.328716909124,12189.43774315057
2025-02-18,121499.23130255945,73121.03253702332,10000,26116.862108481033,12261.336657055097
2025-02-19,121532.5461127214,73141.37096919662,10000,26123.095546842647,12268.079596682113
2025-02-20,121035.01906557725,72830.916137975,10000,26127.135481484496,12076.967446117751
2025-02-21,118618.42403949556,71319.34366936097,10000,26079.516680604615,11219.56368952997
2025-02-24,117288.73333587324,70477.46662238217,10000,26076.80209471381,10734.464618777254
2025-02-25,115783.22252154569,69589.50126490486,10000,25996.698582054032,10197.0226745868
2025-02-26,116108.3113269023,69757.60361967827,10000,26065.86106113228,10284.846646091757
2025-02-27,112499.43990200254,67820.34313202258,10000,25407.76584962252,9271.33092035744
2025-02-28,114781.97572951167,68891.32955591223,10000,26031.846736430347,9858.79943716908
2025-03-03,111581.27862422625,67383.81567191213,10000,25135.9176041849,9061.545348129217
2025-03-04,111160.37966486381,67180.46444770896,10000,25024.18416015307,8955.731057001774
2025-03-05,112964.98829333365,68056.2333653883,10000,25530.532319265123,9378.22260868023
2025-03-06,109019.11160376166,66184.04675886646,10000,24331.762653156748,8503.302191738447
2025-03-07,110045.47674922712,66670.73352566308,10000,24657.196777343717,8717.546446220325
2025-03-10,104417.75198972295,64086.81763443017,10000,22757.98722689883,7572.9471283939565
2025-03-11,103998.54403665084,63933.625716913186,10000,22576.621550192987,7488.2967695446705
2025-03-12,105629.36358148757,64654.84571834631,10000,23166.16731934967,7808.350543791603
2025-03-13,102993.38612220429,63491.674399077114,10000,22209.747105218496,7291.964617908685
2025-03-14,106415.61319843764,65026.29929732289,10000,23383.746061262722,8005.567839852019
2025-03-17,107437.12988455269,65447.91218298565,10000,23801.80629399774,8187.4114075692905
2025-03-18,104934.41022286387,64332.19444732669,10000,22919.816773080693,7682.39900245648
2025-03-19,106879.99234956162,65193.048790558336,10000,23611.662263071623,8075.281295931665
2025-03-20,106402.84570755073,64972.073131640296,10000,23464.632510122898,7966.140065787533
2025-03-21,106904.42208029138,65186.26793410348,10000,23656.864687146153,8061.289459041743
2025-03-24,110072.7111340802,66517.5416081461,10000,24867.322534234998,8687.8469916991
2025-03-25,110968.9840280008,66897.1289051155,10000,25206.225855514487,8865.629267370807
2025-03-26,108120.11262710049,65666.1779816365,10000,24160.01495791597,8293.919687548005
2025-03-27,107265.5907715893,65292.01040520148,10000,23857.801792786195,8115.778573601628
2025-03-28,103177.94806457622,63573.01571619663,10000,22242.88310573099,7362.049242648612
2025-03-31,103156.54599504155,63570.30585592944,10000,22239.24068831022,7346.999450801888
2025-04-01,104351.03860199568,64082.75077543376,10000,22692.475147187713,7575.812679374217
2025-04-02,105460.42108123685,64550.45610878629,10000,23142.437724107658,7767.527248342908
2025-04-03,97423.34013116057,61094.84229606171,10000,19838.7900810866,6489.707754012248
2025-04-04,89227.96000851132,57300.30977633186,10000,16678.601089565716,5249.049142613738
2025-04-07,89449.85764254599,57438.58711940116,10000,16733.501177156846,5277.769345987984
2025-04-08,87275.06108234022,56404.206563670465,10000,15946.915448856951,4923.939069812811
2025-04-09,101097.87433672663,63174.44698578312,10000,20053.258144053965,7870.169206889545
2025-04-10,95566.41481425929,60487.49848371941,10000,18178.048044150382,6900.868286389492
2025-04-11,97846.58633416485,61601.863357840404,10000,18920.398659352908,7324.3243169715415
2025-04-14,98770.78706100058,62019.413521698,10000,19286.43872263618,7464.934816666405
2025-04-15,98933.34192442309,62088.550124637026,10000,19365.888003442735,7478.903796343333
2025-04-16,95012.96383443096,60216.36351811519,10000,18005.746275328485,6790.854040987292
2025-04-17,94967.28005735835,60205.51993985517,10000,17978.980444370285,6782.779673132893
2025-04-21,91897.68533346246,58715.630490569936,10000,16941.927309475566,6240.127533416956
2025-04-22,95078.87238554157,60257.036245270574,10000,18004.208626088308,6817.627514182688
2025-04-23,97931.93963866595,61623.55465155169,10000,18981.24677053897,7327.13821657529
2025-04-24,101635.64507454314,63357.46391500422,10000,20265.556406759864,8012.624752779051
2025-04-25,103156.43137687202,64063.76934198966,10000,20808.88588663109,8283.776148251269
2025-04-28,103210.3594167496,64043.435047007595,10000,20903.88715469116,8263.037215050854
2025-04-29,104154.26729588608,64466.40493139958,10000,21260.567005837285,8427.295358649213
2025-04-30,104167.3588714503,64458.271213406755,10000,21295.963157293238,8413.124500750297
2025-05-01,105963.63242298979,65300.1441231943,10000,21912.168660309027,8751.319639486464
2025-05-02,108141.87867304412,66269.45079779114,10000,22749.9475479923,9122.480327260688
2025-05-05,107407.35442057851,65876.30592510327,10000,22574.97913313965,8956.069362335602
2025-05-06,106035.94293396849,65263.54239222658,10000,22060.974933113794,8711.425608628128
2025-05-07,106617.27760713291,65519.76278338312,10000,22300.06495609261,8797.449867657187
2025-05-08,108148.08401539466,66196.2473358557,10000,22892.88224909319,9058.954430445765
2025-05-09,108042.29078690054,66152.86474843313,10000,22851.28388353827,9038.142154929146
2025-05-12,114296.69906579873,68847.94696848966,10000,25301.349813804823,10147.40228350424
2025-05-13,116342.73329460427,69897.24209866804,10000,25867.624654260228,10577.866541676009
2025-05-14,117183.38051531624,70316.14098687237,10000,26119.895936471596,10747.34359197227
2025-05-15,117392.01888443688,70393.41544499547,10000,26223.106498847334,10775.496940594083
2025-05-16,118016.31546033609,70699.79928002943,10000,26418.41441412,10898.10176618667
2025-05-19,118308.98483531942,70767.58302143049,10000,26631.670562997126,10909.731250891811
2025-05-20,117916.30164754401,70531.69692525602,10000,26576.11796234118,10808.486759946813
2025-05-21,116088.3911634717,69551.53839801667,10000,26130.56786548577,10406.284899969254
2025-05-22,116409.98356947936,69681.68616028439,10000,26273.36494816476,10454.932461030217
2025-05-23,115198.30675670686,69036.38361824515,10000,25972.24287821029,10189.680260251418
2025-05-27,118578.81834494589,70660.47941441202,10000,27063.45054144883,10854.888389085027
2025-05-28,118053.42342430136,70347.31886011445,10000,26984.4832057802,10721.62135840671
2025-05-29,118409.1118916387,70485.60034037501,10000,27150.33213401518,10773.179417248504
2025-05-30,118270.6570575824,70374.43401155138,10000,27172.882406456156,10723.340639574855
2025-06-02,119593.68552307729,70930.26565566951,10000,27720.989410692273,10942.43045671551
2025-06-03,120749.03779636187,71484.73202667595,10000,28082.33620872321,11181.96956096271
2025-06-04,121225.80166871105,71684.02052907395,10000,28275.39580291199,11266.385336725112
2025-06-05,120296.86502019972,71144.45632094146,10000,28129.99320073688,11022.415498521386
2025-06-06,121730.8044489213,71839.91816966688,10000,28559.84346672837,11331.042812526055
2025-06-09,122316.01489235122,71945.66477795612,10000,29018.270263340353,11352.079851054745
2025-06-10,123334.18969669104,72421.50796649273,10000,29349.63798999842,11563.043740199893
2025-06-11,123041.54088055731,72177.47987794293,10000,29415.344532042003,11448.71647057239
2025-06-12,123532.95093379976,72346.93923144558,10000,29665.801605935787,11520.210096418397
2025-06-13,122074.10705633773,71438.64371617744,10000,29523.428036746165,11112.03530341413
2025-06-16,124135.56718328649,72432.3474075615,10000,30158.021967083827,11545.19780864117
2025-06-17,123109.33210594462,71726.0461177673,10000,30158.021967083827,11225.264021093497
2025-06-18,123086.23463314933,71713.84140358682,10000,30158.021967083827,11214.37126247869
2025-06-20,122649.05590572956,71421.01928146256,10000,30158.021967083827,11070.014657183174
2025-06-23,123583.99332655278,72074.45554149462,10000,30158.021967083827,11351.515817974332
2025-06-24,125185.77090045893,73176.61983862637,10000,30158.021967083827,11851.12909474873
2025-06-25,125453.38178151337,73363.6953524614,10000,30158.021967083827,11931.664461968143
2025-06-26,126445.92904547571,74049.66648446476,10000,30158.021967083827,12238.240593927132
2025-06-27,126808.26909615888,74303.1852897366,10000,30158.021967083827,12347.061839338454
2025-06-30,127499.4100207976,74784.4481988076,10000,30158.021967083827,12556.939854906177
2025-07-01,126575.16990557247,74154.0560940248,10000,30158.021967083827,12263.09184446385
2025-07-02,127332.8986555908,74670.56787252553,10000,30158.021967083827,12504.308815981456
2025-07-03,128417.25949749493,75405.34131248586,10000,30158.021967083827,12853.896217925247
2025-07-07,127554.33873276929,74837.32150295223,10000,30158.021967083827,12558.99526273324
2025-07-08,127609.01396727943,74879.34709164557,10000,30158.021967083827,12571.644908550037
2025-07-09,128386.6498807419,75409.41230867352,10000,30158.021967083827,12819.215604984558
2025-07-10,128220.73049097738,75300.95997730833,10000,30158.021967083827,12761.748546585224
2025-07-11,127964.7905823837,75131.5006238057,10000,30158.021967083827,12675.267991494182
2025-07-14,128349.58805917393,75403.99258813914,10000,30158.021967083827,12787.573503950967
2025-07-15,128428.10212598684,75473.12505388692,10000,30158.021967083827,12796.955105016097
2025-07-16,128536.47689969573,75550.39951201002,10000,30158.021967083827,12828.055420601884
2025-07-17,129441.21578478494,76161.81018334873,10000,30158.021967083827,13121.383634352384
2025-07-18,129327.28809353807,76088.60672141329,10000,30158.021967083827,13080.659405040946
2025-07-21,129866.16238753764,76483.10445563914,10000,30158.021967083827,13225.035964814673
2025-07-22,129272.11959636907,76087.24972268408,10000,30158.021967083827,13026.847906601171
2025-07-23,129780.6202486074,76434.30214768217,10000,30158.021967083827,13188.296133841404
2025-07-24,130010.66972093956,76596.9847819212,10000,30158.021967083827,13255.662971934536
2025-07-25,130279.80435902323,76781.35457268027,10000,30158.021967083827,13340.427819259128
2025-07-28,130573.11451474369,77021.3116650424,10000,30158.021967083827,13393.780882617462
2025-07-29,130385.02969081084,76902.01161822595,10000,30158.021967083827,13324.996105501068
2025-07-30,130530.63524989516,77005.04422905676,10000,30158.021967083827,13367.56905375457
2025-07-31,129917.85387996648,76596.9847819212,10000,30158.021967083827,13162.847130961456
2025-08-01,127676.60353389978,75088.11803638312,10000,30158.021967083827,12430.463530432831
2025-08-04,130079.71278925973,76473.61373891709,10000,30533.984390586786,13072.114659755862
2025-08-05,129186.36496996149,75954.3962373404,10000,30443.445941229933,12788.522791391151
2025-08-06,130775.36845830799,76910.14533621877,10000,30629.40682880616,13235.81629328304
2025-08-07,131168.5130913712,77170.43258637172,10000,30675.99209494088,13322.088410058579
2025-08-08,132320.3520313898,77890.29558907563,10000,30753.11040594028,13676.946036373916
2025-08-11,131964.76726173804,77659.82921343554,10000,30764.09971781911,13540.838330483377
2025-08-12,133481.29404183425,78635.91674448724,10000,30844.940741487306,14000.436555859698
2025-08-13,133540.1570129368,78675.23661010465,10000,30850.34850045848,14014.571902373667
2025-08-14,133444.41310347806,78614.2295879672,10000,30851.62612568884,13978.557389822014
2025-08-15,132895.170348088,78268.53416169832,10000,30848.242432401497,13778.393753988172
2025-08-18,132839.161393045,78237.34801407374,10000,30854.58557067319,13747.227808298074
2025-08-19,131203.40612644443,77175.86058128861,10000,30833.623117460396,13193.922427695428
2025-08-20,130499.9205976315,76717.64182746688,10000,30820.394771126015,12961.88399903861
2025-08-21,129953.97383274799,76362.45568447595,10000,30816.152911749152,12775.365236522892
2025-08-22,131759.41967157036,77540.52916661909,10000,30852.89029677494,13366.000208176327
2025-08-25,131413.32299766282,77316.8477846251,10000,30858.320853664834,13238.154359372893
2025-08-26,131867.10800932266,77627.29434146424,10000,30861.299121494292,13378.514546364153
2025-08-27,132037.80829994482,77746.5943882807,10000,30861.677233423026,13429.536678241113
2025-08-28,132762.23379101706,78233.28529226857,10000,30861.821112092828,13667.127386655668
2025-08-29,131400.74194678952,77327.69550007637,10000,30861.743477826993,13211.302968886152
2025-09-02,130405.76876116463,76679.67896057869,10000,30861.83187369271,12864.257926893215
2025-09-03,131311.64980073457,77282.95591392458,10000,30861.83187369625,13166.862013113734
2025-09-04,132361.001006104,77982.48048445517,10000,30861.83187369625,13516.688647952564
2025-09-05,132482.32767094142,78095.00381200801,10000,30861.83187369625,13525.491985237159
2025-09-08,133043.56905953513,78475.94810770664,10000,30861.83187369625,13705.789078132246
2025-09-09,133375.73255121344,78698.2807653539,10000,30861.83187369625,13815.61991216328
2025-09-10,133375.42573674762,78724.0389180616,10000,30861.83187369625,13789.55494498977
2025-09-11,134061.91731160515,79182.25767188334,10000,30861.83187369625,14017.827766025564
2025-09-12,134586.88008954262,79532.01581995738,10000,30861.83187369625,14193.03239588898
2025-09-15,135594.08948839025,80212.56723142638,10000,30861.83187369625,14519.69038326762
2025-09-16,135481.9307828709,80144.78349002532,10000,30861.83187369625,14475.315419149327
2025-09-17,135231.91351304232,79984.81485324472,10000,30861.83187369625,14385.26678610135
2025-09-18,136331.00664297066,80706.03485467786,10000,30861.83187369625,14763.139914596546
2025-09-19,137164.3380027865,81252.36750769145,10000,30861.83187369625,15050.138621398788
2025-09-22,137740.7669997348,81638.73979830697,10000,30861.83187369625,15240.19532773158
2025-09-23,136881.92970352387,81096.46986709852,10000,30861.83187369625,14923.62796272908
2025-09-24,136440.50630792382,80811.7731885846,10000,30861.83187369625,14766.901245642966
2025-09-25,135902.58950301903,80463.37203923977,10000,30861.83187369625,14577.385590083022
2025-09-26,136403.55762261376,80794.14875386973,10000,30861.83187369625,14747.576995047792
2025-09-29,136961.7048534949,81168.31633030475,10000,30861.83187369625,14931.556649493905
2025-09-30,137295.97662912376,81390.64898795201,10000,30861.83187369625,15043.495767475486
2025-10-01,137889.58256224828,81781.08400037268,10000,30861.83187369625,15246.666688179343
2025-10-02,138412.71417619442,82117.28870991952,10000,30861.83187369625,15433.593592578642
2025-10-03,137850.86315108134,81771.59328365064,10000,30861.83187369625,15217.437993734453
2025-10-06,138800.95495776835,82385.71795244778,10000,30861.83187369625,15553.405131624326
2025-10-07,138112.41643400345,81951.90035260454,10000,30861.83187369625,15298.684207702661
2025-10-08,139587.78066380648,82891.38201549726,10000,30861.83187369625,15834.566774612958
2025-10-09,139415.38788428385,82791.0634021249,10000,30861.83187369625,15762.492608462708
2025-10-10,134957.10714915485,79917.03111184368,10000,30861.83187369625,14178.244163614923
2025-10-13,137967.5772318456,81612.98164559927,10000,31217.370802545407,15137.22478370092
2025-10-14,137028.06919181396,81069.35471566161,10000,31135.019249929373,14823.695226222964
2025-10-15,138027.09102630403,81641.4455213829,10000,31240.711060146197,15144.934444774934
2025-10-16,137512.1680365421,81339.1326825366,10000,31209.41413016793,14963.621223837587
2025-10-17,138419.195390055,81873.26889575222,10000,31293.047380853874,15252.879113448937
2025-10-20,140146.82059484802,82904.93545402447,10000,31406.79143074029,15835.093710083243
2025-10-21,140112.76019141238,82883.24829750444,10000,31413.67633143204,15815.83556247591
2025-10-22,138798.36925932672,82084.75383794821,10000,31361.477185764506,15352.13823561398
2025-10-23,139938.1081566619,82774.79596613924,10000,31416.72833968544,15746.583850837213
2025-10-24,141372.4867748901,83658.6903274289,10000,31454.302447728496,16259.493999732693
2025-10-27,143747.3561098984,85148.58391390539,10000,31480.241815923706,17118.53038006932
2025-10-28,144788.49705720867,85803.36889828418,10000,31483.152247410762,17501.975911513735
2025-10-29,145400.0487180889,86189.74118889969,10000,31484.11168915052,17726.195840038683
2025-10-30,143301.6820966415,84872.02095338429,10000,31482.81240020926,16946.848743047984
2025-10-31,143945.88691811523,85281.43739924906,10000,31484.23384083839,17180.215678027773
2025-11-03,144574.73120212427,85689.4968463846,10000,31484.715316816164,17400.519038923518
2025-11-04,141747.61682852596,83950.16372520644,10000,31484.137184124716,16313.315919194798
2025-11-05,142618.28750568797,84496.50465260254,10000,31484.656212696424,16637.12664038902
2025-11-06,140108.95348818583,82922.55988873934,10000,31483.48560465724,15702.90799478925
2025-11-07,139676.09216773915,82660.91563985718,10000,31483.91452986288,15531.26199801909
2025-11-10,142570.76977829944,84489.71965895644,10000,31484.7402564615,16596.309862881506
2025-11-11,142188.011027101,84264.68127823323,10000,31484.74025650026,16438.58949236752
2025-11-12,142073.7152504488,84198.2545355614,10000,31484.74025650026,16390.720458387128
2025-11-13,139342.3572775548,82479.25984655654,10000,31484.74025650026,15378.357174498025
2025-11-14,139466.96170420144,82541.61559304071,10000,31517.962995729536,15407.383115431205
2025-11-17,138178.78630726488,81836.66302759325,10000,31369.93145955174,14972.191820119879
2025-11-18,136185.3400298173,80840.24533875074,10000,30956.66137984415,14388.433311222409
2025-11-19,137144.50490945452,81322.86524655095,10000,31197.55952062739,14624.0801422762
2025-11-20,119183.15942930098,79397.80533588449,10000,16242.774757152842,13542.579336263649
2025-11-21,120448.46509223987,79994.30556996677,10000,16577.998683797523,13876.160838475567
2025-11-24,124873.84276494841,82040.01425179641,10000,17750.932046425776,15082.896466726224
2025-11-25,125975.10514086182,82545.68658922838,10000,18053.357471736475,15376.06107989696
2025-11-26,127579.78128133375,83275.04030865432,10000,18496.808324771955,15807.932647907483
2025-11-28,129028.067901319,83950.16372520644,10000,18875.36712303543,16202.537053077114
2025-12-01,128383.80420887556,83668.18104415094,10000,18706.917951573058,16008.705213151561
2025-12-02,129817.30596383248,84322.97430291223,10000,19114.292548346137,16380.039112574103
2025-12-03,130258.56025723541,84529.03952457385,10000,19239.616047057338,16489.904685604226
2025-12-04,130060.17055604824,84450.40806772152,10000,19177.998751471867,16431.76373685485
2025-12-05,130806.37635302774,84794.74649526118,10000,19385.314506289626,16626.315351476933
2025-12-08,130398.42862812911,84632.07213540464,10000,19262.77365297093,16503.58283975355
2025-12-09,130622.5851539342,84736.45347058217,10000,19329.061798941235,16557.06988441079
2025-12-10,131370.4717158838,85083.50589558028,10000,19536.376482863452,16750.58933744007
2025-12-11,130744.18602835342,84808.30820817089,10000,19356.68967098803,16579.188149194506
2025-12-12,127114.37694846436,83186.91813507996,10000,18275.096024865037,15652.36278851936
2025-12-15,126151.72662360124,82769.36797122237,10000,18004.966985576928,15377.391666801943
2025-12-16,126499.19109417578,82933.40760419061,10000,18104.05100028685,15461.732489698315
2025-12-17,123138.95654463104,81396.06870848639,10000,17143.300926393487,14599.586909751171
2025-12-18,125671.74047867148,82575.50746374125,10000,17835.20530805131,15261.027706878922
2025-12-19,128025.63842409026,83651.9136081653,10000,18494.21748164551,15879.507334279453
2025-12-22,128630.70418307914,83944.74400467204,10000,18733.772285591032,15952.187892816068
2025-12-23,129494.53835982496,84337.88474016867,10000,18983.00969020019,16173.643929456117
2025-12-24,129990.26240940359,84584.61855179441,10000,19097.833385694557,16307.810471914627
2025-12-26,129948.65234830728,84579.19883126003,10000,19081.541541840703,16287.911975206553
2025-12-29,129003.15660421093,84169.78238539526,10000,18812.69672614908,16020.677492666598
2025-12-30,128559.78414035816,83974.56487918492,10000,18684.799558421484,15900.419702751744
2025-12-31,126997.47578123241,83280.46002918872,10000,18232.214654861065,15484.801097182628
2026-01-02,126597.31218498242,83119.1343936789,10000,18110.86820809811,15367.309583205415
2026-01-05,128020.2192452748,83779.34737297457,10000,18520.826094854605,15720.04577744561
2026-01-06,129636.094196171,84515.47781166414,10000,18983.25815480146,16137.358229705405
2026-01-07,129797.22097351345,84596.8232659749,10000,19035.73273038113,16164.664977157416
2026-01-08,128707.96051699601,84115.55208252142,10000,18714.32618054237,15878.082253932225
2026-01-09,130521.31735641274,84953.36640769505,10000,19229.232769905517,16338.71817881217
2026-01-12,130655.28796083605,85023.85587217205,10000,19271.868707623722,16359.563381040272
2026-01-13,130340.30522517714,84897.77910609198,10000,19176.758254503664,16265.767864581487
2026-01-14,128331.35433727947,83990.83231517057,10000,18596.25945698467,15744.262565124223
2026-01-15,128980.78865925825,84293.15342839937,10000,18776.640531152636,15910.994699706258
2026-01-16,128758.79129355866,84222.65568953988,10000,18697.92813003127,15838.20747398751
2026-01-20,124831.83236524806,82433.16326167552,10000,17579.563968880484,14819.105134692065
2026-01-21,127220.24024256191,83547.53227298777,10000,18235.433864692495,15437.274104881648
2026-01-22,128552.32245590207,84154.87194813883,10000,18619.102217291977,15778.348290471273
2026-01-23,129113.92910454064,84420.57891882616,10000,18776.546508162333,15916.803677552147
2026-01-26,129909.70980385212,84792.04077218524,10000,19006.18628727488,16111.482744392011
2026-01-27,131597.66804600274,85560.7060828461,10000,19484.974051125842,16551.987912030807
2026-01-28,132163.09829842526,85844.03748824832,10000,19655.558411744845,16663.502398432098
2026-01-29,131000.94785855178,85330.23970720601,10000,19321.085174792544,16349.622976553213
2026-01-30,128715.76232312905,84305.34986819736,10000,18652.059404083575,15758.353050848122
2026-02-02,129970.88906687907,84884.22566756477,10000,19012.826419182384,16073.836980131919
2026-02-03,127069.4816410084,83580.06714495907,10000,18166.676908162677,15322.737587886651
2026-02-04,123877.43752139981,82120.00270737795,10000,17261.490181314504,14495.944632707375
2026-02-05,121334.0474607721,80937.85822904715,10000,16566.202536727968,13829.986694996978
2026-02-06,124994.7923160882,82648.71920005917,10000,17533.702608797656,14812.370507231379
2026-02-09,126347.90006747292,83281.81702791793,10000,17910.864069245155,15155.21897030982
2026-02-10,125487.6337694561,82895.44473730243,10000,17674.728117310315,14917.46091484336
2026-02-11,125947.24674807493,83117.77739494969,10000,17799.35556449225,15030.113788633
2026-02-12,122286.97974328398,81427.25485611097,10000,16769.54113435392,14090.183752819099
2026-02-13,122619.82031651266,81600.77693141878,10000,16838.41495449431,14180.628430599576
2026-02-17,122408.95719593845,81516.72575403207,10000,16799.058128388042,14093.173313518326
2026-02-18,123697.07025320607,82125.42242791234,10000,17140.14311476201,14431.5047105317
2026-02-19,123014.86048507293,81810.90487488554,10000,16956.482930630773,14247.472679556618
2026-02-20,124549.54145764439,82534.83887377712,10000,17359.881015036244,14654.82156883103
2026-02-23,122368.83028348364,81531.6361912885,10000,16762.982914427383,14074.211177767742
2026-02-24,124215.79029282913,82407.40510896783,10000,17268.05099652526,14540.334187336044
2026-02-25,126774.96128468518,83601.75430147912,10000,17953.48974196369,15219.717241242384
2026-02-26,124582.59843339001,82593.13189845612,10000,17356.6050791259,14632.861455807988
2026-02-27,123987.48027397007,82328.7736521155,10000,17182.784268871183,14475.922352983382
2026-03-02,124144.83369112658,82437.2342578632,10000,17241.818700490927,14465.780732772455
2026-03-03,122248.88522717539,81554.68862092026,10000,16717.07238367055,13977.124222584582
2026-03-04,124851.27255320037,82797.84012138851,10000,17425.47888031396,14627.953551497885
2026-03-05,124308.51450246088,82548.39231230432,10000,17274.61488887337,14485.50730128319
2026-03-06,121653.29799543145,81306.5978105653,10000,16533.412214399974,13813.287970466174
2026-03-09,123877.88581395503,82392.49467171139,10000,17140.148896417275,14345.242245826363
2026-03-10,123874.7413685032,82393.85167044062,10000,17143.42925968457,14337.460438378004
2026-03-11,123747.38756600361,82383.00395498936,10000,17127.029957448172,14237.35365356608
2026-03-12,120753.2004656129,80969.03610228925,10000,16300.556627060647,13483.607736263002
2026-03-13,119712.04885173697,80489.12191756497,10000,16005.386686731013,13217.54024744098
2026-03-16,121567.55391500256,81392.00598668122,10000,16507.174334220523,13668.373594100816
2026-03-17,122375.08326300913,81789.21771836551,10000,16736.75081547577,13849.114729167848
2026-03-18,119949.52143945954,80649.09882872806,10000,16061.14031374555,13239.282296985924
2026-03-19,119400.66426723928,80394.2312991095,10000,15926.674285610394,13079.758682519387
2026-03-20,116281.64242884856,78908.40870882067,10000,15070.683960803379,12302.549759224514
2026-03-23,117983.11668963575,79713.67988764051,10000,15559.352666256753,12710.08413573848
2026-03-24,116836.7255071375,79168.69595897364,10000,15247.784673916902,12420.244874246953
2026-03-25,117857.73782176207,79689.27873366202,10000,15500.318678188522,12668.140409911533
2026-03-26,113957.04273781455,77787.26297824483,10000,14463.946028122367,11705.833731447345
2026-03-27,110860.79833632294,76267.55679163798,10000,13660.4289692747,10932.812575410258
2026-03-30,109678.68979687495,75684.6182704654,10000,13368.539389987984,10625.532136421567
2026-03-31,114790.70948004762,78246.83873079579,10000,14611.530178665473,11932.340570586355
2026-04-01,116768.84716855656,79213.43554512542,10000,15119.875999012385,12435.535624418762
2026-04-02,116929.47555540017,79304.26344177574,10000,15152.674055419573,12472.53805820487
2026-04-06,117873.55220619963,79781.46362904157,10000,15405.2077974711,12686.880779686962
2026-04-07,117753.88880829833,79793.66834322205,10000,15421.607299705742,12538.613165370532
2026-04-08,122429.62395691173,82166.09929225896,10000,16684.270264075934,13579.25440057683
2026-04-09,123585.72045854943,82721.92266199463,10000,16999.116002389317,13864.681794165484
2026-04-10,123813.5559848472,82841.22270881108,10000,17067.99088281054,13904.342393225577
2026-04-13,125036.68903498093,83698.01019304631,10000,17556.66324112939,13782.015600805227
2026-04-14,128218.46120830256,85217.71637965317,10000,18458.559487785325,14542.185340864056
2026-04-15,130805.07422186705,86410.71684781772,10000,19193.182424494655,15201.174949554663
2026-04-16,131706.88954768924,86826.90173856361,10000,19449.001746497168,15430.986062628454
2026-04-17,134196.69366018177,87962.95790639588,10000,20157.37351505496,16076.362238730935
2026-04-20,133541.68764746754,87683.68922279884,10000,19990.16907208854,15867.829352580158
2026-04-21,132791.8401301765,87350.19851071044,10000,19767.156947183696,15674.48467228236
2026-04-22,135990.1879345444,88811.61167263829,10000,20688.739118908066,16489.83714299805
2026-04-23,134854.81354575692,88311.3673301232,10000,20364.055451571345,16179.390764062351
2026-04-24,138607.43521426458,90000.5411446152,10000,21459.460651147656,17147.433418501732
2026-04-27,138675.17014439692,90047.98645384294,10000,21485.698991580884,17141.4846989731
2026-04-28,136617.21180252355,89142.39666165074,10000,20862.564260163697,16612.25088070912
2026-04-29,137842.49486431252,89687.38059031763,10000,21229.88587951868,16925.228394476228
2026-04-30,139714.5006374839,90523.82964237954,10000,21780.86893409473,17409.802061009636
2026-05-01,141667.34081526645,91392.82184079525,10000,22358.089872741624,17916.429101729565
2026-05-04,141188.9721258443,91220.64848983417,10000,22230.18331562418,17738.14032038596
2026-05-05,144098.25684929593,92404.1499668942,10000,23024.375898418275,18669.730983983452
2026-05-06,148919.91470714594,94323.79015702628,10000,24331.805213115233,20264.319337004432
2026-05-07,148639.71878228564,94211.26682947342,10000,24278.07062404811,20150.381328764106
2026-05-08,154224.76765178225,96419.6581455421,10000,25767.572223222698,22037.537283017486
2026-05-11,154951.73325462884,96698.92682913913,10000,26012.582910111658,22240.223515378046
2026-05-12,152856.88895534916,95878.74521306287,10000,25429.628000038734,21548.51574224759
2026-05-13,155264.57120003918,96891.43861227353,10000,26120.019321495492,22253.113266270153
2026-05-14,157057.7793984888,97580.11546735285,10000,26657.638220780904,22820.025710355058
2026-05-15,153270.7247464558,96107.85458997374,10000,25584.628916178917,21578.241240303156
2026-05-18,152197.9193760679,95694.3754223038,10000,25297.76715535566,21205.77679840846
2026-05-19,150675.66414996103,95104.66018186763,10000,24864.9930490396,20706.010919053802
2026-05-20,154729.10517134905,96679.95367007754,10000,25996.17475816822,22052.976743103292
2026-05-21,155208.65938891572,96864.3234608366,10000,26144.820938800156,22199.514989278952
2026-05-22,156231.9942970546,97275.0886310481,10000,26436.918026697545,22519.98763930896
2026-05-26,160761.32083673638,99002.22531242827,10000,27752.652192373716,24006.443331934403
2026-05-27,160468.85294668333,98889.70198487543,10000,27689.536047266218,23889.614914541697
2026-05-28,162618.8685271999,99723.4370394789,10000,28323.06485597322,24572.366631747773
2026-05-29,163588.0257390397,100090.82789665031,10000,28611.798294142955,24885.399548246438
2026-06-01,165224.02622096566,100691.39085253776,10000,29138.655342913193,25393.980025514695
2026-06-02,166550.10969912278,101155.02932689388,10000,29530.56708213279,25864.513290096118
2026-06-03,165813.8556202023,100890.67935493577,10000,29351.67810763256,25571.498157633956
2026-06-04,164384.20719893297,100402.63145221867,10000,28929.839858852225,25051.735887862065
2026-06-05,151254.66717437113,95583.20909348017,10000,24940.201838331257,20731.256242559728
2026-06-08,155221.98949239327,97075.8084030326,10000,25996.250399268203,22149.93069009247
2026-06-09,152325.00498718675,95958.73366864442,10000,25288.767419502485,21077.50389903983
2026-06-10,147364.72845547454,94041.80747597078,10000,23967.43247890399,19355.488500599775
2026-06-11,155674.1532106465,97218.15260509831,10000,25923.911191505907,22532.089414042286
2026-06-12,157229.11369892478,97790.25168520212,10000,26362.04884272942,23076.81317099323
2026-06-15,165310.8767378084,100862.20720476963,10000,28182.6398550429,26266.029677995895
2026-06-16,160348.96783063342,98945.28101209599,10000,27045.49483505269,24358.19198348474
2026-06-17,157746.98097748047,97948.86332325348,10000,26441.500390390214,23356.617263836797
2026-06-18,164109.71413062728,100403.98845094789,10000,27841.39910259838,25864.32657708103
2026-06-22,163435.50418662722,100042.02558869336,10000,27945.761611310016,25447.71698662387
2026-06-23,154793.4112688042,96747.73741147859,10000,25645.934261364444,22399.739595961142
2026-06-24,153645.6207530574,96336.9639668846,10000,25319.809831336064,21988.846954836703
2026-06-25,155651.19930007347,97117.83399172596,10000,25838.066396986487,22695.298911361013
2026-06-26,152127.4639066887,95781.14059714894,10000,24897.222449879562,21449.10085966019
2026-06-29,158542.57274378577,98161.7052641787,10000,26607.425764159896,23773.441715447167
2026-06-30,163050.50141396996,99831.89764522659,10000,27767.41626525151,25451.18750349185
2026-07-01,159016.1371371826,98309.46918677879,10000,26734.325842743532,23972.342107660294
2026-07-02,154520.8795791118,96605.38493503038,10000,25436.595055984748,22478.89958809666
2026-07-06,158126.62715276124,97990.88891194684,10000,26454.199258177505,23681.53898263691
2026-07-07,153367.1474329617,96175.6383313748,10000,25084.842286048613,22106.666815538305
2026-07-08,154017.97642006946,96448.13029570824,10000,25245.687140749425,22324.158983611796
2026-07-09,158252.6555966765,98053.25293281351,10000,26432.933960341496,23766.468703521467
2026-07-10,159036.75050132663,98355.5657716598,10000,26659.24343636595,24021.94129330089
2026-07-13,154092.60908248083,96488.79888567237,10000,25219.47270764034,22384.33748916814
2026-07-14,156796.8255807848,97566.56202882563,10000,25894.67932165384,23335.584230305318
2026-07-15,156163.87927277634,97302.20378248503,10000,25771.089649605143,23090.585840686155
2026-07-16,152154.63324249937,95702.50914029662,10000,24732.228546372993,21719.895555829753
2026-07-17,148558.54484290566,94264.14013361804,10000,23782.0875948538,20512.317114433827
2026-07-20,148773.87024990932,94363.10174826118,10000,23856.647774436933,20554.120727211197
2026-07-21,153187.97721360176,96113.27431050812,10000,24988.58982403942,22086.113079054237
2026-07-22,151952.17358618585,95622.52068471508,10000,24677.894187629943,21651.758713840838
2026-07-23,147410.23603535208,93807.27837852553,10000,23458.783086408614,20144.17457041793
2026-07-24,144773.98189226535,92759.33610988513,10000,22736.083095097194,19278.562687283036
2026-07-27,144042.78925041566,92473.29070702447,10000,22559.712654508712,19009.78588888249
2026-07-28,141821.1445857402,91574.47763409589,10000,21965.653268741255,18281.013682903063
2026-07-29,137282.8835238407,89709.06774683765,10000,20723.065916359836,16850.74986064322
2026-07-30,144546.8317132372,92667.15121450559,10000,22532.510363080943,19347.170135650646
2026-07-31,146069.26411995152,93269.07116912225,10000,22964.051673470633,19836.141277358623
2026-08-03,150170.75159186753,94906.72867819884,10000,24057.510817613318,21206.51209605537
2026-08-04,158202.0803366456,98130.51911655412,10000,26238.49712298592,23833.06409710554
2026-08-05,155962.65653544327,97242.55375907679,10000,25633.852426111116,23086.25035025535
2026-08-06,155054.78105462375,96883.3048942807,10000,25387.38488929659,22784.091271046454
2026-08-07,157887.1605020209,98019.36106211298,10000,26178.806194202796,23688.99324570515
2026-08-10,157135.94686317837,97726.53066560623,10000,25985.928130604865,23423.488066967264
2026-08-11,156287.9607304293,97398.45967405222,10000,25745.88034566719,23143.6207107099
2026-08-12,158074.1733627615,98110.18895876329,10000,26251.356675680672,23712.62772831753
