date,equity,openValue,availableCash,openContracts,qqqAdjClose,qqqRsi,qqqIv,vixClose,vixMean,vixStd,vixThreshold
2012-01-03,20000,0,20000,0,50.312576,56.593574,0.285384,22.969999,24.197707,8.12406,40.445828
2012-01-04,20000,0,20000,0,50.524796,57.817268,0.285423,22.219999,24.189921,8.108938,40.407798
2012-01-05,20000,0,20000,0,50.940353,60.184303,0.285412,21.48,24.179294,8.094739,40.368773
2012-01-06,20000,0,20000,0,51.117214,61.182648,0.285416,20.629999,24.16543,8.081897,40.329223
2012-01-09,20000,0,20000,0,50.949203,59.65246,0.285443,21.07,24.153385,8.068407,40.290199
2012-01-10,20000,0,20000,0,51.320591,61.919673,0.285538,20.690001,24.139961,8.055581,40.251122
2012-01-11,20000,0,20000,0,51.426685,62.566788,0.285543,21.049999,24.128031,8.042246,40.212523
2012-01-12,20000,0,20000,0,51.630051,63.835415,0.285458,20.469999,24.113961,8.029911,40.173783
2012-01-13,20000,0,20000,0,51.444382,61.776918,0.285494,20.91,24.101686,8.016907,40.1355
2012-01-17,20000,0,20000,0,51.91301,64.857253,0.285562,22.200001,24.094427,8.002397,40.099221
2012-01-18,20000,0,20000,0,52.602711,68.837596,0.285974,20.889999,24.082243,7.989554,40.061352
2012-01-19,20000,0,20000,0,52.929878,70.542035,0.285719,19.870001,24.066288,7.978563,40.023415
2012-01-20,20000,0,20000,0,52.850292,69.545549,0.28559,18.280001,24.044453,7.971367,39.987187
2012-01-23,20000,0,20000,0,52.867985,69.648196,0.285428,18.67,24.024248,7.963134,39.950515
2012-01-24,20000,0,20000,0,52.77071,68.28544,0.284981,18.91,24.005094,7.954311,39.913716
2012-01-25,20000,0,20000,0,53.43388,72.269091,0.285356,18.309999,23.983843,7.94702,39.877882
2012-01-26,20000,0,20000,0,53.248192,69.631707,0.285328,18.57,23.963717,7.939044,39.841806
2012-01-27,20000,0,20000,0,53.407379,70.621534,0.285259,18.530001,23.943593,7.931171,39.805934
2012-01-30,20000,0,20000,0,53.451588,70.905154,0.283543,19.4,23.926827,7.92128,39.769386
2012-01-31,20000,0,20000,0,53.522301,71.38108,0.283494,19.440001,23.910331,7.91133,39.732992
2012-02-01,20000,0,20000,0,53.955582,74.169226,0.282796,18.549999,23.890696,7.903435,39.697567
2012-02-02,20000,0,20000,0,54.123592,75.179022,0.282807,17.98,23.869124,7.897024,39.663172
2012-02-03,20000,0,20000,0,54.866341,79.073746,0.283253,17.1,23.844509,7.893162,39.630834
2012-02-06,20000,0,20000,0,54.822121,78.286148,0.283186,17.76,23.822464,7.887306,39.597075
2012-02-07,20000,0,20000,0,54.937069,78.875174,0.283146,17.65,23.80018,7.881734,39.563649
2012-02-08,20000,0,20000,0,55.228882,80.333675,0.283109,18.16,23.779892,7.874764,39.529419
2012-02-09,20000,0,20000,0,55.626759,82.143887,0.283217,18.629999,23.761434,7.866632,39.494697
2012-02-10,20000,0,20000,0,55.237709,74.885427,0.283352,20.790001,23.750821,7.854529,39.459879
2012-02-13,20000,0,20000,0,55.750565,77.684708,0.283434,19.040001,23.734057,7.845525,39.425107
2012-02-14,20000,0,20000,0,55.892036,78.399922,0.283435,19.540001,23.719184,7.835534,39.390252
2012-02-15,20000,0,20000,0,55.502979,71.603283,0.283564,21.139999,23.710071,7.823131,39.356333
2012-02-16,20000,0,20000,0,56.26342,75.985457,0.283917,19.219999,23.694261,7.813841,39.321943
2012-02-17,20000,0,20000,0,56.086582,73.158113,0.283947,17.780001,23.673509,7.807936,39.28938
2012-02-21,20000,0,20000,0,56.245728,74.092396,0.283946,18.190001,23.654336,7.800967,39.25627
2012-02-22,20000,0,20000,0,55.989292,69.872144,0.281744,18.190001,23.635296,7.793994,39.223284
2012-02-23,20000,0,20000,0,56.360672,72.330221,0.281643,16.799999,23.611562,7.790822,39.193207
2012-02-24,20000,0,20000,0,56.555214,73.547724,0.281607,17.309999,23.589758,7.786113,39.161985
2012-02-27,20000,0,20000,0,56.634789,74.050687,0.281153,18.190001,23.571138,7.779096,39.12933
2012-02-28,20000,0,20000,0,57.209541,77.394073,0.281385,17.959999,23.551856,7.772635,39.097126
2012-02-29,20000,0,20000,0,56.953114,72.882259,0.280728,18.43,23.534315,7.765056,39.064427
2012-03-01,20000,0,20000,0,57.404064,75.578532,0.28081,17.26,23.512901,7.76041,39.03372
2012-03-02,20000,0,20000,0,57.359852,74.793346,0.279875,17.290001,23.491735,7.755652,39.003038
2012-03-05,20000,0,20000,0,56.767414,65.042249,0.280097,18.049999,23.473288,7.74893,38.971149
2012-03-06,20000,0,20000,0,56.210358,57.456926,0.279866,20.870001,23.464493,7.737265,38.939023
2012-03-07,20000,0,20000,0,56.643635,61.242927,0.279968,19.07,23.449697,7.728392,38.906481
2012-03-08,20000,0,20000,0,57.253738,65.851309,0.280098,17.950001,23.431242,7.721945,38.875132
2012-03-09,20000,0,20000,0,57.492477,67.480764,0.279444,17.110001,23.4101,7.717641,38.845382
2012-03-12,20000,0,20000,0,57.51902,67.665495,0.279363,15.64,23.3842,7.717773,38.819747
2012-03-13,20000,0,20000,0,58.588951,74.061877,0.280135,14.8,23.355681,7.72077,38.797221
2012-03-14,20000,0,20000,0,58.792309,75.071265,0.279571,15.31,23.32904,7.721826,38.772692
2012-03-15,20000,0,20000,0,58.960323,75.905537,0.277928,15.42,23.302937,7.722409,38.747756
2012-03-16,20000,0,20000,0,58.918671,75.233337,0.277753,14.47,23.273882,7.726282,38.726446
2012-03-19,20000,0,20000,0,59.334961,77.388556,0.277828,15.04,23.246885,7.727959,38.702804
2012-03-20,20000,0,20000,0,59.441265,77.917025,0.27696,15.58,23.22183,7.727719,38.677268
2012-03-21,20000,0,20000,0,59.450108,77.963162,0.276944,15.13,23.195472,7.728892,38.653256
2012-03-22,20000,0,20000,0,59.326096,75.5783,0.276905,15.57,23.170714,7.728517,38.627749
2012-03-23,20000,0,20000,0,59.290688,74.874048,0.276165,14.82,23.143689,7.730571,38.604831
2012-03-26,20000,0,20000,0,60.327007,80.57826,0.276877,14.26,23.115032,7.734527,38.584086
2012-03-27,20000,0,20000,0,60.415581,80.975794,0.276777,15.59,23.090836,7.733822,38.55848
2012-03-28,20000,0,20000,0,60.176407,76.426689,0.276627,15.47,23.06641,7.733423,38.533256
2012-03-29,20000,0,20000,0,59.946133,72.219963,0.276639,15.48,23.042172,7.732918,38.508009
2012-03-30,20000,0,20000,0,59.830982,70.140863,0.276656,15.5,23.018153,7.732279,38.48271
2012-04-02,20000,0,20000,0,60.450989,74.412221,0.276897,15.64,22.99473,7.731141,38.457012
2012-04-03,20000,0,20000,0,60.433289,74.086389,0.276857,15.66,22.971519,7.72988,38.431279
2012-04-04,20000,0,20000,0,59.60957,60.753951,0.277371,16.440001,22.950915,7.726353,38.403621
2012-04-05,20000,0,20000,0,59.981544,63.91223,0.277443,16.700001,22.931258,7.722117,38.375492
2012-04-09,20000,0,20000,0,59.529842,57.826602,0.277615,18.809999,22.918339,7.713418,38.345174
2012-04-10,20000,0,20000,0,58.573238,47.509327,0.278279,20.389999,22.910437,7.702615,38.315668
2012-04-11,20000,0,20000,0,58.856693,50.336862,0.278283,20.02,22.901433,7.692262,38.285958
2012-04-12,20000,0,20000,0,59.529842,56.350254,0.278429,17.200001,22.883727,7.686841,38.257408
2012-04-13,20000,0,20000,0,58.626381,47.957164,0.278934,19.549999,22.873406,7.677137,38.227679
2012-04-16,20000,0,20000,0,57.970955,42.958295,0.279284,19.549999,22.863148,7.667467,38.198081
2012-04-17,20000,0,20000,0,59.148972,52.534781,0.280248,18.459999,22.8496,7.65952,38.16864
2012-04-18,20000,0,20000,0,58.998413,51.348254,0.280119,18.639999,22.836687,7.65128,38.139247
2012-04-19,20000,0,20000,0,58.334099,46.371614,0.280411,18.360001,22.822997,7.643546,38.110089
2012-04-20,20000,0,20000,0,58.174667,45.238423,0.279215,17.440001,22.806585,7.637635,38.081856
2012-04-23,20000,0,20000,0,57.643238,41.590072,0.279316,18.969999,22.794924,7.628917,38.052757
2012-04-24,20000,0,20000,0,57.333229,39.584545,0.279393,18.1,22.780697,7.621697,38.024091
2012-04-25,20000,0,20000,0,58.856693,51.867881,0.281034,16.82,22.762689,7.617189,37.997067
2012-04-26,20000,0,20000,0,59.202122,54.1444,0.281006,16.24,22.743042,7.614094,37.97123
2012-04-27,20000,0,20000,0,59.556404,56.421014,0.281072,16.32,22.723754,7.610762,37.945278
2012-04-30,20000,0,20000,0,59.131252,53.019209,0.281219,17.15,22.707066,7.605443,37.917952
2012-05-01,20000,0,20000,0,59.228661,53.70788,0.281208,16.6,22.688836,7.601376,37.891588
2012-05-02,20000,0,20000,0,59.39698,54.937115,0.281148,16.879999,22.671548,7.596635,37.864817
2012-05-03,20000,0,20000,0,58.768093,49.634019,0.281459,17.559999,22.65638,7.590431,37.837241
2012-05-04,20000,0,20000,0,57.30666,39.976611,0.283056,19.16,22.646035,7.581546,37.809128
2012-05-07,20000,0,20000,0,57.359806,40.430536,0.283037,18.940001,22.635103,7.572998,37.781099
2012-05-08,20000,0,20000,0,57.147228,39.155036,0.283052,19.049999,22.624559,7.564319,37.753198
2012-05-09,20000,0,20000,0,56.970081,38.076999,0.282916,20.08,22.617097,7.554444,37.725985
2012-05-10,20000,0,20000,0,56.854939,37.357042,0.282781,18.83,22.606023,7.546138,37.6983
2012-05-11,20000,0,20000,0,56.846066,37.298516,0.282702,19.889999,22.598105,7.536525,37.671154
2012-05-14,20000,0,20000,0,56.314636,33.875373,0.28256,21.870001,22.595988,7.525633,37.647254
2012-05-15,20000,0,20000,0,56.128647,32.742774,0.281779,21.969999,22.594174,7.514762,37.623698
2012-05-16,20000,0,20000,0,55.747757,30.494208,0.281899,22.27,22.593237,7.503883,37.601004
2012-05-17,20000,0,20000,0,54.569744,24.817641,0.28294,24.49,22.598703,7.493724,37.58615
2012-05-18,20000,0,20000,0,53.86116,22.147034,0.283375,25.1,22.605891,7.484119,37.574129
2012-05-21,20000,0,20000,0,55.36692,37.530856,0.285111,22.01,22.604183,7.473426,37.551036
2012-05-22,20000,0,20000,0,55.304905,37.204781,0.284531,22.48,22.603829,7.462715,37.529258
2012-05-23,20000,0,20000,0,55.411213,38.196058,0.284426,22.33,22.603048,7.452061,37.507169
2012-05-24,20000,0,20000,0,55.048054,36.099598,0.28452,21.540001,22.600028,7.441653,37.483335
2012-05-25,20000,0,20000,0,54.9772,35.688028,0.284442,21.76,22.597649,7.43121,37.460068
2012-05-29,20000,0,20000,0,55.676914,42.642608,0.284769,21.030001,22.59322,7.421144,37.435509
2012-05-30,20000,0,20000,0,55.20747,39.552321,0.284339,24.139999,22.597577,7.41111,37.419797
2012-05-31,20000,0,20000,0,54.968327,38.039965,0.283123,24.059999,22.601685,7.40107,37.403825
2012-06-01,20000,0,20000,0,53.506886,30.391954,0.285006,26.66,22.613053,7.393788,37.40063
2012-06-04,20000,0,20000,0,53.914307,34.354379,0.284535,26.120001,22.622849,7.385752,37.394352
2012-06-05,20000,0,20000,0,54.135754,36.471196,0.284384,24.68,22.628579,7.376228,37.381036
2012-06-06,20000,0,20000,0,55.375763,46.813528,0.285622,22.16,22.627278,7.365989,37.359256
2012-06-07,20000,0,20000,0,55.154312,45.39229,0.285524,21.719999,22.624765,7.355906,37.336577
2012-06-08,20000,0,20000,0,55.68578,49.365369,0.285728,21.23,22.620912,7.346077,37.313065
2012-06-11,20000,0,20000,0,54.746914,43.363226,0.285861,23.559999,22.623499,7.336089,37.295677
2012-06-12,20000,0,20000,0,55.411213,48.165508,0.286195,22.09,22.622033,7.326031,37.274094
2012-06-13,20000,0,20000,0,55.030331,45.769244,0.285959,24.27,22.626548,7.316469,37.259486
2012-06-14,20000,0,20000,0,55.234055,47.280052,0.285001,21.68,22.623962,7.306607,37.237176
2012-06-15,20000,0,20000,0,55.920288,52.118906,0.285299,21.110001,22.619836,7.297046,37.213929
2012-06-18,20000,0,20000,0,56.444061,55.477827,0.285451,18.32,22.608152,7.290545,37.189241
2012-06-19,20000,0,20000,0,57.029976,58.947225,0.285634,18.379999,22.596694,7.283959,37.164611
2012-06-20,20000,0,20000,0,57.074379,59.206661,0.284564,17.24,22.582216,7.279411,37.141038
2012-06-21,20000,0,20000,0,55.653942,48.621254,0.286094,20.08,22.575472,7.270728,37.116927
2012-06-22,20000,0,20000,0,56.239887,52.401741,0.286151,18.110001,22.563468,7.264613,37.092693
2012-06-25,20000,0,20000,0,55.156807,45.706978,0.286339,20.379999,22.557614,7.255723,37.069059
2012-06-26,20000,0,20000,0,55.503033,47.994283,0.285828,19.719999,22.550027,7.247475,37.044978
2012-06-27,20000,0,20000,0,55.840385,50.195962,0.285394,19.450001,22.54176,7.23955,37.02086
2012-06-28,20000,0,20000,0,55.21896,46.306954,0.285704,19.709999,22.534229,7.231366,36.99696
2012-06-29,20000,0,20000,0,56.958984,56.475421,0.287648,17.08,22.519761,7.227204,36.97417
2012-07-02,20000,0,20000,0,57.127655,57.319219,0.287136,16.799999,22.50463,7.223606,36.951841
2012-07-03,20000,0,20000,0,57.60704,59.709956,0.287241,16.66,22.489208,7.220289,36.929786
2012-07-05,20000,0,20000,0,57.642548,59.889172,0.287221,17.5,22.476079,7.215298,36.906675
2012-07-06,20000,0,20000,0,56.923443,54.592835,0.287205,17.1,22.461968,7.21106,36.884088
2012-07-09,20000,0,20000,0,56.81694,53.833502,0.287194,17.98,22.450236,7.20524,36.860716
2012-07-10,20000,0,20000,0,56.257648,49.907707,0.286582,18.719999,22.440496,7.198327,36.83715
2012-07-11,20000,0,20000,0,55.946918,47.821177,0.286509,17.950001,22.428802,7.192575,36.813952
2012-07-12,20000,0,20000,0,55.423138,44.447847,0.286714,18.33,22.418156,7.18624,36.790636
2012-07-13,20000,0,20000,0,56.26651,50.502339,0.286891,16.74,22.403446,7.182718,36.768882
2012-07-16,20000,0,20000,0,56.106716,49.403683,0.286505,17.110001,22.389767,7.178453,36.746674
2012-07-17,20000,0,20000,0,56.399681,51.487428,0.286479,16.48,22.374536,7.175448,36.725431
2012-07-18,20000,0,20000,0,57.163158,56.513673,0.285674,16.16,22.35856,7.173119,36.704798
2012-07-19,20000,0,20000,0,57.79348,60.181624,0.2859,15.45,22.340846,7.172429,36.685705
2012-07-20,20000,0,20000,0,57.029976,54.216293,0.286277,16.27,22.32532,7.169804,36.664928
2012-07-23,20000,0,20000,0,56.337551,49.430926,0.286424,18.620001,22.315867,7.163075,36.642017
2012-07-24,20000,0,20000,0,55.893654,46.59177,0.28658,20.469999,22.31117,7.154538,36.620247
2012-07-25,20000,0,20000,0,55.520802,44.290638,0.286689,19.34,22.303629,7.146998,36.597625
2012-07-26,20000,0,20000,0,56.257648,49.589454,0.285337,17.530001,22.291544,7.141962,36.575469
2012-07-27,20000,0,20000,0,57.589283,57.463605,0.286666,16.700001,22.277424,7.138448,36.554321
2012-07-30,20000,0,20000,0,57.54491,57.143301,0.286634,18.030001,22.266725,7.132616,36.531957
2012-07-31,20000,0,20000,0,57.527138,57.00624,0.286569,18.93,22.258342,7.12559,36.509522
2012-08-01,20000,0,20000,0,57.358467,55.642207,0.284869,18.959999,22.250075,7.118548,36.487171
2012-08-02,20000,0,20000,0,57.154289,53.959066,0.284707,17.57,22.238375,7.113472,36.465319
2012-08-03,20000,0,20000,0,58.237343,60.742703,0.279582,15.64,22.22192,7.112212,36.446343
2012-08-06,20000,0,20000,0,58.681244,63.13986,0.279569,15.95,22.206318,7.110222,36.426763
2012-08-07,20000,0,20000,0,59.169506,65.626171,0.26923,15.99,22.190893,7.108122,36.407136
2012-08-08,20000,0,20000,0,59.142864,65.367079,0.263477,15.32,22.173886,7.107522,36.388931
2012-08-09,20000,0,20000,0,59.320431,66.321438,0.25841,15.28,22.156864,7.106981,36.370826
2012-08-10,20000,0,20000,0,59.355919,66.520008,0.253413,14.74,22.138596,7.107739,36.354074
2012-08-13,20000,0,20000,0,59.497986,67.349934,0.253242,13.7,22.117862,7.111293,36.340448
2012-08-14,20000,0,20000,0,59.524609,67.512458,0.252703,14.85,22.100049,7.111659,36.323368
2012-08-15,20000,0,20000,0,59.675529,68.470596,0.252458,14.63,22.081785,7.112536,36.306858
2012-08-16,20000,0,20000,0,60.385757,72.570409,0.252661,14.29,22.06278,7.114251,36.291282
2012-08-17,20000,0,20000,0,60.652069,73.938828,0.24501,13.45,22.041825,7.118259,36.278342
2012-08-20,20000,0,20000,0,60.740841,74.397344,0.24389,14.02,22.022354,7.12057,36.263493
2012-08-21,20000,0,20000,0,60.501194,70.777124,0.243955,15.02,22.005399,7.120265,36.245929
2012-08-22,20000,0,20000,0,60.749725,72.283423,0.239379,15.11,21.988744,7.119709,36.228163
2012-08-23,20000,0,20000,0,60.252575,65.059244,0.239503,15.96,21.974217,7.117261,36.208738
2012-08-24,20000,0,20000,0,60.625431,67.66904,0.23865,15.18,21.957885,7.116481,36.190847
2012-08-27,20000,0,20000,0,60.723099,68.336203,0.236945,16.35,21.944436,7.113226,36.170888
2012-08-28,20000,0,20000,0,60.723099,68.336203,0.234798,16.49,21.931388,7.109699,36.150785
2012-08-29,20000,0,20000,0,60.723099,68.336203,0.234702,17.059999,21.919761,7.105176,36.130113
2012-08-30,20000,0,20000,0,60.110519,58.826792,0.235074,17.83,21.910024,7.099497,36.109018
2012-08-31,20000,0,20000,0,60.510048,62.492754,0.234867,17.469999,21.899477,7.094342,36.08816
2012-09-04,20000,0,20000,0,60.447891,61.574217,0.232993,17.98,21.89019,7.088479,36.067148
2012-09-05,20000,0,20000,0,60.385757,60.615097,0.233004,17.74,21.880378,7.082951,36.046279
2012-09-06,20000,0,20000,0,61.726269,71.081138,0.232576,15.6,21.865566,7.081145,36.027856
2012-09-07,20000,0,20000,0,61.637486,69.758936,0.232498,14.38,21.847953,7.082104,36.012161
2012-09-10,20000,0,20000,0,60.84737,59.204352,0.231378,16.280001,21.834883,7.078909,35.992701
2012-09-11,20000,0,20000,0,60.749725,58.035714,0.230972,16.41,21.822178,7.075468,35.973114
2012-09-12,20000,0,20000,0,60.92725,59.597178,0.230509,15.8,21.808107,7.07317,35.954448
2012-09-13,20000,0,20000,0,61.752907,65.944189,0.23045,14.05,21.790023,7.074825,35.939673
2012-09-14,20000,0,20000,0,62.303318,69.395722,0.230053,14.51,21.773093,7.07529,35.923673
2012-09-17,20000,0,20000,0,62.329948,69.556487,0.229841,14.59,21.756427,7.075523,35.907472
2012-09-18,20000,0,20000,0,62.383228,69.897197,0.22984,14.18,21.738889,7.076704,35.892297
2012-09-19,20000,0,20000,0,62.498638,70.663093,0.229754,13.88,21.720739,7.078591,35.877922
2012-09-20,20000,0,20000,0,62.436481,69.635496,0.228688,14.07,21.703111,7.079944,35.862998
2012-09-21,20000,0,20000,0,62.454296,69.771179,0.224987,13.98,21.685356,7.081471,35.848298
2012-09-24,20000,0,20000,0,62.089279,63.509135,0.224851,14.15,21.668073,7.082526,35.833126
2012-09-25,20000,0,20000,0,61.216801,51.590286,0.225229,15.43,21.653799,7.08069,35.815179
2012-09-26,20000,0,20000,0,60.718208,46.248666,0.225208,16.809999,21.64274,7.07637,35.79548
2012-09-27,20000,0,20000,0,61.555088,54.722658,0.224924,14.84,21.627244,7.07574,35.778725
2012-09-28,20000,0,20000,0,61.047623,49.614808,0.224658,15.73,21.613841,7.073266,35.760374
2012-10-01,20000,0,20000,0,60.958576,48.754837,0.222288,16.32,21.601837,7.06972,35.741276
2012-10-02,20000,0,20000,0,61.136669,50.599096,0.219877,15.71,21.588507,7.067258,35.723023
2012-10-03,20000,0,20000,0,61.528358,54.479326,0.218759,15.43,21.574605,7.065321,35.705246
2012-10-04,20000,0,20000,0,61.742046,56.487315,0.216828,14.55,21.558784,7.065211,35.689206
2012-10-05,20000,0,20000,0,61.412636,52.632952,0.216146,14.33,21.542539,7.065565,35.67367
2012-10-08,20000,0,20000,0,60.851727,46.779679,0.216297,15.11,21.528117,7.064191,35.656499
2012-10-09,20000,0,20000,0,59.881332,38.750694,0.213572,16.370001,21.516577,7.060484,35.637545
2012-10-10,20000,0,20000,0,59.578625,36.63819,0.213564,16.290001,21.504911,7.056903,35.618718
2012-10-11,20000,0,20000,0,59.391682,35.356287,0.213553,15.59,21.491737,7.054548,35.600833
2012-10-12,20000,0,20000,0,59.364964,35.166906,0.213314,16.139999,21.479844,7.051202,35.582249
2012-10-15,20000,0,20000,0,59.801205,40.747518,0.212396,15.27,21.466075,7.04943,35.564936
2012-10-16,20000,0,20000,0,60.646999,49.774321,0.212104,15.22,21.452257,7.047737,35.54773
2012-10-17,20000,0,20000,0,60.611378,49.432754,0.21165,15.07,21.438168,7.04632,35.530807
2012-10-18,20000,0,20000,0,59.908039,43.138165,0.210777,15.03,21.424053,7.044961,35.513974
2012-10-19,20000,0,20000,0,58.47467,33.715727,0.212784,17.059999,21.414462,7.040171,35.494803
2012-10-22,20000,0,20000,0,58.777355,36.852445,0.212377,16.620001,21.403947,7.036013,35.475974
2012-10-23,20000,0,20000,0,58.216473,33.672589,0.211361,18.83,21.398315,7.029326,35.456966
2012-10-24,20000,0,20000,0,58.011711,32.567772,0.209993,18.33,21.391616,7.023094,35.437804
2012-10-25,20000,0,20000,0,58.011711,32.567772,0.209983,18.120001,21.384488,7.017085,35.418657
2012-10-26,20000,0,20000,0,58.180862,34.622886,0.207533,17.809999,21.376717,7.011418,35.399553
2012-10-31,20000,0,20000,0,57.82473,32.385022,0.20768,18.6,21.370694,7.004986,35.380667
2012-11-01,20000,0,20000,0,58.643818,41.715929,0.207264,16.690001,21.360563,7.000772,35.362107
2012-11-02,20000,0,20000,0,58.020611,37.478086,0.205156,17.59,21.352419,6.995387,35.343192
2012-11-05,20000,0,20000,0,58.403431,41.415174,0.205064,18.42,21.346099,6.989154,35.324407
2012-11-06,20000,0,20000,0,58.510273,42.503396,0.203661,17.58,21.338,6.983803,35.305606
2012-11-07,20000,0,20000,0,57.130306,33.776532,0.205644,19.08,21.333154,6.977073,35.287301
2012-11-08,20000,0,20000,0,56.231102,29.52283,0.206418,18.49,21.327066,6.970825,35.268716
2012-11-09,20000,0,20000,0,56.471493,31.988738,0.20604,18.610001,21.321261,6.96449,35.250241
2012-11-12,20000,0,20000,0,56.462582,31.944119,0.201392,16.68,21.311365,6.960346,35.232056
2012-11-13,20000,0,20000,0,56.070858,29.965445,0.201587,16.65,21.301447,6.956245,35.213937
2012-11-14,20000,0,20000,0,55.412041,26.942744,0.200923,17.92,21.294267,6.950587,35.195442
2012-11-15,20000,0,20000,0,55.225079,26.136989,0.200817,17.99,21.287267,6.94487,35.177008
2012-11-16,20000,0,20000,0,55.465466,29.074021,0.200459,16.41,21.276956,6.941133,35.159222
2012-11-19,20000,0,20000,0,56.783108,42.557108,0.20133,15.24,21.264219,6.939334,35.142888
2012-11-20,20000,0,20000,0,56.800903,42.715495,0.199209,15.08,21.2512,6.937816,35.126831
2012-11-21,20000,0,20000,0,56.916653,43.800931,0.198965,15.31,21.238718,6.935857,35.110432
2012-11-23,20000,0,20000,0,57.780235,51.226373,0.198262,15.14,21.225933,6.934192,35.094317
2012-11-26,20000,0,20000,0,58.029514,53.150632,0.198285,15.5,21.213954,6.931869,35.077692
2012-11-27,20000,0,20000,0,57.833664,51.433713,0.196306,15.92,21.202902,6.928838,35.060577
2012-11-28,20000,0,20000,0,58.332218,55.384634,0.196254,15.51,21.191042,6.926477,35.043996
2012-11-29,20000,0,20000,0,58.679424,57.950222,0.192207,15.06,21.178295,6.924903,35.028101
2012-11-30,20000,0,20000,0,58.58149,56.955341,0.192045,15.87,21.167282,6.921925,35.011132
2012-12-03,20000,0,20000,0,58.465771,55.737707,0.187249,16.639999,21.157909,6.917809,34.993526
2012-12-04,20000,0,20000,0,58.430134,55.345294,0.187104,17.120001,21.149566,6.913081,34.975727
2012-12-05,20000,0,20000,0,57.780235,48.622332,0.187594,16.459999,21.139897,6.909217,34.958332
2012-12-06,20000,0,20000,0,58.154156,52.218639,0.187317,16.58,21.130514,6.905189,34.940893
2012-12-07,20000,0,20000,0,57.806938,48.802529,0.187439,15.9,21.119774,6.902152,34.924079
2012-12-10,20000,0,20000,0,57.976093,50.501426,0.187459,16.049999,21.109385,6.898881,34.907147
2012-12-11,20000,0,20000,0,58.732849,57.324128,0.186853,15.57,21.098057,6.89636,34.890776
2012-12-12,20000,0,20000,0,58.608215,55.956159,0.18598,15.95,21.087551,6.893229,34.874009
2012-12-13,20000,0,20000,0,58.145264,51.080037,0.185713,16.559999,21.07833,6.889222,34.856774
2012-12-14,20000,0,20000,0,57.593269,45.939627,0.185584,17,21.070041,6.884659,34.839358
2012-12-17,20000,0,20000,0,58.358917,53.004184,0.185144,16.34,21.060446,6.880957,34.82236
2012-12-18,20000,0,20000,0,59.249222,59.613235,0.185899,15.57,21.049332,6.878412,34.806156
2012-12-19,20000,0,20000,0,58.991039,57.105228,0.18593,17.360001,21.041879,6.873447,34.788772
2012-12-20,20000,0,20000,0,58.991039,57.105228,0.185487,17.67,21.035081,6.868169,34.771419
2012-12-21,20000,0,20000,0,58.370621,51.112304,0.182808,17.84,21.028652,6.862739,34.75413
2012-12-24,20000,0,20000,0,58.254246,50.05125,0.181934,17.84,21.022249,6.85732,34.736889
2012-12-26,20000,0,20000,0,57.74395,45.58277,0.182048,19.48,21.019158,6.85078,34.720718
2012-12-27,20000,0,20000,0,57.654419,44.826606,0.181814,19.469999,21.01606,6.844263,34.704585
2012-12-28,20000,0,20000,0,57.099358,40.356834,0.182192,22.719999,21.019461,6.837839,34.695138
2012-12-31,20000,0,20000,0,58.307945,51.659534,0.183235,18.02,21.013486,6.832323,34.678131
2013-01-02,20000,0,20000,0,60.161133,63.181235,0.186723,14.68,21.000895,6.831354,34.663602
2013-01-03,20000,0,20000,0,59.847794,60.553248,0.186811,14.56,20.988115,6.830587,34.64929
2013-01-04,20000,0,20000,0,59.650829,58.89492,0.185578,13.83,20.973941,6.831238,34.636417
2013-01-07,20000,0,20000,0,59.668739,59.004861,0.18553,13.79,20.959743,6.83194,34.623623
2013-01-08,20000,0,20000,0,59.552341,57.92061,0.185334,13.62,20.945266,6.832965,34.611197
2013-01-09,20000,0,20000,0,59.776161,59.463128,0.18534,13.81,20.93122,6.83356,34.598341
2013-01-10,20000,0,20000,0,60.134266,61.871414,0.185391,13.49,20.916601,6.834794,34.586189
2013-01-11,20000,0,20000,0,60.21484,62.412505,0.185222,13.36,20.901784,6.83627,34.574325
2013-01-14,20000,0,20000,0,59.946266,59.38722,0.185315,13.52,20.887339,6.837367,34.562073
2013-01-15,20000,0,20000,0,59.650829,56.162255,0.185391,13.55,20.873008,6.838366,34.549741
2013-01-16,20000,0,20000,0,59.892536,58.163922,0.185369,13.42,20.85848,6.839605,34.53769
2013-01-17,20000,0,20000,0,60.179024,60.467985,0.185157,13.57,20.8443,6.840494,34.525288
2013-01-18,20000,0,20000,0,60.044743,58.832471,0.184562,12.46,20.828019,6.843816,34.515652
2013-01-22,20000,0,20000,0,60.143257,59.693803,0.18444,12.43,20.811744,6.847157,34.506058
2013-01-23,20000,0,20000,0,60.510288,62.815329,0.184546,12.46,20.79559,6.850373,34.496336
2013-01-24,20000,0,20000,0,59.677681,52.821578,0.185352,12.69,20.779942,6.853005,34.485952
2013-01-25,20000,0,20000,0,59.982063,55.602479,0.185413,12.89,20.76474,6.855141,34.475022
2013-01-28,20000,0,20000,0,60.116394,56.812359,0.184862,13.57,20.750904,6.855798,34.462499
2013-01-29,20000,0,20000,0,60.125328,56.896489,0.184802,13.31,20.736622,6.856956,34.450534
2013-01-30,20000,0,20000,0,60.000011,55.270081,0.184803,14.32,20.724329,6.856127,34.436583
2013-01-31,20000,0,20000,0,59.865673,53.504411,0.18483,14.28,20.712008,6.85535,34.422708
2013-02-01,20000,0,20000,0,60.572937,60.63459,0.185324,12.9,20.697099,6.857291,34.411681
2013-02-04,20000,0,20000,0,59.516548,48.637257,0.186363,14.67,20.685619,6.855792,34.397204
2013-02-05,20000,0,20000,0,60.393906,56.360225,0.187118,13.72,20.672376,6.85599,34.384357
2013-02-06,20000,0,20000,0,60.196953,54.38338,0.186493,13.41,20.658596,6.856772,34.37214
2013-02-07,20000,0,20000,0,60.250671,54.848557,0.186488,13.5,20.645038,6.857344,34.359726
2013-02-08,20000,0,20000,0,60.868374,59.911,0.18685,13.02,20.630624,6.858864,34.348352
2013-02-11,20000,0,20000,0,60.886292,60.05092,0.186757,12.94,20.616113,6.860516,34.337145
2013-02-12,20000,0,20000,0,60.635612,57.050793,0.186655,12.64,20.601092,6.862775,34.326643
2013-02-13,20000,0,20000,0,60.850483,58.944175,0.186483,12.98,20.586767,6.864267,34.315301
2013-02-14,20000,0,20000,0,60.832569,58.711791,0.186179,12.66,20.571895,6.866402,34.3047
2013-02-15,20000,0,20000,0,60.6535,56.321473,0.186202,12.46,20.556704,6.868934,34.294572
2013-02-19,20000,0,20000,0,61.092186,60.55797,0.186176,12.31,20.54129,6.871755,34.284799
2013-02-20,20000,0,20000,0,60.15218,49.482715,0.186463,14.68,20.530354,6.869996,34.270346
2013-02-21,20000,0,20000,0,59.507591,43.594895,0.186889,15.22,20.520466,6.867409,34.255283
2013-02-22,20000,0,20000,0,60.107407,49.604087,0.187233,14.17,20.508662,6.866472,34.241606
2013-02-25,20000,0,20000,0,59.364342,43.431137,0.187764,18.99,20.505844,6.8604,34.226643
2013-02-26,20000,0,20000,0,59.588173,45.626183,0.187655,16.870001,20.499111,6.855818,34.210747
2013-02-27,20000,0,20000,0,60.196953,51.175372,0.187995,14.73,20.488447,6.853957,34.196361
2013-02-28,20000,0,20000,0,60.071602,50.042883,0.18801,15.51,20.479262,6.850957,34.181177
2013-03-01,20000,0,20000,0,60.322254,52.315264,0.187695,15.36,20.469834,6.848159,34.166153
2013-03-04,20000,0,20000,0,60.590866,54.693643,0.187678,14.01,20.45796,6.847454,34.152867
2013-03-05,20000,0,20000,0,61.486118,61.572936,0.188252,13.48,20.445156,6.847684,34.140524
2013-03-06,20000,0,20000,0,61.333889,59.907219,0.188277,13.53,20.432491,6.847797,34.128084
2013-03-07,20000,0,20000,0,61.495064,61.106904,0.18786,13.06,20.419013,6.848781,34.116575
2013-03-08,20000,0,20000,0,61.566677,61.655915,0.187462,12.59,20.404726,6.850686,34.106099
2013-03-11,20000,0,20000,0,61.745735,63.059991,0.18728,11.56,20.388616,6.854834,34.098284
2013-03-12,20000,0,20000,0,61.5219,60.097434,0.186922,12.27,20.373855,6.857332,34.088519
2013-03-13,20000,0,20000,0,61.44133,59.022549,0.186873,11.83,20.358348,6.860757,34.079863
2013-03-14,20000,0,20000,0,61.647243,60.945095,0.18691,11.3,20.341938,6.865363,34.072665
2013-03-15,20000,0,20000,0,61.475845,58.485378,0.18566,11.3,20.325588,6.86991,34.065408
2013-03-18,20000,0,20000,0,61.341274,56.555408,0.18564,13.36,20.313014,6.870073,34.05316
2013-03-19,20000,0,20000,0,61.224609,54.865075,0.185628,14.39,20.302342,6.868473,34.039288
2013-03-20,20000,0,20000,0,61.655342,59.65906,0.185808,12.67,20.288615,6.869912,34.028439
2013-03-21,20000,0,20000,0,60.955425,50.308301,0.186142,13.99,20.277307,6.868918,34.015142
2013-03-22,20000,0,20000,0,61.547642,56.518352,0.186485,13.57,20.265287,6.86862,34.002527
2013-03-25,20000,0,20000,0,61.323318,53.77687,0.186541,13.74,20.253614,6.86801,33.989635
2013-03-26,20000,0,20000,0,61.655342,57.094218,0.186629,12.77,20.24025,6.869148,33.978546
2013-03-27,20000,0,20000,0,61.736099,57.885909,0.186632,13.15,20.227611,6.869537,33.966686
2013-03-28,20000,0,20000,0,61.88863,59.409355,0.185504,12.7,20.214217,6.870754,33.955724
2013-04-01,20000,0,20000,0,61.466888,53.632382,0.185683,13.58,20.202433,6.87033,33.943093
2013-04-02,20000,0,20000,0,61.951443,58.612048,0.185853,12.78,20.189273,6.871337,33.931947
2013-04-03,20000,0,20000,0,61.386116,51.643492,0.186127,14.21,20.17869,6.86985,33.91839
2013-04-04,20000,0,20000,0,61.404076,51.83939,0.186111,13.89,20.167579,6.868856,33.905291
2013-04-05,20000,0,20000,0,60.892609,46.110386,0.18598,13.92,20.156561,6.867799,33.892158
2013-04-08,20000,0,20000,0,61.215622,49.877748,0.186087,13.19,20.144296,6.867963,33.880222
2013-04-09,20000,0,20000,0,61.628418,54.276888,0.185515,12.84,20.131459,6.868744,33.868946
2013-04-10,20000,0,20000,0,62.830803,64.147595,0.186798,12.36,20.117825,6.870421,33.858666
2013-04-11,20000,0,20000,0,62.803894,63.815566,0.186567,12.24,20.104028,6.872303,33.848635
2013-04-12,20000,0,20000,0,62.759075,63.228538,0.18552,12.06,20.089965,6.874516,33.838996
2013-04-15,20000,0,20000,0,61.520741,49.641159,0.187014,17.27,20.085044,6.869514,33.824072
2013-04-16,20000,0,20000,0,62.337322,56.308675,0.187184,13.96,20.074373,6.868277,33.810926
2013-04-17,20000,0,20000,0,61.116955,46.417541,0.187795,16.51,20.068174,6.863901,33.795976
2013-04-18,20000,0,20000,0,60.273445,41.050079,0.188055,17.559999,20.063819,6.858726,33.781272
2013-04-19,20000,0,20000,0,61.098969,47.454059,0.187216,14.97,20.054991,6.85605,33.767091
2013-04-22,20000,0,20000,0,61.727104,51.749224,0.187579,14.39,20.04519,6.854158,33.753506
2013-04-23,20000,0,20000,0,62.319347,55.447065,0.187401,13.48,20.033851,6.853659,33.741169
2013-04-24,20000,0,20000,0,62.292423,55.239802,0.187368,13.61,20.022776,6.852931,33.728638
2013-04-25,20000,0,20000,0,62.624447,57.356731,0.187118,13.62,20.011756,6.852171,33.716098
2013-04-26,20000,0,20000,0,62.427029,55.670782,0.187039,13.61,20.000756,6.851413,33.703582
2013-04-29,20000,0,20000,0,63.00132,59.408644,0.184731,13.71,19.989966,6.85048,33.690926
2013-04-30,20000,0,20000,0,63.458923,62.147503,0.184799,13.52,19.978887,6.849837,33.67856
2013-05-01,20000,0,20000,0,63.162834,59.356733,0.184766,14.49,19.969504,6.847731,33.664966
2013-05-02,20000,0,20000,0,63.961479,64.046559,0.18514,13.59,19.958618,6.846949,33.652516
2013-05-03,20000,0,20000,0,64.715187,67.820392,0.185639,12.85,19.946508,6.847394,33.641295
2013-05-06,20000,0,20000,0,64.966454,68.989014,0.185663,12.66,19.934116,6.848154,33.630424
2013-05-07,20000,0,20000,0,64.930557,68.605702,0.185193,12.83,19.922054,6.848587,33.619229
2013-05-08,20000,0,20000,0,65.244621,70.16747,0.182685,12.66,19.909746,6.849299,33.608344
2013-05-09,20000,0,20000,0,65.154907,69.109843,0.182699,13.13,19.898274,6.849172,33.596619
2013-05-10,20000,0,20000,0,65.549744,71.16948,0.182748,12.59,19.885929,6.849964,33.585857
2013-05-13,20000,0,20000,0,65.63047,71.586616,0.182697,12.55,19.873558,6.850803,33.575164
2013-05-14,20000,0,20000,0,65.971474,73.341271,0.182754,12.77,19.861599,6.851226,33.564052
2013-05-15,20000,0,20000,0,66.106056,74.023092,0.18276,12.81,19.849748,6.851558,33.552865
2013-05-16,20000,0,20000,0,66.034279,72.951453,0.182375,13.07,19.838372,6.851429,33.54123
2013-05-17,20000,0,20000,0,66.671379,76.239526,0.18263,12.45,19.825997,6.852354,33.530704
2013-05-20,20000,0,20000,0,66.572678,74.724018,0.182425,13.02,19.814615,6.852267,33.519149
2013-05-21,20000,0,20000,0,66.644493,75.111679,0.180479,13.37,19.803856,6.851597,33.507051
2013-05-22,20000,0,20000,0,66.061218,66.227397,0.180076,13.82,19.793883,6.850233,33.494349
2013-05-23,20000,0,20000,0,65.908646,64.091867,0.177203,14.07,19.784359,6.848503,33.481365
2013-05-24,20000,0,20000,0,65.872795,63.573132,0.177196,13.99,19.774734,6.846877,33.468488
2013-05-28,20000,0,20000,0,66.303474,67.025836,0.177328,14.48,19.765954,6.844585,33.455123
2013-05-29,20000,0,20000,0,65.989426,62.38252,0.177233,14.83,19.757781,6.841856,33.441493
2013-05-30,20000,0,20000,0,66.339394,65.269925,0.177301,14.53,19.74914,6.839493,33.428126
2013-05-31,20000,0,20000,0,65.729202,57.04788,0.177122,16.299999,19.743449,6.835274,33.413997
2013-06-03,20000,0,20000,0,65.845894,58.134021,0.176785,16.280001,19.737743,6.831079,33.3999
2013-06-04,20000,0,20000,0,65.504845,53.848191,0.176823,16.27,19.732039,6.826898,33.385836
2013-06-05,20000,0,20000,0,64.652405,44.93179,0.174458,17.5,19.728374,6.821881,33.372137
2013-06-06,20000,0,20000,0,64.966454,48.326512,0.174334,16.629999,19.723295,6.817432,33.35816
2013-06-07,20000,0,20000,0,65.85482,56.496278,0.174969,15.14,19.715794,6.814365,33.344524
2013-06-10,20000,0,20000,0,65.881752,56.719681,0.172974,15.44,19.708807,6.81098,33.330767
2013-06-11,20000,0,20000,0,65.226685,49.994675,0.173357,17.07,19.704502,6.806248,33.316997
2013-06-12,20000,0,20000,0,64.472946,43.590411,0.173647,18.59,19.702687,6.800842,33.304372
2013-06-13,20000,0,20000,0,65.289497,50.924669,0.172944,16.41,19.697333,6.796599,33.290531
2013-06-14,20000,0,20000,0,64.858772,47.422109,0.172622,17.15,19.693198,6.791847,33.276891
2013-06-17,20000,0,20000,0,65.486923,52.547904,0.172721,16.799999,19.688509,6.787331,33.263171
2013-06-18,20000,0,20000,0,66.025314,56.465422,0.172918,16.610001,19.683527,6.782959,33.249445
2013-06-19,20000,0,20000,0,65.289497,50.347674,0.172936,16.639999,19.678611,6.778573,33.235756
2013-06-20,20000,0,20000,0,63.737125,40.402214,0.175132,20.49,19.679919,6.773174,33.226267
2013-06-21,20000,0,20000,0,63.398663,38.611359,0.174867,18.9,19.678663,6.767782,33.214226
2013-06-24,20000,0,20000,0,62.768555,35.460102,0.175312,20.110001,19.679357,6.762352,33.204062
2013-06-25,20000,0,20000,0,63.227638,39.344305,0.172775,18.469999,19.677416,6.757088,33.191592
2013-06-26,20000,0,20000,0,63.794769,43.840768,0.172656,17.209999,19.673462,6.752385,33.178232
2013-06-27,20000,0,20000,0,64.064781,45.89715,0.171032,16.860001,19.66896,6.747911,33.164782
2013-06-28,20000,0,20000,0,64.15477,46.598965,0.170898,16.860001,19.664473,6.743445,33.151363
2013-07-01,20000,0,20000,0,64.55088,49.692451,0.170903,16.370001,19.659218,6.739341,33.137901
2013-07-02,20000,0,20000,0,64.57785,49.905235,0.170314,16.440001,19.654092,6.73519,33.124472
2013-07-03,20000,0,20000,0,64.838959,52.021071,0.166383,16.200001,19.648601,6.731234,33.11107
2013-07-05,20000,0,20000,0,65.334015,55.830263,0.166575,14.89,19.641048,6.728553,33.098154
2013-07-08,20000,0,20000,0,65.397026,56.305767,0.166309,14.78,19.633344,6.725995,33.085334
2013-07-09,20000,0,20000,0,65.793121,59.273809,0.166441,14.35,19.624984,6.723949,33.072881
2013-07-10,20000,0,20000,0,66.171204,61.931949,0.165809,14.21,19.61643,6.722073,33.060576
2013-07-11,20000,0,20000,0,67.485413,69.40665,0.167352,14.01,19.607587,6.720451,33.048489
2013-07-12,20000,0,20000,0,67.782494,70.802302,0.166925,13.84,19.598504,6.719048,33.036601
2013-07-15,20000,0,20000,0,67.935486,71.52279,0.166763,13.79,19.589371,6.717705,33.024782
2013-07-16,20000,0,20000,0,67.845474,70.421761,0.166331,14.42,19.581256,6.715546,33.012348
2013-07-17,20000,0,20000,0,68.016518,71.325096,0.16545,13.78,19.572163,6.714202,33.000568
2013-07-18,20000,0,20000,0,67.845474,69.053927,0.165441,13.77,19.563083,6.712864,32.98881
2013-07-19,20000,0,20000,0,67.143341,60.532823,0.165893,12.54,19.552109,6.713351,32.978812
2013-07-22,20000,0,20000,0,67.341393,61.958776,0.165203,12.29,19.54078,6.714234,32.969248
2013-07-23,20000,0,20000,0,66.846291,56.466397,0.165013,12.66,19.530062,6.714489,32.959039
2013-07-24,20000,0,20000,0,67.062332,58.207342,0.164194,13.18,19.520187,6.713929,32.948045
2013-07-25,20000,0,20000,0,67.485413,61.457957,0.163599,12.97,19.510016,6.71367,32.937355
2013-07-26,20000,0,20000,0,67.845474,64.022638,0.163361,12.72,19.499488,6.713781,32.92705
2013-07-29,20000,0,20000,0,67.719437,62.455957,0.163144,13.39,19.490031,6.712879,32.915789
2013-07-30,20000,0,20000,0,68.079521,65.08472,0.162552,13.39,19.480603,6.711967,32.904537
2013-07-31,20000,0,20000,0,68.205551,65.982494,0.160254,13.45,19.471296,6.710961,32.893218
2013-08-01,20000,0,20000,0,68.898674,70.478356,0.160644,12.94,19.461233,6.71068,32.882592
2013-08-02,20000,0,20000,0,69.285736,72.652013,0.160746,11.98,19.449723,6.711925,32.873574
2013-08-05,20000,0,20000,0,69.33075,72.901895,0.160685,11.84,19.438034,6.713389,32.864811
2013-08-06,20000,0,20000,0,68.916687,66.850912,0.160805,12.72,19.42773,6.713388,32.854506
2013-08-07,20000,0,20000,0,68.790649,65.080172,0.15936,12.98,19.417856,6.712981,32.843818
2013-08-08,20000,0,20000,0,69.132721,67.589378,0.159225,12.73,19.40763,6.712935,32.8335
2013-08-09,20000,0,20000,0,68.853683,63.576195,0.159058,13.41,19.398473,6.711893,32.82226
2013-08-12,20000,0,20000,0,69.015701,64.880108,0.159067,12.81,19.38843,6.711699,32.811828
2013-08-13,20000,0,20000,0,69.402779,67.842017,0.159153,12.31,19.377656,6.712265,32.802185
2013-08-14,20000,0,20000,0,69.141739,63.926466,0.159241,13.04,19.368024,6.711703,32.791431
2013-08-15,20000,0,20000,0,67.971519,49.995772,0.160631,14.73,19.360986,6.709034,32.779055
2013-08-16,20000,0,20000,0,67.944527,49.72659,0.160635,14.37,19.353424,6.706757,32.766937
2013-08-19,20000,0,20000,0,67.827477,48.506967,0.16064,15.1,19.346989,6.703715,32.75442
2013-08-20,20000,0,20000,0,68.124565,51.742183,0.160128,14.91,19.340287,6.700862,32.742011
2013-08-21,20000,0,20000,0,67.890518,49.123713,0.160127,15.94,19.335158,6.697101,32.729361
2013-08-22,20000,0,20000,0,68.556618,55.955243,0.160512,14.76,19.328268,6.694404,32.717075
2013-08-23,20000,0,20000,0,69.015701,59.947091,0.160594,13.98,19.320226,6.692575,32.705376
2013-08-26,20000,0,20000,0,69.051704,60.251344,0.160537,14.99,19.313724,6.689646,32.693015
2013-08-27,20000,0,20000,0,67.638458,45.606358,0.162204,16.77,19.30991,6.685347,32.680604
2013-08-28,20000,0,20000,0,67.89949,48.114924,0.16211,16.49,19.305689,6.681225,32.668138
2013-08-29,20000,0,20000,0,68.376579,52.432844,0.162294,16.809999,19.301958,6.676919,32.655796
2013-08-30,20000,0,20000,0,67.935486,48.420678,0.162507,17.01,19.298537,6.672515,32.643566
2013-09-03,20000,0,20000,0,68.322594,51.899343,0.162628,16.610001,19.294531,6.668341,32.631213
2013-09-04,20000,0,20000,0,69.051704,57.687635,0.162578,15.88,19.289449,6.664672,32.618793
2013-09-05,20000,0,20000,0,69.168724,58.549772,0.162419,15.77,19.28422,6.661093,32.606406
2013-09-06,20000,0,20000,0,69.249748,59.170109,0.16241,15.85,19.279125,6.657457,32.594038
2013-09-09,20000,0,20000,0,70.059906,64.836794,0.162943,15.63,19.273719,6.653999,32.581716
2013-09-10,20000,0,20000,0,70.401978,66.924137,0.160982,14.53,19.266701,6.651571,32.569842
2013-09-11,20000,0,20000,0,70.266922,65.276571,0.160991,13.82,19.258656,6.649945,32.558545
2013-09-12,20000,0,20000,0,70.221924,64.705006,0.160184,14.29,19.251327,6.647771,32.546869
2013-09-13,20000,0,20000,0,70.266922,65.034714,0.160162,14.16,19.243829,6.645739,32.535308
2013-09-16,20000,0,20000,0,70.077904,62.397897,0.160185,14.38,19.236676,6.643463,32.523602
2013-09-17,20000,0,20000,0,70.545998,66.067084,0.1596,14.53,19.229765,6.641025,32.511816
2013-09-18,20000,0,20000,0,71.392128,71.483825,0.159872,13.59,19.221496,6.639661,32.500817
2013-09-19,20000,0,20000,0,71.563156,72.441435,0.159887,13.16,19.212621,6.638844,32.490309
2013-09-20,20000,0,20000,0,71.317589,68.865524,0.159959,13.12,19.203713,6.638071,32.479855
2013-09-23,20000,0,20000,0,71.173141,66.777416,0.15998,14.31,19.196569,6.635852,32.468273
2013-09-24,20000,0,20000,0,71.173141,66.777416,0.159971,14.08,19.189111,6.633883,32.456877
2013-09-25,20000,0,20000,0,70.929329,63.03584,0.160041,14.01,19.181572,6.63199,32.445553
2013-09-26,20000,0,20000,0,71.480118,67.470103,0.160091,14.06,19.174128,6.630038,32.434203
2013-09-27,20000,0,20000,0,71.389793,66.070348,0.159123,15.46,19.168737,6.626728,32.422194
2013-09-30,20000,0,20000,0,71.218262,63.381141,0.158812,16.6,19.165014,6.62264,32.410294
2013-10-01,20000,0,20000,0,71.940582,69.087091,0.158443,15.54,19.159768,6.619276,32.39832
2013-10-02,20000,0,20000,0,71.913467,68.654622,0.158085,16.6,19.156069,6.6152,32.386469
2013-10-03,20000,0,20000,0,71.073837,56.798101,0.158763,17.67,19.153925,6.61066,32.375244
2013-10-04,20000,0,20000,0,71.687759,61.969725,0.159029,16.74,19.150447,6.606524,32.363494
2013-10-07,20000,0,20000,0,71.091843,55.077558,0.159241,19.41,19.15082,6.60177,32.354359
2013-10-08,20000,0,20000,0,69.719513,43.170149,0.161011,20.34,19.152529,6.597172,32.346874
2013-10-09,20000,0,20000,0,69.502823,41.639372,0.160917,19.6,19.153171,6.592453,32.338077
2013-10-10,20000,0,20000,0,70.974472,53.657962,0.162355,16.48,19.149341,6.588499,32.32634
2013-10-11,20000,0,20000,0,71.534271,57.26331,0.161336,15.72,19.144435,6.585056,32.314546
2013-10-14,20000,0,20000,0,72.039894,60.269878,0.161364,16.07,19.140043,6.58137,32.302782
2013-10-15,20000,0,20000,0,71.760017,57.844084,0.161393,18.66,19.139358,6.576692,32.292742
2013-10-16,20000,0,20000,0,72.57254,62.555921,0.161878,14.71,19.133048,6.574125,32.281299
2013-10-17,20000,0,20000,0,72.987877,64.726283,0.161795,13.48,19.125007,6.5729,32.270807
2013-10-18,20000,0,20000,0,74.170654,70.050191,0.162054,13.04,19.116364,6.572226,32.260816
2013-10-21,20000,0,20000,0,74.333183,70.704515,0.162054,13.16,19.107915,6.571387,32.250688
2013-10-22,20000,0,20000,0,74.441521,71.156863,0.161356,13.33,19.099731,6.570324,32.240379
2013-10-23,20000,0,20000,0,73.990074,66.545753,0.158727,13.42,19.091697,6.569143,32.229983
2013-10-24,20000,0,20000,0,74.315102,68.146225,0.1587,13.2,19.083376,6.568229,32.219833
2013-10-25,20000,0,20000,0,74.847786,70.626433,0.158366,13.09,19.074922,6.567447,32.209816
2013-10-28,20000,0,20000,0,74.865875,70.709836,0.158275,13.31,19.066803,6.566379,32.199561
2013-10-29,20000,0,20000,0,74.992256,71.322489,0.158273,13.41,19.058847,6.565182,32.18921
2013-10-30,20000,0,20000,0,74.920021,70.415891,0.158274,13.65,19.05125,6.563694,32.178638
2013-10-31,20000,0,20000,0,74.748466,68.198699,0.15809,13.75,19.043815,6.562087,32.167989
2013-11-01,20000,0,20000,0,74.766556,68.312,0.157309,13.28,19.035742,6.561031,32.157803
2013-11-04,20000,0,20000,0,74.874878,69.023699,0.156683,12.93,19.027203,6.560409,32.148022
2013-11-05,20000,0,20000,0,74.956146,69.575788,0.156539,13.27,19.019162,6.55935,32.137862
2013-11-06,20000,0,20000,0,74.938118,69.280796,0.156543,12.67,19.010307,6.559055,32.128417
2013-11-07,20000,0,20000,0,73.529648,51.064824,0.155527,13.91,19.003203,6.557243,32.117688
2013-11-08,20000,0,20000,0,74.522781,59.209022,0.154904,12.9,18.994715,6.556627,32.107968
2013-11-11,20000,0,20000,0,74.405411,57.98088,0.154891,12.53,18.985736,6.556493,32.098723
2013-11-12,20000,0,20000,0,74.522781,58.898996,0.154885,12.82,18.977184,6.555961,32.089107
2013-11-13,20000,0,20000,0,75.425629,65.198277,0.155133,12.52,18.968241,6.555819,32.079879
2013-11-14,20000,0,20000,0,75.660378,66.630347,0.154357,12.37,18.959115,6.555872,32.070858
2013-11-15,20000,0,20000,0,75.80484,67.51621,0.154259,12.19,18.949765,6.556165,32.062095
2013-11-18,20000,0,20000,0,75.064499,58.888307,0.154784,13.1,18.941697,6.555237,32.05217
2013-11-19,20000,0,20000,0,74.847786,56.607903,0.152515,13.39,18.93405,6.553954,32.041957
2013-11-20,20000,0,20000,0,74.667259,54.707393,0.15257,13.4,18.926437,6.552654,32.031745
2013-11-21,20000,0,20000,0,75.425629,60.679602,0.15295,12.66,18.91783,6.552263,32.022356
2013-11-22,20000,0,20000,0,75.831924,63.459497,0.152113,12.26,18.908697,6.552403,32.013503
2013-11-25,20000,0,20000,0,76.012512,64.655582,0.152071,12.79,18.900315,6.551822,32.003959
2013-11-26,20000,0,20000,0,76.409737,67.19894,0.152057,12.81,18.891984,6.551207,31.994397
2013-11-27,20000,0,20000,0,76.942436,70.286863,0.151954,12.98,18.883907,6.55037,31.984647
2013-11-29,20000,0,20000,0,77.402916,72.681037,0.151955,13.7,18.876835,6.548694,31.974223
2013-12-02,20000,0,20000,0,77.177231,69.716088,0.151995,14.23,18.870504,6.546473,31.96345
2013-12-03,20000,0,20000,0,77.113991,68.868296,0.151968,14.55,18.864626,6.543953,31.952531
2013-12-04,20000,0,20000,0,77.186234,69.327173,0.151954,14.7,18.858967,6.541301,31.941569
2013-12-05,20000,0,20000,0,77.086891,67.846209,0.151259,15.08,18.85384,6.538337,31.930515
2013-12-06,20000,0,20000,0,77.646706,71.536222,0.151302,13.79,18.846978,6.536559,31.920095
2013-12-09,20000,0,20000,0,77.962685,73.392323,0.151097,13.49,18.839729,6.5351,31.90993
2013-12-10,20000,0,20000,0,77.908516,72.519276,0.1511,13.91,18.833068,6.533191,31.89945
2013-12-11,20000,0,20000,0,76.906349,58.624746,0.151375,15.42,18.828462,6.529979,31.88842
2013-12-12,20000,0,20000,0,76.707718,56.321416,0.15139,15.54,18.82403,6.526688,31.877406
2013-12-13,20000,0,20000,0,76.608383,55.154356,0.151029,15.76,18.819906,6.523257,31.86642
2013-12-16,20000,0,20000,0,77.032745,59.057498,0.150577,16.030001,18.816156,6.519668,31.855492
2013-12-17,20000,0,20000,0,76.87925,57.120925,0.15,16.209999,18.812658,6.515985,31.844627
2013-12-18,20000,0,20000,0,77.773109,64.434718,0.15,13.8,18.805938,6.514196,31.83433
2013-12-19,20000,0,20000,0,77.556404,61.687584,0.15,14.15,18.799705,6.512057,31.823819
2013-12-20,20000,0,20000,0,78.34623,67.179797,0.15,13.79,18.793008,6.510274,31.813556
2013-12-23,20000,0,20000,0,79.170479,71.733747,0.15,13.04,18.785327,6.509316,31.803959
2013-12-24,20000,0,20000,0,79.206665,71.91797,0.15,12.48,18.77692,6.509042,31.795005
2013-12-26,20000,0,20000,0,79.469315,73.279238,0.15,12.33,18.768336,6.508954,31.786244
2013-12-27,20000,0,20000,0,79.270073,70.487867,0.15,12.46,18.759947,6.508686,31.777319
2013-12-30,20000,0,20000,0,79.152351,68.819811,0.15,13.56,18.753041,6.507117,31.767274
2013-12-31,20000,0,20000,0,79.668571,71.954036,0.15,13.72,18.746366,6.505377,31.75712
2014-01-02,20000,0,20000,0,79.043625,63.616904,0.15,14.23,18.740384,6.503139,31.746663
2014-01-03,20000,0,20000,0,78.473045,57.110575,0.15,13.76,18.733796,6.501355,31.736506
2014-01-06,20000,0,20000,0,78.183205,54.084602,0.15,13.55,18.726948,6.499785,31.726518
2014-01-07,20000,0,20000,0,78.907776,59.816549,0.15,12.92,18.719288,6.498914,31.717115
2014-01-08,20000,0,20000,0,79.079865,61.059907,0.15,12.87,18.711581,6.498095,31.707771
2014-01-09,20000,0,20000,0,78.8172,58.104655,0.15,12.89,18.703921,6.497246,31.698412
2014-01-10,20000,0,20000,0,79.070816,60.112082,0.15,12.14,18.695296,6.497328,31.689952
2014-01-13,20000,0,20000,0,77.902412,48.566599,0.15,13.28,18.688189,6.496021,31.68023
2014-01-14,20000,0,20000,0,79.387825,59.275502,0.15,12.28,18.67979,6.495901,31.671592
2014-01-15,20000,0,20000,0,80.03994,62.925072,0.15,12.28,18.671414,6.49577,31.662954
2014-01-16,20000,0,20000,0,80.048981,62.974612,0.15,12.53,18.663386,6.495314,31.654014
2014-01-17,20000,0,20000,0,79.596153,58.740876,0.15,12.44,18.655261,6.494961,31.645183
2014-01-21,20000,0,20000,0,80.202965,62.389837,0.15,12.87,18.647718,6.494081,31.63588
2014-01-22,20000,0,20000,0,80.411316,63.580822,0.15,12.84,18.640156,6.493229,31.626613
2014-01-23,20000,0,20000,0,80.139565,60.873202,0.15,13.77,18.633823,6.491376,31.616575
2014-01-24,20000,0,20000,0,78.563599,48.084504,0.15,18.139999,18.633182,6.487178,31.607538
2014-01-27,20000,0,20000,0,77.802773,43.349626,0.15,17.42,18.631608,6.483112,31.597832
2014-01-28,20000,0,20000,0,77.757484,43.077707,0.15,15.8,18.62794,6.479707,31.587355
2014-01-29,20000,0,20000,0,76.924217,38.315448,0.15,17.35,18.626287,6.475673,31.577632
2014-01-30,20000,0,20000,0,78.34623,48.731733,0.15,17.290001,18.624561,6.471661,31.567882
2014-01-31,20000,0,20000,0,78.137878,47.466981,0.15,18.41,18.624284,6.467483,31.559251
2014-02-03,20000,0,20000,0,76.344528,38.262135,0.152016,21.440001,18.627912,6.4641,31.556112
2014-02-04,20000,0,20000,0,76.906097,42.051693,0.150563,19.110001,18.628533,6.459957,31.548446
2014-02-05,20000,0,20000,0,76.706841,41.087983,0.15,19.950001,18.630231,6.455972,31.542176
2014-02-06,20000,0,20000,0,77.685051,47.454503,0.150299,17.23,18.628434,6.452017,31.532467
2014-02-07,20000,0,20000,0,79.070816,54.891515,0.151624,15.29,18.624154,6.448982,31.522118
2014-02-10,20000,0,20000,0,79.523712,57.031951,0.151329,15.26,18.619846,6.445971,31.511788
2014-02-11,20000,0,20000,0,80.429405,61.015774,0.151826,14.51,18.614591,6.443519,31.501629
2014-02-12,20000,0,20000,0,80.583366,61.666426,0.151698,14.3,18.60908,6.441244,31.491568
2014-02-13,20000,0,20000,0,81.181145,64.167091,0.151857,14.14,18.60338,6.439108,31.481595
2014-02-14,20000,0,20000,0,81.344208,64.840865,0.151851,13.57,18.596968,6.437507,31.471982
2014-02-18,20000,0,20000,0,81.742722,66.498791,0.151836,13.87,18.590954,6.435614,31.462183
2014-02-19,20000,0,20000,0,81.181145,62.057857,0.15197,15.5,18.587027,6.432463,31.451952
2014-02-20,20000,0,20000,0,81.561554,63.820443,0.150701,14.79,18.582208,6.429798,31.441804
2014-02-21,20000,0,20000,0,81.452873,62.921129,0.15004,14.68,18.577262,6.427218,31.431699
2014-02-24,20000,0,20000,0,81.887619,65.043157,0.15,14.23,18.571759,6.425006,31.421771
2014-02-25,20000,0,20000,0,81.797058,64.218685,0.15,13.67,18.565563,6.423303,31.412169
2014-02-26,20000,0,20000,0,81.724625,63.525095,0.15,14.35,18.56024,6.420989,31.402218
2014-02-27,20000,0,20000,0,82.254883,66.38716,0.15,14.04,18.55454,6.418941,31.392423
2014-02-28,20000,0,20000,0,82.163925,65.438619,0.15,14,18.548804,6.416929,31.382661
2014-03-03,20000,0,20000,0,81.554527,59.322987,0.15,16,18.545597,6.413524,31.372645
2014-03-04,20000,0,20000,0,82.591324,65.269888,0.15,14.1,18.540013,6.411425,31.362863
2014-03-05,20000,0,20000,0,82.818741,66.429244,0.15,13.89,18.534178,6.409514,31.353205
2014-03-06,20000,0,20000,0,82.745972,65.673784,0.15,14.21,18.528759,6.40732,31.3434
2014-03-07,20000,0,20000,0,82.336693,61.441535,0.15,14.11,18.523229,6.405212,31.333653
2014-03-10,20000,0,20000,0,82.409492,61.911716,0.15,14.2,18.517825,6.403027,31.32388
2014-03-11,20000,0,20000,0,82.054771,58.188445,0.15,14.8,18.513184,6.400372,31.313928
2014-03-12,20000,0,20000,0,82.363968,60.422688,0.15,14.47,18.508142,6.397969,31.30408
2014-03-13,20000,0,20000,0,81.199829,49.662548,0.15,16.219999,18.505293,6.394489,31.29427
2014-03-14,20000,0,20000,0,80.645042,45.503722,0.150189,17.82,18.50444,6.390552,31.285544
2014-03-17,20000,0,20000,0,81.354462,51.138423,0.1504,15.64,18.500882,6.387374,31.27563
2014-03-18,20000,0,20000,0,82.336693,57.665176,0.150913,14.52,18.495943,6.384945,31.265834
2014-03-19,20000,0,20000,0,81.891052,54.132197,0.151075,15.12,18.49176,6.38209,31.255939
2014-03-20,20000,0,20000,0,82.118446,55.626139,0.150923,14.52,18.486844,6.379665,31.246174
2014-03-21,20000,0,20000,0,81.130295,48.268791,0.151008,15,18.482534,6.376894,31.236322
2014-03-24,20000,0,20000,0,80.419273,43.781569,0.151126,15.09,18.478346,6.374066,31.226479
2014-03-25,20000,0,20000,0,80.683586,45.79873,0.151042,14.02,18.472848,6.372054,31.216956
2014-03-26,20000,0,20000,0,79.644409,39.758566,0.15189,14.93,18.468485,6.369338,31.207161
2014-03-27,20000,0,20000,0,79.197723,37.470929,0.152098,14.62,18.463752,6.366846,31.197443
2014-03-28,20000,0,20000,0,79.352715,38.78703,0.152092,14.41,18.458771,6.364515,31.187801
2014-03-31,20000,0,20000,0,79.917854,43.460038,0.151975,13.88,18.453153,6.362626,31.178405
2014-04-01,20000,0,20000,0,81.321701,53.048537,0.153024,13.1,18.446593,6.361482,31.169557
2014-04-02,20000,0,20000,0,81.531357,54.295144,0.152535,13.09,18.440037,6.360344,31.160726
2014-04-03,20000,0,20000,0,80.884148,49.891341,0.152922,13.37,18.433839,6.358922,31.151683
2014-04-04,20000,0,20000,0,78.732864,38.665314,0.156178,13.96,18.428376,6.356957,31.142289
2014-04-07,20000,0,20000,0,77.985329,35.66248,0.156605,15.57,18.42489,6.353859,31.132607
2014-04-08,20000,0,20000,0,78.705482,40.459795,0.156764,14.89,18.420585,6.351181,31.122947
2014-04-09,20000,0,20000,0,80.054611,48.245451,0.156395,13.82,18.414988,6.34934,31.113668
2014-04-10,20000,0,20000,0,77.575127,38.3263,0.161155,15.89,18.41192,6.346087,31.104095
2014-04-11,20000,0,20000,0,76.67263,35.467904,0.161846,17.030001,18.410243,6.342413,31.09507
2014-04-14,20000,0,20000,0,77.274307,38.747726,0.160125,16.110001,18.407455,6.33907,31.085594
2014-04-15,20000,0,20000,0,77.529541,40.13764,0.159467,15.61,18.404068,6.335974,31.076016
2014-04-16,20000,0,20000,0,78.559631,45.511567,0.158201,14.18,18.39896,6.333841,31.066642
2014-04-17,20000,0,20000,0,78.57785,45.604578,0.157184,13.36,18.392874,6.332432,31.057739
2014-04-21,20000,0,20000,0,79.16127,48.628651,0.156643,13.25,18.386671,6.331127,31.048926
2014-04-22,20000,0,20000,0,79.79026,51.743473,0.156471,13.19,18.38041,6.329878,31.040166
2014-04-23,20000,0,20000,0,79.088356,48.229158,0.156577,13.27,18.37426,6.328548,31.031355
2014-04-24,20000,0,20000,0,79.844955,52.012584,0.156906,13.32,18.368185,6.327165,31.022516
2014-04-25,20000,0,20000,0,78.568756,45.917057,0.158153,14.06,18.363013,6.325124,31.01326
2014-04-28,20000,0,20000,0,78.824005,47.248635,0.158102,13.97,18.357746,6.323156,31.004057
2014-04-29,20000,0,20000,0,79.45298,50.483879,0.158017,13.71,18.35218,6.32141,30.995
2014-04-30,20000,0,20000,0,79.662643,51.550564,0.157848,13.41,18.346268,6.319936,30.98614
2014-05-01,20000,0,20000,0,79.899658,52.788712,0.157724,13.25,18.340179,6.318611,30.977401
2014-05-02,20000,0,20000,0,79.753784,51.909452,0.157134,12.91,18.333699,6.317621,30.96894
2014-05-05,20000,0,20000,0,80.173134,54.267665,0.156679,13.29,18.327688,6.316251,30.960189
2014-05-06,20000,0,20000,0,79.133904,47.987492,0.157521,13.8,18.322298,6.314418,30.951134
2014-05-07,20000,0,20000,0,78.906029,46.710999,0.157574,13.4,18.316445,6.312941,30.942326
2014-05-08,20000,0,20000,0,78.833107,46.28668,0.157511,13.43,18.310641,6.311433,30.933508
2014-05-09,20000,0,20000,0,79.124817,48.309524,0.15753,12.92,18.304247,6.310416,30.925079
2014-05-12,20000,0,20000,0,80.428391,56.240424,0.15851,12.23,18.29705,6.310137,30.917324
2014-05-13,20000,0,20000,0,80.483032,56.54142,0.158509,12.13,18.289751,6.309965,30.909682
2014-05-14,20000,0,20000,0,80.063721,53.50025,0.158586,12.17,18.282518,6.309739,30.901996
2014-05-15,20000,0,20000,0,79.434746,49.223373,0.158918,13.17,18.276482,6.308455,30.893392
2014-05-16,20000,0,20000,0,79.954369,52.594965,0.159054,12.44,18.269599,6.307915,30.88543
2014-05-19,20000,0,20000,0,80.510391,55.964449,0.158872,12.42,18.262709,6.307391,30.87749
2014-05-20,20000,0,20000,0,80.218689,53.803801,0.158936,12.96,18.256471,6.306298,30.869067
2014-05-21,20000,0,20000,0,80.984413,58.349581,0.159283,11.91,18.249013,6.306341,30.861696
2014-05-22,20000,0,20000,0,81.339951,60.302837,0.158924,12.03,18.241714,6.306235,30.854184
2014-05-23,20000,0,20000,0,81.932465,63.384615,0.159065,11.36,18.233646,6.306936,30.847518
2014-05-27,20000,0,20000,0,82.9534,67.995063,0.159655,11.51,18.225773,6.307436,30.840645
2014-05-28,20000,0,20000,0,82.698189,65.76578,0.159584,11.68,18.218117,6.307716,30.833548
2014-05-29,20000,0,20000,0,83.226921,68.099289,0.159575,11.57,18.21035,6.30812,30.82659
2014-05-30,20000,0,20000,0,83.236023,68.13955,0.159491,11.4,18.202404,6.308725,30.819853
2014-06-02,20000,0,20000,0,83.153999,67.31506,0.159039,11.58,18.194685,6.309095,30.812876
2014-06-03,20000,0,20000,0,83.117508,66.927067,0.159045,11.87,18.187322,6.309109,30.805541
2014-06-04,20000,0,20000,0,83.427437,68.583326,0.158909,12.08,18.180221,6.308874,30.797969
2014-06-05,20000,0,20000,0,84.129349,72.002914,0.15825,11.68,18.172671,6.309095,30.790862
2014-06-06,20000,0,20000,0,84.612518,74.093303,0.158284,10.73,18.164037,6.310524,30.785085
2014-06-09,20000,0,20000,0,84.548683,73.314462,0.157577,11.15,18.15591,6.31138,30.77867
2014-06-10,20000,0,20000,0,84.69455,73.987337,0.157577,10.99,18.147616,6.312432,30.77248
2014-06-11,20000,0,20000,0,84.676331,73.737246,0.157027,11.6,18.140046,6.312705,30.765456
2014-06-12,20000,0,20000,0,83.910561,63.952327,0.156761,12.56,18.133603,6.311904,30.75741
2014-06-13,20000,0,20000,0,84.156715,65.53553,0.15616,12.18,18.126736,6.311498,30.749731
2014-06-16,20000,0,20000,0,84.229622,66.011666,0.15589,12.65,18.120426,6.310595,30.741617
2014-06-17,20000,0,20000,0,84.275238,66.325142,0.155546,12.06,18.113452,6.310309,30.73407
2014-06-18,20000,0,20000,0,84.749237,69.475535,0.155405,10.61,18.104828,6.311806,30.728439
2014-06-19,20000,0,20000,0,84.69455,68.677233,0.154721,10.62,18.096234,6.313273,30.722781
2014-06-20,20000,0,20000,0,84.794159,69.367651,0.151738,10.85,18.087924,6.314418,30.71676
2014-06-23,20000,0,20000,0,84.812439,69.500515,0.151543,10.98,18.079782,6.31538,30.710542
2014-06-24,20000,0,20000,0,84.730186,68.069852,0.15097,12.13,18.072975,6.31497,30.702914
2014-06-25,20000,0,20000,0,85.269463,72.121776,0.150919,11.59,18.065566,6.31516,30.695886
2014-06-26,20000,0,20000,0,85.315178,72.441046,0.150632,11.63,18.058219,6.315295,30.688808
2014-06-27,20000,0,20000,0,85.689903,74.971318,0.150637,11.26,18.050467,6.315862,30.682192
2014-06-30,20000,0,20000,0,85.836151,75.901269,0.150638,11.57,18.043087,6.316048,30.675183
2014-07-01,20000,0,20000,0,86.777603,80.837246,0.150974,11.15,18.035245,6.31673,30.668705
2014-07-02,20000,0,20000,0,86.923866,81.472174,0.150972,10.82,18.027045,6.31782,30.662685
2014-07-03,20000,0,20000,0,87.472252,83.65841,0.151058,10.32,18.018297,6.319566,30.657429
2014-07-07,20000,0,20000,0,87.207207,78.817639,0.150944,11.33,18.010714,6.319992,30.650698
2014-07-08,20000,0,20000,0,86.156036,63.198718,0.151782,11.98,18.003884,6.319668,30.64322
2014-07-09,20000,0,20000,0,86.795898,67.429753,0.151855,11.65,17.996697,6.319702,30.636102
2014-07-10,20000,0,20000,0,86.52169,64.032241,0.151838,12.59,17.990588,6.318741,30.62807
2014-07-11,20000,0,20000,0,87.079247,67.60631,0.150316,12.08,17.983916,6.318291,30.620499
2014-07-14,20000,0,20000,0,87.600197,70.550832,0.150379,11.82,17.976967,6.318115,30.613198
2014-07-15,20000,0,20000,0,87.298592,66.766904,0.150467,11.96,17.970191,6.31778,30.605752
2014-07-16,20000,0,20000,0,87.645927,68.839616,0.150483,11,17.962351,6.318548,30.599447
2014-07-17,20000,0,20000,0,86.485123,56.21983,0.151453,14.54,17.958506,6.316035,30.590576
2014-07-18,20000,0,20000,0,87.856171,64.498157,0.152428,12.06,17.951886,6.315578,30.583042
2014-07-21,20000,0,20000,0,87.746452,63.46396,0.151831,12.81,17.946121,6.314381,30.574882
2014-07-22,20000,0,20000,0,88.304024,66.411457,0.151946,12.24,17.939731,6.313728,30.567188
2014-07-23,20000,0,20000,0,88.870705,69.136653,0.151737,11.52,17.93255,6.313844,30.560238
2014-07-24,20000,0,20000,0,88.770142,68.08101,0.15174,11.84,17.925743,6.313597,30.552937
2014-07-25,20000,0,20000,0,88.422852,64.422654,0.151731,12.69,17.9199,6.312493,30.544885
2014-07-28,20000,0,20000,0,88.450272,64.584467,0.151647,12.56,17.913924,6.311507,30.536938
2014-07-29,20000,0,20000,0,88.294868,62.840038,0.151645,13.28,17.908764,6.309883,30.528529
2014-07-30,20000,0,20000,0,88.642212,65.108488,0.151598,13.33,17.903671,6.308217,30.520105
2014-07-31,20000,0,20000,0,86.850731,48.622104,0.153767,16.950001,17.902611,6.304788,30.512187
2014-08-01,20000,0,20000,0,86.530807,46.364281,0.153471,17.030001,17.901643,6.301351,30.504345
2014-08-04,20000,0,20000,0,87.124947,50.922213,0.153533,15.12,17.898559,6.298534,30.495628
2014-08-05,20000,0,20000,0,86.457664,46.176111,0.153879,16.870001,17.89742,6.295135,30.48769
2014-08-06,20000,0,20000,0,86.393715,45.736161,0.153669,16.370001,17.89573,6.291854,30.479437
2014-08-07,20000,0,20000,0,86.119499,43.808704,0.153712,16.66,17.894365,6.288507,30.471378
2014-08-08,20000,0,20000,0,86.741051,49.050001,0.153821,15.77,17.89202,6.285428,30.462875
2014-08-11,20000,0,20000,0,87.252884,52.94255,0.153821,14.23,17.887982,6.283135,30.454252
2014-08-12,20000,0,20000,0,87.216339,52.633355,0.15382,14.13,17.883844,6.280908,30.44566
2014-08-13,20000,0,20000,0,88.139511,59.127228,0.15415,12.9,17.878361,6.279625,30.437611
2014-08-14,20000,0,20000,0,88.596519,61.911139,0.154128,12.42,17.872363,6.278778,30.429918
2014-08-15,20000,0,20000,0,89.026138,64.368131,0.152653,13.15,17.867179,6.277277,30.421733
2014-08-18,20000,0,20000,0,89.711609,67.923486,0.152848,12.32,17.861096,6.276519,30.414135
2014-08-19,20000,0,20000,0,90.21434,70.266738,0.152904,12.21,17.854907,6.275864,30.406636
2014-08-20,20000,0,20000,0,90.21434,70.266738,0.15286,11.78,17.84826,6.275644,30.399549
2014-08-21,20000,0,20000,0,90.397141,71.15534,0.152765,11.76,17.841607,6.275439,30.392484
2014-08-22,20000,0,20000,0,90.534256,71.835271,0.152412,11.47,17.834651,6.275541,30.385732
2014-08-25,20000,0,20000,0,90.854149,73.41005,0.152292,11.7,17.827961,6.275385,30.378731
2014-08-26,20000,0,20000,0,90.945534,73.859704,0.152291,11.63,17.821209,6.275298,30.371804
2014-08-27,20000,0,20000,0,90.963799,73.954506,0.15002,11.78,17.814635,6.275044,30.364723
2014-08-28,20000,0,20000,0,90.863304,72.398716,0.15001,12.05,17.80837,6.274508,30.357385
2014-08-29,20000,0,20000,0,91.2015,74.354031,0.15,12.09,17.802161,6.273927,30.350015
2014-09-02,20000,0,20000,0,91.46656,75.800959,0.15,12.25,17.796139,6.273186,30.34251
2014-09-03,20000,0,20000,0,90.927254,67.461132,0.15,12.36,17.790249,6.272335,30.33492
2014-09-04,20000,0,20000,0,90.844986,66.263467,0.15,12.64,17.784675,6.271226,30.327127
2014-09-05,20000,0,20000,0,91.302025,69.50276,0.15,12.09,17.778519,6.270628,30.319774
2014-09-08,20000,0,20000,0,91.475693,70.655746,0.15,12.66,17.772991,6.269494,30.311979
2014-09-09,20000,0,20000,0,90.717056,59.986875,0.15,13.5,17.768382,6.267679,30.30374
2014-09-10,20000,0,20000,0,91.46656,65.525411,0.15,12.88,17.763114,6.266353,30.29582
2014-09-11,20000,0,20000,0,91.393402,64.585682,0.15,12.8,17.757772,6.265092,30.287956
2014-09-12,20000,0,20000,0,90.927254,58.799256,0.15,13.31,17.752989,6.263417,30.279824
2014-09-15,20000,0,20000,0,90.049812,49.761752,0.150172,14.12,17.749087,6.261181,30.27145
2014-09-16,20000,0,20000,0,90.835907,56.249593,0.15039,12.73,17.743702,6.259977,30.263656
2014-09-17,20000,0,20000,0,90.972969,57.285377,0.150238,12.65,17.738242,6.25884,30.255922
2014-09-18,20000,0,20000,0,91.658485,62.116248,0.15,12.03,17.732131,6.258273,30.248676
2014-09-19,20000,0,20000,0,91.601707,61.495891,0.15,12.11,17.726118,6.257623,30.241364
2014-09-22,20000,0,20000,0,90.749649,52.949673,0.150289,13.69,17.721806,6.255667,30.23314
2014-09-23,20000,0,20000,0,90.502258,50.744632,0.150312,14.93,17.718826,6.25299,30.224806
2014-09-24,20000,0,20000,0,91.47345,58.118304,0.150759,13.27,17.714083,6.25134,30.216763
2014-09-25,20000,0,20000,0,89.549416,44.049337,0.153017,15.64,17.711874,6.248373,30.208621
2014-09-26,20000,0,20000,0,90.502258,50.446882,0.153238,14.85,17.70883,6.245743,30.200316
2014-09-29,20000,0,20000,0,90.383141,49.682082,0.153239,15.98,17.706993,6.242674,30.192341
2014-09-30,20000,0,20000,0,90.511414,50.551464,0.153187,16.309999,17.70551,6.239522,30.184554
2014-10-01,20000,0,20000,0,89.063805,41.778584,0.154153,16.709999,17.704454,6.236294,30.177042
2014-10-02,20000,0,20000,0,89.063805,41.778584,0.154149,16.16,17.702818,6.233189,30.169196
2014-10-03,20000,0,20000,0,89.943352,48.122595,0.153774,14.55,17.699481,6.230731,30.160943
2014-10-06,20000,0,20000,0,89.750984,46.918441,0.15354,15.46,17.697114,6.227859,30.152832
2014-10-07,20000,0,20000,0,88.477448,39.815342,0.154221,17.200001,17.696589,6.224587,30.145764
2014-10-08,20000,0,20000,0,90.19989,50.688803,0.153839,15.11,17.693861,6.221867,30.137595
2014-10-09,20000,0,20000,0,88.743172,43.52652,0.155157,18.76,17.694984,6.218681,30.132347
2014-10-10,20000,0,20000,0,86.525955,35.341165,0.156467,21.24,17.698716,6.216468,30.131652
2014-10-13,20000,0,20000,0,85.169991,31.446415,0.157492,24.639999,17.706015,6.217271,30.140557
2014-10-14,20000,0,20000,0,85.179115,31.501121,0.157308,22.790001,17.711355,6.216186,30.143726
2014-10-15,20000,0,20000,0,84.629402,29.950475,0.157446,25.27,17.719286,6.217743,30.154772
2014-10-16,20000,0,20000,0,84.098007,28.490476,0.157146,25.200001,17.727128,6.219197,30.165523
2014-10-17,20000,0,20000,0,85.206619,35.549168,0.157743,21.99,17.731592,6.217468,30.166527
2014-10-20,20000,0,20000,0,86.480164,42.563228,0.157575,18.57,17.732469,6.214271,30.16101
2014-10-21,20000,0,20000,0,88.752304,52.496123,0.160469,16.08,17.730742,6.211249,30.153241
2014-10-22,20000,0,20000,0,88.294228,50.596389,0.160621,17.870001,17.730887,6.208005,30.146897
2014-10-23,20000,0,20000,0,89.622696,55.613092,0.161321,16.530001,17.729635,6.204885,30.139405
2014-10-24,20000,0,20000,0,90.355682,58.138897,0.161506,16.110001,17.727948,6.20187,30.131687
2014-10-27,20000,0,20000,0,90.419792,58.362073,0.161324,16.040001,17.726191,6.198878,30.123947
2014-10-28,20000,0,20000,0,91.784943,62.898079,0.162224,14.39,17.722723,6.196585,30.115894
2014-10-29,20000,0,20000,0,91.445938,61.117506,0.162311,15.15,17.720052,6.193919,30.107889
2014-10-30,20000,0,20000,0,91.638344,61.778844,0.162304,14.52,17.716732,6.19156,30.099852
2014-10-31,20000,0,20000,0,92.902687,65.885093,0.162997,14.03,17.712912,6.189485,30.091883
2014-11-03,20000,0,20000,0,93.177559,66.722134,0.163015,14.73,17.709824,6.187022,30.083868
2014-11-04,20000,0,20000,0,92.866051,64.78222,0.163092,14.89,17.706908,6.184484,30.075875
2014-11-05,20000,0,20000,0,92.875198,64.814572,0.163094,14.17,17.703254,6.18233,30.067915
2014-11-06,20000,0,20000,0,93.168381,65.895901,0.163112,13.67,17.699092,6.180494,30.060081
2014-11-07,20000,0,20000,0,93.085945,65.288337,0.161367,13.12,17.694371,6.179054,30.052479
2014-11-10,20000,0,20000,0,93.415787,66.614705,0.160696,12.67,17.689197,6.177972,30.045142
2014-11-11,20000,0,20000,0,93.708939,67.792626,0.160691,12.92,17.68429,6.176685,30.03766
2014-11-12,20000,0,20000,0,93.873848,68.466639,0.160692,13.02,17.679496,6.175317,30.030131
2014-11-13,20000,0,20000,0,94.277016,70.113343,0.160184,13.79,17.675503,6.173401,30.022306
2014-11-14,20000,0,20000,0,94.570168,71.287452,0.160184,13.31,17.671026,6.171815,30.014656
2014-11-17,20000,0,20000,0,94.286156,68.480552,0.160248,13.99,17.667254,6.169775,30.006803
2014-11-18,20000,0,20000,0,94.991638,71.484105,0.159923,13.86,17.663357,6.167816,29.998989
2014-11-19,20000,0,20000,0,94.561043,67.270542,0.159993,13.96,17.659571,6.165796,29.991162
2014-11-20,20000,0,20000,0,94.98246,69.184934,0.159997,13.58,17.655403,6.164022,29.983447
2014-11-21,20000,0,20000,0,95.165741,70.006622,0.159622,12.9,17.650551,6.162745,29.976042
2014-11-24,20000,0,20000,0,95.907837,73.130737,0.159744,12.62,17.645423,6.161694,29.968811
2014-11-25,20000,0,20000,0,96.05442,73.713175,0.159736,12.25,17.639929,6.160959,29.961847
2014-11-26,20000,0,20000,0,96.677475,76.086029,0.159792,12.07,17.634262,6.160383,29.955029
2014-11-28,20000,0,20000,0,97.126389,77.651358,0.15969,13.33,17.629888,6.158778,29.947444
2014-12-01,20000,0,20000,0,96.026947,66.219119,0.160254,14.16,17.626365,6.15664,29.939646
2014-12-02,20000,0,20000,0,96.411751,67.995148,0.160234,12.85,17.621521,6.155394,29.93231
2014-12-03,20000,0,20000,0,96.585838,68.794473,0.160224,12.5,17.616332,6.154431,29.925195
2014-12-04,20000,0,20000,0,96.540031,68.311029,0.160233,12.38,17.611032,6.153568,29.918169
2014-12-05,20000,0,20000,0,96.549187,68.358889,0.160214,11.89,17.605248,6.153143,29.911534
2014-12-08,20000,0,20000,0,95.86203,60.921793,0.16032,14.21,17.601818,6.150978,29.903774
2014-12-09,20000,0,20000,0,96.164398,62.837706,0.160297,15.35,17.599546,6.148287,29.89612
2014-12-10,20000,0,20000,0,94.652641,49.714143,0.161532,18.530001,17.600484,6.145255,29.890994
2014-12-11,20000,0,20000,0,95.101563,52.862411,0.160753,20.08,17.602981,6.142661,29.888303
2014-12-12,20000,0,20000,0,94.066269,45.748892,0.161323,21.08,17.606479,6.140557,29.887594
2014-12-15,20000,0,20000,0,93.095108,40.274011,0.161861,20.42,17.609307,6.138116,29.885539
2014-12-16,20000,0,20000,0,91.601707,33.612602,0.16303,23.57,17.615291,6.137937,29.891166
2014-12-17,20000,0,20000,0,93.269165,44.625766,0.164321,19.440001,17.617121,6.135127,29.887376
2014-12-18,20000,0,20000,0,95.513855,55.361312,0.166126,16.809999,17.616313,6.132103,29.880519
2014-12-19,20000,0,20000,0,95.934135,57.040663,0.166125,16.49,17.615185,6.129134,29.873453
2014-12-22,20000,0,20000,0,96.173248,58.008582,0.16576,15.25,17.61282,6.126522,29.865864
2014-12-23,20000,0,20000,0,95.832954,56.072312,0.165432,14.8,17.61001,6.124103,29.858216
2014-12-24,20000,0,20000,0,95.915741,56.453133,0.165432,14.37,17.606776,6.121899,29.850575
2014-12-26,20000,0,20000,0,96.59626,59.55692,0.165577,14.5,17.603679,6.11963,29.842939
2014-12-29,20000,0,20000,0,96.577873,59.433661,0.165534,15.06,17.601145,6.117105,29.835356
2014-12-30,20000,0,20000,0,95.934135,55.131625,0.165755,15.92,17.599473,6.114288,29.828049
2014-12-31,20000,0,20000,0,94.950142,49.261864,0.166141,19.200001,17.601064,6.111454,29.823971
2015-01-02,20000,0,20000,0,94.66507,47.678116,0.16588,17.790001,17.601251,6.108418,29.818088
2015-01-05,20000,0,20000,0,93.276436,40.797515,0.166647,19.92,17.603552,6.105821,29.815195
2015-01-06,20000,0,20000,0,92.02578,35.788163,0.167433,21.120001,17.607037,6.103796,29.814629
2015-01-07,20000,0,20000,0,93.212051,42.944288,0.167753,19.309999,17.608723,6.101006,29.810735
2015-01-08,20000,0,20000,0,94.996132,51.668191,0.169175,17.01,17.608131,6.098014,29.804158
2015-01-09,20000,0,20000,0,94.370811,48.848904,0.169334,17.549999,17.608073,6.094998,29.798068
2015-01-12,20000,0,20000,0,93.386826,44.714303,0.169839,19.6,17.610039,6.092307,29.794653
2015-01-13,20000,0,20000,0,93.359192,44.600134,0.168807,20.559999,17.612949,6.090004,29.792956
2015-01-14,20000,0,20000,0,92.844269,42.4263,0.167546,21.48,17.616759,6.08821,29.793179
2015-01-15,20000,0,20000,0,91.639557,37.785994,0.168098,22.389999,17.621457,6.087053,29.795562
2015-01-16,20000,0,20000,0,92.715485,43.707677,0.168628,20.950001,17.62473,6.084952,29.794633
2015-01-20,20000,0,20000,0,93.451164,47.394709,0.168687,19.889999,17.626955,6.082374,29.791702
2015-01-21,20000,0,20000,0,93.929344,49.700797,0.168565,18.85,17.628155,6.079506,29.787167
2015-01-22,20000,0,20000,0,95.667427,57.06784,0.169883,16.4,17.626951,6.076644,29.780239
2015-01-23,20000,0,20000,0,95.87896,57.876467,0.169822,16.66,17.626004,6.07374,29.773484
2015-01-26,20000,0,20000,0,95.768593,57.270371,0.16802,15.52,17.623943,6.071122,29.766188
2015-01-27,20000,0,20000,0,93.285652,45.680409,0.170667,17.219999,17.623548,6.068164,29.759877
2015-01-28,20000,0,20000,0,92.807449,43.84025,0.170805,20.440001,17.626299,6.065836,29.757972
2015-01-29,20000,0,20000,0,93.699455,48.044578,0.170573,18.76,17.627405,6.062977,29.753359
2015-01-30,20000,0,20000,0,92.972977,45.084274,0.169567,20.969999,17.630663,6.060917,29.752498
2015-02-02,20000,0,20000,0,93.782242,48.86409,0.169789,19.43,17.632415,6.058223,29.748861
2015-02-03,20000,0,20000,0,94.683456,52.763291,0.167649,17.33,17.632121,6.05528,29.742681
2015-02-04,20000,0,20000,0,94.600716,52.368474,0.16748,18.33,17.632799,6.052374,29.737546
2015-02-05,20000,0,20000,0,95.419128,55.884803,0.167689,16.85,17.632039,6.049481,29.731001
2015-02-06,20000,0,20000,0,94.839798,52.907319,0.167291,17.290001,17.631707,6.046553,29.724813
2015-02-09,20000,0,20000,0,94.536316,51.363482,0.166116,18.549999,17.632597,6.043688,29.719972
2015-02-10,20000,0,20000,0,96.007706,57.793914,0.166948,17.23,17.632207,6.040772,29.713751
2015-02-11,20000,0,20000,0,96.357147,59.17443,0.166498,16.959999,17.631557,6.037883,29.707324
2015-02-12,20000,0,20000,0,97.479088,63.3225,0.167001,15.34,17.629343,6.035383,29.70011
2015-02-13,20000,0,20000,0,98.315933,66.090083,0.167074,14.69,17.626506,6.033158,29.692822
2015-02-17,20000,0,20000,0,98.407898,66.390225,0.167067,15.8,17.624744,6.030512,29.685769
2015-02-18,20000,0,20000,0,98.545837,66.863979,0.166995,15.45,17.622649,6.027982,29.678613
2015-02-19,20000,0,20000,0,99.033218,68.550772,0.166816,15.29,17.620404,6.025512,29.671429
2015-02-20,20000,0,20000,0,99.695358,70.730689,0.1669,14.3,17.617212,6.023492,29.664195
2015-02-23,20000,0,20000,0,99.796532,71.060768,0.16688,14.56,17.614275,6.021341,29.656957
2015-02-24,20000,0,20000,0,99.870064,71.313973,0.166792,13.69,17.610509,6.019676,29.64986
2015-02-25,20000,0,20000,0,99.621788,69.115104,0.166823,13.84,17.606894,6.017919,29.642732
2015-02-26,20000,0,20000,0,100.127571,71.071958,0.166889,13.91,17.603352,6.016122,29.635596
2015-02-27,20000,0,20000,0,99.68618,67.077715,0.166867,13.34,17.599273,6.014686,29.628644
2015-03-02,20000,0,20000,0,100.587387,70.698567,0.167143,13.04,17.594914,6.01346,29.621834
2015-03-03,20000,0,20000,0,100.118378,66.593731,0.166979,13.86,17.591347,6.011693,29.614733
2015-03-04,20000,0,20000,0,99.732132,63.332521,0.166463,14.23,17.588139,6.009718,29.607576
2015-03-05,20000,0,20000,0,99.906868,64.186977,0.16645,14.04,17.584757,6.007849,29.600456
2015-03-06,20000,0,20000,0,98.775757,55.217038,0.167075,15.2,17.582486,6.005436,29.593358
2015-03-09,20000,0,20000,0,99.060837,56.853603,0.166956,15.06,17.580086,6.00308,29.586245
2015-03-10,20000,0,20000,0,97.221611,45.341191,0.168583,16.690001,17.57924,6.000286,29.579812
2015-03-11,20000,0,20000,0,96.660637,42.513526,0.168655,16.870001,17.578566,5.997473,29.573513
2015-03-12,20000,0,20000,0,97.295166,46.5723,0.168762,15.42,17.576518,5.994994,29.566505
2015-03-13,20000,0,20000,0,96.872131,44.325365,0.167916,16,17.575024,5.992346,29.559715
2015-03-16,20000,0,20000,0,98.12281,51.738743,0.168296,15.61,17.573163,5.98981,29.552783
2015-03-17,20000,0,20000,0,98.279137,52.588536,0.168025,15.66,17.571353,5.987263,29.545878
2015-03-18,20000,0,20000,0,99.244774,57.559714,0.16783,13.97,17.567949,5.985454,29.538857
2015-03-19,20000,0,20000,0,99.391869,58.277368,0.167668,14.07,17.564646,5.98359,29.531826
2015-03-20,20000,0,20000,0,100.035263,61.355516,0.16779,13.02,17.560358,5.982393,29.525145
2015-03-23,20000,0,20000,0,99.841667,59.922951,0.167103,13.41,17.556447,5.980928,29.518303
2015-03-24,20000,0,20000,0,99.482208,57.250099,0.166786,13.62,17.55274,5.979329,29.511398
2015-03-25,20000,0,20000,0,97.205528,43.895303,0.169226,15.44,17.550753,5.976864,29.504481
2015-03-26,20000,0,20000,0,96.873749,42.345073,0.168494,15.8,17.549107,5.974294,29.497694
2015-03-27,20000,0,20000,0,97.260841,44.794748,0.168361,15.07,17.546779,5.971969,29.490717
2015-03-30,20000,0,20000,0,98.376137,51.225014,0.168835,14.51,17.543931,5.969889,29.483708
2015-03-31,20000,0,20000,0,97.334564,45.853405,0.169228,15.29,17.541818,5.967487,29.476792
2015-04-01,20000,0,20000,0,96.827637,43.464504,0.168188,15.11,17.539541,5.965154,29.469849
2015-04-02,20000,0,20000,0,96.892159,43.865373,0.168173,14.67,17.536857,5.963007,29.46287
2015-04-06,20000,0,20000,0,97.684853,48.679891,0.168086,14.74,17.534243,5.96083,29.455903
2015-04-07,20000,0,20000,0,97.518913,47.756506,0.164767,14.78,17.531671,5.958639,29.448948
2015-04-08,20000,0,20000,0,98.293213,52.302925,0.164507,13.98,17.528358,5.956844,29.442046
2015-04-09,20000,0,20000,0,98.910759,55.620102,0.164331,13.09,17.524222,5.955606,29.435434
2015-04-10,20000,0,20000,0,99.316299,57.700569,0.16323,12.58,17.519618,5.954742,29.429102
2015-04-13,20000,0,20000,0,99.067429,55.966651,0.158574,13.94,17.516288,5.95297,29.422229
2015-04-14,20000,0,20000,0,98.781677,53.961571,0.157907,13.67,17.512714,5.951356,29.415426
2015-04-15,20000,0,20000,0,99.399239,57.504948,0.15782,12.84,17.508375,5.950294,29.408962
2015-04-16,20000,0,20000,0,99.260986,56.457351,0.157821,12.6,17.503822,5.949409,29.40264
2015-04-17,20000,0,20000,0,97.712502,46.286396,0.158399,13.89,17.500473,5.947667,29.395806
2015-04-20,20000,0,20000,0,99.178047,54.619189,0.159288,13.3,17.496583,5.946284,29.389151
2015-04-21,20000,0,20000,0,99.602036,56.711462,0.159149,13.25,17.492655,5.944933,29.382522
2015-04-22,20000,0,20000,0,100.145882,59.303325,0.159019,12.71,17.488235,5.943962,29.376158
2015-04-23,20000,0,20000,0,100.523743,61.048365,0.158622,12.48,17.48361,5.943163,29.369936
2015-04-24,20000,0,20000,0,101.887947,66.61431,0.159002,12.29,17.478819,5.942513,29.363844
2015-04-27,20000,0,20000,0,101.629852,64.729785,0.157723,13.12,17.474802,5.941245,29.357291
2015-04-28,20000,0,20000,0,101.427063,63.216519,0.157741,12.41,17.470138,5.940495,29.351128
2015-04-29,20000,0,20000,0,100.791054,58.590163,0.15776,13.39,17.466385,5.939049,29.344482
2015-04-30,20000,0,20000,0,99.205711,48.969992,0.159029,14.55,17.463704,5.936974,29.337653
2015-05-01,20000,0,20000,0,100.514549,55.47058,0.159686,12.7,17.45933,5.936001,29.331332
2015-05-04,20000,0,20000,0,100.680473,56.231771,0.159654,12.85,17.455101,5.934917,29.324935
2015-05-05,20000,0,20000,0,99.039764,47.572018,0.16092,14.31,17.452218,5.932958,29.318135
2015-05-06,20000,0,20000,0,98.357689,44.503667,0.160322,15.15,17.45011,5.930648,29.311406
2015-05-07,20000,0,20000,0,98.947609,47.648708,0.160375,15.13,17.447987,5.928347,29.304681
2015-05-08,20000,0,20000,0,100.182732,53.580236,0.160953,12.86,17.443793,5.927258,29.298309
2015-05-11,20000,0,20000,0,99.795593,51.606521,0.161023,13.85,17.440511,5.925544,29.291599
2015-05-12,20000,0,20000,0,99.343956,49.32384,0.160078,13.86,17.437245,5.923825,29.284894
2015-05-13,20000,0,20000,0,99.546745,50.38503,0.160085,13.76,17.433892,5.922162,29.278217
2015-05-14,20000,0,20000,0,101.003059,57.300299,0.160755,12.74,17.429617,5.921157,29.271932
2015-05-15,20000,0,20000,0,101.003059,57.300299,0.160409,12.38,17.425023,5.92042,29.265863
2015-05-18,20000,0,20000,0,101.44545,59.298884,0.160321,12.73,17.420755,5.919419,29.259592
2015-05-19,20000,0,20000,0,101.334892,58.561192,0.160177,12.85,17.416603,5.918331,29.253265
2015-05-20,20000,0,20000,0,101.399414,58.882673,0.160084,12.88,17.412486,5.917221,29.246928
2015-05-21,20000,0,20000,0,101.924789,61.501691,0.159833,12.11,17.407679,5.91669,29.241059
2015-05-22,20000,0,20000,0,101.823402,60.69819,0.159795,12.13,17.402899,5.91614,29.235178
2015-05-26,20000,0,20000,0,100.652817,52.215987,0.160306,14.06,17.399873,5.914315,29.228503
2015-05-27,20000,0,20000,0,102.275063,60.462027,0.16074,13.27,17.396139,5.912942,29.222024
2015-05-28,20000,0,20000,0,102.044594,58.90675,0.160714,13.31,17.392448,5.911544,29.215537
2015-05-29,20000,0,20000,0,101.436272,54.893015,0.160782,13.84,17.389242,5.909838,29.208917
2015-06-01,20000,0,20000,0,101.777313,56.675302,0.160809,13.97,17.386159,5.908062,29.202283
2015-06-02,20000,0,20000,0,101.454704,54.482281,0.160866,14.24,17.383324,5.906153,29.19563
2015-06-03,20000,0,20000,0,101.758865,56.202982,0.160881,13.66,17.379973,5.904549,29.18907
2015-06-04,20000,0,20000,0,100.984673,50.925901,0.16116,14.71,17.377572,5.902434,29.18244
2015-06-05,20000,0,20000,0,100.744972,49.379972,0.160941,14.21,17.374726,5.900543,29.175812
2015-06-08,20000,0,20000,0,99.721878,43.33345,0.161359,15.29,17.372855,5.898223,29.1693
2015-06-09,20000,0,20000,0,99.555946,42.426077,0.161374,14.47,17.370251,5.896216,29.162682
2015-06-10,20000,0,20000,0,100.920097,51.430296,0.162117,13.22,17.366532,5.89488,29.156293
2015-06-11,20000,0,20000,0,101.067596,52.298975,0.162116,12.85,17.362489,5.893788,29.150065
2015-06-12,20000,0,20000,0,100.238007,47.187144,0.162046,13.78,17.359284,5.892123,29.143531
2015-06-15,20000,0,20000,0,99.740295,44.384224,0.162167,15.39,17.357525,5.889782,29.137089
2015-06-16,20000,0,20000,0,100.284134,48.01768,0.162267,14.81,17.35525,5.887642,29.130534
2015-06-17,20000,0,20000,0,100.560631,49.812905,0.162286,14.5,17.352703,5.885631,29.123964
2015-06-18,20000,0,20000,0,102.026215,58.077403,0.16302,13.19,17.348993,5.884317,29.117628
2015-06-19,20000,0,20000,0,101.521759,54.73625,0.163155,13.96,17.345975,5.882564,29.111103
2015-06-22,20000,0,20000,0,102.270081,58.546073,0.163348,12.74,17.341877,5.881549,29.104975
2015-06-23,20000,0,20000,0,102.353233,58.959445,0.163346,12.11,17.337227,5.881001,29.099229
2015-06-24,20000,0,20000,0,101.826622,55.204952,0.163487,13.26,17.333606,5.879642,29.09289
2015-06-25,20000,0,20000,0,101.623405,53.781687,0.16338,14.01,17.330657,5.877865,29.086386
2015-06-26,20000,0,20000,0,100.948982,49.244146,0.163618,14.02,17.327722,5.876083,29.079888
2015-06-29,20000,0,20000,0,98.565453,37.274721,0.166188,18.85,17.32907,5.873653,29.076375
2015-06-30,20000,0,20000,0,98.916512,39.603223,0.166221,18.23,17.329867,5.871112,29.072091
2015-07-01,20000,0,20000,0,99.701805,44.560991,0.16599,16.09,17.328771,5.868629,29.06603
2015-07-02,20000,0,20000,0,99.729469,44.733101,0.165985,16.790001,17.328295,5.866056,29.060408
2015-07-06,20000,0,20000,0,99.498535,43.518534,0.165876,17.01,17.328014,5.863472,29.054959
2015-07-07,20000,0,20000,0,99.747978,45.247801,0.165837,16.09,17.326922,5.860999,29.048921
2015-07-08,20000,0,20000,0,98.011154,36.799533,0.166565,19.66,17.328978,5.858824,29.046626
2015-07-09,20000,0,20000,0,97.955704,36.564804,0.166362,19.969999,17.331303,5.856767,29.044836
2015-07-10,20000,0,20000,0,99.452362,46.486592,0.167234,16.83,17.330862,5.854207,29.039276
2015-07-13,20000,0,20000,0,101.19841,55.275305,0.168307,13.9,17.327847,5.852516,29.032879
2015-07-14,20000,0,20000,0,101.863602,58.098662,0.168335,13.37,17.324372,5.851119,29.026611
2015-07-15,20000,0,20000,0,101.974426,58.567939,0.168265,13.23,17.320781,5.849807,29.020395
2015-07-16,20000,0,20000,0,103.415627,64.185333,0.168987,12.11,17.316214,5.849275,29.014765
2015-07-17,20000,0,20000,0,104.939987,68.976461,0.168972,11.95,17.311515,5.848868,29.00925
2015-07-20,20000,0,20000,0,105.300331,69.998197,0.16804,12.25,17.307087,5.848223,29.003532
2015-07-21,20000,0,20000,0,105.235641,69.555323,0.168031,12.22,17.30264,5.847599,28.997837
2015-07-22,20000,0,20000,0,104.043854,61.797934,0.16852,12.12,17.298114,5.847049,28.992211
2015-07-23,20000,0,20000,0,103.655876,59.472552,0.168459,12.64,17.294049,5.846114,28.986277
2015-07-24,20000,0,20000,0,102.639603,53.765491,0.168914,13.74,17.29095,5.844505,28.979961
2015-07-27,20000,0,20000,0,101.789696,49.488433,0.169166,15.6,17.289477,5.84217,28.973818
2015-07-28,20000,0,20000,0,102.667343,53.593791,0.169439,13.44,17.286127,5.840729,28.967586
2015-07-29,20000,0,20000,0,103.055367,55.32269,0.169458,12.5,17.281965,5.839893,28.961751
2015-07-30,20000,0,20000,0,103.544998,57.47561,0.169484,12.13,17.277489,5.839328,28.956145
2015-07-31,20000,0,20000,0,103.424904,56.753224,0.167594,12.12,17.273012,5.838768,28.950549
2015-08-03,20000,0,20000,0,103.101524,54.757485,0.167574,12.56,17.268925,5.837884,28.944692
2015-08-04,20000,0,20000,0,102.907547,53.54123,0.167438,13,17.265225,5.836705,28.938635
2015-08-05,20000,0,20000,0,103.702049,57.686815,0.167347,12.51,17.261108,5.835853,28.932814
2015-08-06,20000,0,20000,0,102.039124,48.027053,0.168561,13.77,17.258088,5.83423,28.926548
2015-08-07,20000,0,20000,0,101.909798,47.362814,0.168513,13.39,17.254745,5.832814,28.920374
2015-08-10,20000,0,20000,0,103.073822,53.585194,0.16882,12.23,17.250406,5.832163,28.914731
2015-08-11,20000,0,20000,0,101.752716,46.820336,0.169488,13.71,17.247351,5.830571,28.908494
2015-08-12,20000,0,20000,0,102.10379,48.674685,0.169517,13.61,17.244216,5.829034,28.902283
2015-08-13,20000,0,20000,0,101.9375,47.824047,0.169117,13.49,17.240982,5.827562,28.896107
2015-08-14,20000,0,20000,0,102.094559,48.735302,0.169031,12.83,17.237186,5.826489,28.890165
2015-08-17,20000,0,20000,0,102.944489,53.471148,0.169208,13.02,17.23356,5.825294,28.884149
2015-08-18,20000,0,20000,0,102.417885,50.36654,0.169129,13.79,17.230601,5.823664,28.87793
2015-08-19,20000,0,20000,0,101.743484,46.632376,0.169235,15.25,17.228901,5.821451,28.871804
2015-08-20,20000,0,20000,0,98.925758,34.967471,0.17267,19.139999,17.23054,5.819221,28.868983
2015-08-21,20000,0,20000,0,94.602127,24.740673,0.180923,28.030001,17.239794,5.82531,28.890414
2015-08-24,20000,1429.976922,18570.023078,1,90.962166,19.555368,0.186996,40.740002,17.259914,5.863274,28.986462
2015-08-25,19975.17373,2811.278024,17163.895707,2,90.620323,19.149455,0.187003,36.02,17.275962,5.886392,29.048746
2015-08-26,20714.236526,3550.340819,17163.895707,2,95.184158,37.732509,0.196079,30.32,17.287111,5.896219,29.079548
2015-08-27,21099.847231,3935.951524,17163.895707,2,97.595413,44.933899,0.198331,26.1,17.294637,5.899322,29.093282
2015-08-28,21094.879246,3930.983539,17163.895707,2,97.576927,44.891034,0.198325,26.049999,17.302108,5.902346,29.1068
2015-08-31,20906.766652,3742.870945,17163.895707,2,96.366669,42.062021,0.198871,28.43,17.311594,5.908767,29.129129
2015-09-01,20487.404687,3323.50898,17163.895707,2,93.354912,35.98461,0.20251,31.4,17.323595,5.920543,29.164681
2015-09-02,20897.526813,3733.631106,17163.895707,2,95.9879,43.650028,0.205094,26.09,17.331055,5.923545,29.178145
2015-09-03,20825.28841,3661.392704,17163.895707,2,95.516762,42.665535,0.205182,25.610001,17.338095,5.925943,29.189981
2015-09-04,20658.096428,3494.200721,17163.895707,2,94.380409,40.304352,0.205618,27.799999,17.346984,5.931267,29.209519
2015-09-08,21071.755197,3907.859491,17163.895707,2,97.041107,47.614567,0.208272,24.9,17.353396,5.93283,29.219055
2015-09-09,20905.937732,3742.042025,17163.895707,2,95.950951,45.173663,0.208479,26.23,17.360925,5.935943,29.232811
2015-09-10,21063.579433,3899.683726,17163.895707,2,96.994888,47.926606,0.208646,24.370001,17.366864,5.936933,29.24073
2015-09-11,21144.427157,3980.531451,17163.895707,2,97.530731,49.332917,0.208738,23.200001,17.371804,5.936843,29.24549
2015-09-14,21092.12382,3928.228114,17163.895707,2,97.235115,48.553868,0.208676,24.25,17.377623,5.937701,29.253024
2015-09-15,21267.924406,4104.028699,17163.895707,2,98.380692,51.73472,0.208779,22.540001,17.381986,5.937086,29.256158
2015-09-16,21351.292895,4187.397188,17163.895707,2,98.934967,53.241122,0.208634,21.35,17.385338,5.935696,29.256731
2015-09-17,21354.939038,4191.043331,17163.895707,2,98.971939,53.345722,0.208629,21.139999,17.388506,5.934192,29.25689
2015-09-18,21138.447409,3974.551703,17163.895707,2,97.564278,48.863814,0.209189,22.280001,17.392631,5.933388,29.259406
2015-09-21,21179.433861,4015.538155,17163.895707,2,97.869881,49.848931,0.209214,20.139999,17.394945,5.931422,29.257789
2015-09-22,20957.421291,3793.525584,17163.895707,2,96.406631,45.344601,0.209706,22.440001,17.399192,5.930729,29.26065
2015-09-23,20966.263762,3802.368056,17163.895707,2,96.480743,45.612658,0.209676,22.129999,17.403171,5.92982,29.262811
2015-09-24,20908.201563,3744.305856,17163.895707,2,96.128845,44.496732,0.209352,23.469999,17.408269,5.929934,29.268138
2015-09-25,20772.613068,3608.717361,17163.895707,2,95.313866,41.937738,0.208018,23.620001,17.413484,5.930174,29.273833
2015-09-28,20392.688692,3228.792986,17163.895707,2,92.60038,34.768231,0.210558,27.629999,17.422055,5.935066,29.292187
2015-09-29,20323.148945,3159.253239,17163.895707,2,92.118835,33.668218,0.210648,26.83,17.429941,5.938825,29.307592
2015-09-30,20640.616204,3476.720497,17163.895707,2,94.239586,42.322995,0.212394,24.5,17.435863,5.939861,29.315584
2015-10-01,20693.697835,3529.802128,17163.895707,2,94.665611,43.906351,0.211549,22.549999,17.440142,5.939216,29.318574
2015-10-02,20947.014159,3783.118452,17163.895707,2,96.323303,49.69336,0.212543,20.940001,17.443069,5.937593,29.318254
2015-10-05,21153.675141,3989.779435,17163.895707,2,97.703186,53.952031,0.212893,19.540001,17.44482,5.935419,29.315659
2015-10-06,21081.0386,3917.142893,17163.895707,2,97.240143,52.350506,0.21296,19.4,17.446452,5.933208,29.312869
2015-10-07,21163.361897,3999.46619,17163.895707,2,97.823578,54.195478,0.212338,18.4,17.447248,5.930796,29.308839
2015-10-08,21211.845441,4047.949735,17163.895707,2,98.21254,55.434363,0.211161,17.42,17.447225,5.928322,29.303869
2015-10-09,21271.741163,4107.845456,17163.895707,2,98.657059,56.870081,0.210268,17.08,17.446919,5.925861,29.298641
2015-10-12,21284.908566,4121.012859,17163.895707,2,98.897858,57.665709,0.207984,16.17,17.445857,5.923508,29.292872
2015-10-13,21176.793832,4012.898126,17163.895707,2,98.258873,54.777969,0.207226,17.67,17.446043,5.921047,29.288137
2015-10-14,21150.268331,3986.372624,17163.895707,2,98.101418,54.059572,0.207242,18.030001,17.446528,5.918609,29.283747
2015-10-15,21406.713327,4242.817621,17163.895707,2,99.71283,59.861283,0.207924,16.049999,17.445369,5.916288,29.277944
2015-10-16,21469.937274,4306.041567,17163.895707,2,100.129555,61.22505,0.207798,15.05,17.443383,5.914234,29.271852
2015-10-19,21552.114677,4388.21897,17163.895707,2,100.703751,63.086114,0.207349,14.98,17.441342,5.912207,29.265756
2015-10-20,21462.338728,4298.443022,17163.895707,2,100.185127,60.272243,0.206761,15.75,17.439942,5.909958,29.259858
2015-10-21,21346.566439,4182.670732,17163.895707,2,99.573936,57.04313,0.204646,16.700001,17.43933,5.907549,29.254429
2015-10-22,21680.221292,4516.325586,17163.895707,2,101.602036,63.945822,0.205893,14.45,17.43686,5.905731,29.248322
2015-10-23,22161.037261,4997.141554,17163.895707,2,104.44516,70.984712,0.207724,14.46,17.434401,5.90391,29.242221
2015-10-26,22164.220498,5000.324791,17163.895707,2,104.509987,71.123146,0.207526,15.29,17.432632,5.901793,29.236218
2015-10-27,22197.943885,5034.048179,17163.895707,2,104.723022,71.602631,0.207533,15.43,17.430981,5.899638,29.230257
2015-10-28,22339.344141,5175.448435,17163.895707,2,105.593529,73.536293,0.207015,14.33,17.428427,5.897877,29.224182
2015-10-29,22308.687327,5144.79162,17163.895707,2,105.426872,72.518207,0.206968,14.61,17.426107,5.896002,29.218112
2015-10-30,22227.309427,5063.413721,17163.895707,2,104.954521,69.577973,0.207048,15.07,17.424169,5.893963,29.212095
2015-11-02,22420.711077,5256.815371,17163.895707,2,106.139931,72.582343,0.206842,14.15,17.421479,5.892286,29.206052
2015-11-03,22481.993078,5318.097372,17163.895707,2,106.510368,73.46426,0.206852,14.54,17.419113,5.890444,29.2
2015-11-04,22481.160536,5317.26483,17163.895707,2,106.51963,73.487223,0.2068,15.51,17.417547,5.888279,29.194105
2015-11-05,22430.224238,5266.328531,17163.895707,2,106.232544,71.424062,0.206836,15.05,17.415607,5.886253,29.188114
2015-11-06,22440.635046,5276.739339,17163.895707,2,106.306602,71.645216,0.206812,14.33,17.413079,5.884503,29.182086
2015-11-09,22245.135313,5081.239607,17163.895707,2,105.176804,63.563351,0.207243,16.52,17.412349,5.882148,29.176646
2015-11-10,22197.670042,5033.774336,17163.895707,2,104.908211,61.779148,0.207242,15.29,17.410613,5.880054,29.170722
2015-11-11,22173.605826,5009.71012,17163.895707,2,104.778557,60.890635,0.207227,16.059999,17.40951,5.877777,29.165063
2015-11-12,22003.231424,4839.335717,17163.895707,2,103.759888,54.284736,0.207582,18.370001,17.410294,5.875439,29.161172
2015-11-13,21675.106701,4511.210994,17163.895707,2,101.72245,44.002366,0.208942,20.08,17.412471,5.873536,29.159543
2015-11-16,21913.339816,4749.44411,17163.895707,2,103.185669,51.157576,0.209588,18.16,17.413081,5.871178,29.155438
2015-11-17,21921.644262,4757.748556,17163.895707,2,103.250511,51.453611,0.20955,18.84,17.414243,5.868927,29.152096
2015-11-18,22257.739807,5093.8441,17163.895707,2,105.232338,59.52774,0.210572,16.85,17.413784,5.866559,29.146901
2015-11-19,22267.55027,5103.654564,17163.895707,2,105.306442,59.796992,0.210488,16.99,17.413439,5.864184,29.141807
2015-11-20,22386.783841,5222.888134,17163.895707,2,106.019524,62.3899,0.210569,15.47,17.41186,5.862061,29.135983
2015-11-23,22328.707359,5164.811652,17163.895707,2,105.713921,60.586437,0.210599,15.62,17.410406,5.859902,29.13021
2015-11-24,22309.684682,5145.788976,17163.895707,2,105.621307,60.02021,0.210419,15.93,17.409205,5.857675,29.124556
2015-11-25,22323.228411,5159.332704,17163.895707,2,105.713921,60.418584,0.210415,15.19,17.407407,5.85564,29.118687
2015-11-27,22343.304866,5179.40916,17163.895707,2,105.862091,61.086655,0.210291,15.12,17.405555,5.853629,29.112813
2015-11-30,22291.097806,5127.2021,17163.895707,2,105.593529,59.1383,0.210256,16.129999,17.404523,5.851371,29.107265
2015-12-01,22467.812282,5303.916576,17163.895707,2,106.6493,63.999461,0.210096,14.67,17.402312,5.84952,29.101353
2015-12-02,22354.105006,5190.2093,17163.895707,2,105.99176,59.270165,0.2102,15.91,17.401107,5.847309,29.095725
2015-12-03,22055.811246,4891.91554,17163.895707,2,104.195107,48.684099,0.211236,18.110001,17.401679,5.844982,29.091642
2015-12-04,22476.777595,5312.881888,17163.895707,2,106.63076,59.297516,0.212999,14.81,17.399589,5.843086,29.085761
2015-12-07,22388.798028,5224.902321,17163.895707,2,106.149208,56.796385,0.21308,15.84,17.398332,5.840897,29.080127
2015-12-08,22386.970329,5223.074623,17163.895707,2,106.158447,56.834005,0.212888,17.6,17.398494,5.838546,29.075587
2015-12-09,22118.217731,4954.322024,17163.895707,2,104.54705,48.845355,0.213693,19.610001,17.400274,5.836533,29.073339
2015-12-10,22189.730752,5025.835045,17163.895707,2,105.019371,51.018632,0.21286,19.34,17.401833,5.834444,29.07072
2015-12-11,21798.612697,4634.716991,17163.895707,2,102.602226,41.339332,0.214685,24.389999,17.407446,5.83546,29.078365
2015-12-14,21918.198365,4754.302658,17163.895707,2,103.380165,44.958688,0.214432,22.73,17.411717,5.835064,29.081846
2015-12-15,22018.48896,4854.593253,17163.895707,2,104.009888,47.768059,0.214148,20.950001,17.414555,5.833583,29.081721
2015-12-16,22274.096731,5110.201025,17163.895707,2,105.556511,53.98075,0.213895,17.860001,17.414912,5.831257,29.077426
2015-12-17,22012.149336,4848.25363,17163.895707,2,104.019173,47.883935,0.213633,18.940001,17.416133,5.82908,29.074293
2015-12-18,21677.305313,4513.409607,17163.895707,2,102.023827,41.355217,0.213089,20.700001,17.41876,5.827486,29.073733
2015-12-21,21858.950887,4695.05518,17163.895707,2,103.15712,45.869501,0.213425,18.700001,17.419784,5.825268,29.070319
2015-12-22,21969.911057,4806.015351,17163.895707,2,103.835243,48.427659,0.213541,16.6,17.419129,5.822985,29.065099
2015-12-23,22097.250938,4933.355232,17163.895707,2,104.60627,51.248746,0.21366,15.57,17.417654,5.820893,29.059441
2015-12-24,22091.93503,4928.039323,17163.895707,2,104.587662,51.175988,0.21366,15.74,17.416316,5.818763,29.053842
2015-12-28,22072.794896,4908.89919,17163.895707,2,104.531914,50.942646,0.213509,16.91,17.415912,5.81646,29.048833
2015-12-29,22353.431602,5189.535896,17163.895707,2,106.176125,57.148557,0.214295,16.08,17.414849,5.814264,29.043378
2015-12-30,22189.974971,5026.079265,17163.895707,2,105.219337,52.950807,0.214426,17.290001,17.414749,5.811951,29.03865
2015-12-31,21969.500398,4805.604691,17163.895707,2,103.909584,47.777228,0.214602,18.209999,17.415382,5.809681,29.034745
2016-01-04,21610.854901,4446.959194,17163.895707,2,101.717293,40.622704,0.216138,20.700001,17.41799,5.80811,29.03421
2016-01-05,21574.714648,4410.818942,17163.895707,2,101.540794,40.102045,0.215389,19.34,17.419516,5.806055,29.031626
2016-01-06,21413.201176,4249.30547,17163.895707,2,100.565437,37.259975,0.215081,20.59,17.42203,5.804437,29.030905
2016-01-07,20939.477789,3775.582082,17163.895707,2,97.416367,29.893653,0.217991,24.99,17.428027,5.806045,29.040117
2016-01-08,20808.399153,3644.503447,17163.895707,2,96.617493,28.361782,0.217043,27.01,17.435614,5.810004,29.055621
2016-01-11,20845.591461,3681.695754,17163.895707,2,96.914764,29.8033,0.216924,24.299999,17.441044,5.810912,29.062867
2016-01-12,21015.900264,3852.004557,17163.895707,2,98.038734,35.119204,0.216979,22.469999,17.44502,5.810333,29.065686
2016-01-13,20537.005942,3373.110236,17163.895707,2,94.657463,28.200468,0.221073,25.219999,17.451161,5.812145,29.075452
2016-01-14,20844.218009,3680.322303,17163.895707,2,96.673225,36.262114,0.222402,23.950001,17.45629,5.812717,29.081725
2016-01-15,20421.92109,3258.025383,17163.895707,2,93.672798,30.731058,0.225077,27.02,17.463833,5.816627,29.097087
2016-01-19,20438.357451,3274.461745,17163.895707,2,93.877167,31.497496,0.224659,26.049999,17.470599,5.819327,29.109252
2016-01-20,20393.337848,3229.442141,17163.895707,2,93.589172,30.977336,0.22449,27.59,17.478567,5.82396,29.126487
2016-01-21,20403.602136,3239.706429,17163.895707,2,93.68206,31.371002,0.224409,26.690001,17.485814,5.827397,29.140609
2016-01-22,20810.755148,3646.859441,17163.895707,2,96.394539,41.808336,0.225945,22.34,17.489631,5.826694,29.143019
2016-01-25,20597.315501,3433.419795,17163.895707,2,94.964027,38.484233,0.226643,24.15,17.494863,5.827394,29.149651
2016-01-26,20722.722899,3558.827193,17163.895707,2,95.818604,41.477717,0.226896,22.5,17.498791,5.826792,29.152376
2016-01-27,20371.945313,3208.049606,17163.895707,2,93.431267,36.180873,0.226725,23.110001,17.503192,5.826625,29.156441
2016-01-28,20563.775963,3399.880256,17163.895707,2,94.750366,40.687938,0.227262,22.42,17.507045,5.825965,29.158976
2016-01-29,20862.362026,3698.466319,17163.895707,2,96.728966,46.76138,0.228319,20.200001,17.509154,5.82417,29.157494
2016-02-01,20892.888571,3728.992865,17163.895707,2,96.989075,47.522144,0.228141,19.98,17.511088,5.822299,29.155686
2016-02-02,20589.043135,3425.147429,17163.895707,2,94.889671,42.271677,0.229437,21.98,17.514582,5.821362,29.157306
2016-02-03,20518.822284,3354.926578,17163.895707,2,94.434525,41.208682,0.229223,21.65,17.517813,5.820234,29.15828
2016-02-04,20515.018904,3351.123197,17163.895707,2,94.425217,41.185873,0.229221,21.84,17.521187,5.819213,29.159612
2016-02-05,20081.692285,2917.796578,17163.895707,2,91.146141,34.038034,0.232871,23.379999,17.525757,5.819242,29.164241
2016-02-08,19892.706071,2728.810364,17163.895707,2,89.752762,31.533637,0.23348,26,17.532362,5.821781,29.175924
2016-02-09,19853.581426,2689.685719,17163.895707,2,89.47403,31.041614,0.233479,26.540001,17.539377,5.824939,29.189254
2016-02-10,19890.587569,2726.691862,17163.895707,2,89.817764,32.441562,0.232767,26.290001,17.546187,5.827785,29.201757
2016-02-11,19870.634307,2706.738601,17163.895707,2,89.687721,32.17543,0.232724,28.139999,17.554425,5.833002,29.220429
2016-02-12,20053.125181,2889.229474,17163.895707,2,91.053223,37.933086,0.233023,25.4,17.560521,5.834834,29.230188
2016-02-16,20337.672104,3173.776397,17163.895707,2,93.106148,45.432971,0.234355,24.110001,17.565606,5.835421,29.236447
2016-02-17,20649.925437,3486.02973,17163.895707,2,95.214813,51.866656,0.235917,22.309999,17.569286,5.834652,29.23859
2016-02-18,20493.219958,3329.324251,17163.895707,2,94.128006,48.680865,0.236302,21.639999,17.572442,5.833489,29.23942
2016-02-19,20530.339889,3366.444183,17163.895707,2,94.406639,49.53666,0.236252,20.530001,17.574733,5.831809,29.23835
2016-02-22,20751.427684,3587.531977,17163.895707,2,95.939362,54.073651,0.236919,19.379999,17.57613,5.829766,29.235662
2016-02-23,20525.139756,3361.24405,17163.895707,2,94.360199,49.168762,0.237735,20.98,17.578763,5.828278,29.235319
2016-02-24,20655.309257,3491.41355,17163.895707,2,95.261276,51.852482,0.238019,20.719999,17.58119,5.826678,29.234547
2016-02-25,20792.869069,3628.973362,17163.895707,2,96.199463,54.543488,0.238304,19.110001,17.582371,5.824581,29.231533
2016-02-26,20771.862963,3607.967256,17163.895707,2,96.07869,54.124118,0.238225,19.809999,17.58409,5.822661,29.229411
2016-02-29,20638.830924,3474.935218,17163.895707,2,95.214813,51.097747,0.238408,20.549999,17.586376,5.820997,29.22837
2016-03-01,21113.138297,3949.24259,17163.895707,2,98.270966,59.685844,0.241191,17.700001,17.586464,5.818753,29.22397
2016-03-02,21115.788083,3951.892376,17163.895707,2,98.308144,59.778383,0.241129,17.09,17.586082,5.816528,29.219137
2016-03-03,21084.682886,3920.787179,17163.895707,2,98.122353,59.048924,0.241096,16.700001,17.5854,5.81434,29.21408
2016-03-04,21087.706502,3923.810796,17163.895707,2,98.1595,59.156242,0.241086,16.860001,17.584842,5.812138,29.209119
2016-03-07,20986.468249,3822.572542,17163.895707,2,97.555725,56.561706,0.240813,17.35,17.584662,5.809908,29.204478
2016-03-08,20863.964926,3700.06922,17163.895707,2,96.747528,53.198269,0.240991,18.67,17.585495,5.807754,29.201003
2016-03-09,20947.76709,3783.871384,17163.895707,2,97.369911,55.397859,0.240066,18.34,17.586074,5.805563,29.197199
2016-03-10,20922.138994,3758.243287,17163.895707,2,97.221298,54.736345,0.239972,18.049999,17.586429,5.80335,29.19313
2016-03-11,21183.86705,4019.971344,17163.895707,2,98.921234,60.540725,0.240744,16.5,17.585597,5.801204,29.188006
2016-03-14,21201.573534,4037.677828,17163.895707,2,99.088463,61.069606,0.240693,16.92,17.585088,5.799012,29.183112
2016-03-15,21189.746291,4025.850585,17163.895707,2,99.051277,60.874221,0.240203,16.84,17.584518,5.79683,29.178178
2016-03-16,21325.785209,4161.889503,17163.895707,2,99.933746,63.831585,0.24043,14.99,17.582536,5.795057,29.172651
2016-03-17,21312.520069,4148.624363,17163.895707,2,99.878052,63.505335,0.240146,14.44,17.580137,5.793494,29.167125
2016-03-18,21334.413745,4170.518038,17163.895707,2,100.034546,64.061173,0.240147,14.02,17.577422,5.792117,29.161655
2016-03-21,21387.540256,4223.644549,17163.895707,2,100.425858,65.477083,0.240068,13.79,17.574535,5.790851,29.156238
2016-03-22,21433.530179,4269.634473,17163.895707,2,100.733299,66.59077,0.240084,14.17,17.571942,5.789407,29.150755
2016-03-23,21301.93251,4138.036803,17163.895707,2,99.904106,60.885852,0.240251,14.94,17.569939,5.787657,29.145253
2016-03-24,21292.318043,4128.422336,17163.895707,2,99.93206,61.007133,0.238624,14.74,17.567787,5.785981,29.139748
2016-03-28,21260.005371,4096.109665,17163.895707,2,99.792328,60.005546,0.238593,15.24,17.566018,5.784136,29.13429
2016-03-29,21515.195083,4351.299376,17163.895707,2,101.394791,66.747787,0.239303,13.82,17.563174,5.782859,29.128893
2016-03-30,21589.459754,4425.564048,17163.895707,2,101.88858,68.509453,0.238987,13.56,17.560137,5.781715,29.123567
2016-03-31,21560.703944,4396.808237,17163.895707,2,101.739517,67.349474,0.238642,13.95,17.5574,5.780376,29.118152
2016-04-01,21733.9281,4570.032394,17163.895707,2,102.820259,71.16191,0.238878,13.1,17.554023,5.779487,29.112996
2016-04-04,21663.297402,4499.401695,17163.895707,2,102.428963,68.063116,0.238927,14.12,17.551423,5.77807,29.107563
2016-04-05,21502.867925,4338.972218,17163.895707,2,101.441376,60.85984,0.23903,15.42,17.549811,5.77618,29.10217
2016-04-06,21774.204349,4610.308642,17163.895707,2,103.109108,67.177125,0.239804,14.09,17.547196,5.774778,29.096752
2016-04-07,21535.814129,4371.918422,17163.895707,2,101.627716,58.192441,0.24027,16.16,17.546148,5.772721,29.09159
2016-04-08,21520.582128,4356.686422,17163.895707,2,101.553162,57.773648,0.240158,15.36,17.544498,5.770853,29.086205
2016-04-11,21453.412954,4289.517248,17163.895707,2,101.180481,55.618868,0.240153,16.26,17.543529,5.768783,29.081095
2016-04-12,21587.592276,4423.69657,17163.895707,2,102.028351,59.334842,0.240337,14.85,17.5415,5.767081,29.075662
2016-04-13,21799.094583,4635.198877,17163.895707,2,103.332695,64.288541,0.240783,13.84,17.538712,5.765803,29.070318
2016-04-14,21797.343967,4633.448261,17163.895707,2,103.342003,64.321941,0.240673,13.72,17.535839,5.764583,29.065006
2016-04-15,21752.378886,4588.48318,17163.895707,2,103.081146,62.556109,0.240687,13.62,17.532895,5.763414,29.059724
2016-04-18,21830.074827,4666.17912,17163.895707,2,103.630836,64.752071,0.240004,13.35,17.529752,5.762388,29.054528
2016-04-19,21720.684718,4556.789012,17163.895707,2,102.997307,60.358516,0.239474,13.24,17.526532,5.761422,29.049376
2016-04-20,21731.455175,4567.559468,17163.895707,2,103.081146,60.73818,0.239424,13.28,17.523346,5.760433,29.044212
2016-04-21,21729.865303,4565.969597,17163.895707,2,103.090462,60.783123,0.239338,13.95,17.520667,5.759103,29.038874
2016-04-22,21480.373153,4316.477446,17163.895707,2,101.534569,50.40486,0.240002,13.22,17.517446,5.758147,29.03374
2016-04-25,21468.991751,4305.096044,17163.895707,2,101.534569,50.40486,0.239455,14.08,17.514873,5.756759,29.02839
2016-04-26,21387.950745,4224.055038,17163.895707,2,101.040741,47.424235,0.239507,13.96,17.512214,5.755425,29.023064
2016-04-27,21258.323487,4094.427781,17163.895707,2,100.230194,42.936299,0.23969,13.77,17.509417,5.754182,29.01778
2016-04-28,21068.892795,3904.997088,17163.895707,2,99.019012,37.261817,0.240014,15.22,17.507707,5.752371,29.01245
2016-04-29,20981.193692,3817.297986,17163.895707,2,98.497253,35.109195,0.239343,15.7,17.506358,5.750435,29.007228
2016-05-02,21115.69889,3951.803184,17163.895707,2,99.428955,41.597441,0.239091,14.68,17.504251,5.748807,29.001864
2016-05-03,20972.025452,3808.129746,17163.895707,2,98.506599,37.59037,0.239341,15.6,17.502832,5.746898,28.996628
2016-05-04,20867.689043,3703.793336,17163.895707,2,97.873062,35.090012,0.238654,16.049999,17.50175,5.744893,28.991537
2016-05-05,20859.78601,3695.890303,17163.895707,2,97.845108,34.979452,0.238511,15.91,17.500565,5.742918,28.986402
2016-05-06,20936.758672,3772.862965,17163.895707,2,98.366844,38.851906,0.238489,14.72,17.498498,5.741282,28.981062
2016-05-09,20968.779704,3804.883997,17163.895707,2,98.646317,40.882957,0.238044,14.57,17.496322,5.739702,28.975727
2016-05-10,21179.993613,4016.097907,17163.895707,2,99.997276,49.598076,0.238562,13.63,17.493452,5.738537,28.970526
2016-05-11,21037.437546,3873.54184,17163.895707,2,99.093536,44.836229,0.238749,14.69,17.491372,5.736915,28.965201
2016-05-12,20967.34752,3803.451813,17163.895707,2,98.655663,42.697277,0.238795,14.41,17.489088,5.7354,28.959888
2016-05-13,20904.675198,3740.779491,17163.895707,2,98.292305,40.951412,0.238189,15.04,17.487274,5.733661,28.954596
2016-05-16,21090.321057,3926.425351,17163.895707,2,99.522095,48.610334,0.238664,14.68,17.485196,5.732046,28.949288
2016-05-17,20897.173548,3733.277842,17163.895707,2,98.273682,42.573496,0.239079,15.57,17.48378,5.730161,28.944101
2016-05-18,20949.19896,3785.303254,17163.895707,2,98.627708,44.6719,0.239118,15.95,17.482646,5.728193,28.939032
2016-05-19,20868.324468,3704.428762,17163.895707,2,98.115265,42.264506,0.239195,16.33,17.481795,5.726162,28.934118
2016-05-20,21034.255613,3870.359906,17163.895707,2,99.196014,48.560615,0.239481,15.2,17.480111,5.724382,28.928875
2016-05-23,21005.971603,3842.075896,17163.895707,2,99.06559,47.882005,0.239483,15.82,17.478886,5.722447,28.923781
2016-05-24,21320.681327,4156.785621,17163.895707,2,101.050072,57.592687,0.240274,14.42,17.476632,5.720939,28.918511
2016-05-25,21430.567689,4266.671982,17163.895707,2,101.776794,60.495474,0.239659,13.9,17.473999,5.719655,28.913308
2016-05-26,21476.089074,4312.193367,17163.895707,2,102.074944,61.655135,0.239669,13.43,17.471023,5.718601,28.908224
2016-05-27,21559.397087,4395.501381,17163.895707,2,102.605995,63.699172,0.239641,13.12,17.467824,5.717714,28.903251
2016-05-31,21580.604632,4416.708926,17163.895707,2,102.80162,64.450938,0.239618,14.19,17.465415,5.716302,28.898018
2016-06-01,21579.302537,4415.406831,17163.895707,2,102.810944,64.488682,0.239587,14.2,17.463018,5.714886,28.89279
2016-06-02,21611.610987,4447.71528,17163.895707,2,103.025246,65.398124,0.239574,13.63,17.460205,5.713731,28.887668
2016-06-03,21529.24012,4365.344413,17163.895707,2,102.540749,61.55969,0.239464,13.47,17.45728,5.712657,28.882593
2016-06-06,21582.238803,4418.343097,17163.895707,2,102.913437,63.342053,0.239484,13.65,17.454491,5.711492,28.877475
2016-06-07,21535.190291,4371.294584,17163.895707,2,102.652557,61.202812,0.239184,14.05,17.451999,5.710142,28.872283
2016-06-08,21561.438101,4397.542394,17163.895707,2,102.829575,62.137228,0.239182,14.08,17.449532,5.70878,28.867093
2016-06-09,21528.147958,4364.252251,17163.895707,2,102.661873,60.646989,0.238639,14.64,17.447478,5.707198,28.861873
2016-06-10,21339.158019,4175.262313,17163.895707,2,101.497292,51.423728,0.239029,17.030001,17.447173,5.705122,28.857418
2016-06-13,21195.526169,4031.630463,17163.895707,2,100.649445,45.945382,0.239037,20.969999,17.449745,5.703832,28.857409
2016-06-14,21192.359396,4028.46369,17163.895707,2,100.649445,45.945382,0.238961,20.5,17.451969,5.702345,28.85666
2016-06-15,21143.394388,3979.498681,17163.895707,2,100.360634,44.089762,0.238898,20.139999,17.453929,5.700727,28.855383
2016-06-16,21188.076845,4024.181138,17163.895707,2,100.65876,46.492113,0.238901,19.370001,17.455324,5.698884,28.853092
2016-06-17,20997.665827,3833.770121,17163.895707,2,99.47892,39.295957,0.238681,19.41,17.456747,5.697052,28.850851
2016-06-20,21088.312578,3924.416872,17163.895707,2,100.104805,44.227653,0.238731,18.370001,17.457411,5.695032,28.847475
2016-06-21,21135.085118,3971.189411,17163.895707,2,100.422409,46.598525,0.238596,18.48,17.458154,5.693028,28.844209
2016-06-22,21093.954895,3930.059188,17163.895707,2,100.17955,45.022471,0.23861,21.17,17.46085,5.691837,28.844525
2016-06-23,21322.935557,4159.03985,17163.895707,2,101.60881,54.727106,0.239143,17.25,17.460697,5.689773,28.840243
2016-06-24,20699.013083,3535.117377,17163.895707,2,97.423767,35.157406,0.244399,25.76,17.466715,5.692097,28.85091
2016-06-27,20409.86234,3245.966634,17163.895707,2,95.490059,29.846686,0.245439,23.85,17.471341,5.692627,28.856595
2016-06-28,20716.877489,3552.981782,17163.895707,2,97.582581,40.347624,0.245176,18.75,17.472266,5.690668,28.853603
2016-06-29,20985.046871,3821.151164,17163.895707,2,99.310768,47.356241,0.246047,16.639999,17.471664,5.688652,28.848968
2016-06-30,21163.694648,3999.798941,17163.895707,2,100.459778,51.441221,0.246251,15.63,17.470333,5.686809,28.84395
2016-07-01,21241.363544,4077.467837,17163.895707,2,100.964233,53.159709,0.246324,14.77,17.468382,5.685216,28.838813
2016-07-05,21133.007775,3969.112068,17163.895707,2,100.347672,50.793644,0.246419,15.58,17.467018,5.683388,28.833794
2016-07-06,21261.812778,4097.917071,17163.895707,2,101.169746,53.749478,0.246594,14.96,17.465209,5.681735,28.828679
2016-07-07,21301.489389,4137.593682,17163.895707,2,101.468674,54.812437,0.245702,14.76,17.463259,5.680149,28.823558
2016-07-08,21556.967517,4393.07181,17163.895707,2,103.038078,60.009001,0.246377,13.2,17.460187,5.679254,28.818696
2016-07-11,21642.104584,4478.208877,17163.895707,2,103.62661,61.783859,0.245807,13.54,17.457365,5.678183,28.81373
2016-07-12,21721.376126,4557.480419,17163.895707,2,104.149727,63.341233,0.245,13.55,17.454554,5.677106,28.808765
2016-07-13,21676.259561,4512.363855,17163.895707,2,103.897507,62.028717,0.244896,13.04,17.45138,5.676297,28.803975
2016-07-14,21792.278158,4628.382451,17163.895707,2,104.607468,64.272885,0.245026,12.82,17.448053,5.675614,28.799282
2016-07-15,21758.40405,4594.508344,17163.895707,2,104.439301,63.318287,0.244458,12.67,17.444623,5.675019,28.794662
2016-07-18,21863.300858,4699.405152,17163.895707,2,105.130615,65.581396,0.243955,12.44,17.441033,5.674565,28.790164
2016-07-19,21796.364415,4632.468708,17163.895707,2,104.747612,63.253044,0.243959,11.97,17.437111,5.674421,28.785953
2016-07-20,22002.032549,4838.136842,17163.895707,2,105.971336,67.253411,0.244357,11.77,17.433052,5.674414,28.78188
2016-07-21,21956.269865,4792.374158,17163.895707,2,105.728477,65.72423,0.243986,12.74,17.429692,5.673771,28.777234
2016-07-22,22028.117268,4864.221561,17163.895707,2,106.167511,67.177174,0.243992,12.02,17.425823,5.673585,28.772992
2016-07-25,22020.194775,4856.299069,17163.895707,2,106.176865,67.209066,0.243697,12.87,17.422566,5.672863,28.768292
2016-07-26,22037.14541,4873.249704,17163.895707,2,106.298302,67.648564,0.243487,13.05,17.419443,5.672039,28.763521
2016-07-27,22160.41771,4996.522003,17163.895707,2,107.036316,70.25758,0.243412,12.83,17.416167,5.671339,28.758845
2016-07-28,22222.058518,5058.162812,17163.895707,2,107.409958,71.51028,0.243407,12.72,17.412817,5.670702,28.75422
2016-07-29,22259.506856,5095.611149,17163.895707,2,107.643509,72.295748,0.243356,11.87,17.408867,5.67061,28.750087
2016-08-01,22350.786701,5186.890995,17163.895707,2,108.213341,74.167128,0.243429,12.44,17.405328,5.67014,28.745607
2016-08-02,22206.501442,5042.605736,17163.895707,2,107.391273,67.122925,0.243577,13.37,17.402456,5.669142,28.74074
2016-08-03,22265.30282,5101.407114,17163.895707,2,107.746254,68.513598,0.243593,12.86,17.399225,5.668419,28.736063
2016-08-04,22315.444857,5151.549151,17163.895707,2,108.054535,69.711807,0.243447,12.42,17.395686,5.667958,28.731601
2016-08-05,22491.343464,5327.447758,17163.895707,2,109.091446,73.381074,0.242908,11.39,17.39142,5.668203,28.727827
2016-08-08,22462.308291,5298.412585,17163.895707,2,108.970024,72.27688,0.242907,11.5,17.387239,5.668363,28.723966
2016-08-09,22502.407667,5338.51196,17163.895707,2,109.222229,73.17963,0.242552,11.66,17.383177,5.668404,28.719985
2016-08-10,22448.403343,5284.507636,17163.895707,2,108.941994,70.435097,0.24206,12.05,17.379398,5.668172,28.715741
2016-08-11,22528.051939,5364.156232,17163.895707,2,109.409088,72.299873,0.242078,11.68,17.375361,5.668193,28.711746
2016-08-12,22538.613291,5374.717584,17163.895707,2,109.48378,72.597514,0.242067,11.55,17.371239,5.668304,28.707846
2016-08-15,22613.699857,5449.804151,17163.895707,2,109.950867,74.446648,0.24211,11.81,17.367306,5.668227,28.70376
2016-08-16,22503.442335,5339.546629,17163.895707,2,109.343689,68.020898,0.242018,12.64,17.363965,5.667616,28.699197
2016-08-17,22535.151325,5371.255618,17163.895707,2,109.539856,68.953271,0.241939,12.19,17.360311,5.667281,28.694873
2016-08-18,22536.9304,5373.034693,17163.895707,2,109.567879,69.091903,0.241797,11.43,17.356126,5.66747,28.691065
2016-08-19,22519.009599,5355.113893,17163.895707,2,109.539856,68.761246,0.239369,11.34,17.351883,5.667722,28.687327
2016-08-22,22500.374042,5336.478336,17163.895707,2,109.623901,69.236768,0.233122,12.27,17.348302,5.667329,28.68296
2016-08-23,22513.04806,2675.177761,19837.870299,1,109.820091,70.370594,0.228135,12.38,17.344803,5.666866,28.678534
2016-08-24,22448.521244,0,22448.521244,0,109.110146,61.53261,0.228237,13.45,17.342062,5.665812,28.673686
2016-08-25,22448.521244,0,22448.521244,0,108.93264,59.519836,0.220678,13.63,17.339451,5.664673,28.668798
2016-08-26,22448.521244,0,22448.521244,0,109.091446,60.756625,0.218701,13.65,17.336859,5.663526,28.663911
2016-08-29,22448.521244,0,22448.521244,0,109.240906,61.935363,0.218703,12.94,17.333771,5.662734,28.65924
2016-08-30,22448.521244,0,22448.521244,0,108.885933,57.51661,0.218194,13.12,17.330814,5.661846,28.654506
2016-08-31,22448.521244,0,22448.521244,0,108.773827,56.15403,0.214719,13.42,17.328072,5.660807,28.649685
2016-09-01,22448.521244,0,22448.521244,0,109.054085,58.782841,0.212217,13.48,17.325375,5.659738,28.644851
2016-09-02,22448.521244,0,22448.521244,0,109.409088,61.899036,0.212141,11.98,17.321632,5.659523,28.640677
2016-09-06,22448.521244,0,22448.521244,0,110.091003,67.05201,0.211713,12.02,17.317922,5.659279,28.636479
2016-09-07,22448.521244,0,22448.521244,0,110.156387,67.505799,0.209163,11.94,17.314161,5.659086,28.632332
2016-09-08,22448.521244,0,22448.521244,0,109.511826,58.894352,0.208822,12.51,17.310804,5.658532,28.627868
2016-09-09,22448.521244,0,22448.521244,0,106.756035,37.102169,0.210769,17.5,17.310936,5.656557,28.624049
2016-09-12,22448.521244,0,22448.521244,0,108.671082,50.742312,0.211713,15.16,17.309435,5.654867,28.619168
2016-09-13,22448.521244,0,22448.521244,0,107.699524,45.367072,0.211974,17.85,17.309812,5.652911,28.615634
2016-09-14,22448.521244,0,22448.521244,0,108.213341,48.475669,0.211602,18.139999,17.31039,5.650983,28.612355
2016-09-15,22448.521244,0,22448.521244,0,109.894836,57.082058,0.212278,16.299999,17.309687,5.649076,28.607839
2016-09-16,22448.521244,0,22448.521244,0,109.842384,56.763543,0.212281,15.37,17.308337,5.647341,28.603018
2016-09-19,22448.521244,0,22448.521244,0,109.364769,53.818691,0.211616,15.53,17.3071,5.64557,28.59824
2016-09-20,22448.521244,0,22448.521244,0,109.570778,54.905394,0.211599,15.92,17.306136,5.643725,28.593587
2016-09-21,22448.521244,0,22448.521244,0,110.647774,60.180737,0.211065,13.3,17.303354,5.642752,28.588857
2016-09-22,22448.521244,0,22448.521244,0,111.528091,63.898343,0.211251,12.02,17.299688,5.642509,28.584705
2016-09-23,22448.521244,0,22448.521244,0,110.816322,59.094369,0.211356,12.29,17.296214,5.642093,28.5804
2016-09-26,22448.521244,0,22448.521244,0,109.889214,53.45682,0.211349,14.5,17.294276,5.640617,28.575509
2016-09-27,22448.521244,0,22448.521244,0,110.975555,58.457791,0.20864,13.1,17.291371,5.639742,28.570855
2016-09-28,22448.521244,0,22448.521244,0,111.162834,59.270278,0.208521,12.39,17.287979,5.639263,28.566506
2016-09-29,22448.521244,0,22448.521244,0,110.357452,54.347561,0.207046,14.02,17.285719,5.637967,28.561652
2016-09-30,22448.521244,0,22448.521244,0,111.18158,58.175587,0.207155,13.29,17.282958,5.636996,28.556949
2016-10-03,22448.521244,0,22448.521244,0,111.022362,57.178065,0.206187,13.57,17.280394,5.635892,28.552178
2016-10-04,22448.521244,0,22448.521244,0,110.853821,56.081833,0.205543,13.63,17.277874,5.634762,28.547398
2016-10-05,22448.521244,0,22448.521244,0,111.247131,58.100642,0.205478,12.99,17.274917,5.633942,28.542802
2016-10-06,22448.521244,0,22448.521244,0,111.190926,57.69251,0.205377,12.84,17.271861,5.633203,28.538266
2016-10-07,22448.521244,0,22448.521244,0,110.947472,55.862064,0.20536,13.48,17.269249,5.63214,28.53353
2016-10-10,22448.521244,0,22448.521244,0,111.649834,59.822553,0.205422,13.38,17.266573,5.631125,28.528823
2016-10-11,22448.521244,0,22448.521244,0,110.057762,49.073504,0.20618,15.36,17.265261,5.629409,28.524079
2016-10-12,22448.521244,0,22448.521244,0,109.964119,48.521254,0.206018,15.91,17.26433,5.627585,28.5195
2016-10-13,22448.521244,0,22448.521244,0,109.570778,46.170894,0.20606,16.690001,17.263935,5.625671,28.515277
2016-10-14,22448.521244,0,22448.521244,0,109.701912,47.091052,0.205175,16.120001,17.26315,5.623819,28.510787
2016-10-17,22448.521244,0,22448.521244,0,109.402222,45.189851,0.205158,16.209999,17.262428,5.621956,28.50634
2016-10-18,22448.521244,0,22448.521244,0,110.37619,51.975747,0.205312,15.28,17.261069,5.620267,28.501604
2016-10-19,22448.521244,0,22448.521244,0,110.366844,51.909333,0.205204,14.41,17.259116,5.618836,28.496789
2016-10-20,22448.521244,0,22448.521244,0,110.23571,50.926067,0.205064,13.75,17.256715,5.617662,28.492038
2016-10-21,22448.521244,0,22448.521244,0,110.647774,53.882223,0.203718,13.34,17.254036,5.616673,28.487382
2016-10-24,22448.521244,0,22448.521244,0,111.977615,61.866012,0.201544,13.02,17.251141,5.615843,28.482828
2016-10-25,22448.521244,0,22448.521244,0,111.621712,58.925899,0.201587,13.46,17.248552,5.614798,28.478148
2016-10-26,22448.521244,0,22448.521244,0,110.863159,53.130374,0.201754,14.24,17.246498,5.61343,28.473359
2016-10-27,22448.521244,0,22448.521244,0,110.357452,49.626127,0.201602,15.36,17.245211,5.61173,28.468672
2016-10-28,22448.521244,0,22448.521244,0,109.664436,45.224116,0.201741,16.190001,17.244492,5.609884,28.46426
2016-10-31,22448.521244,0,22448.521244,0,109.561432,44.590997,0.201667,17.059999,17.244366,5.607973,28.460313
2016-11-01,22448.521244,0,22448.521244,0,108.737312,39.791216,0.201437,18.559999,17.245262,5.606168,28.457598
2016-11-02,22448.521244,0,22448.521244,0,107.866371,35.448554,0.201632,19.32,17.246673,5.604521,28.455715
2016-11-03,22448.521244,0,22448.521244,0,106.808105,31.018758,0.201982,22.08,17.249959,5.604031,28.458022
2016-11-04,22448.521244,0,22448.521244,0,106.433525,29.608382,0.202,22.51,17.253533,5.603804,28.46114
2016-11-07,22448.521244,0,22448.521244,0,108.962082,47.095417,0.203953,18.709999,17.254521,5.602028,28.458578
2016-11-08,22448.521244,0,22448.521244,0,109.673828,50.800461,0.203683,18.74,17.255529,5.60026,28.456049
2016-11-09,22448.521244,0,22448.521244,0,110.179527,53.302781,0.203725,14.38,17.25358,5.598861,28.451301
2016-11-10,22448.521244,0,22448.521244,0,108.400192,44.690017,0.204676,14.74,17.251877,5.597345,28.446566
2016-11-11,22448.521244,0,22448.521244,0,108.446991,44.942002,0.204328,14.17,17.24979,5.596023,28.441836
2016-11-14,22448.521244,0,22448.521244,0,107.351295,40.311386,0.203286,14.48,17.247916,5.594592,28.437101
2016-11-15,22448.521244,0,22448.521244,0,108.840302,48.132568,0.203236,13.37,17.245294,5.593608,28.432511
2016-11-16,22448.521244,0,22448.521244,0,109.486511,51.125682,0.203351,13.72,17.242912,5.592468,28.427848
2016-11-17,22448.521244,0,22448.521244,0,110.282524,54.601086,0.202267,13.35,17.240284,5.591493,28.42327
2016-11-18,22448.521244,0,22448.521244,0,109.870483,52.519244,0.202321,12.85,17.237321,5.590768,28.418858
2016-11-21,22448.521244,0,22448.521244,0,111.013039,57.37275,0.202536,12.42,17.234073,5.590282,28.414636
2016-11-22,22448.521244,0,22448.521244,0,111.350151,58.713741,0.202531,12.41,17.230822,5.589799,28.410421
2016-11-23,22448.521244,0,22448.521244,0,110.900635,56.176015,0.202591,12.43,17.227589,5.589304,28.406198
2016-11-25,22448.521244,0,22448.521244,0,111.256493,57.733477,0.202621,12.34,17.2243,5.58886,28.402021
2016-11-28,22448.521244,0,22448.521244,0,111.003639,56.205005,0.202638,13.15,17.22156,5.587979,28.397517
2016-11-29,22448.521244,0,22448.521244,0,111.387596,58.022385,0.202649,12.9,17.218656,5.587223,28.393101
2016-11-30,22448.521244,0,22448.521244,0,110.039055,50.150747,0.202852,13.33,17.216044,5.586254,28.388552
2016-12-01,22448.521244,0,22448.521244,0,108.137932,41.585463,0.203804,14.07,17.213933,5.584972,28.383878
2016-12-02,22448.521244,0,22448.521244,0,108.353325,42.777897,0.202762,14.12,17.211858,5.583673,28.379204
2016-12-05,22448.521244,0,22448.521244,0,109.196198,47.310545,0.20108,12.14,17.208458,5.583344,28.375147
2016-12-06,22448.521244,0,22448.521244,0,109.458405,48.672631,0.201021,11.79,17.204829,5.583234,28.371298
2016-12-07,22448.521244,0,22448.521244,0,110.844452,55.257131,0.201577,12.22,17.201493,5.582854,28.367201
2016-12-08,22448.521244,0,22448.521244,0,111.041115,56.117324,0.200722,12.64,17.198441,5.582232,28.362905
2016-12-09,22448.521244,0,22448.521244,0,111.912033,59.802909,0.200863,11.75,17.194799,5.582142,28.359084
2016-12-12,22448.521244,0,22448.521244,0,111.406334,56.818864,0.198937,12.64,17.191757,5.581518,28.354793
2016-12-13,22448.521244,0,22448.521244,0,112.811119,62.42748,0.199288,12.72,17.188772,5.58085,28.350471
2016-12-14,22448.521244,0,22448.521244,0,112.576958,61.005093,0.199189,13.19,17.186104,5.579942,28.345989
2016-12-15,22448.521244,0,22448.521244,0,112.754906,61.718913,0.198434,12.79,17.183173,5.579236,28.341644
2016-12-16,22448.521244,0,22448.521244,0,112.336914,58.987424,0.197676,12.2,17.179853,5.578858,28.33757
2016-12-19,22448.521244,0,22448.521244,0,112.797188,61.032534,0.1963,11.71,17.176212,5.578785,28.333782
2016-12-20,22448.521244,0,22448.521244,0,113.229248,62.902596,0.195924,11.45,17.172402,5.578883,28.330169
2016-12-21,22448.521244,0,22448.521244,0,113.144707,62.272855,0.195787,11.27,17.168477,5.579104,28.326685
2016-12-22,22448.521244,0,22448.521244,0,112.825371,59.836055,0.195639,11.43,17.164664,5.57921,28.323084
2016-12-23,22448.521244,0,22448.521244,0,112.900482,60.230255,0.195638,11.44,17.160863,5.579306,28.319476
2016-12-27,22448.521244,0,22448.521244,0,113.482872,63.242683,0.195722,11.99,17.157432,5.579044,28.31552
2016-12-28,22448.521244,0,22448.521244,0,112.599915,56.282112,0.195095,12.95,17.154642,5.578245,28.311132
2016-12-29,22448.521244,0,22448.521244,0,112.440254,55.101146,0.194784,13.37,17.152134,5.577246,28.306626
2016-12-30,22448.521244,0,22448.521244,0,111.284935,47.357505,0.194594,14.04,17.150073,5.575973,28.302019
2017-01-03,22448.521244,0,22448.521244,0,112.280579,53.431364,0.193119,12.85,17.147227,5.575224,28.297675
2017-01-04,22448.521244,0,22448.521244,0,112.891106,56.728352,0.193196,11.85,17.143724,5.575043,28.29381
2017-01-05,22448.521244,0,22448.521244,0,113.529816,59.924905,0.192915,11.67,17.140106,5.574976,28.290058
2017-01-06,22448.521244,0,22448.521244,0,114.525429,64.346258,0.189201,11.32,17.136262,5.57514,28.286542
2017-01-09,22448.521244,0,22448.521244,0,114.901154,65.876291,0.188925,11.56,17.132581,5.57514,28.28286
2017-01-10,22448.521244,0,22448.521244,0,115.154755,66.908524,0.188912,11.49,17.128859,5.575183,28.279225
2017-01-11,22448.521244,0,22448.521244,0,115.464699,68.175589,0.188475,11.26,17.12499,5.575381,28.275751
2017-01-12,22448.521244,0,22448.521244,0,115.286247,66.594548,0.18351,11.54,17.121311,5.575386,28.272083
2017-01-13,22448.521244,0,22448.521244,0,115.68074,68.342367,0.181904,11.23,17.117433,5.575598,28.268629
2017-01-17,22448.521244,0,22448.521244,0,115.333206,65.110363,0.177768,11.87,17.11398,5.575388,28.264756
2017-01-18,22448.521244,0,22448.521244,0,115.568062,66.271199,0.177767,12.48,17.110934,5.57482,28.260573
2017-01-19,22448.521244,0,22448.521244,0,115.511673,65.705929,0.177712,12.78,17.108088,5.574092,28.256273
2017-01-20,22448.521244,0,22448.521244,0,115.765259,67.066392,0.177719,11.54,17.104432,5.574087,28.252607
2017-01-23,22448.521244,0,22448.521244,0,115.859207,67.579532,0.174557,11.77,17.100932,5.573932,28.248796
2017-01-24,22448.521244,0,22448.521244,0,116.638809,71.54203,0.173677,11.07,17.096977,5.574243,28.245463
2017-01-25,22448.521244,0,22448.521244,0,117.812866,76.249825,0.173753,10.81,17.092857,5.574739,28.242334
2017-01-26,22448.521244,0,22448.521244,0,117.935005,76.681995,0.170895,10.63,17.088625,5.575365,28.239356
2017-01-27,22448.521244,0,22448.521244,0,118.160416,77.495864,0.17017,10.58,17.084365,5.576026,28.236417
2017-01-30,22448.521244,0,22448.521244,0,117.239922,67.183514,0.168808,11.88,17.080961,5.57579,28.232541
2017-01-31,22448.521244,0,22448.521244,0,117.005104,64.81409,0.168825,11.99,17.077634,5.575486,28.228605
2017-02-01,22448.521244,0,22448.521244,0,117.812866,68.879996,0.166767,11.81,17.074193,5.575289,28.224771
2017-02-02,22448.521244,0,22448.521244,0,117.709557,67.800886,0.16664,11.93,17.070836,5.575017,28.22087
2017-02-03,22448.521244,0,22448.521244,0,118.047729,69.486093,0.166653,10.97,17.066856,5.575375,28.217606
2017-02-06,22448.521244,0,22448.521244,0,118.188599,70.18608,0.160836,11.37,17.063142,5.575454,28.21405
2017-02-07,22448.521244,0,22448.521244,0,118.620636,72.285906,0.159641,11.29,17.059381,5.575584,28.210549
2017-02-08,22448.521244,0,22448.521244,0,118.817909,73.213611,0.159562,11.45,17.055729,5.575605,28.206939
2017-02-09,22448.521244,0,22448.521244,0,119.249954,75.173662,0.159557,10.88,17.051711,5.576015,28.203741
2017-02-10,22448.521244,0,22448.521244,0,119.64447,76.840175,0.159548,10.85,17.047679,5.576443,28.200566
2017-02-13,22448.521244,0,22448.521244,0,120.320747,79.393704,0.158752,11.07,17.043795,5.576712,28.197219
2017-02-14,22448.521244,0,22448.521244,0,120.724617,80.758142,0.156711,10.74,17.039701,5.577214,28.194129
2017-02-15,22448.521244,0,22448.521244,0,121.438484,82.911951,0.154697,11.97,17.036411,5.576899,28.190209
2017-02-16,22448.521244,0,22448.521244,0,121.400894,82.38899,0.153977,11.76,17.03299,5.576708,28.186405
2017-02-17,22448.521244,0,22448.521244,0,121.92688,83.917575,0.15401,11.49,17.029397,5.576685,28.182767
2017-02-21,22448.521244,0,22448.521244,0,122.528038,85.46987,0.153007,11.57,17.025861,5.576608,28.179078
2017-02-22,22448.521244,0,22448.521244,0,122.574982,85.586862,0.151539,11.74,17.02244,5.576424,28.175288
2017-02-23,22448.521244,0,22448.521244,0,122.114761,78.88134,0.151303,11.71,17.019004,5.576256,28.171516
2017-02-24,22448.521244,0,22448.521244,0,122.349556,79.752896,0.150934,11.47,17.015417,5.576237,28.167892
2017-02-27,22448.521244,0,22448.521244,0,122.49984,80.312936,0.150911,12.09,17.012235,5.57584,28.163916
2017-02-28,22448.521244,0,22448.521244,0,122.124146,74.74678,0.150509,12.92,17.009593,5.575009,28.159611
2017-03-01,22448.521244,0,22448.521244,0,123.457909,80.036526,0.15,12.54,17.00671,5.574365,28.15544
2017-03-02,22448.521244,0,22448.521244,0,122.837975,72.441061,0.15,11.81,17.003359,5.574129,28.151616
2017-03-03,22448.521244,0,22448.521244,0,123.063408,73.428564,0.15,10.96,16.999465,5.574443,28.14835
2017-03-06,22448.521244,0,22448.521244,0,122.791023,70.157427,0.15,11.24,16.995757,5.574563,28.144882
2017-03-07,22448.521244,0,22448.521244,0,122.584381,67.693643,0.15,11.45,16.992188,5.574543,28.141274
2017-03-08,22448.521244,0,22448.521244,0,122.800423,68.922437,0.15,11.86,16.988887,5.574269,28.137425
2017-03-09,22448.521244,0,22448.521244,0,122.894348,69.466191,0.15,12.3,16.985874,5.573744,28.133361
2017-03-10,22448.521244,0,22448.521244,0,123.410934,72.333379,0.15,11.66,16.982453,5.573587,28.129627
2017-03-13,22448.521244,0,22448.521244,0,123.617592,73.409103,0.15,11.35,16.978838,5.573624,28.126085
2017-03-14,22448.521244,0,22448.521244,0,123.317024,69.195089,0.15,12.3,16.975837,5.573095,28.122026
2017-03-15,22448.521244,0,22448.521244,0,124.077843,73.363302,0.15,11.63,16.97241,5.572951,28.118312
2017-03-16,22448.521244,0,22448.521244,0,123.993309,72.19443,0.15,11.21,16.968719,5.573073,28.114865
2017-03-17,22448.521244,0,22448.521244,0,123.950005,71.565389,0.15,11.28,16.965077,5.573147,28.11137
2017-03-20,22448.521244,0,22448.521244,0,124.062958,72.244705,0.15,11.34,16.961478,5.573179,28.107836
2017-03-21,22448.521244,0,22448.521244,0,122.180458,50.563534,0.15,12.47,16.958606,5.572553,28.103712
2017-03-22,22448.521244,0,22448.521244,0,123.008774,56.718488,0.15,12.81,16.955955,5.571758,28.099472
2017-03-23,22448.521244,0,22448.521244,0,122.698158,54.003242,0.15,13.12,16.953506,5.570821,28.095148
2017-03-24,22448.521244,0,22448.521244,0,122.952309,55.864987,0.15,12.96,16.950957,5.569956,28.090869
2017-03-27,22448.521244,0,22448.521244,0,123.149948,57.31198,0.15,12.5,16.948119,5.569313,28.086744
2017-03-28,22448.521244,0,22448.521244,0,123.902916,62.37333,0.15,11.53,16.944665,5.569217,28.083099
2017-03-29,22448.521244,0,22448.521244,0,124.477089,65.71186,0.15,11.42,16.941146,5.569187,28.079521
2017-03-30,22448.521244,0,22448.521244,0,124.684181,66.854197,0.15,11.54,16.937708,5.569081,28.07587
2017-03-31,22448.521244,0,22448.521244,0,124.599442,65.886907,0.15,12.37,16.934803,5.5685,28.071803
2017-04-03,22448.521244,0,22448.521244,0,124.524162,64.987347,0.15,12.38,16.931907,5.567913,28.067733
2017-04-04,22448.521244,0,22448.521244,0,124.721779,66.288539,0.15,11.79,16.92864,5.567652,28.063944
2017-04-05,22448.521244,0,22448.521244,0,124.213562,60.102416,0.15,12.89,16.926076,5.566813,28.059702
2017-04-06,22448.521244,0,22448.521244,0,124.279434,60.615447,0.15,12.39,16.923198,5.566218,28.055635
2017-04-07,22448.521244,0,22448.521244,0,124.213562,59.78752,0.15,12.87,16.920628,5.565388,28.051404
2017-04-10,22448.521244,0,22448.521244,0,124.260643,60.205885,0.15,14.05,16.918809,5.564093,28.046994
2017-04-11,22448.521244,0,22448.521244,0,123.724091,53.38883,0.15,15.07,16.917638,5.562524,28.042685
2017-04-12,22448.521244,0,22448.521244,0,123.225266,47.952678,0.15,15.77,16.916911,5.560837,28.038586
2017-04-13,22448.521244,0,22448.521244,0,122.735847,43.29475,0.15,15.96,16.916306,5.559129,28.034564
2017-04-17,22448.521244,0,22448.521244,0,123.752373,53.416104,0.15,14.66,16.91488,5.55766,28.0302
2017-04-18,22448.521244,0,22448.521244,0,123.564079,51.579587,0.15,14.42,16.913304,5.556257,28.025819
2017-04-19,22448.521244,0,22448.521244,0,123.761749,53.391262,0.15,14.93,16.912052,5.554726,28.021503
2017-04-20,22448.521244,0,22448.521244,0,124.797066,61.513524,0.15,14.15,16.910309,5.553405,28.01712
2017-04-21,22448.521244,0,22448.521244,0,124.76889,61.200953,0.15,14.63,16.908871,5.551948,28.012768
2017-04-24,22448.521244,0,22448.521244,0,126.274826,69.980988,0.15,10.84,16.905047,5.552288,28.009624
2017-04-25,22448.521244,0,22448.521244,0,127.187805,73.845237,0.15,10.76,16.901178,5.55268,28.006538
2017-04-26,22448.521244,0,22448.521244,0,127.009003,71.893349,0.15,10.85,16.897369,5.553007,28.003383
2017-04-27,22448.521244,0,22448.521244,0,127.771362,74.935386,0.15,10.36,16.893258,5.55368,28.000618
2017-04-28,22448.521244,0,22448.521244,0,127.997269,75.772188,0.15,10.82,16.889441,5.554021,27.997482
2017-05-01,22448.521244,0,22448.521244,0,129.136139,79.489785,0.15,10.11,16.885182,5.554874,27.99493
2017-05-02,22448.521244,0,22448.521244,0,129.3526,80.114351,0.15,10.59,16.88123,5.555369,27.991968
2017-05-03,22448.521244,0,22448.521244,0,128.938568,75.385716,0.15,10.68,16.87734,5.555796,27.988933
2017-05-04,22448.521244,0,22448.521244,0,128.98555,75.561984,0.15,10.46,16.873317,5.556377,27.986071
2017-05-05,22448.521244,0,22448.521244,0,129.456223,77.314668,0.15,10.57,16.869367,5.556876,27.983118
2017-05-08,22448.521244,0,22448.521244,0,129.73848,78.318891,0.15,9.77,16.864922,5.557974,27.98087
2017-05-09,22448.521244,0,22448.521244,0,130.190369,79.85632,0.15,9.96,16.860601,5.558918,27.978437
2017-05-10,22448.521244,0,22448.521244,0,130.265594,80.109184,0.15,10.21,16.856442,5.559667,27.975775
2017-05-11,22448.521244,0,22448.521244,0,130.162048,78.645746,0.15,10.6,16.852531,5.560128,27.972788
2017-05-12,22448.521244,0,22448.521244,0,130.453842,79.767428,0.15,10.4,16.848501,5.560729,27.96996
2017-05-15,22448.521244,0,22448.521244,0,130.867981,81.271098,0.15,10.42,16.844488,5.561312,27.967113
2017-05-16,22448.521244,0,22448.521244,0,131.413849,83.05834,0.15,10.65,16.840624,5.561729,27.964081
2017-05-17,22448.521244,0,22448.521244,0,128.072571,50.985944,0.15,15.59,16.839844,5.560081,27.960007
2017-05-18,22448.521244,0,22448.521244,0,129.192612,56.982469,0.15,14.66,16.838486,5.558614,27.955714
2017-05-19,22448.521244,0,22448.521244,0,129.73848,59.57805,0.15,12.04,16.835498,5.558172,27.951842
2017-05-22,22448.521244,0,22448.521244,0,130.830368,64.227615,0.15,10.93,16.831823,5.558394,27.948611
2017-05-23,22448.521244,0,22448.521244,0,130.962143,64.754526,0.15,10.72,16.828022,5.558754,27.945531
2017-05-24,22448.521244,0,22448.521244,0,131.564514,67.137435,0.15,10.02,16.823791,5.559617,27.943024
2017-05-25,22448.521244,0,22448.521244,0,132.684601,71.05606,0.15,9.99,16.819547,5.560498,27.940542
2017-05-26,22448.521244,0,22448.521244,0,132.919876,71.816281,0.15,9.81,16.815196,5.561513,27.938222
2017-05-30,22448.521244,0,22448.521244,0,133.032867,72.194005,0.15,10.38,16.811203,5.562097,27.935397
2017-05-31,22448.521244,0,22448.521244,0,132.985764,71.762219,0.15,10.41,16.807235,5.562655,27.932545
2017-06-01,22448.521244,0,22448.521244,0,133.503448,73.628975,0.15,9.89,16.802949,5.563595,27.93014
2017-06-02,22448.521244,0,22448.521244,0,135.028198,78.200152,0.15,9.75,16.798582,5.56464,27.927861
2017-06-05,22448.521244,0,22448.521244,0,135.000031,77.9314,0.15,10.07,16.794418,5.565434,27.925287
2017-06-06,22448.521244,0,22448.521244,0,134.463501,72.799273,0.15,10.45,16.790495,5.565949,27.922392
2017-06-07,22448.521244,0,22448.521244,0,134.99057,74.570909,0.15,10.39,16.786539,5.566502,27.919543
2017-06-08,22448.521244,0,22448.521244,0,135.131744,75.039845,0.15,10.16,16.782446,5.567218,27.916882
2017-06-09,22448.521244,0,22448.521244,0,131.752731,50.862837,0.15,10.7,16.778691,5.56755,27.91379
2017-06-12,22448.521244,0,22448.521244,0,131.04686,47.425345,0.15,11.46,16.77541,5.567398,27.910207
2017-06-13,22448.521244,0,22448.521244,0,132.110413,52.621051,0.15,10.42,16.771492,5.567918,27.907327
2017-06-14,22448.521244,0,22448.521244,0,131.53627,49.762066,0.15,10.64,16.767714,5.568281,27.904277
2017-06-15,22448.521244,0,22448.521244,0,130.952728,46.968882,0.15,10.9,16.764101,5.56847,27.90104
2017-06-16,22448.521244,0,22448.521244,0,130.384552,44.358105,0.15,10.38,16.760172,5.569007,27.898187
2017-06-19,22448.521244,0,22448.521244,0,132.564713,54.751431,0.15,10.37,16.756242,5.569548,27.895339
2017-06-20,22448.521244,0,22448.521244,0,131.526535,49.965256,0.15,10.86,16.752618,5.569754,27.892126
2017-06-21,22448.521244,0,22448.521244,0,132.828964,55.25032,0.15,10.75,16.748931,5.570029,27.888989
2017-06-22,22448.521244,0,22448.521244,0,132.791229,55.068827,0.15,10.48,16.745083,5.570484,27.886051
2017-06-23,22448.521244,0,22448.521244,0,133.300903,57.117792,0.15,10.02,16.740957,5.571265,27.883486
2017-06-26,22448.521244,0,22448.521244,0,132.677963,53.883488,0.15,9.9,16.736763,5.572131,27.881024
2017-06-27,22448.521244,0,22448.521244,0,130.271362,43.609615,0.15,11.06,16.733284,5.572194,27.877673
2017-06-28,22448.521244,0,22448.521244,0,132.14946,51.397752,0.15,10.03,16.729179,5.572956,27.875092
2017-06-29,22448.521244,0,22448.521244,0,129.856018,43.497405,0.15,11.44,16.725942,5.572786,27.871514
2017-06-30,22448.521244,0,22448.521244,0,129.903259,43.689409,0.15,11.18,16.72255,5.572769,27.868088
2017-07-03,22448.521244,0,22448.521244,0,128.534698,39.501624,0.15,11.22,16.719187,5.572725,27.864637
2017-07-05,22448.521244,0,22448.521244,0,129.799408,44.770198,0.15,11.07,16.715736,5.572771,27.861278
2017-07-06,22448.521244,0,22448.521244,0,128.629105,41.195105,0.15,12.54,16.713187,5.572024,27.857234
2017-07-07,22448.521244,0,22448.521244,0,130.016479,46.635504,0.15,11.19,16.709817,5.571993,27.853803
2017-07-10,22448.521244,0,22448.521244,0,130.865875,49.703509,0.15,11.11,16.706402,5.572009,27.85042
2017-07-11,22448.521244,0,22448.521244,0,131.233994,51.017836,0.15,10.89,16.702858,5.57216,27.847178
2017-07-12,22448.521244,0,22448.521244,0,132.791229,56.22867,0.15,10.3,16.698959,5.572703,27.844364
2017-07-13,22448.521244,0,22448.521244,0,133.083801,57.150972,0.15,9.9,16.69482,5.57353,27.841881
2017-07-14,22448.521244,0,22448.521244,0,134.131424,60.370958,0.15,9.51,16.69045,5.574651,27.839752
2017-07-17,22448.521244,0,22448.521244,0,134.197464,60.5721,0.15,9.82,16.686274,5.575529,27.837331
2017-07-18,22448.521244,0,22448.521244,0,135.094086,63.295994,0.15,9.89,16.682145,5.576351,27.834846
2017-07-19,22448.521244,0,22448.521244,0,135.886841,65.561403,0.15,9.79,16.67796,5.577243,27.832445
2017-07-20,22448.521244,0,22448.521244,0,136.066177,66.071568,0.15,9.58,16.673653,5.57829,27.830233
2017-07-21,22448.521244,0,22448.521244,0,136.009521,65.740241,0.15,9.36,16.669218,5.579505,27.828228
2017-07-24,22448.521244,0,22448.521244,0,136.632431,67.660423,0.15,9.43,16.66483,5.580659,27.826149
2017-07-25,22448.521244,0,22448.521244,0,136.283218,65.44585,0.15,9.43,16.660448,5.581809,27.824066
2017-07-26,22448.521244,0,22448.521244,0,136.726776,66.926591,0.15,9.6,16.656174,5.582821,27.821817
2017-07-27,22448.521244,0,22448.521244,0,135.868011,61.437261,0.15,10.11,16.652214,5.583453,27.819121
2017-07-28,22448.521244,0,22448.521244,0,135.7547,60.729469,0.15,10.29,16.648368,5.583956,27.816279
2017-07-31,22448.521244,0,22448.521244,0,135.178986,57.128315,0.15,10.26,16.644508,5.584476,27.813459
2017-08-01,22448.521244,0,22448.521244,0,135.490509,58.560265,0.15,10.09,16.64055,5.585111,27.810772
2017-08-02,22448.521244,0,22448.521244,0,135.858582,60.249638,0.15,10.28,16.636711,5.585611,27.807933
2017-08-03,22448.521244,0,22448.521244,0,135.330017,56.676414,0.15,10.44,16.632973,5.585999,27.804971
2017-08-04,22448.521244,0,22448.521244,0,135.575409,57.924046,0.15,10.03,16.628993,5.586666,27.802326
2017-08-07,22448.521244,0,22448.521244,0,136.43428,62.044026,0.15,9.93,16.624958,5.587402,27.799762
2017-08-08,22448.521244,0,22448.521244,0,136.198303,60.297063,0.15,10.96,16.621547,5.587448,27.796443
2017-08-09,22448.521244,0,22448.521244,0,136.018982,58.938959,0.15,11.11,16.618231,5.587402,27.793034
2017-08-10,22448.521244,0,22448.521244,0,133.102676,42.265972,0.15,16.040001,16.617883,5.585738,27.78936
2017-08-11,22448.521244,0,22448.521244,0,134.112473,47.774998,0.15,15.51,16.617218,5.584125,27.785467
2017-08-14,22448.521244,0,22448.521244,0,135.839676,55.582185,0.15,12.33,16.614643,5.583435,27.781513
2017-08-15,22448.521244,0,22448.521244,0,135.934067,55.969567,0.15,12.04,16.611897,5.582883,27.777664
2017-08-16,22448.521244,0,22448.521244,0,136.169998,56.979515,0.15,11.74,16.608974,5.582483,27.77394
2017-08-17,22448.521244,0,22448.521244,0,133.385834,44.11884,0.15,15.55,16.608339,5.580869,27.770077
2017-08-18,22448.521244,0,22448.521244,0,133.291443,43.758241,0.15,14.26,16.606932,5.579492,27.765916
2017-08-21,22448.521244,0,22448.521244,0,133.121597,43.075989,0.15,13.19,16.604886,5.578447,27.761779
2017-08-22,22448.521244,0,22448.521244,0,135.150696,52.586804,0.15,11.35,16.601741,5.578258,27.758257
2017-08-23,22448.521244,0,22448.521244,0,134.669418,50.434388,0.15,12.25,16.599139,5.577604,27.754346
2017-08-24,22448.521244,0,22448.521244,0,134.272995,48.667392,0.15,12.23,16.596527,5.576958,27.750444
2017-08-25,22448.521244,0,22448.521244,0,133.989822,47.390148,0.15,11.28,16.593351,5.576806,27.746962
2017-08-28,22448.521244,0,22448.521244,0,134.405075,49.483836,0.15,11.32,16.590203,5.576628,27.74346
2017-08-29,22448.521244,0,22448.521244,0,134.933655,52.097135,0.15,11.7,16.587285,5.576243,27.739771
2017-08-30,22448.521244,0,22448.521244,0,136.519196,58.956104,0.15,11.22,16.584085,5.57612,27.736324
2017-08-31,22448.521244,0,22448.521244,0,137.982086,64.068164,0.15,10.59,16.580513,5.576377,27.733267
2017-09-01,22448.521244,0,22448.521244,0,137.79332,62.978143,0.15,10.13,16.576671,5.576937,27.730546
2017-09-05,22448.521244,0,22448.521244,0,136.556961,56.230268,0.15,12.23,16.574083,5.576285,27.726653
2017-09-06,22448.521244,0,22448.521244,0,136.972229,57.863342,0.15,11.63,16.571142,5.575929,27.723001
2017-09-07,22448.521244,0,22448.521244,0,137.293121,59.132245,0.15,11.55,16.568157,5.575615,27.719386
2017-09-08,22448.521244,0,22448.521244,0,136.103928,52.78798,0.15,12.12,16.565514,5.575012,27.715537
2017-09-11,22448.521244,0,22448.521244,0,137.670654,59.0253,0.15,10.73,16.562049,5.575169,27.712386
2017-09-12,22448.521244,0,22448.521244,0,138.000977,60.218614,0.15,10.58,16.558499,5.575418,27.709335
2017-09-13,22448.521244,0,22448.521244,0,138.189667,60.918783,0.15,10.5,16.554905,5.575716,27.706337
2017-09-14,22448.521244,0,22448.521244,0,137.378006,56.326332,0.15,10.44,16.55128,5.57605,27.703381
2017-09-15,22448.521244,0,22448.521244,0,137.849945,58.295022,0.15,10.17,16.5475,5.576561,27.700621
2017-09-18,22448.521244,0,22448.521244,0,137.669266,57.231371,0.15,10.15,16.543712,5.577081,27.697875
2017-09-19,22448.521244,0,22448.521244,0,137.905716,58.303587,0.15,10.18,16.539947,5.577579,27.695104
2017-09-20,22448.521244,0,22448.521244,0,137.480118,55.601567,0.15,9.78,16.535949,5.578351,27.692651
2017-09-21,22448.521244,0,22448.521244,0,136.638321,50.60597,0.15,9.67,16.531891,5.579199,27.690289
2017-09-22,22448.521244,0,22448.521244,0,136.505905,49.84729,0.15,9.59,16.527791,5.580101,27.687993
2017-09-25,22448.521244,0,22448.521244,0,135.068176,42.412437,0.15,10.21,16.524061,5.580564,27.68519
2017-09-26,22448.521244,0,22448.521244,0,135.418106,44.579108,0.15,10.17,16.520313,5.581051,27.682415
2017-09-27,22448.521244,0,22448.521244,0,136.638321,51.440033,0.15,9.87,16.516392,5.581741,27.679874
2017-09-28,22448.521244,0,22448.521244,0,136.590988,51.175378,0.15,9.55,16.512286,5.582657,27.677601
2017-09-29,22448.521244,0,22448.521244,0,137.574677,56.216946,0.15,9.51,16.508163,5.583598,27.67536
2017-10-02,22448.521244,0,22448.521244,0,137.697647,56.817242,0.15,9.45,16.504008,5.58458,27.673168
2017-10-03,22448.521244,0,22448.521244,0,137.990845,58.285788,0.15,9.51,16.499894,5.585513,27.670919
2017-10-04,22448.521244,0,22448.521244,0,138.123291,58.964677,0.15,9.63,16.495855,5.586353,27.668562
2017-10-05,22448.521244,0,22448.521244,0,139.475861,65.194397,0.15,9.19,16.491563,5.587518,27.666599
2017-10-06,22448.521244,0,22448.521244,0,139.665054,65.972562,0.15,9.65,16.487546,5.588336,27.664218
2017-10-09,22448.521244,0,22448.521244,0,139.504227,64.649362,0.15,10.33,16.483932,5.588686,27.661304
2017-10-10,22448.521244,0,22448.521244,0,139.608246,65.13641,0.15,10.08,16.480176,5.589198,27.658572
2017-10-11,22448.521244,0,22448.521244,0,140.024475,67.090309,0.15,9.85,16.47629,5.589864,27.656018
2017-10-12,22448.521244,0,22448.521244,0,139.769089,64.694527,0.15,9.91,16.472443,5.590485,27.653413
2017-10-13,22448.521244,0,22448.521244,0,140.308212,67.345503,0.15,9.61,16.468425,5.591314,27.651052
2017-10-16,22448.521244,0,22448.521244,0,140.790588,69.548692,0.15,9.91,16.464587,5.591927,27.648442
2017-10-17,22448.521244,0,22448.521244,0,140.970322,70.351369,0.15,10.31,16.460988,5.592272,27.645533
2017-10-18,22448.521244,0,22448.521244,0,140.800049,68.50897,0.15,10.07,16.457253,5.592771,27.642796
2017-10-19,22448.521244,0,22448.521244,0,140.279816,63.073977,0.15,10.05,16.453511,5.593281,27.640072
2017-10-20,22448.521244,0,22448.521244,0,140.658157,65.234088,0.15,9.97,16.449726,5.593841,27.637407
2017-10-23,22448.521244,0,22448.521244,0,139.740677,56.588942,0.15,11.07,16.446587,5.593717,27.634021
2017-10-24,22448.521244,0,22448.521244,0,139.977142,58.129101,0.15,11.16,16.443504,5.593542,27.630589
2017-10-25,22448.521244,0,22448.521244,0,139.447479,53.546491,0.15,11.23,16.440466,5.593327,27.627121
2017-10-26,22448.521244,0,22448.521244,0,139.002899,49.984524,0.15,11.3,16.437472,5.593073,27.623619
2017-10-27,22448.521244,0,22448.521244,0,143.051193,69.730286,0.15,9.8,16.433609,5.593737,27.621083
2017-10-30,22448.521244,0,22448.521244,0,143.372803,70.719278,0.15,10.5,16.430157,5.59394,27.618036
2017-10-31,22448.521244,0,22448.521244,0,143.911926,72.350155,0.15,10.18,16.426523,5.594343,27.615208
2017-11-01,22448.521244,0,22448.521244,0,143.864594,71.97114,0.15,10.2,16.422905,5.59473,27.612365
2017-11-02,22448.521244,0,22448.521244,0,143.590302,69.692688,0.15,9.93,16.419135,5.595292,27.609719
2017-11-03,22448.521244,0,22448.521244,0,144.971268,74.132726,0.15,9.14,16.41491,5.596415,27.607741
2017-11-06,22448.521244,0,22448.521244,0,145.463104,75.50889,0.15,9.4,16.410841,5.597342,27.605524
2017-11-07,22448.521244,0,22448.521244,0,145.548248,75.749415,0.15,9.89,16.407061,5.59792,27.602901
2017-11-08,22448.521244,0,22448.521244,0,146.13472,77.396106,0.15,9.78,16.403221,5.59857,27.600362
2017-11-09,22448.521244,0,22448.521244,0,145.368546,70.646963,0.15,10.5,16.399803,5.59875,27.597304
2017-11-10,22448.521244,0,22448.521244,0,145.3591,70.565269,0.15,11.29,16.396846,5.598479,27.593804
2017-11-13,22448.521244,0,22448.521244,0,145.538757,71.246361,0.15,11.5,16.394014,5.598098,27.590209
2017-11-14,22448.521244,0,22448.521244,0,145.009079,66.370267,0.15,11.59,16.391237,5.59767,27.586577
2017-11-15,22448.521244,0,22448.521244,0,144.328094,60.625477,0.15,13.13,16.389353,5.596601,27.582555
2017-11-16,22448.521244,0,22448.521244,0,146.172501,68.562427,0.15,11.76,16.38668,5.59609,27.57886
2017-11-17,22448.521244,0,22448.521244,0,145.614471,64.336876,0.15,11.43,16.38382,5.595741,27.575302
2017-11-20,22448.521244,0,22448.521244,0,145.500977,63.479961,0.15,10.65,16.380513,5.595821,27.572155
2017-11-21,22448.521244,0,22448.521244,0,147.080536,69.557206,0.15,9.73,16.37668,5.596485,27.56965
2017-11-22,22448.521244,0,22448.521244,0,147.260223,70.165428,0.15,9.88,16.372938,5.597044,27.567026
2017-11-24,22448.521244,0,22448.521244,0,147.799393,71.974762,0.15,9.67,16.369079,5.597743,27.564565
2017-11-27,22448.521244,0,22448.521244,0,147.7332,71.402256,0.15,9.87,16.365339,5.598302,27.561944
2017-11-28,22448.521244,0,22448.521244,0,148.111511,72.736999,0.15,10.03,16.361696,5.598753,27.559202
2017-11-29,22448.521244,0,22448.521244,0,145.529327,54.157081,0.15,10.7,16.358443,5.598789,27.55602
2017-11-30,22448.521244,0,22448.521244,0,146.749527,59.43076,0.15,11.28,16.355526,5.598503,27.552531
2017-12-01,22448.521244,0,22448.521244,0,146.125214,55.888194,0.15,11.43,16.352698,5.598139,27.548975
2017-12-04,22448.521244,0,22448.521244,0,144.441605,47.640925,0.15,11.68,16.350017,5.597651,27.545318
2017-12-05,22448.521244,0,22448.521244,0,144.536224,48.104421,0.15,11.33,16.347139,5.597335,27.54181
2017-12-06,22448.521244,0,22448.521244,0,145.188828,51.306117,0.15,11.02,16.344086,5.597183,27.538453
2017-12-07,22448.521244,0,22448.521244,0,145.680695,53.628248,0.15,10.16,16.340544,5.597536,27.535617
2017-12-08,22448.521244,0,22448.521244,0,146.323822,56.546173,0.15,9.58,16.336674,5.59827,27.533215
2017-12-11,22448.521244,0,22448.521244,0,147.458893,61.188079,0.15,9.34,16.332672,5.599169,27.53101
2017-12-12,22448.521244,0,22448.521244,0,147.260223,59.980349,0.15,9.92,16.329005,5.599667,27.528339
2017-12-13,22448.521244,0,22448.521244,0,147.544037,61.159777,0.15,10.18,16.325491,5.599995,27.525482
2017-12-14,22448.521244,0,22448.521244,0,147.439941,60.456022,0.15,10.49,16.322159,5.600132,27.522423
2017-12-15,22448.521244,0,22448.521244,0,149.114136,67.027539,0.15,9.42,16.318219,5.60096,27.52014
2017-12-18,22448.521244,0,22448.521244,0,150.364334,70.914574,0.15,9.53,16.314347,5.601709,27.517764
2017-12-19,22448.521244,0,22448.521244,0,149.473297,65.030407,0.15,10.03,16.310764,5.602121,27.515005
2017-12-20,22448.521244,0,22448.521244,0,149.312256,63.99685,0.15,9.72,16.307009,5.602733,27.512474
2017-12-21,22448.521244,0,22448.521244,0,149.331177,64.069106,0.15,9.62,16.3032,5.603409,27.510018
2017-12-22,22448.521244,0,22448.521244,0,149.160538,62.844149,0.15,9.9,16.299556,5.603896,27.507347
2017-12-26,22448.521244,0,22448.521244,0,148.354919,57.276356,0.15,10.25,16.296115,5.604158,27.504432
2017-12-27,22448.521244,0,22448.521244,0,148.37384,57.37188,0.15,10.47,16.292803,5.604286,27.501375
2017-12-28,22448.521244,0,22448.521244,0,148.55397,58.327149,0.15,10.18,16.28933,5.604587,27.498504
2017-12-29,22448.521244,0,22448.521244,0,147.634567,51.93045,0.15,11.04,16.286349,5.604391,27.495131
2018-01-02,22448.521244,0,22448.521244,0,150.222122,63.922427,0.15,9.77,16.28265,5.60495,27.49255
2018-01-03,22448.521244,0,22448.521244,0,151.681808,68.670609,0.15,9.15,16.278605,5.605933,27.490471
2018-01-04,22448.521244,0,22448.521244,0,151.947189,69.457632,0.15,9.22,16.274603,5.606863,27.488328
2018-01-05,22448.521244,0,22448.521244,0,153.473206,73.569303,0.15,9.22,16.270606,5.607788,27.486182
2018-01-08,22448.521244,0,22448.521244,0,154.070343,74.98823,0.15,9.52,16.266784,5.6085,27.483783
2018-01-09,22448.521244,0,22448.521244,0,154.079819,75.011155,0.15,10.08,16.263282,5.608843,27.480969
2018-01-10,22448.521244,0,22448.521244,0,153.719681,72.298791,0.15,9.82,16.259638,5.609349,27.478337
2018-01-11,22448.521244,0,22448.521244,0,154.771744,75.128148,0.15,9.88,16.256032,5.609814,27.475659
2018-01-12,22448.521244,0,22448.521244,0,155.90918,77.771577,0.15,10.16,16.252588,5.610099,27.472786
2018-01-16,22448.521244,0,22448.521244,0,155.463654,74.434511,0.15,11.66,16.249994,5.609576,27.469146
2018-01-17,22448.521244,0,22448.521244,0,157.141327,78.223705,0.15,11.91,16.247545,5.60894,27.465425
2018-01-18,22448.521244,0,22448.521244,0,157.169785,78.282505,0.15,12.22,16.245274,5.608173,27.461619
2018-01-19,22448.521244,0,22448.521244,0,157.662643,79.3238,0.15,11.27,16.242469,5.607835,27.458139
2018-01-22,22448.521244,0,22448.521244,0,159.349792,82.429525,0.15,11.03,16.239532,5.607619,27.454771
2018-01-23,22448.521244,0,22448.521244,0,160.667236,84.400038,0.15,11.1,16.236639,5.607366,27.45137
2018-01-24,22448.521244,0,22448.521244,0,159.624664,77.037052,0.15,11.47,16.233956,5.606927,27.447811
2018-01-25,22448.521244,0,22448.521244,0,159.56778,76.644167,0.15,11.58,16.231339,5.606436,27.44421
2018-01-26,22448.521244,0,22448.521244,0,162.013214,81.105341,0.15,11.08,16.228443,5.60619,27.440822
2018-01-29,22448.521244,0,22448.521244,0,161.226486,76.071179,0.15,13.84,16.227101,5.6049,27.4369
2018-01-30,22448.521244,0,22448.521244,0,159.899536,68.36361,0.15,14.79,16.226294,5.603428,27.433151
2018-01-31,22448.521244,0,22448.521244,0,160.562943,70.000148,0.15,13.54,16.224787,5.602217,27.42922
2018-02-01,22448.521244,0,22448.521244,0,159.198105,62.802328,0.15,13.47,16.223242,5.601024,27.425291
2018-02-02,22448.521244,0,22448.521244,0,156.022842,49.937308,0.15,17.309999,16.223851,5.599513,27.422876
2018-02-05,22448.521244,1929.999656,20518.521588,1,149.871399,34.98523,0.15,37.32,16.235669,5.620168,27.476006
2018-02-06,22731.770231,2213.248644,20518.521588,1,153.84285,46.187722,0.15,29.98,16.243365,5.627999,27.499362
2018-02-07,22585.537608,2067.01602,20518.521588,1,151.852463,42.257812,0.15,27.73,16.249793,5.63298,27.515754
2018-02-08,22174.217045,3593.959037,18580.258008,2,145.445068,32.632154,0.153502,33.459999,16.259418,5.646093,27.551604
2018-02-09,22533.518303,3953.260295,18580.258008,2,147.956848,38.54213,0.15471,29.059999,16.266574,5.652621,27.571816
2018-02-12,22916.951781,4336.693773,18580.258008,2,150.582291,44.065666,0.155981,25.610001,16.271793,5.655355,27.582503
2018-02-13,23027.061704,4446.803696,18580.258008,2,151.359543,45.623757,0.155961,24.969999,16.27665,5.65751,27.591669
2018-02-14,23466.211628,4885.95362,18580.258008,2,154.193558,50.985032,0.157365,19.26,16.278315,5.656369,27.591053
2018-02-15,23921.290393,5341.032385,18580.258008,2,157.056015,55.732534,0.15864,19.129999,16.279905,5.655192,27.590288
2018-02-16,23810.640834,5230.382826,18580.258008,2,156.354645,54.343612,0.158769,19.459999,16.281678,5.654113,27.589903
2018-02-20,23846.658285,5266.400277,18580.258008,2,156.667419,54.883585,0.158723,20.6,16.284084,5.653456,27.590995
2018-02-21,23774.357896,5194.099888,18580.258008,2,156.22197,53.905767,0.158719,20.02,16.286164,5.652568,27.5913
2018-02-22,23768.442683,5188.184675,18580.258008,2,156.202927,53.861588,0.158723,18.719999,16.287518,5.651286,27.59009
2018-02-23,24288.664774,5708.406766,18580.258008,2,159.397186,59.811401,0.160297,16.49,16.287631,5.649715,27.587061
2018-02-26,24628.943962,6048.685953,18580.258008,2,161.510834,63.193685,0.160952,15.8,16.28736,5.648156,27.583671
2018-02-27,24313.079877,5732.821869,18580.258008,2,159.51091,58.202386,0.161772,18.59,16.288639,5.646846,27.582332
2018-02-28,24149.461807,5569.203799,18580.258008,2,158.487259,55.774123,0.161946,19.85,16.290616,5.645901,27.582419
2018-03-01,23754.741314,5174.483305,18580.258008,2,155.899643,50.085589,0.162866,22.469999,16.294046,5.646211,27.586467
2018-03-02,23975.175989,5394.917981,18580.258008,2,157.330933,52.944437,0.163004,19.59,16.295874,5.645177,27.586228
2018-03-05,24246.206637,5665.948629,18580.258008,2,159.074936,56.233775,0.163446,18.73,16.297223,5.643903,27.585028
2018-03-06,24350.343853,5770.085844,18580.258008,2,159.747864,57.469174,0.163444,18.360001,16.298366,5.642547,27.58346
2018-03-07,24406.161044,5825.903035,18580.258008,2,160.117538,58.167753,0.163418,17.76,16.299175,5.641089,27.581352
2018-03-08,24546.132907,5965.874898,18580.258008,2,160.998993,59.86071,0.163502,16.540001,16.299308,5.639529,27.578367
2018-03-09,25072.680553,6492.422544,18580.258008,2,164.126877,65.237051,0.164949,14.64,16.29839,5.638104,27.574598
2018-03-12,25209.086281,6628.828272,18580.258008,2,164.998901,66.580972,0.164984,15.78,16.298104,5.636558,27.571219
2018-03-13,24845.405302,6265.147294,18580.258008,2,162.752533,60.131876,0.165943,16.35,16.298133,5.635,27.568132
2018-03-14,24837.099509,6256.841501,18580.258008,2,162.724045,60.052435,0.165896,17.23,16.298647,5.633485,27.565618
2018-03-15,24809.62306,6229.365052,18580.258008,2,162.581879,59.629068,0.165801,16.59,16.298808,5.631934,27.562676
2018-03-16,24728.305196,6148.047188,18580.258008,2,162.098495,58.1285,0.165859,15.8,16.298533,5.630392,27.559316
2018-03-19,24192.239541,5611.981533,18580.258008,2,158.639999,48.687908,0.16806,19.02,16.300033,5.629201,27.558436
2018-03-20,24271.700548,5691.44254,18580.258008,2,159.162048,50.007748,0.168082,18.200001,16.30108,5.627826,27.556733
2018-03-21,24146.476746,5566.218737,18580.258008,2,158.469055,48.234136,0.167061,17.860001,16.301938,5.626395,27.554728
2018-03-22,23578.049295,4997.791287,18580.258008,2,154.557632,39.679882,0.16981,23.34,16.305812,5.627268,27.560348
2018-03-23,23022.94711,4442.689102,18580.258008,2,150.484848,33.097739,0.172965,24.870001,16.310523,5.629304,27.56913
2018-03-26,23906.133654,5325.875646,18580.258008,2,156.076675,46.274884,0.17818,21.030001,16.313117,5.628843,27.570804
2018-03-27,23224.61304,4644.355031,18580.258008,2,151.025955,38.834685,0.182747,22.5,16.316516,5.629164,27.574845
2018-03-28,22984.462643,4404.204635,18580.258008,2,149.28862,36.651711,0.183237,22.870001,16.320115,5.629713,27.579541
2018-03-29,23383.109389,4802.851381,18580.258008,2,152.022827,42.162001,0.184367,19.969999,16.322119,5.628816,27.579751
2018-04-02,22808.214663,4227.956654,18580.258008,2,147.636719,36.654005,0.187861,23.620001,16.326122,5.629867,27.585855
2018-04-03,23037.940312,4457.682304,18580.258008,2,149.298096,39.858924,0.188277,21.1,16.328739,5.629432,27.587603
2018-04-04,23376.832314,4796.574306,18580.258008,2,151.652618,44.169993,0.18912,20.059999,16.330784,5.628566,27.587916
2018-04-05,23498.322591,4918.064582,18580.258008,2,152.51651,45.707768,0.189209,18.940001,16.332212,5.627355,27.586923
2018-04-06,22994.69594,4414.437932,18580.258008,2,148.700012,40.412035,0.191705,21.49,16.335036,5.627108,27.589252
2018-04-09,23130.535253,4550.277244,18580.258008,2,149.744339,42.379334,0.191853,21.77,16.338009,5.627004,27.592017
2018-04-10,23617.704332,5037.446324,18580.258008,2,153.048126,48.205174,0.193508,20.469999,16.340268,5.626294,27.592857
2018-04-11,23489.89684,4909.638832,18580.258008,2,152.165192,46.842105,0.19367,20.24,16.342399,5.625495,27.593389
2018-04-12,23755.740675,5175.482666,18580.258008,2,153.997513,50.001739,0.194032,18.49,16.343572,5.624182,27.591935
2018-04-13,23637.297135,5057.039127,18580.258008,2,153.200027,48.646468,0.194079,17.41,16.344154,5.622701,27.589555
2018-04-16,23797.817282,5217.559274,18580.258008,2,154.367767,50.751423,0.194159,16.559999,16.344272,5.621168,27.586608
2018-04-17,24306.991839,5726.733831,18580.258008,2,157.690628,56.2472,0.195499,15.25,16.343675,5.619693,27.58306
2018-04-18,24352.205182,5771.947174,18580.258008,2,158.013336,56.751959,0.19548,15.6,16.34327,5.618187,27.579644
2018-04-19,24134.962588,5554.70458,18580.258008,2,156.560883,53.746534,0.195862,15.96,16.343061,5.616663,27.576388
2018-04-20,23777.279637,5197.021628,18580.258008,2,154.082962,48.980891,0.196702,16.879999,16.343353,5.615147,27.573648
2018-04-23,23710.875649,5130.617641,18580.258008,2,153.69368,48.256967,0.196739,16.34,16.343351,5.613619,27.570589
2018-04-24,23263.462464,4683.204455,18580.258008,2,150.437378,42.586912,0.198078,18.02,16.344263,5.612228,27.568719
2018-04-25,23282.967667,4702.709659,18580.258008,2,150.617767,42.986558,0.197923,17.84,16.345076,5.61081,27.566696
2018-04-26,23750.390486,5170.132478,18580.258008,2,153.788681,49.624616,0.19938,16.24,16.345019,5.609286,27.56359
2018-04-27,23759.268516,5179.010508,18580.258008,2,153.883591,49.812967,0.199281,15.41,16.344511,5.607804,27.56012
2018-04-30,23594.593686,5014.335677,18580.258008,2,152.791794,47.607798,0.1995,15.93,16.344286,5.60629,27.556867
2018-05-01,23845.767739,5265.509731,18580.258008,2,154.53862,51.320881,0.19967,15.49,16.343823,5.604804,27.553432
2018-05-02,23712.102545,5131.844536,18580.258008,2,153.627274,49.355607,0.199825,15.97,16.343621,5.603291,27.550203
2018-05-03,23705.131432,5124.873424,18580.258008,2,153.608322,49.313317,0.199773,15.9,16.34338,5.601782,27.546944
2018-05-04,24144.806238,5564.54823,18580.258008,2,156.522827,55.612294,0.20095,14.77,16.342528,5.600384,27.543297
2018-05-07,24331.32464,5751.066632,18580.258008,2,157.823486,58.113957,0.201122,14.75,16.341667,5.598991,27.539648
2018-05-08,24303.526988,5723.26898,18580.258008,2,157.662125,57.679637,0.201127,14.71,16.340784,5.597604,27.535992
2018-05-09,24565.207158,5984.94915,18580.258008,2,159.380432,61.020447,0.201464,13.42,16.339205,5.596502,27.53221
2018-05-10,24820.498219,6240.24021,18580.258008,2,161.032349,63.965498,0.201786,13.23,16.337526,5.595456,27.528438
2018-05-11,24793.394003,6213.135994,18580.258008,2,160.880463,63.490514,0.201788,12.65,16.335535,5.594601,27.524736
2018-05-14,24825.437346,6245.179338,18580.258008,2,161.155746,64.012114,0.201784,12.93,16.333697,5.59365,27.520996
2018-05-15,24552.84632,5972.588311,18580.258008,2,159.370895,58.205759,0.202275,14.63,16.332778,5.59228,27.517338
2018-05-16,24712.248853,6131.990845,18580.258008,2,160.424728,60.484839,0.202354,13.42,16.331208,5.591181,27.513569
2018-05-17,24582.230072,6001.972064,18580.258008,2,159.807678,58.47417,0.199892,13.43,16.329644,5.590079,27.509802
2018-05-18,24450.890708,5870.6327,18580.258008,2,158.981766,55.800367,0.199801,13.42,16.328078,5.588981,27.506039
2018-05-21,24577.612948,5997.35494,18580.258008,2,159.874115,58.033203,0.199841,13.08,16.326329,5.587984,27.502297
2018-05-22,24539.494251,5959.236243,18580.258008,2,159.665268,57.303581,0.19965,13.22,16.324658,5.586944,27.498547
2018-05-23,24747.141532,6166.883523,18580.258008,2,161.013412,60.735334,0.199859,12.58,16.322645,5.586116,27.494878
2018-05-24,24735.606498,6155.34849,18580.258008,2,160.965912,60.550666,0.199812,12.53,16.320607,5.585306,27.49122
2018-05-25,24754.514607,6174.256599,18580.258008,2,161.127274,60.984648,0.199598,13.22,16.318942,5.584268,27.487478
2018-05-29,24630.828248,6050.57024,18580.258008,2,160.415237,57.954891,0.199692,17.02,16.319318,5.582792,27.484902
2018-05-30,24807.921173,6227.663165,18580.258008,2,161.564011,61.295783,0.199839,14.94,16.318578,5.581385,27.481348
2018-05-31,24788.054152,6207.796143,18580.258008,2,161.459549,60.822503,0.199842,15.43,16.318102,5.579925,27.477952
2018-06-01,25194.209128,6613.95112,18580.258008,2,163.9944,67.400316,0.200596,13.46,16.31657,5.578821,27.474213
2018-06-04,25419.603332,6839.345324,18580.258008,2,165.475433,70.515189,0.200437,12.74,16.314655,5.577941,27.470536
2018-06-05,25499.266699,6919.008691,18580.258008,2,165.988113,71.529313,0.200451,12.4,16.312559,5.577182,27.466923
2018-06-06,25653.525404,7073.267396,18580.258008,2,166.956451,73.390919,0.200457,11.64,16.310059,5.576737,27.463532
2018-06-07,25432.152309,6851.8943,18580.258008,2,165.598831,66.796457,0.200715,12.13,16.307824,5.576082,27.459988
2018-06-08,25430.156151,6849.898143,18580.258008,2,165.608322,66.818904,0.200717,12.18,16.305617,5.575408,27.456433
2018-06-11,25463.477868,6883.21986,18580.258008,2,166.054565,67.917099,0.198244,12.35,16.303504,5.574668,27.452839
2018-06-12,25601.757888,7021.49988,18580.258008,2,166.927963,70.009288,0.198166,12.34,16.301388,5.573931,27.44925
2018-06-13,25594.63677,7014.378761,18580.258008,2,166.918488,69.955987,0.197984,12.94,16.299594,5.572984,27.445562
2018-06-14,25872.116852,7291.858843,18580.258008,2,168.608337,73.788578,0.198184,12.12,16.297365,5.572333,27.44203
2018-06-15,25770.747817,7190.489808,18580.258008,2,168.01973,70.418915,0.19815,11.98,16.295064,5.571738,27.43854
2018-06-18,25743.135864,7162.877856,18580.258008,2,167.922714,69.852702,0.198055,12.31,16.292941,5.571012,27.434965
2018-06-19,25651.857706,7071.599697,18580.258008,2,167.446945,67.007243,0.197216,13.35,16.291374,5.569942,27.431258
2018-06-20,25843.617956,7263.359948,18580.258008,2,168.63623,70.267658,0.197068,12.79,16.28951,5.569045,27.4276
2018-06-21,25598.349965,7018.091957,18580.258008,2,167.171051,62.122613,0.19712,14.64,16.288633,5.567693,27.424018
2018-06-22,25534.222821,6953.964812,18580.258008,2,166.800049,60.219157,0.197151,13.77,16.287294,5.566515,27.420323
2018-06-25,24939.717225,6359.459217,18580.258008,2,163.041992,45.133511,0.199157,17.33,16.287848,5.565087,27.418021
2018-06-26,25041.376261,6461.118253,18580.258008,2,163.707977,47.636967,0.199086,15.92,16.287653,5.563614,27.414881
2018-06-27,24678.756796,6098.498788,18580.258008,2,161.481689,40.916058,0.198521,17.91,16.288514,5.562262,27.413039
2018-06-28,24889.036914,6308.778906,18580.258008,2,162.870728,46.03213,0.198077,16.85,16.288812,5.560801,27.410414
2018-06-29,24940.812868,6360.55486,18580.258008,2,163.30838,47.572505,0.196853,16.09,16.288706,5.559328,27.407362
2018-07-02,25106.945433,6526.687425,18580.258008,2,164.402481,51.313701,0.196973,15.6,16.288341,5.557876,27.404094
2018-07-03,24800.383828,6220.12582,18580.258008,2,162.499695,45.264152,0.197066,16.139999,16.288263,5.556405,27.401072
2018-07-05,25117.856841,6537.598833,18580.258008,2,164.516663,51.756768,0.197255,14.97,16.287565,5.555016,27.397596
2018-07-06,25535.554997,6955.296989,18580.258008,2,167.075928,58.485706,0.19765,13.37,16.286021,5.553951,27.393922
2018-07-09,25772.395657,7192.137649,18580.258008,2,168.579102,61.851348,0.197535,12.69,16.28412,5.553097,27.390313
2018-07-10,25788.289461,7208.031453,18580.258008,2,168.702789,62.123457,0.197425,12.64,16.282193,5.55226,27.386714
2018-07-11,25643.893616,7063.635607,18580.258008,2,167.846573,58.986848,0.197549,13.63,16.280792,5.551128,27.383048
2018-07-12,26129.416702,7549.158693,18580.258008,2,170.738831,65.350913,0.198069,12.58,16.278838,5.550313,27.379464
2018-07-13,26149.96398,7569.705971,18580.258008,2,170.881546,65.634284,0.198063,12.18,16.276675,5.549646,27.375968
2018-07-16,26069.031925,7488.773917,18580.258008,2,170.472473,64.018136,0.197932,12.83,16.274858,5.548746,27.37235
2018-07-17,26241.946066,7661.688057,18580.258008,2,171.509476,66.28457,0.198027,12.06,16.272636,5.548127,27.368889
2018-07-18,26182.679538,7602.42153,18580.258008,2,171.18602,64.911165,0.197938,12.1,16.270437,5.547491,27.365419
2018-07-19,26034.863758,7454.605749,18580.258008,2,170.329727,61.290635,0.197977,12.87,16.268647,5.546578,27.361803
2018-07-20,26024.971156,7444.713148,18580.258008,2,170.291702,61.127585,0.197981,12.86,16.266853,5.545669,27.358191
2018-07-23,26106.070974,7525.812966,18580.258008,2,170.834,62.6535,0.197994,12.62,16.264934,5.544841,27.354615
2018-07-24,26221.802169,7641.544161,18580.258008,2,171.538025,64.59649,0.197982,12.41,16.262907,5.544087,27.351081
2018-07-25,26634.239986,8053.981978,18580.258008,2,173.935547,70.269154,0.198549,12.29,16.26082,5.543377,27.347574
2018-07-26,26189.318169,7609.060161,18580.258008,2,171.300156,59.065888,0.199482,12.14,16.258655,5.542725,27.344106
2018-07-27,25803.00506,7222.747052,18580.258008,2,168.988266,51.333905,0.200053,13.03,16.256961,5.541763,27.340487
2018-07-30,25406.315152,6826.057144,18580.258008,2,166.600266,44.809037,0.200862,14.26,16.255913,5.540497,27.336907
2018-07-31,25613.123462,7032.865453,18580.258008,2,167.875153,48.567635,0.200935,12.83,16.254116,5.539599,27.333315
2018-08-01,25715.338154,7135.080146,18580.258008,2,168.512573,50.38689,0.200958,13.15,16.25249,5.538602,27.329694
2018-08-02,26101.209759,7520.951751,18580.258008,2,170.805435,56.365782,0.201519,12.19,16.250361,5.537931,27.326224
2018-08-03,26185.365029,7605.107021,18580.258008,2,171.32872,57.621002,0.201452,11.64,16.247948,5.537486,27.322919
2018-08-06,26346.75988,7766.501872,18580.258008,2,172.337219,60.008704,0.201536,11.27,16.245343,5.537207,27.319756
2018-08-07,26449.666868,7869.408859,18580.258008,2,172.965118,61.464465,0.201459,10.93,16.242563,5.537092,27.316747
2018-08-08,26481.71358,7901.455571,18580.258008,2,173.174438,61.961575,0.201433,10.85,16.239744,5.537017,27.313778
2018-08-09,26460.134458,7879.876449,18580.258008,2,173.069733,61.533962,0.201424,11.27,16.237147,5.536735,27.310617
2018-08-10,26215.606451,7635.348443,18580.258008,2,171.747345,56.253738,0.199844,13.16,16.23554,5.535735,27.307011
2018-08-13,26171.20327,7590.945262,18580.258008,2,171.557037,55.515437,0.199704,14.78,16.234781,5.534389,27.30356
2018-08-14,26347.206518,7766.94851,18580.258008,2,172.632156,58.804813,0.199298,13.31,16.233255,5.533348,27.299952
2018-08-15,25990.602773,7410.344765,18580.258008,2,170.519989,50.849658,0.199932,14.64,16.232424,5.532024,27.296473
2018-08-16,26082.144513,7501.886505,18580.258008,2,171.081314,52.681701,0.19995,13.45,16.230974,5.530947,27.292868
2018-08-17,26068.548817,7488.290808,18580.258008,2,171.119385,52.810176,0.198257,12.64,16.229104,5.530113,27.28933
2018-08-20,26032.051025,7451.793016,18580.258008,2,170.967209,52.200077,0.19826,12.49,16.227158,5.529331,27.285819
2018-08-21,26135.359532,7555.101524,18580.258008,2,171.595093,54.534005,0.198267,12.86,16.225406,5.528425,27.282256
2018-08-22,26239.002539,7658.744531,18580.258008,2,172.261078,56.935856,0.197567,12.25,16.223339,5.52773,27.278798
2018-08-23,26192.605869,7612.34786,18580.258008,2,172.013733,55.757741,0.197513,12.41,16.221357,5.526976,27.275309
2018-08-24,26465.725078,7885.467069,18580.258008,2,173.612122,61.326735,0.197705,11.99,16.219158,5.526381,27.271921
2018-08-27,26765.021754,8184.763746,18580.258008,2,175.381638,66.373144,0.197971,12.16,16.217051,5.52572,27.268491
2018-08-28,26806.312616,8226.054608,18580.258008,2,175.638535,67.045464,0.197957,12.5,16.215122,5.524934,27.26499
2018-08-29,27162.333762,8582.075754,18580.258008,2,177.665039,71.830095,0.198321,12.25,16.213065,5.524238,27.261542
2018-08-30,27100.239213,8519.981204,18580.258008,2,177.351089,70.131295,0.197939,13.53,16.211674,5.523143,27.257961
2018-08-31,27134.339208,8554.081199,18580.258008,2,177.579422,70.674512,0.1976,12.86,16.209938,5.522239,27.254415
2018-09-04,26986.839714,8406.581706,18580.258008,2,176.818283,66.343062,0.197682,13.16,16.208358,5.521244,27.250847
2018-09-05,26586.502944,8006.244936,18580.258008,2,174.534988,55.378432,0.198031,13.91,16.207169,5.520062,27.247293
2018-09-06,26315.921915,7735.663907,18580.258008,2,172.974655,49.3732,0.198375,14.65,16.206363,5.518747,27.243857
2018-09-07,26198.558703,7618.300695,18580.258008,2,172.30864,47.028939,0.19845,14.88,16.205677,5.517402,27.240481
2018-09-10,26284.778032,7704.520024,18580.258008,2,172.889038,49.288618,0.198134,14.16,16.20462,5.516171,27.236962
2018-09-11,26509.619843,7929.361835,18580.258008,2,174.220993,54.125116,0.197897,13.22,16.203079,5.515163,27.233404
2018-09-12,26417.344705,7837.086697,18580.258008,2,173.707184,52.062366,0.197944,13.14,16.201497,5.514177,27.229852
2018-09-13,26739.976224,8159.718216,18580.258008,2,175.562454,58.249622,0.198286,12.37,16.19952,5.513441,27.226402
2018-09-14,26645.637456,8065.379447,18580.258008,2,175.048737,56.090809,0.19817,12.07,16.19739,5.512816,27.223022
2018-09-17,26205.527498,7625.26949,18580.258008,2,172.527481,46.903216,0.199014,13.68,16.196093,5.51169,27.219474
2018-09-18,26449.930269,7869.67226,18580.258008,2,173.954544,51.72334,0.199191,12.79,16.194338,5.510812,27.215962
2018-09-19,26423.35169,7843.093682,18580.258008,2,173.82135,51.255651,0.199199,11.75,16.192049,5.510315,27.21268
2018-09-20,26757.371915,8177.113906,18580.258008,2,175.743195,57.260705,0.199506,11.8,16.189789,5.509797,27.209384
2018-09-21,26585.639235,8005.381226,18580.258008,2,174.782318,53.698732,0.199474,11.68,16.187469,5.509329,27.206127
2018-09-24,26659.845868,8079.587859,18580.258008,2,175.268402,55.216415,0.199472,12.2,16.185419,5.508654,27.202727
2018-09-25,26693.905543,8113.647535,18580.258008,2,175.506668,55.97813,0.198984,12.42,16.183484,5.507899,27.199282
2018-09-26,26712.022653,8131.764644,18580.258008,2,175.630554,56.393439,0.198975,12.89,16.181793,5.506989,27.195771
2018-09-27,26970.091405,8389.833397,18580.258008,2,177.117401,61.13274,0.198945,12.41,16.179856,5.506238,27.192333
2018-09-28,26959.851115,8379.593106,18580.258008,2,177.0793,60.949933,0.198944,12.12,16.177773,5.505593,27.188959
2018-10-01,27012.436885,8432.178877,18580.258008,2,177.441528,62.109972,0.19881,12,16.175631,5.504993,27.185617
2018-10-02,26938.362259,8358.104251,18580.258008,2,177.041183,59.988888,0.198849,12.05,16.173516,5.504374,27.182264
2018-10-03,26968.569015,8388.311006,18580.258008,2,177.231812,60.6775,0.198844,11.61,16.171178,5.503932,27.179043
2018-10-04,26380.971992,7800.713984,18580.258008,2,173.829224,45.593815,0.200342,14.22,16.170179,5.5027,27.175578
2018-10-05,26014.241342,7433.983334,18580.258008,2,171.703735,39.061557,0.200683,14.82,16.169488,5.501375,27.172239
2018-10-08,25826.086354,7245.828346,18580.258008,2,170.655289,36.298922,0.200856,15.69,16.169243,5.499978,27.169199
2018-10-09,25916.572213,7336.314205,18580.258008,2,171.20813,38.758489,0.200863,15.95,16.169131,5.498574,27.166278
2018-10-10,24741.839008,6161.581,18580.258008,2,163.678452,24.744718,0.208243,22.959999,16.172601,5.499311,27.171223
2018-10-11,24423.35402,5843.096011,18580.258008,2,161.648331,22.393758,0.208817,24.98,16.177099,5.501507,27.180114
2018-10-12,25163.054655,6582.796647,18580.258008,2,166.147125,36.737651,0.211272,21.309999,16.179719,5.501325,27.182369
2018-10-15,24832.769027,6252.511018,18580.258008,2,164.136017,33.735824,0.2118,21.299999,16.182332,5.501136,27.184604
2018-10-16,25632.513217,7052.255209,18580.258008,2,168.911133,45.187893,0.214434,17.620001,16.183065,5.499829,27.182722
2018-10-17,25639.627736,7059.369727,18580.258008,2,168.977829,45.330013,0.214433,17.4,16.183685,5.498495,27.180675
2018-10-18,25016.811219,6436.553211,18580.258008,2,165.060532,38.943237,0.216375,20.059999,16.18566,5.49779,27.181239
2018-10-19,24987.778369,6407.520361,18580.258008,2,164.90802,38.714535,0.216321,19.889999,16.187546,5.497025,27.181595
2018-10-22,25112.566982,6532.308974,18580.258008,2,165.756271,40.797052,0.216374,19.639999,16.189303,5.496177,27.181656
2018-10-23,25009.251553,6428.993545,18580.258008,2,165.146301,39.751013,0.216264,20.709999,16.191602,5.495724,27.18305
2018-10-24,23918.61284,5338.354831,18580.258008,2,157.588104,29.617468,0.223647,25.23,16.196197,5.498104,27.192406
2018-10-25,24784.058133,6203.800124,18580.258008,2,163.039917,41.251212,0.227179,24.219999,16.200274,5.499682,27.199637
2018-10-26,24163.386972,5583.128963,18580.258008,2,158.846237,36.283033,0.22938,24.16,16.204317,5.501209,27.206736
2018-10-29,23656.868888,5076.61088,18580.258008,2,155.577011,32.951319,0.228277,24.700001,16.208629,5.503142,27.214914
2018-10-30,24037.508913,5457.250905,18580.258008,2,158.1409,37.776952,0.229074,23.35,16.212253,5.504096,27.220445
2018-10-31,24613.690124,6033.432116,18580.258008,2,161.858078,44.062798,0.230675,21.23,16.214797,5.50386,27.222517
2018-11-01,24946.720347,6366.462338,18580.258008,2,163.993011,47.352423,0.23117,19.34,16.216381,5.502914,27.222209
2018-11-02,24554.989714,5974.731706,18580.258008,2,161.438705,44.017082,0.231971,19.51,16.21805,5.502019,27.222087
2018-11-05,24478.157029,5897.899021,18580.258008,2,161.038406,43.499972,0.231737,19.959999,16.219944,5.501269,27.222483
2018-11-06,24662.651376,6082.393368,18580.258008,2,162.258377,45.597605,0.231868,19.91,16.221812,5.500503,27.222817
2018-11-07,25491.822776,6911.564768,18580.258008,2,167.347977,53.374763,0.23473,16.360001,16.221882,5.499112,27.220105
2018-11-08,25317.582177,6737.324168,18580.258008,2,166.280502,51.705226,0.234841,16.719999,16.222133,5.497732,27.217598
2018-11-09,24880.269167,6300.011158,18580.258008,2,163.478378,47.504635,0.235678,17.360001,16.222708,5.496402,27.215512
2018-11-12,24147.610561,5567.352553,18580.258008,2,158.531708,41.149169,0.238632,20.450001,16.224843,5.495834,27.216511
2018-11-13,24162.901286,5582.643278,18580.258008,2,158.665131,41.376984,0.23863,20.02,16.226759,5.495108,27.216974
2018-11-14,23981.510807,5401.252798,18580.258008,2,157.45462,39.869032,0.238776,21.25,16.229294,5.494879,27.219052
2018-11-15,24395.4473,5815.189291,18580.258008,2,160.209167,44.798978,0.239568,19.98,16.231185,5.494138,27.219462
2018-11-16,24301.826315,5721.568307,18580.258008,2,159.646866,44.005823,0.239156,18.139999,16.232147,5.49292,27.217987
2018-11-19,23570.271678,4990.01367,18580.258008,2,154.461884,37.42585,0.242436,20.1,16.234096,5.492222,27.218539
2018-11-20,23193.048112,4612.790103,18580.258008,2,151.697845,34.46715,0.243425,22.48,16.237241,5.492626,27.222494
2018-11-21,23345.138936,4764.880928,18580.258008,2,152.851105,36.715151,0.243252,20.799999,16.239537,5.492197,27.223932
2018-11-23,23185.628324,4605.370315,18580.258008,2,151.745529,35.459368,0.243411,21.52,16.242193,5.492092,27.226378
2018-11-26,23679.001895,5098.743887,18580.258008,2,155.253006,42.212347,0.2449,18.9,16.243529,5.491034,27.225598
2018-11-27,23749.622108,5169.364099,18580.258008,2,155.777161,43.169309,0.244928,19.02,16.244925,5.490006,27.224938
2018-11-28,24515.221259,5934.96325,18580.258008,2,160.790543,51.45062,0.247807,18.49,16.246052,5.488857,27.223767
2018-11-29,24421.732475,5841.474466,18580.258008,2,160.266373,50.620072,0.246904,18.790001,16.247329,5.487775,27.222879
2018-11-30,24592.118428,6011.860419,18580.258008,2,161.429123,52.453614,0.246856,18.07,16.248244,5.486549,27.221342
2018-12-03,25020.421244,6440.163236,18580.258008,2,164.250397,56.658796,0.247627,16.440001,16.24834,5.485174,27.218689
2018-12-04,24108.996079,5528.73807,18580.258008,2,157.950287,46.721435,0.251732,20.74,16.250591,5.484721,27.220033
2018-12-06,24264.94448,5684.686472,18580.258008,2,159.06543,48.445054,0.25186,21.190001,16.253066,5.48446,27.221987
2018-12-07,23541.996522,4961.738514,18580.258008,2,153.813751,41.6168,0.255083,23.23,16.25656,5.485309,27.227177
2018-12-10,23757.245576,5176.987568,18580.258008,2,155.424515,44.213991,0.255348,22.639999,16.259755,5.485794,27.231343
2018-12-11,23825.46166,5245.203652,18580.258008,2,155.939209,45.055087,0.255325,21.76,16.262506,5.485801,27.234108
2018-12-12,24018.678531,5438.420522,18580.258008,2,157.311676,47.335309,0.255372,21.459999,16.265105,5.48566,27.236424
2018-12-13,24020.670747,5440.412739,18580.258008,2,157.359344,47.416932,0.255365,20.65,16.267296,5.485164,27.237625
2018-12-14,23491.596122,4911.338114,18580.258008,2,153.527847,41.8081,0.2571,21.629999,16.269975,5.485103,27.240181
2018-12-17,23021.640686,4441.382678,18580.258008,2,150.048965,37.473767,0.258586,24.52,16.274094,5.48683,27.247754
2018-12-18,23139.967699,4559.70969,18580.258008,2,150.992584,39.311613,0.258341,25.58,16.278738,5.489398,27.257533
2018-12-19,22666.742718,4086.48471,18580.258008,2,147.284882,34.963021,0.259868,25.58,16.283377,5.491958,27.267292
2018-12-20,22399.121416,6779.5372,15619.584216,3,145.149933,32.718671,0.260357,28.379999,16.289407,5.497227,27.283861
2018-12-21,21598.406903,8855.126424,12743.280479,4,140.65123,28.558579,0.263062,30.110001,16.296293,5.504508,27.305309
2018-12-24,20759.666504,10871.084219,9888.582285,5,137.16333,25.817722,0.26475,36.07,16.30614,5.5208,27.347741
2018-12-26,23857.469089,13968.886804,9888.582285,5,145.727737,40.833387,0.27465,30.41,16.313161,5.528388,27.369936
2018-12-27,24039.350081,14150.767795,9888.582285,5,146.291672,41.670623,0.274616,29.959999,16.31995,5.535387,27.390725
2018-12-28,24002.226532,14113.644247,9888.582285,5,146.215149,41.584632,0.274616,28.34,16.325927,5.540498,27.406923
2018-12-31,24402.773075,14514.19079,9888.582285,5,147.448257,43.604219,0.274799,25.42,16.330447,5.542829,27.416105
2019-01-02,24586.312845,14697.73056,9888.582285,5,148.040833,44.595524,0.274741,23.219999,16.33387,5.543579,27.421027
2019-01-03,22988.318144,13099.735859,9888.582285,5,143.204285,38.627461,0.276818,25.450001,16.338396,5.545923,27.430242
2019-01-04,25221.764278,15333.181993,9888.582285,5,149.331238,48.102524,0.281144,21.379999,16.340898,5.545683,27.432265
2019-01-07,25834.292429,15945.710144,9888.582285,5,151.1091,50.491051,0.281499,21.4,16.343408,5.545452,27.434311
2019-01-08,26316.531909,16427.949624,9888.582285,5,152.475998,52.30844,0.28145,20.469999,16.345454,5.544838,27.435129
2019-01-09,26764.400425,16875.81814,9888.582285,5,153.718567,53.962844,0.281581,19.98,16.347255,5.544053,27.435361
2019-01-10,26915.990836,17027.408551,9888.582285,5,154.158203,54.563414,0.281602,19.5,16.348816,5.543124,27.435063
2019-01-11,26697.614599,16809.032314,9888.582285,5,153.59433,53.597645,0.281622,18.190001,16.349728,5.541902,27.433532
2019-01-14,26170.288085,16281.7058,9888.582285,5,152.236984,51.246239,0.281702,19.07,16.351074,5.540861,27.432795
2019-01-15,27278.260306,17389.678021,9888.582285,5,155.209641,55.817835,0.282526,18.6,16.352186,5.539715,27.431617
2019-01-16,27255.719857,17367.137572,9888.582285,5,155.181015,55.763609,0.282505,19.040001,16.353515,5.538668,27.43085
2019-01-17,27698.18801,17809.605725,9888.582285,5,156.404465,57.656958,0.282368,18.059999,16.354358,5.537428,27.429215
2019-01-18,28280.242122,18391.659837,9888.582285,5,157.952957,59.991038,0.282616,17.799999,16.355072,5.536154,27.427379
2019-01-22,27076.545779,17187.963494,9888.582285,5,154.789093,53.501776,0.283633,20.799999,16.357266,5.535667,27.4286
2019-01-23,27130.989839,17242.407554,9888.582285,5,154.989822,53.84291,0.283344,19.52,16.358826,5.534747,27.42832
2019-01-24,27492.213612,17603.631327,9888.582285,5,155.993469,55.597015,0.283277,18.889999,16.360074,5.533667,27.427408
2019-01-25,28192.225562,18303.643277,9888.582285,5,157.857315,58.733402,0.283536,17.42,16.360596,5.532352,27.425301
2019-01-28,27433.980442,17545.398157,9888.582285,5,155.90741,54.40392,0.283925,18.870001,16.361833,5.531269,27.424371
2019-01-29,26863.292942,16974.710657,9888.582285,5,154.435455,51.32803,0.283547,19.129999,16.363195,5.530248,27.423691
2019-01-30,28374.920999,18486.338714,9888.582285,5,158.363968,58.131716,0.285111,17.66,16.363834,5.528961,27.421756
2019-01-31,29286.898333,19398.316048,9888.582285,5,160.734467,61.618195,0.2855,16.57,16.363935,5.527602,27.41914
2019-02-01,29012.865983,19124.283698,9888.582285,5,160.055801,60.075778,0.285502,16.139999,16.363825,5.526245,27.416315
2019-02-04,29757.471209,19868.888924,9888.582285,5,162.04393,62.997865,0.285701,15.73,16.363514,5.524904,27.413322
2019-02-05,30286.221773,20397.639488,9888.582285,5,163.477722,64.988076,0.28485,15.57,16.363124,5.523575,27.410273
2019-02-06,29964.845694,20076.263409,9888.582285,5,162.99025,63.732956,0.280687,15.38,16.362641,5.522261,27.407163
2019-02-07,29059.229495,19170.64721,9888.582285,5,160.8013,58.289074,0.279446,16.370001,16.362645,5.520905,27.404455
2019-02-08,29158.360045,19269.77776,9888.582285,5,161.11676,58.834792,0.279001,15.72,16.36233,5.519569,27.401467
2019-02-11,28925.420669,19036.838384,9888.582285,5,160.963852,58.435704,0.274074,15.97,16.362137,5.518222,27.398582
2019-02-12,29848.387764,19959.805479,9888.582285,5,163.343903,62.679208,0.273874,15.43,16.361681,5.516908,27.395497
2019-02-13,29861.425664,19972.843379,9888.582285,5,163.458588,62.875891,0.27309,15.65,16.361332,5.515579,27.39249
2019-02-14,29928.829952,20040.247667,9888.582285,5,163.659317,63.241037,0.27303,16.219999,16.361263,5.514229,27.389721
2019-02-15,30170.235779,20281.653494,9888.582285,5,164.347504,64.529173,0.272186,14.91,16.360553,5.512973,27.386498
2019-02-19,30233.403568,20344.821283,9888.582285,5,164.672531,65.150323,0.271316,14.88,16.359829,5.511721,27.383271
2019-02-20,30209.324046,20320.741761,9888.582285,5,164.64386,65.042122,0.271258,14.02,16.358685,5.510616,27.379918
2019-02-21,29957.216196,20068.633911,9888.582285,5,164.041626,62.687097,0.271289,14.46,16.357758,5.509429,27.376616
2019-02-22,30437.906723,20549.324438,9888.582285,5,165.255554,65.406118,0.271401,13.51,16.356367,5.508443,27.373253
2019-02-25,30649.652051,17329.813609,13319.838443,4,165.857727,66.702342,0.271432,14.85,16.355632,5.507198,27.370029
2019-02-26,30673.926235,17354.087792,13319.838443,4,166.02977,67.081846,0.270362,15.17,16.355054,5.505917,27.366887
2019-02-27,30621.369479,17301.531037,13319.838443,4,165.924606,66.582301,0.269908,14.7,16.354247,5.504695,27.363636
2019-02-28,30479.543673,17159.705231,13319.838443,4,165.542297,64.696126,0.269499,14.78,16.35348,5.503462,27.360404
2019-03-01,30845.796356,17525.957913,13319.838443,4,166.689301,67.65649,0.269504,13.57,16.352124,5.502464,27.357052
2019-03-04,30814.028831,17494.190389,13319.838443,4,166.718002,67.729412,0.268755,14.63,16.351285,5.501255,27.353796
2019-03-05,30841.905072,17522.06663,13319.838443,4,166.842255,68.065086,0.268543,14.74,16.350501,5.500031,27.350563
2019-03-06,30518.929575,17199.091132,13319.838443,4,165.89595,62.714633,0.268321,15.74,16.350204,5.498709,27.347622
2019-03-07,29858.05714,16538.218698,13319.838443,4,163.860001,53.052126,0.268695,16.59,16.350321,5.497374,27.345069
2019-03-08,29769.410349,16449.571907,13319.838443,4,163.611511,51.999093,0.268689,16.049999,16.350175,5.496042,27.342258
2019-03-11,30873.483329,17553.644887,13319.838443,4,167.014297,62.868259,0.269737,14.33,16.349194,5.494886,27.338967
2019-03-12,31148.426061,17828.587618,13319.838443,4,167.931946,65.159434,0.268832,13.77,16.347942,5.493846,27.335633
2019-03-13,31560.145488,18240.307045,13319.838443,4,169.193634,68.076116,0.268906,13.41,16.346516,5.492893,27.332303
2019-03-14,31445.958737,18126.120295,13319.838443,4,168.90686,66.709139,0.2684,13.5,16.345136,5.491918,27.328973
2019-03-15,31965.684299,15263.347915,16702.336385,3,170.474487,70.228438,0.268622,12.88,16.343456,5.491117,27.325689
2019-03-18,32052.823549,15350.487164,16702.336385,3,170.880447,71.081026,0.268631,13.1,16.341885,5.49025,27.322384
2019-03-19,32194.422109,15492.085724,16702.336385,3,171.455002,72.290506,0.268631,13.56,16.340538,5.489261,27.31906
2019-03-20,32344.354836,15642.018451,16702.336385,3,172.134933,73.692709,0.267381,13.91,16.339361,5.488192,27.315746
2019-03-21,33044.564488,16342.228103,16702.336385,3,174.825714,78.359755,0.267978,13.63,16.33805,5.487187,27.312425
2019-03-22,32067.615719,15365.279335,16702.336385,3,170.985855,61.57266,0.269287,16.48,16.338119,5.485861,27.309841
2019-03-25,31940.819459,15238.483074,16702.336385,3,170.660217,60.39109,0.267571,16.33,16.338115,5.484534,27.307184
2019-03-26,32109.152254,15406.815869,16702.336385,3,171.455002,62.293012,0.265619,14.68,16.337314,5.48333,27.303974
2019-03-27,31768.308741,15065.972356,16702.336385,3,170.353775,58.12817,0.262188,15.15,16.336741,5.482067,27.300875
2019-03-28,31817.239763,15114.903378,16702.336385,3,170.746414,59.176201,0.25912,14.43,16.33582,5.480904,27.297628
2019-03-29,32141.843083,15439.506698,16702.336385,3,172.039124,62.503803,0.258849,13.71,16.334554,5.479884,27.294323
2019-04-01,32713.297108,16010.960724,16702.336385,3,174.318192,67.529017,0.258428,13.4,16.333139,5.478941,27.291022
2019-04-02,32846.267481,16143.931097,16702.336385,3,174.978928,68.833132,0.255946,13.36,16.331706,5.478009,27.287725
2019-04-03,33102.64091,16400.304526,16702.336385,3,175.98436,70.757733,0.255706,13.74,16.330458,5.476985,27.284427
2019-04-04,33070.91735,16368.580965,16702.336385,3,175.917358,70.445545,0.255069,13.58,16.329133,5.475998,27.281129
2019-04-05,33306.240833,16603.904448,16702.336385,3,176.827057,72.23662,0.255055,12.82,16.327445,5.475221,27.277886
2019-04-08,33384.48648,16682.150095,16702.336385,3,177.277176,73.10513,0.253144,13.18,16.325931,5.474338,27.274607
2019-04-09,33212.991038,16510.654653,16702.336385,3,176.654694,69.850824,0.253081,14.28,16.324947,5.473205,27.271358
2019-04-10,33443.821425,16741.485041,16702.336385,3,177.602692,71.902212,0.251858,13.3,16.323494,5.472291,27.268076
2019-04-11,33325.160935,16622.82455,16702.336385,3,177.181381,69.634559,0.251766,13.02,16.321907,5.471455,27.264817
2019-04-12,33519.964732,16817.628348,16702.336385,3,177.947433,71.40072,0.251434,12.01,16.319837,5.470957,27.261751
2019-04-15,33510.903446,16808.567061,16702.336385,3,177.97612,71.467646,0.251338,12.32,16.317917,5.470345,27.258608
2019-04-16,33668.230769,16965.894384,16702.336385,3,178.588989,72.925367,0.251221,12.18,16.315933,5.469783,27.2555
2019-04-17,33814.707681,17112.371296,16702.336385,3,179.211441,74.358239,0.250003,12.6,16.314151,5.469077,27.252305
2019-04-18,33871.334053,17168.997669,16702.336385,3,179.441269,74.886721,0.249998,12.09,16.312127,5.468548,27.249222
2019-04-22,33984.393062,17282.056677,16702.336385,3,179.948761,76.060042,0.249737,12.42,16.310263,5.467901,27.246065
2019-04-23,34594.364763,17892.028379,16702.336385,3,182.237396,80.487531,0.249362,12.28,16.308334,5.467302,27.242939
2019-04-24,34433.483994,17731.14761,16702.336385,3,181.662857,76.65486,0.249375,13.14,16.306818,5.466433,27.239684
2019-04-25,34612.467577,17910.131192,16702.336385,3,182.400177,78.096346,0.247984,13.25,16.305356,5.465534,27.236424
2019-04-26,34651.803048,17949.466663,16702.336385,3,182.562973,78.413283,0.247983,12.73,16.303647,5.464786,27.233219
2019-04-29,34719.978927,18017.642542,16702.336385,3,182.917313,79.121422,0.246806,13.11,16.302121,5.463926,27.229972
2019-04-30,34331.341016,17629.004631,16702.336385,3,181.500092,69.32586,0.247015,13.12,16.300602,5.463063,27.226727
2019-05-01,34166.128307,17463.791922,16702.336385,3,180.915924,65.71442,0.246882,14.8,16.299885,5.461856,27.223598
2019-05-02,33945.17021,17242.833825,16702.336385,3,180.130753,61.106702,0.246618,14.42,16.298989,5.460707,27.220403
2019-05-03,34727.731252,18025.394867,16702.336385,3,183.003464,69.525861,0.247165,12.87,16.297353,5.459918,27.217189
2019-05-06,34408.791407,17706.455022,16702.336385,3,181.883102,63.731581,0.2473,15.44,16.296945,5.458648,27.214241
2019-05-07,33447.568963,16745.232579,16702.336385,3,178.340088,49.641905,0.247532,19.32,16.298385,5.457746,27.213876
2019-05-08,33319.615595,16617.27921,16702.336385,3,177.889984,48.184507,0.247381,19.4,16.299862,5.456865,27.213592
2019-05-09,33058.851276,16356.514891,16702.336385,3,176.932419,45.147774,0.247475,19.1,16.301195,5.455908,27.21301
2019-05-10,33108.780691,16406.444306,16702.336385,3,177.152634,45.990779,0.247161,16.040001,16.30107,5.454612,27.210295
2019-05-13,31511.537677,14809.201293,16702.336385,3,171.005005,31.45654,0.250563,20.549999,16.303091,5.454102,27.211294
2019-05-14,32001.977541,15299.641156,16702.336385,3,172.881805,37.907924,0.250886,18.059999,16.303926,5.452939,27.209804
2019-05-15,32648.762653,15946.426268,16702.336385,3,175.323639,45.142388,0.251422,16.440001,16.30399,5.451644,27.207279
2019-05-16,33111.34968,16409.013295,16702.336385,3,177.085587,49.696753,0.251307,15.29,16.303509,5.450394,27.204297
2019-05-17,32626.785711,15924.449326,16702.336385,3,175.275772,45.51665,0.251523,15.96,16.303346,5.449105,27.201556
2019-05-20,31840.960084,15138.623699,16702.336385,3,172.316864,39.645361,0.252336,16.309999,16.303349,5.447812,27.198972
2019-05-21,32311.970217,15609.633832,16702.336385,3,174.117172,44.349022,0.252539,14.95,16.302707,5.446599,27.195905
2019-05-22,32101.897312,15399.560928,16702.336385,3,173.341476,42.801236,0.252526,14.75,16.301972,5.445412,27.192796
2019-05-23,31411.689782,14709.353397,16702.336385,3,170.68898,37.926833,0.253225,16.92,16.302264,5.444139,27.190541
2019-05-24,31381.207206,14678.870821,16702.336385,3,170.602783,37.776274,0.253036,15.85,16.30205,5.442858,27.187766
2019-05-28,31193.256844,14490.920459,16702.336385,3,169.961197,36.611283,0.253081,17.5,16.302617,5.441631,27.18588
2019-05-29,30829.06719,14126.730805,16702.336385,3,168.563126,34.140514,0.253283,17.9,16.303373,5.440455,27.184282
2019-05-30,31006.258857,14303.922472,16702.336385,3,169.271729,36.480341,0.253268,17.299999,16.303844,5.439211,27.182266
2019-05-31,30315.794543,13613.458158,16702.336385,3,166.57132,31.838136,0.253882,18.709999,16.304981,5.438176,27.181334
2019-06-03,29393.859018,12691.522633,16702.336385,3,162.903839,26.842301,0.255298,18.860001,16.306188,5.437175,27.180538
2019-06-04,30570.024628,13867.688244,16702.336385,3,167.490631,39.606088,0.256786,16.969999,16.306501,5.43591,27.178321
2019-06-05,30882.825573,14180.489188,16702.336385,3,168.735474,42.536326,0.256713,16.09,16.306399,5.434628,27.175656
2019-06-06,31225.504284,14523.167899,16702.336385,3,170.07608,45.597582,0.25686,15.93,16.306222,5.433352,27.172925
2019-06-07,32089.443406,15387.107021,16702.336385,3,173.360626,52.302054,0.257784,16.299999,16.306219,5.43207,27.170359
2019-06-10,32608.295214,15905.958829,16702.336385,3,175.381134,55.9023,0.257952,15.94,16.306046,5.430795,27.167637
2019-06-11,32666.346561,15964.010176,16702.336385,3,175.620499,56.322901,0.257956,15.99,16.305897,5.42952,27.164937
2019-06-12,32393.271808,15690.935423,16702.336385,3,174.605423,53.971939,0.25804,15.91,16.305711,5.428248,27.162207
2019-06-13,32661.836372,15959.499987,16702.336385,3,175.639587,55.987573,0.25806,15.82,16.305482,5.42698,27.159443
2019-06-14,32459.24235,15756.905965,16702.336385,3,174.892761,54.143616,0.258115,15.28,16.305,5.425749,27.156497
2019-06-17,32719.871011,16017.534626,16702.336385,3,175.946045,56.32821,0.257936,15.35,16.304551,5.424512,27.153575
2019-06-18,33403.623322,16701.286937,16702.336385,3,178.502853,61.164749,0.258464,15.15,16.304008,5.423294,27.150597
2019-06-19,33578.669426,16876.333042,16702.336385,3,179.173157,62.342209,0.258496,14.33,16.303081,5.422189,27.147459
2019-06-20,34024.989968,17322.653584,16702.336385,3,180.839355,65.169197,0.258694,14.75,16.302352,5.42102,27.144391
2019-06-21,33945.788515,17243.452131,16702.336385,3,180.571152,64.332017,0.258574,15.4,16.301929,5.419782,27.141493
2019-06-24,33928.817164,17226.480779,16702.336385,3,180.576996,64.342765,0.258347,15.26,16.30144,5.418557,27.138555
2019-06-25,33099.95303,16397.616645,16702.336385,3,177.477158,54.893276,0.259194,16.280001,16.30143,5.417286,27.136003
2019-06-26,33298.410068,16596.073683,16702.336385,3,178.302475,56.715926,0.257756,16.209999,16.301387,5.416017,27.133421
2019-06-27,33476.130913,16773.794529,16702.336385,3,178.983871,58.217078,0.257751,15.82,16.301162,5.414758,27.130677
2019-06-28,33526.359442,16824.023057,16702.336385,3,179.214188,58.73798,0.257197,15.08,16.30059,5.413554,27.127698
2019-07-01,34168.213975,17465.87759,16702.336385,3,181.632645,63.836317,0.257484,14.06,16.299541,5.412504,27.124549
2019-07-02,34359.018189,17656.681805,16702.336385,3,182.352417,65.213923,0.257504,12.93,16.297965,5.411728,27.121421
2019-07-03,34728.798311,18026.461926,16702.336385,3,183.724808,67.737506,0.257535,12.57,16.296223,5.411062,27.118347
2019-07-05,34611.827906,17909.491521,16702.336385,3,183.350525,66.324344,0.257141,13.28,16.294813,5.41019,27.115194
2019-07-08,34242.540553,17540.204169,16702.336385,3,182.064529,61.571367,0.256901,13.96,16.293723,5.409161,27.112045
2019-07-09,34479.958286,17777.621901,16702.336385,3,182.976212,63.564804,0.256322,14.09,16.292694,5.408108,27.108909
2019-07-10,34975.241825,18272.90544,16702.336385,3,184.799637,67.226632,0.256371,13.03,16.291171,5.407304,27.10578
2019-07-11,34933.184194,18230.847809,16702.336385,3,184.665268,66.694691,0.256374,12.93,16.289604,5.40653,27.102664
2019-07-12,35221.301732,18518.965347,16702.336385,3,185.730545,68.802314,0.256371,12.39,16.287786,5.405925,27.099635
2019-07-15,35362.71752,18660.381135,16702.336385,3,186.325577,69.946349,0.255605,12.68,16.286104,5.405226,27.096556
2019-07-16,35093.476325,18391.139941,16702.336385,3,185.365845,65.757846,0.25569,12.86,16.284509,5.404472,27.093452
2019-07-17,34837.844586,18135.508202,16702.336385,3,184.454117,61.961913,0.255747,13.97,16.283431,5.403444,27.090319
2019-07-18,34889.867531,18187.531147,16702.336385,3,184.665268,62.501789,0.255655,13.53,16.28215,5.402513,27.087175
2019-07-19,34514.536043,17812.199659,16702.336385,3,183.312119,56.925801,0.255807,14.45,16.281298,5.4014,27.084098
2019-07-22,34900.733694,18198.397309,16702.336385,3,184.770889,60.968494,0.255891,13.53,16.280019,5.400469,27.080958
2019-07-23,35230.286969,18527.950585,16702.336385,3,185.980057,63.985748,0.255999,12.61,16.278313,5.399794,27.0779
2019-07-24,35587.597211,18885.260827,16702.336385,3,187.285278,66.955237,0.256101,12.07,16.276359,5.399301,27.07496
2019-07-25,35093.430797,18391.094412,16702.336385,3,185.509796,59.739426,0.256335,12.74,16.274717,5.398584,27.071885
2019-07-26,35614.689613,18912.353228,16702.336385,3,187.419632,64.207836,0.256093,12.16,16.272807,5.398059,27.068925
2019-07-29,35415.018967,18712.682582,16702.336385,3,186.776627,61.723959,0.255447,12.83,16.271211,5.397316,27.065842
2019-07-30,35181.936292,18479.599908,16702.336385,3,185.970428,58.659913,0.254958,13.94,16.27013,5.396297,27.062724
2019-07-31,34467.12917,17764.792786,16702.336385,3,183.398483,50.113215,0.254933,16.120001,16.27006,5.395047,27.060154
2019-08-01,34211.030737,17508.694352,16702.336385,3,182.486801,47.472823,0.254864,17.870001,16.270801,5.393907,27.058615
2019-08-02,33478.942012,16776.605627,16702.336385,3,179.799637,40.67085,0.255478,17.610001,16.271421,5.392734,27.05689
2019-08-05,31794.779865,15092.44348,16702.336385,3,173.446411,29.799499,0.258647,24.59,16.275271,5.394455,27.06418
2019-08-06,32440.683975,15738.347591,16702.336385,3,175.874435,36.757041,0.259156,20.17,16.277072,5.393857,27.064786
2019-08-07,32689.259657,15986.923272,16702.336385,3,176.824539,39.292524,0.259141,19.49,16.278558,5.393052,27.064661
2019-08-08,33736.2405,17033.904115,16702.336385,3,180.672928,48.3288,0.260381,16.91,16.278849,5.391822,27.062494
2019-08-09,33273.433107,16571.096722,16702.336385,3,178.974258,45.135222,0.260633,17.969999,16.27963,5.390699,27.061028
2019-08-12,32708.475151,16006.138766,16702.336385,3,176.920486,41.559453,0.261008,21.09,16.281851,5.390445,27.062741
2019-08-13,33761.529007,17059.192623,16702.336385,3,180.797714,49.666533,0.26212,17.52,16.282423,5.389266,27.060954
2019-08-14,32332.160351,15629.823967,16702.336385,3,175.394577,41.108219,0.264667,22.1,16.285106,5.389471,27.064047
2019-08-15,32271.731348,15569.394963,16702.336385,3,175.193054,40.825653,0.264567,21.18,16.287363,5.389253,27.065868
2019-08-16,33020.203765,16317.86738,16702.336385,3,178.004974,46.365519,0.264828,18.469999,16.288369,5.388214,27.064796
2019-08-19,33774.631605,17072.29522,16702.336385,3,180.83609,51.308183,0.265464,16.879999,16.288641,5.386987,27.062615
2019-08-20,33391.817655,16689.48127,16702.336385,3,179.434937,48.906074,0.265637,17.5,16.289199,5.385809,27.060817
2019-08-21,33819.634051,17117.297666,16702.336385,3,181.028015,51.676223,0.265837,15.8,16.288974,5.384579,27.058132
2019-08-22,33655.355802,16953.019418,16702.336385,3,180.442596,50.59075,0.265837,16.68,16.289154,5.383347,27.055847
2019-08-23,32151.466508,15449.130123,16702.336385,3,174.732422,41.445889,0.268618,19.870001,16.2908,5.382656,27.056112
2019-08-26,32843.220424,16140.884039,16702.336385,3,177.371597,46.279274,0.269209,19.32,16.292192,5.38181,27.055813
2019-08-27,32735.003276,16032.666891,16702.336385,3,176.997238,45.702981,0.268997,20.309999,16.294038,5.381263,27.056563
2019-08-28,32896.010281,16193.673896,16702.336385,3,177.630692,46.907737,0.268757,19.35,16.295441,5.380425,27.056291
2019-08-29,33628.0601,16925.723715,16702.336385,3,180.346649,51.84161,0.269364,17.879999,16.296168,5.379297,27.054761
2019-08-30,33502.126547,16799.790163,16702.336385,3,179.91478,51.029542,0.269032,18.98,16.297399,5.378369,27.054138
2019-09-03,33011.652814,16309.316429,16702.336385,3,178.168091,47.770277,0.269281,19.66,16.298941,5.377618,27.054176
2019-09-04,33705.683902,17003.347518,16702.336385,3,180.740143,52.573853,0.269824,17.33,16.299413,5.37643,27.052274
2019-09-05,34610.310536,17907.974151,16702.336385,3,184.051086,57.936827,0.270643,16.27,16.2994,5.375198,27.049796
2019-09-06,34550.28721,17847.950825,16702.336385,3,183.868713,57.550787,0.270182,15,16.298805,5.374039,27.046882
2019-09-09,34426.574792,17724.238407,16702.336385,3,183.484879,56.694562,0.26997,15.27,16.298334,5.372853,27.044041
2019-09-10,34276.561183,17574.224799,16702.336385,3,182.957047,55.472343,0.269951,15.2,16.297832,5.371675,27.041182
2019-09-11,34743.450174,18041.113789,16702.336385,3,184.674881,58.600396,0.270146,14.61,16.29706,5.370567,27.038195
2019-09-12,34948.051805,18245.71542,16702.336385,3,185.442657,59.954452,0.27004,14.22,16.296111,5.369523,27.035157
2019-09-13,34760.569127,18058.232742,16702.336385,3,184.780472,58.186809,0.270051,13.74,16.294943,5.368574,27.032091
2019-09-16,34515.255064,17812.91868,16702.336385,3,183.955093,55.971677,0.26982,14.67,16.294201,5.36746,27.029121
2019-09-17,34752.549553,18050.213168,16702.336385,3,184.838028,57.821484,0.26985,14.44,16.293355,5.36638,27.026116
2019-09-18,34720.430492,18018.094108,16702.336385,3,184.761246,57.594866,0.269268,13.95,16.292286,5.365389,27.023064
2019-09-19,34797.946809,18095.610425,16702.336385,3,185.068344,58.298838,0.269102,14.05,16.291263,5.364379,27.020021
2019-09-20,34257.805186,17555.468801,16702.336385,3,183.110596,52.33417,0.269416,15.32,16.29082,5.363196,27.017212
2019-09-23,34260.273262,17557.936877,16702.336385,3,183.191345,52.549811,0.269103,14.91,16.290191,5.362054,27.0143
2019-09-24,33594.589601,16892.253216,16702.336385,3,180.758392,45.823302,0.269508,17.049999,16.290537,5.360857,27.012252
2019-09-25,34145.449684,17443.113299,16702.336385,3,182.787445,51.409476,0.269815,15.96,16.290387,5.359641,27.009669
2019-09-26,33956.202396,17253.866012,16702.336385,3,182.114319,49.582965,0.26985,16.07,16.290287,5.358423,27.007133
2019-09-27,33340.017094,16637.680709,16702.336385,3,179.854477,43.938871,0.270275,17.219999,16.290709,5.357241,27.005191
2019-09-30,33788.807246,17086.470861,16702.336385,3,181.566177,48.702042,0.270324,16.24,16.290686,5.356023,27.002732
2019-10-01,33382.135322,16679.798937,16702.336385,3,180.085266,45.129474,0.270507,18.559999,16.291717,5.355024,27.001765
2019-10-02,32549.302346,15846.965961,16702.336385,3,176.988831,38.731841,0.271301,20.559999,16.293656,5.35458,27.002816
2019-10-03,33069.459316,16367.122932,16702.336385,3,178.93129,44.086707,0.271604,19.120001,16.294939,5.353703,27.002344
2019-10-04,33784.282699,17081.946314,16702.336385,3,181.566177,50.417228,0.272164,17.040001,16.295277,5.352511,27.000298
2019-10-07,33608.198303,16905.861918,16702.336385,3,181.018036,49.170017,0.271177,17.860001,16.295986,5.3514,26.998787
2019-10-08,32869.487849,16167.151464,16702.336385,3,178.306259,43.444185,0.271383,20.280001,16.297792,5.350859,26.99951
2019-10-09,33336.095883,16633.759498,16702.336385,3,180.046814,47.657385,0.27152,18.639999,16.298854,5.349878,26.99861
2019-10-10,33711.043152,17008.706768,16702.336385,3,181.441193,50.818323,0.271645,17.57,16.299429,5.348735,26.996899
2019-10-11,34298.718695,17596.382311,16702.336385,3,183.777908,55.651666,0.266544,15.58,16.299104,5.347545,26.994194
2019-10-14,34272.979851,17570.643466,16702.336385,3,183.758728,55.603363,0.266088,14.57,16.298321,5.346461,26.991243
2019-10-15,34901.484323,18199.147939,16702.336385,3,186.095459,60.142276,0.264509,13.54,16.297074,5.345573,26.98822
2019-10-16,34764.335349,18061.998965,16702.336385,3,185.633865,58.862089,0.264095,13.68,16.295891,5.344654,26.985198
2019-10-17,34877.513782,18175.177397,16702.336385,3,186.124329,59.840262,0.261917,13.79,16.294758,5.343711,26.982181
2019-10-18,34377.137918,17674.801533,16702.336385,3,184.335678,54.729361,0.262194,14.25,16.293835,5.34268,26.979196
2019-10-21,34804.669903,18102.333518,16702.336385,3,185.970444,58.239948,0.260815,14,16.292799,5.341696,26.976191
2019-10-22,34388.595554,17686.259169,16702.336385,3,184.489563,54.143928,0.261008,14.46,16.291972,5.340632,26.973236
2019-10-23,34481.772164,17779.435779,16702.336385,3,184.845352,54.963455,0.260953,14.01,16.290943,5.339647,26.970236
2019-10-24,34979.619207,18277.282822,16702.336385,3,186.6436,58.956068,0.261141,13.71,16.289779,5.338724,26.967227
2019-10-25,35346.40589,18644.069505,16702.336385,3,188.134125,61.965882,0.254988,12.65,16.288139,5.338079,26.964298
2019-10-28,35835.997784,19133.661399,16702.336385,3,189.990067,65.37106,0.252055,13.11,16.286707,5.337303,26.961313
2019-10-29,35401.630186,18699.293801,16702.336385,3,188.518829,60.729448,0.250207,13.2,16.285317,5.336502,26.958322
2019-10-30,35647.158892,18944.822507,16702.336385,3,189.432343,62.509456,0.248914,12.33,16.283537,5.335961,26.955459
2019-10-31,35662.315422,18959.979037,16702.336385,3,189.518875,62.682009,0.248207,13.22,16.282159,5.335156,26.95247
2019-11-01,36139.916931,19437.580546,16702.336385,3,191.24028,66.031405,0.246926,12.3,16.280369,5.334624,26.949616
2019-11-04,36461.967007,19759.630622,16702.336385,3,192.423035,68.146828,0.246561,12.83,16.278818,5.333926,26.94667
2019-11-05,36483.096946,19780.760562,16702.336385,3,192.528809,68.336737,0.245775,13.1,16.27739,5.333153,26.943695
2019-11-06,36354.446065,19652.10968,16702.336385,3,192.096069,66.587626,0.24577,12.62,16.275748,5.332518,26.940783
2019-11-07,36533.834501,19831.498117,16702.336385,3,192.740356,67.904794,0.245653,12.73,16.274156,5.33185,26.937856
2019-11-08,36735.562402,20033.226017,16702.336385,3,193.509659,69.453257,0.242978,12.07,16.27227,5.331397,26.935063
2019-11-11,36646.580635,19944.244251,16702.336385,3,193.250076,68.256603,0.242844,12.69,16.270664,5.33074,26.932145
2019-11-12,36797.897212,20095.560827,16702.336385,3,193.807785,69.473543,0.241932,12.68,16.269054,5.330087,26.929229
2019-11-13,36792.22888,20089.892496,16702.336385,3,193.855896,69.581878,0.238956,13,16.26759,5.329342,26.926273
2019-11-14,36743.412753,20041.076369,16702.336385,3,193.702011,68.74155,0.238964,13.05,16.266149,5.328583,26.923314
2019-11-15,37149.998391,13263.380812,23886.617579,2,195.125198,72.097713,0.238874,12.05,16.264261,5.328136,26.920534
2019-11-18,37167.680116,13281.062537,23886.617579,2,195.279099,72.442286,0.238046,12.46,16.262559,5.327551,26.917662
2019-11-19,37219.989136,13333.371557,23886.617579,2,195.567581,73.112565,0.237991,12.86,16.261038,5.326845,26.914728
2019-11-20,36980.002841,13093.385262,23886.617579,2,194.394394,66.07413,0.234625,12.78,16.259481,5.326163,26.911807
2019-11-21,36890.150117,13003.532538,23886.617579,2,193.961655,63.640464,0.233542,13.13,16.258083,5.325383,26.908849
2019-11-22,36910.788498,13024.170919,23886.617579,2,194.08667,64.052392,0.233407,12.34,16.256333,5.324837,26.906007
2019-11-25,37345.825119,13459.20754,23886.617579,2,196.384979,70.638279,0.233556,11.87,16.254375,5.324454,26.903284
2019-11-26,37411.097787,13524.480208,23886.617579,2,196.76001,71.554092,0.232074,11.54,16.252271,5.324197,26.900666
2019-11-27,37675.02962,13788.412041,23886.617579,2,198.135117,74.673391,0.232169,11.75,16.250263,5.323858,26.89798
2019-11-29,37486.04398,13599.426401,23886.617579,2,197.231216,69.294363,0.229291,12.62,16.248645,5.323223,26.89509
2019-12-02,37087.002088,13200.384509,23886.617579,2,195.211777,59.058682,0.229626,14.91,16.248048,5.322111,26.89227
2019-12-03,36788.84513,12902.227551,23886.617579,2,193.682724,52.70994,0.229728,15.96,16.24792,5.320929,26.889777
2019-12-04,36973.111067,13086.493488,23886.617579,2,194.663651,55.979278,0.228916,14.8,16.247275,5.319831,26.886937
2019-12-05,37030.743759,13144.12618,23886.617579,2,195.048279,57.227925,0.223846,14.52,16.246506,5.318771,26.884049
2019-12-06,37434.171571,13547.553992,23886.617579,2,197.13501,63.308658,0.224032,13.62,16.245338,5.317876,26.881091
2019-12-09,37242.638457,13356.020878,23886.617579,2,196.240753,59.410671,0.22026,15.86,16.245167,5.3167,26.878566
2019-12-10,37207.363694,13320.746115,23886.617579,2,196.07724,58.698993,0.219975,15.68,16.244916,5.315531,26.875977
2019-12-11,37407.325917,13520.708338,23886.617579,2,197.115799,61.826804,0.220019,14.99,16.244358,5.314415,26.873189
2019-12-12,37692.001076,13805.383497,23886.617579,2,198.587128,65.78061,0.219957,13.94,16.243335,5.313457,26.870248
2019-12-13,37817.315829,13930.69825,23886.617579,2,199.240982,67.396731,0.219973,12.63,16.241731,5.312822,26.867375
2019-12-16,38198.026613,6966.845014,31231.181599,1,201.241226,71.786532,0.218068,12.14,16.239911,5.312346,26.864602
2019-12-17,38206.077034,6974.895436,31231.181599,1,201.356613,72.020567,0.216144,12.29,16.23816,5.311818,26.861796
2019-12-18,38219.74415,6988.562551,31231.181599,1,201.510483,72.34995,0.216057,12.58,16.236538,5.311199,26.858936
2019-12-19,38340.074196,7108.892597,31231.181599,1,202.770264,74.950083,0.213857,12.5,16.234883,5.310604,26.856091
2019-12-20,38418.44145,0,38418.44145,0,203.587601,76.494484,0.213025,12.51,16.233233,5.310006,26.853245
2019-12-23,38418.44145,0,38418.44145,0,204.125366,77.478338,0.209326,12.61,16.231629,5.309377,26.850384
2019-12-24,38418.44145,0,38418.44145,0,204.231384,77.676715,0.206864,12.67,16.230053,5.308731,26.847515
2019-12-26,38418.44145,0,38418.44145,0,206.033539,80.776426,0.194479,12.65,16.22847,5.30809,26.84465
2019-12-27,38418.44145,0,38418.44145,0,205.860077,79.630285,0.194474,13.43,16.227233,5.307242,26.841717
2019-12-30,38418.44145,0,38418.44145,0,204.510849,71.171194,0.194694,14.82,16.226611,5.306152,26.838914
2019-12-31,38418.44145,0,38418.44145,0,204.896362,72.083713,0.194509,13.78,16.22553,5.305228,26.835986
2020-01-02,38418.44145,0,38418.44145,0,208.31752,78.567244,0.195342,12.47,16.223872,5.304643,26.833159
2020-01-03,38418.44145,0,38418.44145,0,206.409348,68.948702,0.191281,14.02,16.222899,5.303674,26.830248
2020-01-06,38418.44145,0,38418.44145,0,207.739304,71.561901,0.185074,13.85,16.221853,5.302738,26.827329
2020-01-07,38418.44145,0,38418.44145,0,207.710373,71.421094,0.184646,13.79,16.22078,5.301814,26.824409
2020-01-08,38418.44145,0,38418.44145,0,209.271622,74.353777,0.184563,13.45,16.219559,5.300965,26.821488
2020-01-09,38418.44145,0,38418.44145,0,211.044846,77.213788,0.184581,12.54,16.217938,5.300359,26.818656
2020-01-10,38418.44145,0,38418.44145,0,210.505249,74.491456,0.184628,12.56,16.216328,5.299747,26.815822
2020-01-13,38418.44145,0,38418.44145,0,212.933777,78.214311,0.18494,12.32,16.214613,5.299211,26.813034
2020-01-14,38418.44145,0,38418.44145,0,212.095306,74.188474,0.184642,12.39,16.21293,5.298652,26.810234
2020-01-15,38418.44145,0,38418.44145,0,212.182022,74.335602,0.183364,12.42,16.211262,5.298083,26.807428
2020-01-16,38418.44145,0,38418.44145,0,214.2155,77.565084,0.183625,12.32,16.209552,5.297546,26.804644
2020-01-17,38418.44145,0,38418.44145,0,215.275604,79.045466,0.183508,12.1,16.207746,5.297082,26.801911
2020-01-21,38418.44145,0,38418.44145,0,215.17926,78.538252,0.183227,12.85,16.206271,5.296386,26.799044
2020-01-22,38418.44145,0,38418.44145,0,215.747833,79.379194,0.181401,12.91,16.204824,5.295673,26.796171
2020-01-23,38418.44145,0,38418.44145,0,216.44165,80.389014,0.181415,12.98,16.203409,5.294942,26.793293
2020-01-24,38418.44145,0,38418.44145,0,214.620285,70.613042,0.181687,14.56,16.202689,5.293892,26.790472
2020-01-27,38418.44145,0,38418.44145,0,210.187164,53.545129,0.183166,18.23,16.203577,5.292901,26.789379
2020-01-28,38418.44145,0,38418.44145,0,213.415619,60.94812,0.183213,16.280001,16.203611,5.291741,26.787093
2020-01-29,38418.44145,0,38418.44145,0,213.762558,61.655292,0.182757,16.389999,16.203693,5.290583,26.784858
2020-01-30,38418.44145,0,38418.44145,0,214.523926,63.228965,0.18051,15.49,16.20338,5.289445,26.78227
2020-01-31,38418.44145,0,38418.44145,0,211.121994,52.801653,0.180931,18.84,16.204534,5.288575,26.781683
2020-02-03,38418.44145,0,38418.44145,0,214.311905,59.539553,0.181585,17.969999,16.205306,5.287546,26.780398
2020-02-04,38418.44145,0,38418.44145,0,219.217209,67.275924,0.182916,16.049999,16.205238,5.28639,26.778019
2020-02-05,38418.44145,0,38418.44145,0,219.940018,68.239608,0.182704,15.15,16.204777,5.285281,26.775338
2020-02-06,38418.44145,0,38418.44145,0,221.838516,70.681781,0.182851,14.96,16.204233,5.28419,26.772612
2020-02-07,38418.44145,0,38418.44145,0,220.884476,67.857989,0.182109,15.47,16.203913,5.283057,26.770028
2020-02-10,38418.44145,0,38418.44145,0,223.553955,71.311618,0.182564,15.04,16.203405,5.28196,26.767324
2020-02-11,38418.44145,0,38418.44145,0,223.592484,71.35945,0.182549,15.18,16.202958,5.28085,26.764658
2020-02-12,38418.44145,0,38418.44145,0,225.770477,73.998656,0.182119,13.74,16.201884,5.279949,26.761781
2020-02-13,38418.44145,0,38418.44145,0,225.481369,73.036555,0.182143,14.15,16.20099,5.278971,26.758931
2020-02-14,38418.44145,0,38418.44145,0,226.12706,73.854169,0.182153,13.68,16.199891,5.278083,26.756056
2020-02-18,38418.44145,0,38418.44145,0,226.213821,73.968393,0.182123,14.83,16.199294,5.27701,26.753314
2020-02-19,38418.44145,0,38418.44145,0,228.382172,76.707232,0.182391,14.38,16.198502,5.275997,26.750497
2020-02-20,38418.44145,0,38418.44145,0,226.261963,69.056485,0.182828,15.56,16.198225,5.274865,26.747955
2020-02-21,38418.44145,0,38418.44145,0,221.915604,56.594823,0.184409,17.08,16.198608,5.27375,26.746107
2020-02-24,38418.44145,0,38418.44145,0,213.357788,40.932355,0.190561,25.030001,16.202448,5.275817,26.754082
2020-02-25,38418.44145,3359.33262,35059.10883,1,207.556213,34.052225,0.193595,27.85,16.20751,5.280256,26.768022
2020-02-26,38492.214761,3433.105931,35059.10883,1,208.625946,36.182253,0.193662,27.559999,16.212441,5.284409,26.781259
2020-02-27,37888.843069,6137.569277,31751.273791,2,198.179199,27.00804,0.203563,39.16,16.222406,5.304856,26.832118
2020-02-28,37904.304708,9471.312156,28432.992552,3,198.333405,27.301065,0.20353,40.110001,16.232773,5.327001,26.886776
2020-03-02,40303.278403,11870.285851,28432.992552,3,208.568115,43.510209,0.211932,33.419998,16.24023,5.337863,26.915956
2020-03-03,38972.139805,10539.147253,28432.992552,3,201.879898,37.608973,0.215706,36.82,16.249154,5.353885,26.956924
2020-03-04,40934.09233,12501.099779,28432.992552,3,210.302811,47.302436,0.221012,31.99,16.255977,5.362747,26.981471
2020-03-05,39635.542515,11202.549963,28432.992552,3,203.913361,41.974835,0.224141,39.619999,16.266101,5.383596,27.033292
2020-03-06,38925.231388,10492.238837,28432.992552,3,200.47287,39.401466,0.224606,41.939999,16.27722,5.408883,27.094986
2020-03-09,36710.064363,11839.494719,24870.569644,4,186.547119,31.092428,0.240983,54.459999,16.293749,5.465755,27.22526
2020-03-10,39633.319243,14762.749599,24870.569644,4,196.704727,40.884938,0.247931,47.299999,16.307166,5.502504,27.312174
2020-03-11,37593.868251,12723.298607,24870.569644,4,188.137238,36.2107,0.253718,53.900002,16.323426,5.556591,27.436608
2020-03-12,34502.516663,13330.919887,21171.596776,5,170.886688,29.017243,0.278813,75.470001,16.348997,5.689887,27.728771
2020-03-13,39711.704687,18540.10791,21171.596776,5,185.361771,39.820445,0.295367,57.830002,16.366923,5.753643,27.874209
2020-03-16,34734.320381,17566.685948,17167.634433,6,163.157684,31.820262,0.332706,82.690002,16.395572,5.915252,28.226077
2020-03-17,39831.510825,22663.876392,17167.634433,6,175.531799,39.156508,0.344119,75.910004,16.421269,6.041891,28.505051
2020-03-18,37922.752713,20755.118279,17167.634433,6,170.192825,37.292007,0.346099,76.449997,16.447177,6.167974,28.783125
2020-03-19,38285.24965,21117.615217,17167.634433,6,171.214371,37.901299,0.346142,72,16.471143,6.273663,29.01847
2020-03-20,35996.27459,18828.640157,17167.634433,6,164.506866,35.464684,0.348933,66.040001,16.492518,6.356211,29.204939
2020-03-23,35936.966243,18769.33181,17167.634433,6,164.625641,35.543705,0.347929,61.59,16.511957,6.423443,29.358843
2020-03-24,41243.793941,24076.159508,17167.634433,6,177.373871,43.535342,0.359294,61.669998,16.531413,6.490104,29.51162
2020-03-25,40724.265493,23556.63106,17167.634433,6,176.060425,42.944562,0.359368,63.950001,16.551835,6.5629,29.677634
2020-03-26,44648.393573,27480.759139,17167.634433,6,185.331818,48.279883,0.364494,61,16.570969,6.625977,29.822923
2020-03-27,42222.31106,25054.676627,17167.634433,6,178.957718,45.153693,0.366943,65.540001,16.59204,6.701977,29.995994
2020-03-30,44893.696079,27726.061645,17167.634433,6,185.46701,48.79973,0.369311,57.080002,16.609454,6.752943,30.115339
2020-03-31,44225.43113,27057.796697,17167.634433,6,183.883179,47.964221,0.369138,53.540001,16.625331,6.794776,30.214883
2020-04-01,41329.57465,24161.940217,17167.634433,6,176.070068,43.965297,0.372805,57.060001,16.642707,6.844833,30.332373
2020-04-02,42739.788868,25572.154435,17167.634433,6,179.643402,46.175539,0.373521,50.91,16.657427,6.880117,30.41766
2020-04-03,41748.629921,24580.995488,17167.634433,6,177.093796,44.817189,0.373918,46.799999,16.670369,6.906937,30.484244
2020-04-06,47267.938496,30100.304063,17167.634433,6,189.755096,52.318532,0.382939,45.240002,16.682631,6.930773,30.544176
2020-04-07,47216.40704,30048.772607,17167.634433,6,189.677811,52.271823,0.38293,46.700001,16.695508,6.957122,30.609752
2020-04-08,48929.075802,31761.441369,17167.634433,6,193.705063,54.548969,0.38371,43.349998,16.706938,6.977495,30.661928
2020-04-09,49026.190396,31858.555962,17167.634433,6,193.985123,54.710791,0.383665,41.669998,16.717638,6.995117,30.707872
2020-04-13,49852.444055,32684.809622,17167.634433,6,196.080887,55.974011,0.383854,41.169998,16.728115,7.011909,30.751933
2020-04-14,53729.038813,36561.404379,17167.634433,6,204.608688,60.769055,0.387148,37.759998,16.737122,7.023905,30.784932
2020-04-15,52687.769844,35520.13541,17167.634433,6,202.26181,58.868821,0.38742,40.84,16.74744,7.040086,30.827611
2020-04-16,54331.537915,37163.903482,17167.634433,6,205.951096,60.936721,0.387978,40.110001,16.757437,7.05515,30.867737
2020-04-17,55200.936717,38033.302284,17167.634433,6,207.92128,62.034456,0.388111,38.150002,16.766587,7.067502,30.90159
2020-04-20,54056.004466,36888.370032,17167.634433,6,205.458542,59.773293,0.3884,43.830002,16.778157,7.088114,30.954385
2020-04-21,50858.378005,33690.743572,17167.634433,6,197.877197,53.329004,0.391076,45.41,16.790393,7.111273,31.01294
2020-04-22,53469.488616,36301.854182,17167.634433,6,203.74913,57.179682,0.392334,41.98,16.801153,7.12879,31.058733
2020-04-23,53257.166252,36089.531819,17167.634433,6,203.314545,56.806119,0.392322,41.380001,16.811648,7.14534,31.102328
2020-04-24,54681.679068,37514.044635,17167.634433,6,206.520874,58.937613,0.392723,35.93,16.819808,7.154725,31.129257
2020-04-27,55371.371094,38203.736661,17167.634433,6,208.182037,60.037883,0.392826,33.290001,16.826834,7.161282,31.149399
2020-04-28,53639.750148,36472.115715,17167.634433,6,204.260956,56.209272,0.393521,33.57,16.833974,7.168098,31.170171
2020-04-29,56977.839357,39810.204924,17167.634433,6,211.504303,61.139252,0.395553,31.23,16.840111,7.17273,31.185572
2020-04-30,56916.800492,39749.166059,17167.634433,6,211.417358,61.050406,0.395529,34.150002,16.847486,7.180097,31.207681
2020-05-01,54298.129683,37130.49525,17167.634433,6,205.458542,55.136668,0.397035,37.189999,16.85615,7.190833,31.237815
2020-05-04,55295.945472,38128.311038,17167.634433,6,207.853683,56.942105,0.396832,35.970001,16.864287,7.20011,31.264507
2020-05-05,56343.914648,39176.280215,17167.634433,6,210.210114,58.702936,0.396961,33.610001,16.871413,7.206861,31.285134
2020-05-06,56873.754146,39706.119713,17167.634433,6,211.504303,59.678224,0.396265,34.119999,16.878749,7.214103,31.306956
2020-05-07,58110.388656,40942.754223,17167.634433,6,214.227814,61.726675,0.396512,31.440001,16.88494,7.218816,31.322572
2020-05-08,59456.135563,42288.50113,17167.634433,6,217.163712,63.858209,0.396743,27.98,16.889656,7.220904,31.331464
2020-05-11,60303.640963,43136.006529,17167.634433,6,219.104935,65.236798,0.396862,27.57,16.894193,7.222725,31.339643
2020-05-12,58081.087165,40913.452732,17167.634433,6,214.517471,59.464304,0.395357,33.040001,16.901049,7.228851,31.358751
2020-05-13,56840.618981,39672.984548,17167.634433,6,211.832642,56.323169,0.395503,35.279999,16.90885,7.237228,31.383306
2020-05-14,57913.121973,40745.487539,17167.634433,6,214.237411,58.440747,0.395384,32.610001,16.915511,7.242916,31.401344
2020-05-15,58527.573181,41359.938748,17167.634433,6,215.628143,59.65887,0.395288,31.889999,16.921862,7.247943,31.417747
2020-05-18,60349.297172,43181.662739,17167.634433,6,219.645706,63.030009,0.39563,29.299999,16.927109,7.250886,31.428881
2020-05-19,60042.543229,42874.908795,17167.634433,6,219.095261,62.262311,0.395062,30.530001,16.932873,7.254755,31.442382
2020-05-20,62102.342972,44934.708539,17167.634433,6,223.4702,65.825117,0.395546,27.99,16.937556,7.256786,31.451129
2020-05-21,60945.553798,43777.919365,17167.634433,6,221.036453,62.301388,0.395752,29.530001,16.942887,7.259874,31.462636
2020-05-22,61258.984359,44091.349926,17167.634433,6,221.799438,62.970629,0.39527,28.16,16.947634,7.262004,31.471643
2020-05-26,60896.463763,43728.82933,17167.634433,6,221.200638,62.039782,0.395291,28.01,16.952314,7.264032,31.480377
2020-05-27,61443.717687,44276.083254,17167.634433,6,222.407852,63.220202,0.395284,27.620001,16.956825,7.265807,31.488439
2020-05-28,61278.997208,44111.362775,17167.634433,6,222.118088,62.716084,0.395135,28.59,16.961741,7.268207,31.498155
2020-05-29,62815.342867,45647.708434,17167.634433,6,225.372757,65.995931,0.395448,27.51,16.966198,7.269904,31.506007
2020-06-01,63048.57835,45880.943916,17167.634433,6,226.048813,66.652168,0.394909,28.23,16.970954,7.272053,31.515061
2020-06-02,63704.678577,46537.044144,17167.634433,6,227.565079,68.137379,0.393948,26.84,16.97512,7.273345,31.52181
2020-06-03,64112.166068,46944.531635,17167.634433,6,228.588791,69.136801,0.392677,25.66,16.978785,7.273997,31.526779
2020-06-04,63325.422746,46157.788312,17167.634433,6,226.985565,65.663117,0.392732,25.809999,16.982509,7.274724,31.531957
2020-06-05,65499.350782,48331.716349,17167.634433,6,231.486099,70.190885,0.393274,24.52,16.985687,7.274836,31.535359
2020-06-08,66285.663611,39796.52493,26489.138681,5,233.28244,71.789847,0.392761,25.809999,16.989406,7.275558,31.540521
2020-06-09,66941.621214,30416.648007,36524.973207,4,234.972549,73.244034,0.392629,27.57,16.993863,7.277265,31.548393
2020-06-10,67823.844752,31298.871544,36524.973207,4,237.792633,75.512304,0.392841,27.57,16.998316,7.278968,31.556252
2020-06-11,64322.158357,27797.18515,36524.973207,4,226.010178,54.661801,0.397686,40.790001,17.008329,7.293785,31.5959
2020-06-12,64857.762124,28332.788917,36524.973207,4,227.806549,56.628112,0.397729,36.09,17.016357,7.302746,31.621848
2020-06-15,65672.51968,29147.546473,36524.973207,4,230.578308,59.543649,0.397899,34.400002,17.023667,7.309907,31.64348
2020-06-16,66905.136433,30380.163226,36524.973207,4,234.537964,63.335432,0.398315,33.669998,17.030664,7.316334,31.663332
2020-06-17,67112.068495,30587.095288,36524.973207,4,235.28157,64.017486,0.398001,33.470001,17.037571,7.322554,31.682679
2020-06-18,67297.081842,30772.108635,36524.973207,4,235.918976,64.624959,0.397993,32.939999,17.04425,7.328265,31.700781
2020-06-19,67265.684924,30740.711717,36524.973207,4,235.880386,64.553903,0.397874,35.119999,17.051839,7.336081,31.724001
2020-06-22,68121.3377,31596.364493,36524.973207,4,238.709213,67.384879,0.398076,31.77,17.058015,7.340735,31.739486
2020-06-23,68756.027205,32231.053998,36524.973207,4,240.740829,69.282352,0.398171,31.370001,17.064018,7.345046,31.754111
2020-06-24,67177.901663,30652.928456,36524.973207,4,235.777817,60.08595,0.398429,33.84,17.071052,7.351536,31.774124
2020-06-25,67874.661493,31349.688285,36524.973207,4,238.022354,62.509661,0.398533,32.220001,17.077402,7.356534,31.79047
2020-06-26,66135.088054,29610.114847,36524.973207,4,232.401398,53.713267,0.399651,34.73,17.084797,7.363862,31.812521
2020-06-29,66887.398453,30362.425245,36524.973207,4,234.936142,56.674099,0.399824,31.780001,17.090951,7.368458,31.827867
2020-06-30,68337.952932,31812.979725,36524.973207,4,239.541245,61.493382,0.400157,30.43,17.096534,7.371968,31.840471
2020-07-01,69221.511558,23757.938493,45463.573065,3,242.337158,64.104037,0.400341,28.620001,17.101356,7.374194,31.849743
2020-07-02,69600.019402,24136.446337,45463.573065,3,243.981827,65.582247,0.400325,27.68,17.10578,7.375824,31.857428
2020-07-06,71018.336836,8150.725605,62867.611231,1,249.980072,70.373995,0.40127,27.940001,17.110309,7.377608,31.865525
2020-07-07,70878.540908,8010.929677,62867.611231,1,248.257965,67.4697,0.401266,29.43,17.115458,7.380364,31.876185
2020-07-08,71134.841474,8267.230243,62867.611231,1,251.527893,70.001293,0.401493,28.08,17.120038,7.382224,31.884485
2020-07-09,71299.013612,0,71299.013612,0,253.646729,71.546495,0.40145,29.26,17.125106,7.384849,31.894805
2020-07-10,71299.013612,0,71299.013612,0,255.378357,72.780468,0.401498,27.290001,17.129349,7.386227,31.901803
2020-07-13,71299.013612,0,71299.013612,0,250.125183,63.748333,0.402333,32.189999,17.135632,7.39109,31.917812
2020-07-14,71299.013612,0,71299.013612,0,251.895645,65.310829,0.402387,29.52,17.140796,7.393874,31.928545
2020-07-15,71299.013612,0,71299.013612,0,252.408325,65.770907,0.402316,27.76,17.145223,7.395511,31.936245
2020-07-16,71299.013612,0,71299.013612,0,250.686264,62.759937,0.402365,28,17.149746,7.397289,31.944323
2020-07-17,71299.013612,0,71299.013612,0,250.976486,63.066808,0.402365,25.68,17.153299,7.397796,31.948891
2020-07-20,71299.013612,0,71299.013612,0,258.096924,69.670311,0.403508,24.459999,17.156341,7.397758,31.951856
2020-07-21,71299.013612,0,71299.013612,0,255.407425,64.946803,0.403679,24.84,17.159538,7.397878,31.955295
2020-07-22,71299.013612,0,71299.013612,0,256.30719,65.78261,0.403639,24.32,17.162517,7.397781,31.958078
2020-07-23,71299.013612,0,71299.013612,0,249.612427,55.230315,0.404949,26.08,17.166225,7.398477,31.963178
2020-07-24,71299.013612,0,71299.013612,0,247.242096,52.046929,0.404949,25.84,17.16983,7.399052,31.967933
2020-07-27,71299.013612,0,71299.013612,0,251.653717,57.013102,0.405289,24.74,17.172975,7.399123,31.971221
2020-07-28,71299.013612,0,71299.013612,0,248.451462,52.743233,0.405599,25.440001,17.176408,7.399504,31.975416
2020-07-29,71299.013612,0,71299.013612,0,251.315063,55.922303,0.405734,24.1,17.179282,7.399312,31.977906
2020-07-30,71299.013612,0,71299.013612,0,252.630859,57.342322,0.405353,24.76,17.182427,7.399388,31.981203
2020-07-31,71299.013612,0,71299.013612,0,257.13916,61.874432,0.40576,24.459999,17.185446,7.399337,31.98412
2020-08-03,71299.013612,0,71299.013612,0,260.612366,64.962838,0.405546,24.280001,17.188387,7.399213,31.986812
2020-08-04,71299.013612,0,71299.013612,0,261.579773,65.793997,0.403037,23.76,17.191111,7.398888,31.988887
2020-08-05,71299.013612,0,71299.013612,0,262.227936,66.369631,0.402767,22.99,17.193513,7.398296,31.990106
2020-08-06,71299.013612,0,71299.013612,0,265.701172,69.346494,0.402981,22.65,17.195772,7.397597,31.990967
2020-08-07,71299.013612,0,71299.013612,0,262.634308,63.96258,0.402575,22.209999,17.197848,7.396769,31.991385
2020-08-10,71299.013612,0,71299.013612,0,261.512115,62.063822,0.40242,22.129999,17.199888,7.395918,31.991725
2020-08-11,71299.013612,0,71299.013612,0,256.558777,54.388973,0.402878,24.030001,17.202713,7.395693,31.994098
2020-08-12,71299.013612,0,71299.013612,0,263.011597,61.132064,0.403125,22.280001,17.204812,7.394884,31.99458
2020-08-13,71299.013612,0,71299.013612,0,263.61145,61.69893,0.401298,22.129999,17.206847,7.394033,31.994913
2020-08-14,71299.013612,0,71299.013612,0,263.301849,61.202793,0.401298,22.049999,17.208848,7.39316,31.995168
2020-08-17,71299.013612,0,71299.013612,0,266.359039,64.259084,0.401107,21.35,17.210557,7.392112,31.994782
2020-08-18,71299.013612,0,71299.013612,0,268.92276,66.632894,0.400859,21.51,17.212332,7.391102,31.994536
2020-08-19,71299.013612,0,71299.013612,0,267.113586,63.431217,0.400826,22.540001,17.21453,7.390369,31.995268
2020-08-20,71299.013612,0,71299.013612,0,270.81897,66.935421,0.400999,22.719999,17.2168,7.38969,31.996181
2020-08-21,71299.013612,0,71299.013612,0,272.695801,68.577868,0.401007,22.540001,17.218994,7.388957,31.996908
2020-08-24,71299.013612,0,71299.013612,0,274.39856,70.032302,0.39897,22.370001,17.221117,7.388174,31.997464
2020-08-25,71299.013612,0,71299.013612,0,276.555969,71.812543,0.39872,22.030001,17.223097,7.387296,31.99769
2020-08-26,71299.013612,0,71299.013612,0,282.457397,76.010645,0.399368,23.27,17.225587,7.386794,31.999174
2020-08-27,71299.013612,0,71299.013612,0,281.577026,74.234429,0.399407,24.469999,17.228568,7.386735,32.002038
2020-08-28,71299.013612,0,71299.013612,0,283.00882,75.2475,0.399103,22.959999,17.230926,7.38613,32.003185
2020-08-31,71299.013612,0,71299.013612,0,285.28241,76.806959,0.39914,26.41,17.2347,7.386956,32.008612
2020-09-01,71299.013612,0,71299.013612,0,290.158325,79.753034,0.399306,26.120001,17.238352,7.387634,32.013619
2020-09-02,71299.013612,0,71299.013612,0,292.905914,81.202061,0.399129,26.57,17.242186,7.388537,32.019259
2020-09-03,71299.013612,0,71299.013612,0,278.055511,57.323023,0.403859,33.599998,17.248903,7.394453,32.03781
2020-09-04,71299.013612,0,71299.013612,0,274.350189,53.125212,0.404251,30.75,17.254446,7.397994,32.050433
2020-09-08,71299.013612,0,71299.013612,0,261.163757,41.482697,0.408808,31.459999,17.260275,7.40207,32.064416
2020-09-09,71299.013612,0,71299.013612,0,268.835632,48.547664,0.410108,28.809999,17.265012,7.404247,32.073507
2020-09-10,71299.013612,0,71299.013612,0,263.476044,44.505157,0.410821,29.709999,17.270115,7.407016,32.084148
2020-09-11,71299.013612,0,71299.013612,0,261.647522,43.183987,0.410931,26.870001,17.274049,7.408048,32.090144
2020-09-14,71299.013612,0,71299.013612,0,266.204254,47.376425,0.411329,25.85,17.277562,7.408563,32.094689
2020-09-15,71299.013612,0,71299.013612,0,269.977234,50.62518,0.411545,25.59,17.280966,7.408955,32.098877
2020-09-16,71299.013612,0,71299.013612,0,265.672089,47.055456,0.412067,26.040001,17.284552,7.409557,32.103667
2020-09-17,71299.013612,0,71299.013612,0,261.521667,43.845616,0.412577,26.459999,17.288306,7.410365,32.109037
2020-09-18,71299.013612,0,71299.013612,0,258.18399,41.399882,0.41293,25.83,17.2918,7.410863,32.113525
2020-09-21,71299.013612,0,71299.013612,0,258.803253,42.045809,0.41268,27.780001,17.296087,7.412381,32.12085
2020-09-22,71299.013612,0,71299.013612,0,263.61145,46.936525,0.413184,26.860001,17.299996,7.413388,32.126771
2020-09-23,71299.013612,0,71299.013612,0,255.562302,40.738603,0.414639,28.58,17.304604,7.415378,32.13536
2020-09-24,71299.013612,0,71299.013612,0,256.752167,41.958729,0.41449,28.51,17.309179,7.41732,32.14382
2020-09-25,71299.013612,0,71299.013612,0,262.721375,47.768618,0.415256,26.379999,17.312882,7.41807,32.149021
2020-09-28,71299.013612,0,71299.013612,0,268.177856,52.453809,0.415545,26.190001,17.316503,7.418723,32.153949
2020-09-29,71299.013612,0,71299.013612,0,266.968475,51.354278,0.415501,26.27,17.320155,7.419413,32.158981
2020-09-30,71299.013612,0,71299.013612,0,268.796967,52.959792,0.415384,26.370001,17.323844,7.42015,32.164144
2020-10-01,71299.013612,0,71299.013612,0,273.063385,56.562198,0.415101,26.700001,17.327665,7.421051,32.169768
2020-10-02,71299.013612,0,71299.013612,0,265.381836,49.249242,0.416535,27.629999,17.331862,7.422452,32.176766
2020-10-05,71299.013612,0,71299.013612,0,271.041473,53.971187,0.416901,27.959999,17.336189,7.424038,32.184266
2020-10-06,71299.013612,0,71299.013612,0,266.204254,49.713763,0.417528,29.48,17.341131,7.426569,32.194269
2020-10-07,71299.013612,0,71299.013612,0,270.809235,53.476261,0.417465,28.059999,17.345492,7.428205,32.201901
2020-10-08,71299.013612,0,71299.013612,0,272.250732,54.620862,0.417375,26.360001,17.349158,7.428918,32.206994
2020-10-09,71299.013612,0,71299.013612,0,276.410797,57.844213,0.417628,25,17.352268,7.429009,32.210286
2020-10-12,71299.013612,0,71299.013612,0,284.943787,63.561588,0.418839,25.07,17.355404,7.429128,32.21366
2020-10-13,71299.013612,0,71299.013612,0,284.934082,63.551031,0.418838,26.07,17.358944,7.429694,32.218333
2020-10-14,71299.013612,0,71299.013612,0,282.554138,60.880602,0.418807,26.4,17.362615,7.430419,32.223453
2020-10-15,71299.013612,0,71299.013612,0,280.65802,58.762051,0.418899,26.969999,17.366514,7.431431,32.229376
2020-10-16,71299.013612,0,71299.013612,0,279.119781,57.028275,0.418985,27.41,17.370588,7.432676,32.235941
2020-10-19,71299.013612,0,71299.013612,0,274.56311,52.122268,0.419329,29.18,17.375377,7.434973,32.245323
2020-10-20,71299.013612,0,71299.013612,0,275.153229,52.689902,0.419238,29.35,17.380231,7.437374,32.254979
2020-10-21,71299.013612,0,71299.013612,0,274.940277,52.448249,0.41909,28.65,17.384797,7.439326,32.263449
2020-10-22,71299.013612,0,71299.013612,0,274.930634,52.43652,0.419094,28.110001,17.389141,7.44095,32.271041
2020-10-23,71299.013612,0,71299.013612,0,275.472382,53.071399,0.418981,27.549999,17.393255,7.442251,32.277758
2020-10-26,71299.013612,0,71299.013612,0,271.341431,47.82883,0.419385,32.459999,17.399352,7.446916,32.293184
2020-10-27,71299.013612,0,71299.013612,0,273.460144,50.528116,0.419333,33.349998,17.405805,7.452317,32.310439
2020-10-28,71299.013612,0,71299.013612,0,262.798767,39.463433,0.422098,40.279999,17.415055,7.464994,32.345043
2020-10-29,71299.013612,0,71299.013612,0,267.394196,45.049135,0.422515,37.59,17.423209,7.474499,32.372207
2020-10-30,71299.013612,0,71299.013612,0,260.612366,39.287798,0.42376,38.02,17.431531,7.484447,32.400426
2020-11-02,71299.013612,0,71299.013612,0,261.192841,39.995165,0.423658,37.130001,17.439487,7.493399,32.426286
2020-11-03,71299.013612,0,71299.013612,0,265.710785,45.333789,0.424047,35.549999,17.446799,7.500718,32.448235
2020-11-04,71299.013612,0,71299.013612,0,277.571808,56.320886,0.427086,29.57,17.451691,7.503157,32.458005
2020-11-05,71299.013612,0,71299.013612,0,284.80838,61.416132,0.428055,27.58,17.455777,7.504401,32.464578
2020-11-06,71299.013612,0,71299.013612,0,285.021118,61.558101,0.428051,24.860001,17.458762,7.50436,32.467482
2020-11-09,71299.013612,0,71299.013612,0,279.197083,55.533779,0.428868,25.75,17.462104,7.504693,32.47149
2020-11-10,71299.013612,0,71299.013612,0,274.195343,50.924516,0.429495,24.799999,17.46506,7.504626,32.474313
2020-11-11,71299.013612,0,71299.013612,0,280.32901,55.772392,0.430212,23.450001,17.467471,7.504075,32.475622
2020-11-12,71299.013612,0,71299.013612,0,279.013245,54.528022,0.430274,25.35,17.470644,7.504231,32.479106
2020-11-13,71299.013612,0,71299.013612,0,281.460938,56.47359,0.430354,23.1,17.472909,7.50357,32.48005
2020-11-16,71299.013612,0,71299.013612,0,283.657043,58.201589,0.430363,22.450001,17.474912,7.502724,32.48036
2020-11-17,71299.013612,0,71299.013612,0,282.757294,57.199659,0.430399,22.709999,17.477016,7.50195,32.480916
2020-11-18,71299.013612,0,71299.013612,0,280.667542,54.838394,0.430531,23.84,17.479574,7.501526,32.482626
2020-11-19,71299.013612,0,71299.013612,0,282.863739,56.854211,0.430504,23.110001,17.481836,7.500867,32.483571
2020-11-20,71299.013612,0,71299.013612,0,280.928802,54.544219,0.430598,23.700001,17.484333,7.500396,32.485125
2020-11-23,71299.013612,0,71299.013612,0,280.938538,54.554224,0.4306,22.66,17.486411,7.499606,32.485624
2020-11-24,71299.013612,0,71299.013612,0,284.885742,58.538835,0.430684,21.639999,17.488078,7.498563,32.485203
2020-11-25,71299.013612,0,71299.013612,0,286.636871,60.205796,0.430719,21.25,17.489587,7.497436,32.48446
2020-11-27,71299.013612,0,71299.013612,0,289.277985,62.645201,0.430768,20.84,17.49093,7.496233,32.483396
2020-11-30,71299.013612,0,71299.013612,0,289.868073,63.188158,0.430706,20.57,17.492164,7.494983,32.482131
2020-12-01,71299.013612,0,71299.013612,0,293.58313,66.490493,0.430679,20.77,17.493478,7.493768,32.481014
2020-12-02,71299.013612,0,71299.013612,0,293.960419,66.816071,0.430528,21.17,17.49495,7.492628,32.480207
2020-12-03,71299.013612,0,71299.013612,0,294.376343,67.194477,0.430509,21.280001,17.496465,7.491511,32.479487
2020-12-04,71299.013612,0,71299.013612,0,295.57608,68.316796,0.430518,20.790001,17.497783,7.490301,32.478385
2020-12-07,71299.013612,0,71299.013612,0,297.249756,69.865617,0.430409,21.299999,17.499304,7.489188,32.47768
2020-12-08,71299.013612,0,71299.013612,0,298.25592,70.790071,0.43035,20.68,17.500576,7.48796,32.476496
2020-12-09,71299.013612,0,71299.013612,0,291.503113,57.94252,0.431348,22.27,17.502482,7.48707,32.476622
2020-12-10,71299.013612,0,71299.013612,0,292.673676,59.320733,0.431335,22.52,17.504487,7.486246,32.476978
2020-12-11,71299.013612,0,71299.013612,0,292.025543,58.183816,0.431301,23.309999,17.506805,7.485649,32.478103
2020-12-14,71299.013612,0,71299.013612,0,294.144226,60.826821,0.43135,24.719999,17.509685,7.485542,32.480768
2020-12-15,71299.013612,0,71299.013612,0,297.288574,64.420977,0.431369,22.889999,17.511832,7.484819,32.48147
2020-12-16,71299.013612,0,71299.013612,0,298.923462,66.159525,0.431393,22.5,17.513821,7.483989,32.481799
2020-12-17,71299.013612,0,71299.013612,0,300.877625,68.162125,0.431433,21.93,17.515582,7.483016,32.481613
2020-12-18,71299.013612,0,71299.013612,0,299.968262,66.198902,0.431432,21.57,17.517198,7.481961,32.481121
2020-12-21,71299.013612,0,71299.013612,0,299.407196,64.955803,0.431441,25.16,17.520243,7.482026,32.484294
2020-12-22,71299.013612,0,71299.013612,0,300.221252,65.954737,0.431441,24.23,17.522915,7.481733,32.486382
2020-12-23,71299.013612,0,71299.013612,0,298.709351,62.397275,0.431512,23.309999,17.525219,7.481135,32.487488
2020-12-24,71299.013612,0,71299.013612,0,300.027435,64.209716,0.431437,21.530001,17.526813,7.480072,32.486956
2020-12-28,71299.013612,0,71299.013612,0,303.051361,68.018261,0.431549,21.700001,17.528473,7.479047,32.486566
2020-12-29,71299.013612,0,71299.013612,0,303.322754,68.343846,0.431439,23.08,17.53068,7.478378,32.487437
2020-12-30,71299.013612,0,71299.013612,0,303.332397,68.356173,0.431443,22.77,17.532762,7.477621,32.488004
2020-12-31,71299.013612,0,71299.013612,0,304.078644,69.350811,0.431066,22.75,17.534835,7.476858,32.488551
2021-01-04,71299.013612,0,71299.013612,0,299.785187,58.046118,0.431288,26.969999,17.538582,7.477737,32.494056
2021-01-05,71299.013612,0,71299.013612,0,302.256592,61.896418,0.431323,25.34,17.541679,7.477868,32.497415
2021-01-06,71299.013612,0,71299.013612,0,298.069702,53.019008,0.431717,25.07,17.544667,7.477887,32.500441
2021-01-07,71299.013612,0,71299.013612,0,305.280548,62.890544,0.432498,22.370001,17.546581,7.477021,32.500623
2021-01-08,71299.013612,0,71299.013612,0,309.20578,66.96025,0.43263,21.559999,17.548172,7.475965,32.500102
2021-01-11,71299.013612,0,71299.013612,0,304.737793,59.025239,0.433033,24.08,17.550761,7.475614,32.501989
2021-01-12,71299.013612,0,71299.013612,0,304.253174,58.219358,0.43288,23.33,17.553051,7.475017,32.503086
2021-01-13,71299.013612,0,71299.013612,0,306.307831,60.671068,0.432879,22.209999,17.554895,7.474111,32.503117
2021-01-14,71299.013612,0,71299.013612,0,304.669891,57.761199,0.432954,23.25,17.55715,7.47349,32.50413
2021-01-15,71299.013612,0,71299.013612,0,302.256592,53.676379,0.43299,24.34,17.559834,7.473229,32.506291
2021-01-19,71299.013612,0,71299.013612,0,306.666382,59.335438,0.433255,23.24,17.562081,7.472604,32.507289
2021-01-20,71299.013612,0,71299.013612,0,313.799896,66.471061,0.434023,21.58,17.563669,7.471553,32.506776
2021-01-21,71299.013612,0,71299.013612,0,316.31012,68.561651,0.43409,21.32,17.565154,7.470449,32.506052
2021-01-22,71299.013612,0,71299.013612,0,315.399017,66.930432,0.434117,21.91,17.566871,7.469472,32.505814
2021-01-25,71299.013612,0,71299.013612,0,318.006165,69.18942,0.434026,23.190001,17.569092,7.468832,32.506756
2021-01-26,71299.013612,0,71299.013612,0,318.471436,69.588671,0.433184,23.02,17.571244,7.468142,32.507529
2021-01-27,71299.013612,0,71299.013612,0,309.593506,54.955255,0.434356,37.209999,17.578994,7.476853,32.5327
2021-01-28,71299.013612,0,71299.013612,0,311.425293,56.966044,0.434388,30.209999,17.583976,7.479586,32.543149
2021-01-29,71299.013612,0,71299.013612,0,304.873444,48.608017,0.435238,33.09,17.590091,7.484447,32.558985
2021-02-01,71299.013612,0,71299.013612,0,312.491455,56.584244,0.435626,30.24,17.595077,7.487185,32.569447
2021-02-02,71299.013612,0,71299.013612,0,317.589447,60.951862,0.435681,25.559999,17.598215,7.487378,32.572972
2021-02-03,71299.013612,0,71299.013612,0,316.329437,59.362335,0.43499,22.91,17.600307,7.486645,32.573598
2021-02-04,71299.013612,0,71299.013612,0,320.070587,62.490156,0.43516,21.77,17.601949,7.485628,32.573205
2021-02-05,71299.013612,0,71299.013612,0,321.156097,63.371105,0.435082,20.870001,17.603235,7.484435,32.572106
2021-02-08,71299.013612,0,71299.013612,0,323.307709,65.119741,0.435071,21.24,17.604666,7.48331,32.571286
2021-02-09,71299.013612,0,71299.013612,0,323.239929,65.014447,0.434892,21.629999,17.606249,7.482264,32.570776
2021-02-10,71299.013612,0,71299.013612,0,322.503296,63.806918,0.434912,21.99,17.607972,7.481297,32.570567
2021-02-11,71299.013612,0,71299.013612,0,324.276855,65.469816,0.434826,21.25,17.609403,7.480175,32.569753
2021-02-12,71299.013612,0,71299.013612,0,326.089386,67.131849,0.434842,19.969999,17.61033,7.478852,32.568034
2021-02-16,71299.013612,0,71299.013612,0,325.207367,65.480162,0.434868,21.459999,17.611841,7.477772,32.567385
2021-02-17,71299.013612,0,71299.013612,0,323.646973,62.548221,0.43493,21.5,17.613367,7.476701,32.566769
2021-02-18,71299.013612,0,71299.013612,0,322.231873,59.927567,0.434876,22.49,17.61528,7.475857,32.566995
2021-02-19,71299.013612,0,71299.013612,0,320.826538,57.357401,0.43474,22.049999,17.61702,7.474907,32.566833
2021-02-22,71299.013612,0,71299.013612,0,312.510803,45.046244,0.435292,23.450001,17.619306,7.474333,32.567973
2021-02-23,71299.013612,0,71299.013612,0,311.580414,43.910637,0.432557,23.110001,17.621458,7.473658,32.568775
2021-02-24,71299.013612,0,71299.013612,0,314.148712,47.821113,0.43121,21.34,17.622914,7.472556,32.568027
2021-02-25,71299.013612,0,71299.013612,0,303.196655,36.223383,0.433483,28.889999,17.627326,7.474419,32.576163
2021-02-26,71299.013612,0,71299.013612,0,304.4664,38.097794,0.428791,27.950001,17.631366,7.475745,32.582856
2021-03-01,71299.013612,0,71299.013612,0,313.625397,49.603643,0.430097,23.35,17.633603,7.475138,32.583879
2021-03-02,71299.013612,0,71299.013612,0,308.595215,44.690614,0.426645,24.1,17.636132,7.474769,32.585671
2021-03-03,71299.013612,0,71299.013612,0,299.639771,37.558309,0.426298,26.67,17.639664,7.475442,32.590548
2021-03-04,71299.013612,0,71299.013612,0,294.735657,34.327482,0.424204,28.57,17.643935,7.477103,32.598141
2021-03-05,71299.013612,0,71299.013612,0,299.174438,39.408031,0.422737,24.66,17.646676,7.476928,32.600532
2021-03-08,71299.013612,0,71299.013612,0,290.703644,34.002022,0.423711,25.469999,17.649731,7.477066,32.603862
2021-03-09,71299.013612,0,71299.013612,0,302.169373,45.000085,0.416724,24.030001,17.652221,7.476669,32.605558
2021-03-10,71299.013612,0,71299.013612,0,301.306793,44.40063,0.412186,22.559999,17.654136,7.475838,32.605812
2021-03-11,71299.013612,0,71299.013612,0,308.246307,50.153598,0.409176,21.91,17.655796,7.474852,32.605499
2021-03-12,71299.013612,0,71299.013612,0,305.745636,48.21745,0.391926,20.690001,17.656979,7.473634,32.604247
2021-03-15,71299.013612,0,71299.013612,0,309.011841,50.884473,0.380335,20.030001,17.657903,7.472324,32.602551
2021-03-16,71299.013612,0,71299.013612,0,310.708008,52.259589,0.346814,19.790001,17.658734,7.470986,32.600707
2021-03-17,71299.013612,0,71299.013612,0,311.987335,53.321135,0.336245,19.23,17.659346,7.469595,32.598537
2021-03-18,71299.013612,0,71299.013612,0,302.43103,45.230591,0.336277,21.58,17.660872,7.468542,32.597955
2021-03-19,71299.013612,0,71299.013612,0,303.497162,46.211155,0.336251,20.950001,17.662152,7.46737,32.596891
2021-03-22,71299.013612,0,71299.013612,0,309.188782,51.231014,0.332942,18.879999,17.662625,7.465955,32.594536
2021-03-23,71299.013612,0,71299.013612,0,307.839905,50.03914,0.333037,20.299999,17.663651,7.464684,32.59302
2021-03-24,71299.013612,0,71299.013612,0,302.648041,45.638052,0.322334,21.200001,17.665025,7.463559,32.592143
2021-03-25,71299.013612,0,71299.013612,0,302.123962,45.205835,0.322162,19.809999,17.665859,7.462228,32.590315
2021-03-26,71299.013612,0,71299.013612,0,306.656006,49.64687,0.317048,18.860001,17.666322,7.460815,32.587953
2021-03-29,71299.013612,0,71299.013612,0,306.568512,49.563352,0.313913,20.74,17.667516,7.459612,32.58674
2021-03-30,71299.013612,0,71299.013612,0,305.025635,48.028987,0.311408,19.610001,17.668269,7.458263,32.584794
2021-03-31,71299.013612,0,71299.013612,0,309.69339,52.790638,0.311549,19.4,17.668941,7.456893,32.582728
2021-04-01,71299.013612,0,71299.013612,0,314.972626,57.530064,0.307195,17.33,17.66881,7.45545,32.579709
2021-04-05,71299.013612,0,71299.013612,0,321.260895,62.375304,0.307168,17.91,17.668903,7.454006,32.576915
2021-04-06,71299.013612,0,71299.013612,0,321.03775,62.104536,0.306539,18.120001,17.669078,7.452566,32.574211
2021-04-07,71299.013612,0,71299.013612,0,321.814026,62.710965,0.29582,17.16,17.668881,7.451129,32.571139
2021-04-08,71299.013612,0,71299.013612,0,325.171661,65.297706,0.295972,16.950001,17.668602,7.4497,32.568002
2021-04-09,71299.013612,0,71299.013612,0,327.141663,66.754899,0.295136,16.690001,17.668224,7.448282,32.564788
2021-04-12,71299.013612,0,71299.013612,0,326.714752,66.107068,0.295163,16.91,17.66793,7.446856,32.561642
2021-04-13,71299.013612,0,71299.013612,0,330.528473,69.001212,0.295201,16.65,17.667537,7.445442,32.558421
2021-04-14,71299.013612,0,71299.013612,0,326.559418,62.974269,0.291624,16.99,17.667275,7.444014,32.555304
2021-04-15,71299.013612,0,71299.013612,0,331.508606,66.861215,0.291604,16.57,17.666851,7.442607,32.552065
2021-04-16,71299.013612,0,71299.013612,0,331.89682,67.152507,0.290958,16.25,17.666304,7.441221,32.548745
2021-04-19,71299.013612,0,71299.013612,0,328.859314,62.521729,0.291115,17.290001,17.666158,7.439787,32.545733
2021-04-20,71299.013612,0,71299.013612,0,326.462372,59.060623,0.290854,18.68,17.66655,7.438378,32.543305
2021-04-21,71299.013612,0,71299.013612,0,329.257233,61.721508,0.287054,17.5,17.666485,7.436943,32.540371
2021-04-22,71299.013612,0,71299.013612,0,325.288239,56.141045,0.285672,18.709999,17.666888,7.435536,32.53796
2021-04-23,71299.013612,0,71299.013612,0,329.383362,60.144987,0.285916,17.33,17.666758,7.434105,32.534969
2021-04-26,71299.013612,0,71299.013612,0,331.527924,62.096474,0.285491,17.639999,17.666748,7.432672,32.532092
2021-04-27,71299.013612,0,71299.013612,0,330.091827,59.97856,0.285493,17.559999,17.666706,7.43124,32.529187
2021-04-28,71299.013612,0,71299.013612,0,328.975739,58.313946,0.284457,17.280001,17.666558,7.429813,32.526183
2021-04-29,71299.013612,0,71299.013612,0,330.15976,59.595087,0.281681,17.610001,17.666536,7.428382,32.5233
2021-04-30,71299.013612,0,71299.013612,0,327.995605,56.195536,0.281847,18.610001,17.666899,7.426976,32.52085
2021-05-03,71299.013612,0,71299.013612,0,326.248932,53.5409,0.279602,18.309999,17.667146,7.425557,32.518261
2021-05-04,71299.013612,0,71299.013612,0,320.377808,45.722354,0.280379,19.48,17.667843,7.424214,32.516272
2021-05-05,71299.013612,0,71299.013612,0,319.300629,44.440122,0.280208,19.15,17.668413,7.422844,32.5141
2021-05-06,71299.013612,0,71299.013612,0,321.707306,47.952133,0.280244,18.389999,17.66869,7.421431,32.511552
2021-05-07,71299.013612,0,71299.013612,0,324.317719,51.530916,0.280031,16.690001,17.668314,7.42003,32.508374
2021-05-10,71299.013612,0,71299.013612,0,316.12735,41.81573,0.281554,19.66,17.669079,7.418708,32.506494
2021-05-11,71299.013612,0,71299.013612,0,315.690613,41.367865,0.281434,21.84,17.670679,7.417734,32.506146
2021-05-12,71299.013612,0,71299.013612,0,307.519684,34.025325,0.282087,27.59,17.674484,7.418854,32.512193
2021-05-13,71299.013612,0,71299.013612,0,309.897156,37.501347,0.281679,23.129999,17.676576,7.418201,32.512977
2021-05-14,71299.013612,0,71299.013612,0,316.738647,46.273633,0.282492,18.809999,17.67701,7.416811,32.510633
2021-05-17,71299.013612,0,71299.013612,0,314.81723,44.389224,0.282577,19.719999,17.677793,7.415498,32.508788
2021-05-18,71299.013612,0,71299.013612,0,312.691986,42.335608,0.28201,21.34,17.679196,7.414423,32.508042
2021-05-19,71299.013612,0,71299.013612,0,313.051056,42.816961,0.281971,22.18,17.680919,7.413526,32.507972
2021-05-20,71299.013612,0,71299.013612,0,319.106476,50.344807,0.281914,20.67,17.682063,7.412338,32.506738
2021-05-21,71299.013612,0,71299.013612,0,317.340332,48.345736,0.281646,20.15,17.683007,7.411077,32.50516
2021-05-24,71299.013612,0,71299.013612,0,322.677643,54.256986,0.282229,18.4,17.683281,7.409672,32.502625
2021-05-25,71299.013612,0,71299.013612,0,323.124176,54.723817,0.282184,18.84,17.683723,7.40829,32.500303
2021-05-26,71299.013612,0,71299.013612,0,324.249817,55.944396,0.282154,17.360001,17.6836,7.406876,32.497352
2021-05-27,71299.013612,0,71299.013612,0,323.036835,54.247273,0.282205,16.74,17.683239,7.405484,32.494207
2021-05-28,71299.013612,0,71299.013612,0,324.055725,55.469281,0.281773,16.76,17.682887,7.404092,32.49107
2021-06-01,71299.013612,0,71299.013612,0,322.978516,53.832249,0.281825,17.9,17.682969,7.402679,32.488328
2021-06-02,71299.013612,0,71299.013612,0,323.609314,54.675797,0.281754,17.48,17.682892,7.401267,32.485427
2021-06-03,71299.013612,0,71299.013612,0,320.241974,49.478595,0.282088,18.040001,17.683028,7.399858,32.482745
2021-06-04,71299.013612,0,71299.013612,0,325.6763,56.641542,0.282517,16.42,17.682547,7.398488,32.479523
2021-06-07,71299.013612,0,71299.013612,0,326.64679,57.792439,0.281671,16.42,17.682066,7.397119,32.476303
2021-06-08,71299.013612,0,71299.013612,0,326.801971,57.984486,0.281569,17.07,17.681832,7.395719,32.47327
2021-06-09,71299.013612,0,71299.013612,0,326.879639,58.087274,0.281483,17.889999,17.681912,7.394311,32.470534
2021-06-10,71299.013612,0,71299.013612,0,330.285889,62.428537,0.281404,16.1,17.681309,7.392968,32.467245
2021-06-11,71299.013612,0,71299.013612,0,331.149597,63.461989,0.274311,15.65,17.680537,7.391667,32.46387
2021-06-14,71299.013612,0,71299.013612,0,334.322845,67.048179,0.274372,16.389999,17.680046,7.390303,32.460652
2021-06-15,71299.013612,0,71299.013612,0,332.139435,62.50247,0.274246,17.02,17.679795,7.388909,32.457612
2021-06-16,71299.013612,0,71299.013612,0,330.926422,60.066017,0.27367,18.15,17.679973,7.387509,32.454992
2021-06-17,71299.013612,0,71299.013612,0,335.128265,65.135906,0.273995,17.75,17.68,7.386105,32.452211
2021-06-18,71299.013612,0,71299.013612,0,332.498505,60.001622,0.274216,20.700001,17.681147,7.384937,32.45102
2021-06-21,71299.013612,0,71299.013612,0,334.565002,62.502892,0.274271,17.889999,17.681226,7.383535,32.448297
2021-06-22,71299.013612,0,71299.013612,0,337.683655,65.962252,0.274143,16.66,17.680839,7.38216,32.445159
2021-06-23,71299.013612,0,71299.013612,0,337.848877,66.140476,0.274011,16.32,17.680322,7.380807,32.441937
2021-06-24,71299.013612,0,71299.013612,0,339.937683,68.393641,0.272765,15.97,17.679674,7.379482,32.438638
2021-06-25,71299.013612,0,71299.013612,0,339.519836,67.427034,0.272612,15.62,17.678893,7.378192,32.435276
2021-06-28,71299.013612,0,71299.013612,0,343.648987,71.685655,0.271199,15.76,17.678166,7.376888,32.431941
2021-06-29,71299.013612,0,71299.013612,0,344.892609,72.837499,0.270979,16.02,17.677538,7.37556,32.428659
2021-06-30,71299.013612,0,71299.013612,0,344.348572,71.467809,0.270145,15.83,17.676838,7.374251,32.425341
2021-07-01,71299.013612,0,71299.013612,0,344.484528,71.611478,0.26987,15.48,17.676007,7.372979,32.421964
2021-07-02,71299.013612,0,71299.013612,0,348.438782,75.478892,0.270061,15.07,17.675021,7.371758,32.418536
2021-07-06,71299.013612,0,71299.013612,0,349.944672,76.776431,0.268676,16.440001,17.674554,7.370402,32.415358
2021-07-07,71299.013612,0,71299.013612,0,350.683044,77.40769,0.268493,16.200001,17.673996,7.369064,32.412124
2021-07-08,71299.013612,0,71299.013612,0,348.565063,71.411465,0.268268,19,17.674497,7.367716,32.409929
2021-07-09,71299.013612,0,71299.013612,0,350.741425,73.668618,0.268198,16.18,17.673933,7.366381,32.406694
2021-07-12,71299.013612,0,71299.013612,0,352.111298,75.006244,0.268135,16.17,17.673365,7.365047,32.403459
2021-07-13,71299.013612,0,71299.013612,0,352.111298,75.006244,0.266819,17.120001,17.673156,7.363664,32.400484
2021-07-14,71299.013612,0,71299.013612,0,352.742737,75.667054,0.266731,16.33,17.672649,7.36232,32.39729
2021-07-15,71299.013612,0,71299.013612,0,350.26532,68.063583,0.26692,17.01,17.672399,7.360942,32.394284
2021-07-16,71299.013612,0,71299.013612,0,347.428375,60.559098,0.266981,18.450001,17.672692,7.359569,32.391831
2021-07-19,71299.013612,0,71299.013612,0,344.581757,54.11202,0.267225,22.5,17.674512,7.358779,32.392069
2021-07-20,71299.013612,0,71299.013612,0,348.584503,60.482681,0.265573,19.73,17.675286,7.3575,32.390286
2021-07-21,71299.013612,0,71299.013612,0,351.275757,64.092247,0.265313,17.91,17.675375,7.356115,32.387604
2021-07-22,71299.013612,0,71299.013612,0,353.597687,66.901287,0.265377,17.690001,17.67538,7.354729,32.384839
2021-07-23,71299.013612,0,71299.013612,0,357.726868,71.213998,0.263549,17.200001,17.675201,7.35335,32.381902
2021-07-26,71299.013612,0,71299.013612,0,358.008575,71.48696,0.263219,17.58,17.675166,7.351967,32.379099
2021-07-27,71299.013612,0,71299.013612,0,354.064087,62.543964,0.26292,19.360001,17.675799,7.350656,32.377112
2021-07-28,71299.013612,0,71299.013612,0,355.424255,64.206778,0.262382,18.309999,17.676038,7.349284,32.374606
2021-07-29,71299.013612,0,71299.013612,0,356.055756,64.984016,0.262103,17.700001,17.676047,7.347903,32.371852
2021-07-30,71299.013612,0,71299.013612,0,354.200134,60.805732,0.262182,18.24,17.676258,7.34653,32.369319
2021-08-02,71299.013612,0,71299.013612,0,354.229279,60.84831,0.261445,19.459999,17.676928,7.345231,32.367391
2021-08-03,71299.013612,0,71299.013612,0,356.376404,63.955026,0.261099,18.040001,17.677065,7.343855,32.364775
2021-08-04,71299.013612,0,71299.013612,0,356.891296,64.678844,0.261082,17.969999,17.677174,7.342479,32.362133
2021-08-05,71299.013612,0,71299.013612,0,359.15506,67.745561,0.26115,17.280001,17.677026,7.341105,32.359236
2021-08-06,71299.013612,0,71299.013612,0,357.581146,63.61032,0.260841,16.15,17.676453,7.339788,32.356029
2021-08-09,71299.013612,0,71299.013612,0,358.241852,64.58753,0.260387,16.719999,17.676094,7.338435,32.352965
2021-08-10,71299.013612,0,71299.013612,0,356.405518,59.782334,0.260415,16.790001,17.675762,7.33708,32.349922
2021-08-11,71299.013612,0,71299.013612,0,355.793396,58.227231,0.259284,16.17,17.675198,7.335763,32.346725
2021-08-12,71299.013612,0,71299.013612,0,357.075928,60.543153,0.257744,15.59,17.674418,7.3345,32.343418
2021-08-13,71299.013612,0,71299.013612,0,358.329224,62.718337,0.257755,15.45,17.673585,7.333253,32.340092
2021-08-16,71299.013612,0,71299.013612,0,358.48468,62.990872,0.257741,16.120001,17.673004,7.331943,32.336889
2021-08-17,71299.013612,0,71299.013612,0,355.327148,54.307119,0.257722,17.91,17.673093,7.330573,32.334238
2021-08-18,71299.013612,0,71299.013612,0,351.907288,46.784379,0.257847,21.57,17.67455,7.329589,32.333727
2021-08-19,71299.013612,0,71299.013612,0,353.607513,50.45864,0.257713,21.67,17.676043,7.328626,32.333294
2021-08-20,71299.013612,0,71299.013612,0,357.270233,57.298618,0.2575,18.559999,17.676373,7.327276,32.330925
2021-08-23,71299.013612,0,71299.013612,0,362.6138,64.910271,0.257935,17.15,17.676176,7.325915,32.328006
2021-08-24,71299.013612,0,71299.013612,0,363.721344,66.252995,0.257872,17.219999,17.676006,7.324552,32.32511
2021-08-25,71299.013612,0,71299.013612,0,364.139069,66.76948,0.257746,16.790001,17.675675,7.323205,32.322085
2021-08-26,71299.013612,0,71299.013612,0,361.826782,61.18711,0.256767,18.84,17.67611,7.321873,32.319856
2021-08-27,71299.013612,0,71299.013612,0,365.343842,65.862284,0.25693,16.389999,17.67563,7.320549,32.316729
2021-08-30,71299.013612,0,71299.013612,0,369.443817,70.346478,0.257172,16.190001,17.675076,7.319241,32.313558
2021-08-31,71299.013612,0,71299.013612,0,369.142578,69.622848,0.257046,16.48,17.674631,7.317913,32.310457
2021-09-01,71299.013612,0,71299.013612,0,369.75473,70.291632,0.25633,16.110001,17.674048,7.316612,32.307272
2021-09-02,71299.013612,0,71299.013612,0,369.579834,69.818681,0.256133,16.41,17.673578,7.31529,32.304158
2021-09-03,71299.013612,0,71299.013612,0,370.716614,71.176195,0.248071,16.41,17.673108,7.313969,32.301045
2021-09-07,71299.013612,0,71299.013612,0,371.241119,71.806305,0.247451,18.139999,17.673281,7.312613,32.298508
2021-09-08,71299.013612,0,71299.013612,0,369.948975,67.87,0.239939,17.959999,17.673388,7.311255,32.295898
2021-09-09,71299.013612,0,71299.013612,0,368.6763,64.14051,0.237696,18.799999,17.673807,7.309928,32.293662
2021-09-10,71299.013612,0,71299.013612,0,365.878174,56.756056,0.236539,20.950001,17.675024,7.308842,32.292707
2021-09-13,71299.013612,0,71299.013612,0,365.62561,56.127921,0.236342,19.370001,17.675654,7.307556,32.290767
2021-09-14,71299.013612,0,71299.013612,0,364.58606,53.503217,0.235612,19.459999,17.676316,7.30628,32.288876
2021-09-15,71299.013612,0,71299.013612,0,367.296661,58.900143,0.235223,18.18,17.676503,7.30493,32.286363
2021-09-16,71299.013612,0,71299.013612,0,367.549194,59.373264,0.2343,18.690001,17.676879,7.3036,32.284079
2021-09-17,71299.013612,0,71299.013612,0,363.196655,48.920476,0.233942,20.809999,17.678042,7.302494,32.28303
2021-09-20,71299.013612,0,71299.013612,0,355.691864,36.868101,0.234841,25.709999,17.68102,7.302778,32.286575
2021-09-21,71299.013612,0,71299.013612,0,356.129608,37.830217,0.234837,24.360001,17.683495,7.302556,32.288607
2021-09-22,71299.013612,0,71299.013612,0,359.455963,44.72387,0.234129,20.870001,17.684676,7.30146,32.287596
2021-09-23,71299.013612,0,71299.013612,0,362.772705,50.605243,0.231075,18.629999,17.685026,7.30013,32.285286
2021-09-24,71299.013612,0,71299.013612,0,363.113098,51.179357,0.231043,17.75,17.68505,7.298778,32.282606
2021-09-27,71299.013612,0,71299.013612,0,360.214661,46.24993,0.229843,18.76,17.685448,7.297456,32.28036
2021-09-28,71299.013612,0,71299.013612,0,350.021393,33.888096,0.231458,23.25,17.687506,7.29689,32.281287
2021-09-29,71299.013612,0,71299.013612,0,349.447601,33.34776,0.231383,22.559999,17.689308,7.296142,32.281593
2021-09-30,71299.013612,0,71299.013612,0,348.163696,32.11388,0.231349,23.139999,17.691323,7.295546,32.282415
2021-10-01,71299.013612,0,71299.013612,0,350.322968,36.377477,0.230753,21.1,17.692583,7.294491,32.281566
2021-10-04,71299.013612,0,71299.013612,0,342.969757,29.567263,0.229563,22.959999,17.694529,7.293846,32.282221
2021-10-05,71299.013612,0,71299.013612,0,347.599579,37.500926,0.228774,21.299999,17.69586,7.292828,32.281516
2021-10-06,71299.013612,0,71299.013612,0,349.826965,40.947244,0.227716,21,17.69708,7.291758,32.280595
2021-10-07,71299.013612,0,71299.013612,0,353.03653,45.602029,0.227101,19.540001,17.69776,7.290498,32.278755
2021-10-08,71299.013612,0,71299.013612,0,351.276123,43.573266,0.227158,18.77,17.698156,7.289182,32.276519
2021-10-11,71299.013612,0,71299.013612,0,348.58197,40.596597,0.226755,20,17.699004,7.287971,32.274947
2021-10-12,71299.013612,0,71299.013612,0,347.36615,39.292087,0.224015,19.85,17.699797,7.286744,32.273286
2021-10-13,71299.013612,0,71299.013612,0,350.147888,43.74601,0.224179,18.639999,17.700144,7.285424,32.270991
2021-10-14,71299.013612,0,71299.013612,0,356.596436,52.454402,0.224875,16.860001,17.699834,7.284099,32.268032
2021-10-15,71299.013612,0,71299.013612,0,358.843201,55.064488,0.224777,16.299999,17.699319,7.282807,32.264933
2021-10-18,71299.013612,0,71299.013612,0,362.45163,58.961085,0.224901,16.309999,17.698808,7.281515,32.261838
2021-10-19,71299.013612,0,71299.013612,0,365.194458,61.681116,0.224044,15.7,17.698072,7.280276,32.258624
2021-10-20,71299.013612,0,71299.013612,0,364.717926,60.925579,0.22406,15.49,17.69726,7.27906,32.255379
2021-10-21,71299.013612,0,71299.013612,0,366.945282,63.19489,0.224127,15.01,17.696272,7.277903,32.252079
2021-10-22,71299.013612,0,71299.013612,0,363.861969,58.159483,0.224418,15.43,17.695439,7.276695,32.248829
2021-10-25,71299.013612,0,71299.013612,0,367.587158,62.089771,0.22468,15.24,17.694537,7.27551,32.245557
2021-10-26,71299.013612,0,71299.013612,0,368.744598,63.245028,0.223837,15.98,17.693907,7.274248,32.242403
2021-10-27,71299.013612,0,71299.013612,0,369.600586,64.115945,0.223701,16.98,17.693645,7.272925,32.239495
2021-10-28,71299.013612,0,71299.013612,0,373.705017,68.027968,0.218499,16.530001,17.693218,7.271624,32.236466
2021-10-29,71299.013612,0,71299.013612,0,375.543396,69.625242,0.217696,16.26,17.692693,7.270341,32.233375
2021-11-01,71299.013612,0,71299.013612,0,376.827209,70.725148,0.215258,16.41,17.692222,7.269049,32.23032
2021-11-02,71299.013612,0,71299.013612,0,378.402863,72.062288,0.215281,16.030001,17.691613,7.267786,32.227185
2021-11-03,71299.013612,0,71299.013612,0,382.41983,75.17535,0.214731,15.1,17.690663,7.266623,32.223909
2021-11-04,71299.013612,0,71299.013612,0,387.32193,78.346351,0.209071,15.44,17.689839,7.265419,32.220677
2021-11-05,71299.013612,0,71299.013612,0,387.691498,78.568611,0.206991,16.48,17.689396,7.264125,32.217647
2021-11-08,71299.013612,0,71299.013612,0,387.16626,77.35339,0.207014,17.219999,17.689224,7.262801,32.214826
2021-11-09,71299.013612,0,71299.013612,0,384.50119,71.325208,0.205568,17.780001,17.689257,7.261472,32.212201
2021-11-10,71299.013612,0,71299.013612,0,378.850281,60.550212,0.20516,18.73,17.689638,7.26017,32.209979
2021-11-11,71299.013612,0,71299.013612,0,379.900757,61.708273,0.203626,17.66,17.689627,7.258843,32.207312
2021-11-12,71299.013612,0,71299.013612,0,383.898285,65.820209,0.203803,16.290001,17.689115,7.257565,32.204245
2021-11-15,71299.013612,0,71299.013612,0,383.810669,65.653799,0.203612,16.49,17.688677,7.256274,32.201226
2021-11-16,71299.013612,0,71299.013612,0,386.543854,68.342631,0.203582,16.370001,17.688196,7.254993,32.198181
2021-11-17,71299.013612,0,71299.013612,0,386.748047,68.540779,0.203515,17.110001,17.687985,7.253676,32.195337
2021-11-18,71299.013612,0,71299.013612,0,390.755249,72.216082,0.203536,17.59,17.687949,7.252352,32.192653
2021-11-19,71299.013612,0,71299.013612,0,392.934021,73.995005,0.203451,17.91,17.68803,7.25103,32.190089
2021-11-22,71299.013612,0,71299.013612,0,388.372284,64.660226,0.203812,19.17,17.68857,7.249762,32.188095
2021-11-23,71299.013612,0,71299.013612,0,386.602173,61.422188,0.203928,19.379999,17.689187,7.248512,32.186211
2021-11-24,71299.013612,0,71299.013612,0,387.847137,62.831981,0.203368,18.58,17.689512,7.24721,32.183933
2021-11-26,71299.013612,0,71299.013612,0,380.49411,50.981762,0.204743,28.620001,17.693494,7.248893,32.191279
2021-11-29,71299.013612,0,71299.013612,0,388.751709,60.085992,0.20597,22.959999,17.695412,7.248269,32.191949
2021-11-30,71299.013612,0,71299.013612,0,383.042328,52.785973,0.206857,27.190001,17.698868,7.249213,32.197293
2021-12-01,71299.013612,0,71299.013612,0,376.525665,45.927266,0.207536,31.120001,17.703752,7.252414,32.208579
2021-12-02,71299.013612,0,71299.013612,0,379.239319,48.904547,0.207669,27.950001,17.707479,7.253727,32.214933
2021-12-03,71299.013612,0,71299.013612,0,372.644897,42.745185,0.208858,30.67,17.712193,7.256619,32.22543
2021-12-06,71299.013612,0,71299.013612,0,375.630859,46.058062,0.208996,27.18,17.715634,7.257544,32.230723
2021-12-07,71299.013612,0,71299.013612,0,386.942535,56.359739,0.211746,21.889999,17.717151,7.256661,32.230474
2021-12-08,71299.013612,0,71299.013612,0,388.673798,57.69151,0.211768,19.9,17.717944,7.255462,32.228868
2021-12-09,71299.013612,0,71299.013612,0,382.954834,52.041712,0.210666,21.58,17.719346,7.254518,32.228382
2021-12-10,71299.013612,0,71299.013612,0,387.117645,55.460853,0.21096,18.690001,17.719699,7.253224,32.226147
2021-12-13,71299.013612,0,71299.013612,0,381.524963,50.274965,0.211759,20.309999,17.720639,7.252075,32.224789
2021-12-14,71299.013612,0,71299.013612,0,377.57608,46.937653,0.212074,21.889999,17.722151,7.251194,32.22454
2021-12-15,71299.013612,0,71299.013612,0,386.183929,54.09155,0.213334,19.290001,17.722719,7.249941,32.222601
2021-12-16,71299.013612,0,71299.013612,0,376.253357,46.331004,0.215727,20.57,17.723751,7.248829,32.221409
2021-12-17,71299.013612,0,71299.013612,0,374.37616,45.016226,0.215737,21.57,17.725145,7.247885,32.220915
2021-12-20,71299.013612,0,71299.013612,0,370.744507,42.503286,0.216063,22.870001,17.727008,7.247233,32.221475
2021-12-21,71299.013612,0,71299.013612,0,379.041962,49.446908,0.217543,21.01,17.728197,7.24619,32.220577
2021-12-22,71299.013612,0,71299.013612,0,383.658142,52.857855,0.217945,18.629999,17.728523,7.244898,32.21832
2021-12-23,71299.013612,0,71299.013612,0,386.550568,54.910739,0.217965,17.959999,17.728607,7.243588,32.215784
2021-12-27,71299.013612,0,71299.013612,0,392.939209,59.142824,0.218707,17.68,17.72859,7.242278,32.213146
2021-12-28,71299.013612,0,71299.013612,0,391.118011,57.48637,0.218547,17.540001,17.728521,7.240969,32.21046
2021-12-29,71299.013612,0,71299.013612,0,391.059601,57.430813,0.218551,16.950001,17.72824,7.239675,32.20759
2021-12-30,71299.013612,0,71299.013612,0,389.89093,56.259276,0.218601,17.33,17.728096,7.238371,32.204838
2021-12-31,71299.013612,0,71299.013612,0,387.456268,53.797197,0.218767,17.219999,17.727913,7.23707,32.202052
2022-01-03,71299.013612,0,71299.013612,0,391.186188,56.908517,0.218243,16.6,17.727505,7.235795,32.199094
2022-01-04,71299.013612,0,71299.013612,0,386.112305,51.798533,0.218726,16.91,17.72721,7.234505,32.19622
2022-01-05,71299.013612,0,71299.013612,0,374.250549,42.247749,0.221392,19.73,17.727933,7.233299,32.194532
2022-01-06,71299.013612,0,71299.013612,0,373.987549,42.062563,0.219658,19.610001,17.728612,7.232083,32.192778
2022-01-07,71299.013612,0,71299.013612,0,369.936218,39.211264,0.21963,18.76,17.728983,7.230805,32.190594
2022-01-10,71299.013612,0,71299.013612,0,370.179718,39.476819,0.218858,19.4,17.729586,7.229571,32.188729
2022-01-11,71299.013612,0,71299.013612,0,375.74057,45.348478,0.219495,18.41,17.729831,7.22828,32.186391
2022-01-12,71299.013612,0,71299.013612,0,377.23056,46.836734,0.219413,17.620001,17.729791,7.226979,32.183748
2022-01-13,71299.013612,0,71299.013612,0,367.793701,39.500024,0.221526,20.309999,17.73072,7.225843,32.182406
2022-01-14,71299.013612,0,71299.013612,0,370.082306,41.877873,0.221374,19.190001,17.731245,7.224595,32.180436
2022-01-18,71299.013612,0,71299.013612,0,360.869476,35.781224,0.222946,22.790001,17.733065,7.223933,32.18093
2022-01-19,71299.013612,0,71299.013612,0,356.905823,33.520223,0.221752,23.85,17.735264,7.223565,32.182393
2022-01-20,71299.013612,0,71299.013612,0,352.270111,31.04907,0.222166,25.59,17.738088,7.223801,32.18569
2022-01-21,71299.013612,0,71299.013612,0,342.502228,26.599352,0.224758,28.85,17.74208,7.225573,32.193227
2022-01-24,71299.013612,0,71299.013612,0,344.070129,28.373782,0.224615,29.9,17.746448,7.227949,32.202345
2022-01-25,71299.013612,0,71299.013612,0,336.094086,25.055485,0.226413,31.16,17.751264,7.231119,32.213502
2022-01-26,71299.013612,0,71299.013612,0,335.568176,24.849129,0.223809,31.959999,17.756364,7.234831,32.226025
2022-01-27,71299.013612,0,71299.013612,0,332.188782,23.509249,0.224057,30.49,17.760933,7.237552,32.236038
2022-01-28,71299.013612,0,71299.013612,0,342.609344,35.125494,0.22555,27.66,17.764483,7.238682,32.241847
2022-01-31,71299.013612,0,71299.013612,0,353.56543,44.64403,0.22675,24.83,17.767017,7.23862,32.244257
2022-02-01,71299.013612,0,71299.013612,0,355.970886,46.500024,0.226089,21.959999,17.76852,7.237758,32.244035
2022-02-02,71299.013612,0,71299.013612,0,358.863281,48.726165,0.226211,22.09,17.770068,7.236923,32.243914
2022-02-03,71299.013612,0,71299.013612,0,344.313538,39.763013,0.23132,24.35,17.772425,7.236698,32.24582
2022-02-04,71299.013612,0,71299.013612,0,348.657043,43.126416,0.231757,23.219999,17.774375,7.236136,32.246647
2022-02-07,71299.013612,0,71299.013612,0,345.852264,41.514443,0.231849,22.860001,17.776195,7.23548,32.247155
2022-02-08,71299.013612,0,71299.013612,0,349.738098,44.603776,0.232217,21.440001,17.777506,7.234517,32.24654
2022-02-09,71299.013612,0,71299.013612,0,357.149261,50.025659,0.233514,19.959999,17.778287,7.23334,32.244968
2022-02-10,71299.013612,0,71299.013612,0,349.066132,44.86766,0.235099,23.91,17.780479,7.232976,32.246431
2022-02-11,71299.013612,0,71299.013612,0,337.993073,38.943863,0.238228,27.360001,17.783903,7.23395,32.251803
2022-02-14,71299.013612,0,71299.013612,0,338.411865,39.270438,0.238207,28.33,17.787671,7.235404,32.258478
2022-02-15,71299.013612,0,71299.013612,0,346.826202,45.569834,0.239923,25.700001,17.790496,7.235656,32.261809
2022-02-16,71299.013612,0,71299.013612,0,346.738525,45.516853,0.239858,24.290001,17.792817,7.235407,32.26363
2022-02-17,71299.013612,0,71299.013612,0,336.425232,39.673749,0.24257,28.110001,17.796499,7.23674,32.269979
2022-02-18,71299.013612,0,71299.013612,0,332.588165,37.732958,0.240882,27.75,17.80005,7.237891,32.275831
2022-02-22,71299.013612,0,71299.013612,0,329.247742,36.078298,0.241171,28.809999,17.803976,7.239586,32.283148
2022-02-23,71299.013612,0,71299.013612,0,320.813965,32.234869,0.243011,31.02,17.808688,7.242595,32.293878
2022-02-24,71299.013612,0,71299.013612,0,331.594757,40.901713,0.242425,30.32,17.813147,7.245155,32.303456
2022-02-25,71299.013612,0,71299.013612,0,336.736847,44.544809,0.243053,27.59,17.81663,7.246213,32.309057
2022-02-28,71299.013612,0,71299.013612,0,337.739868,45.253742,0.240508,30.15,17.821022,7.24866,32.318342
2022-03-01,71299.013612,0,71299.013612,0,332.568695,42.254576,0.240437,33.32,17.82654,7.253267,32.333073
2022-03-02,71299.013612,0,71299.013612,0,338.148926,46.383988,0.238547,30.74,17.831135,7.256066,32.343267
2022-03-03,71299.013612,0,71299.013612,0,333.318512,43.485122,0.238342,30.48,17.835635,7.258697,32.353028
2022-03-04,71299.013612,0,71299.013612,0,328.488098,40.742935,0.238388,31.98,17.840665,7.262305,32.365276
2022-03-07,71299.013612,6055.291244,65243.722368,1,316.373108,34.813334,0.240181,36.450001,17.84728,7.269486,32.386253
2022-03-08,71123.872592,11818.090658,59305.781933,2,314.902557,34.16339,0.235767,35.130001,17.853422,7.275492,32.404407
2022-03-09,72851.702078,13545.920145,59305.781933,2,326.238434,42.99787,0.239491,32.450001,17.858607,7.2794,32.417408
2022-03-10,72282.655715,12976.873782,59305.781933,2,322.615631,41.099736,0.238351,30.23,17.863001,7.28184,32.426681
2022-03-11,71359.183534,12053.401601,59305.781933,2,315.925171,37.782569,0.239491,30.75,17.867575,7.284595,32.436765
2022-03-14,70524.407728,11218.625795,59305.781933,2,309.857849,35.022022,0.240296,31.77,17.872509,7.288009,32.448526
2022-03-15,71952.801458,12647.019525,59305.781933,2,319.577179,42.295429,0.24305,29.83,17.876751,7.290195,32.45714
2022-03-16,73785.53824,14479.756306,59305.781933,2,331.429199,49.6908,0.24688,26.67,17.879869,7.290782,32.461433
2022-03-17,74304.888843,14999.10691,59305.781933,2,335.44162,51.936559,0.244376,25.67,17.88263,7.290965,32.46456
2022-03-18,75380.425616,16074.643683,59305.781933,2,342.307404,55.589712,0.245507,23.870001,17.884752,7.290544,32.465839
2022-03-21,75182.27841,15876.496477,59305.781933,2,341.355743,54.966086,0.244566,23.530001,17.886752,7.290026,32.466804
2022-03-22,76249.341789,16943.559856,59305.781933,2,348.06427,58.500389,0.245565,22.940001,17.888541,7.289355,32.467251
2022-03-23,75452.209883,16146.42795,59305.781933,2,343.062134,55.032266,0.245323,23.57,17.890552,7.288848,32.468249
2022-03-24,76679.013477,17373.231543,59305.781933,2,350.687256,59.020481,0.246658,21.67,17.89189,7.287905,32.4677
2022-03-25,76607.938115,17302.156182,59305.781933,2,350.394745,58.805018,0.246061,20.809999,17.892922,7.286822,32.466566
2022-03-28,77468.679915,18162.897982,59305.781933,2,355.816132,61.602848,0.246701,19.629999,17.893536,7.285606,32.464749
2022-03-29,78474.178269,19168.396336,59305.781933,2,361.939636,64.53291,0.247397,18.9,17.893892,7.284343,32.462577
2022-03-30,77809.22024,18503.438307,59305.781933,2,357.941864,61.246931,0.247179,19.33,17.894399,7.283105,32.46061
2022-03-31,77078.700182,17772.918249,59305.781933,2,353.505249,57.733512,0.246887,20.559999,17.895341,7.281991,32.459322
2022-04-01,76933.301724,17627.519791,59305.781933,2,352.83252,57.197718,0.245804,19.629999,17.895953,7.280777,32.457508
2022-04-04,78114.044298,18808.262365,59305.781933,2,360.096771,61.367017,0.24697,18.57,17.896191,7.279503,32.455197
2022-04-05,76858.350575,17552.568642,59305.781933,2,352.101135,55.014837,0.248483,21.030001,17.897297,7.278456,32.454209
2022-04-06,75679.023207,16373.241274,59305.781933,2,344.456451,49.71606,0.249624,22.1,17.89878,7.2776,32.453979
2022-04-07,75796.017623,16490.23569,59305.781933,2,345.275574,50.268772,0.249539,21.549999,17.900067,7.276639,32.453345
2022-04-08,75058.114518,15752.332584,59305.781933,2,340.448883,46.991064,0.250122,21.16,17.901216,7.275614,32.452443
2022-04-11,73853.35386,14547.571926,59305.781933,2,332.394775,42.062507,0.251405,24.370001,17.903495,7.275345,32.454185
2022-04-12,73625.648606,14319.866673,59305.781933,2,330.990692,41.250254,0.251035,24.26,17.905734,7.275041,32.455816
2022-04-13,74641.747419,15335.965485,59305.781933,2,337.718628,46.574057,0.251547,21.82,17.907113,7.27413,32.455374
2022-04-14,73522.705896,14216.923963,59305.781933,2,329.996033,41.882522,0.25308,22.700001,17.9088,7.273406,32.455611
2022-04-18,73520.014994,14214.233061,59305.781933,2,330.249573,42.088776,0.25284,22.17,17.910299,7.272565,32.455428
2022-04-19,74651.982863,15346.20093,59305.781933,2,337.630951,47.887258,0.254068,21.370001,17.911516,7.271575,32.454665
2022-04-20,73916.168407,14610.386474,59305.781933,2,332.706757,44.673701,0.254487,20.32,17.912363,7.270436,32.453235
2022-04-21,72921.07922,13615.297287,59305.781933,2,325.822723,40.574394,0.255311,22.68,17.914039,7.269707,32.453453
2022-04-22,71744.940677,12439.158743,59305.781933,2,317.290771,36.147248,0.256841,28.209999,17.917656,7.270991,32.459639
2022-04-25,72304.4843,12998.702367,59305.781933,2,321.366699,39.541114,0.257185,27.02,17.920854,7.271715,32.464283
2022-04-26,70742.012096,17743.461973,52998.550122,3,309.236694,33.785806,0.261225,33.52,17.926331,7.276311,32.478953
2022-04-27,70652.98439,17654.434268,52998.550122,3,308.866089,33.624773,0.2612,31.6,17.93113,7.279543,32.490216
2022-04-28,73083.091834,20084.541712,52998.550122,3,319.835785,42.379188,0.264546,29.99,17.935361,7.281769,32.4989
2022-04-29,70345.465296,17346.915173,52998.550122,3,305.443634,35.722235,0.270118,33.400002,17.940786,7.28625,32.513286
2022-05-02,71371.771317,18373.221195,52998.550122,3,310.543243,39.357182,0.270803,32.34,17.945835,7.28996,32.525755
2022-05-03,71387.793886,18389.243763,52998.550122,3,310.874817,39.596364,0.26994,29.25,17.949797,7.291754,32.533305
2022-05-04,73713.102328,20714.552206,52998.550122,3,321.386139,46.764587,0.272864,25.42,17.952414,7.291817,32.536048
2022-05-05,70658.174632,17659.624509,52998.550122,3,305.199799,39.074698,0.279676,31.200001,17.957054,7.294754,32.546562
2022-05-06,69930.097684,16931.547561,52998.550122,3,301.543274,37.571667,0.279857,30.190001,17.961338,7.297067,32.555472
2022-05-09,67755.663005,21056.325312,46699.337693,4,289.744781,33.141796,0.282248,34.75,17.967214,7.302548,32.572309
2022-05-10,68666.252151,21966.914457,46699.337693,4,293.264801,35.582081,0.282638,32.990002,17.97247,7.306675,32.585821
2022-05-11,66479.572468,19780.234775,46699.337693,4,284.567169,32.432142,0.283191,32.560001,17.977573,7.310489,32.598551
2022-05-12,66287.943518,19588.605825,46699.337693,4,283.894257,32.194679,0.283037,31.77,17.982395,7.313759,32.609914
2022-05-13,69068.769713,22369.432019,46699.337693,4,294.415375,39.636571,0.285216,28.870001,17.986201,7.315313,32.616827
2022-05-16,68151.777746,21452.440053,46699.337693,4,291.002625,38.173034,0.285459,27.469999,17.989514,7.316183,32.621879
2022-05-17,70194.07108,23494.733387,46699.337693,4,298.540039,43.164517,0.287035,26.1,17.992347,7.316475,32.625296
2022-05-18,66792.192444,20092.854751,46699.337693,4,283.884613,36.922764,0.29327,30.959999,17.996875,7.319209,32.635293
2022-05-19,66349.377859,19650.040166,46699.337693,4,282.363403,36.33543,0.292383,29.35,18.000838,7.321004,32.642846
2022-05-20,66115.902782,19416.565089,46699.337693,4,281.485931,35.979897,0.292336,29.43,18.004826,7.322839,32.650504
2022-05-23,67218.28383,20518.946137,46699.337693,4,286.166229,39.386666,0.29232,28.48,18.008479,7.324175,32.656829
2022-05-24,65771.310336,19071.972642,46699.337693,4,280.081757,36.655783,0.293397,29.450001,18.012469,7.326013,32.664495
2022-05-25,66738.86249,20039.524797,46699.337693,4,284.001648,39.563096,0.29387,28.370001,18.016079,7.327288,32.670655
2022-05-26,68813.442249,22114.104556,46699.337693,4,291.870453,45.01843,0.295738,27.5,18.019383,7.328149,32.675682
2022-05-27,71449.086069,24749.748376,46699.337693,4,301.396973,50.807731,0.298273,25.719999,18.022065,7.328282,32.67863
2022-05-31,71163.703312,24464.365619,46699.337693,4,300.597443,50.328759,0.298265,26.190001,18.024909,7.328591,32.682091
2022-06-01,70560.951994,23861.6143,46699.337693,4,298.374268,48.947006,0.298375,25.690001,18.027577,7.32871,32.684998
2022-06-02,72836.640998,26137.303304,46699.337693,4,306.54538,53.951101,0.299919,24.719999,18.029906,7.328498,32.686902
2022-06-03,70723.201698,24023.864005,46699.337693,4,298.569305,48.911375,0.300857,24.790001,18.032257,7.328307,32.688872
2022-06-06,70934.248863,24234.91117,46699.337693,4,299.563843,49.544273,0.300863,25.07,18.034704,7.328208,32.69112
2022-06-07,71618.806295,24919.468601,46699.337693,4,302.147705,51.234538,0.301052,24.02,18.036785,7.327783,32.692352
2022-06-08,71025.38959,24326.051897,46699.337693,4,299.97345,49.724997,0.301165,23.959999,18.038843,7.327342,32.693526
2022-06-09,68989.728976,22290.391283,46699.337693,4,291.938721,44.506441,0.302599,26.09,18.041639,7.327605,32.69685
2022-06-10,66568.280705,19868.943012,46699.337693,4,281.641846,38.87562,0.305544,27.75,18.04501,7.328565,32.702141
2022-06-13,63722.682921,23297.155826,40425.527095,5,268.54657,33.1342,0.310448,34.02,18.050555,7.333335,32.717226
2022-06-14,63842.383362,23416.856268,40425.527095,5,269.034088,33.527789,0.310389,32.689999,18.055635,7.337132,32.729898
2022-06-15,65958.023448,25532.496353,40425.527095,5,275.752472,38.868088,0.311874,29.620001,18.059646,7.33902,32.737685
2022-06-16,62842.302794,28629.118518,34213.184276,6,264.62677,33.997124,0.315211,32.950001,18.064809,7.342983,32.750776
2022-06-17,64008.157151,29794.972876,34213.184276,6,267.844482,36.4766,0.315486,31.129999,18.069338,7.345739,32.760816
2022-06-21,66541.498993,32328.314717,34213.184276,6,274.602112,41.451082,0.316888,30.190001,18.073538,7.34793,32.769398
2022-06-22,66345.36427,32132.179994,34213.184276,6,274.201599,41.244928,0.316657,28.950001,18.077305,7.349445,32.776196
2022-06-23,67925.219851,33712.035576,34213.184276,6,278.285217,44.287371,0.317207,29.049999,18.081105,7.351009,32.783122
2022-06-24,71873.355837,37660.171561,34213.184276,6,287.820251,50.705879,0.319786,27.23,18.084271,7.351707,32.787684
2022-06-27,70957.054307,36743.870032,34213.184276,6,285.710083,49.350832,0.319886,26.950001,18.087339,7.352284,32.791907
2022-06-28,67664.600879,33451.416603,34213.184276,6,277.005432,44.113753,0.321565,28.360001,18.090892,7.353494,32.797881
2022-06-29,67732.943754,33519.759479,34213.184276,6,277.259399,44.299476,0.321527,28.16,18.094374,7.354606,32.803586
2022-06-30,66423.165883,32209.981608,34213.184276,6,273.820557,42.251965,0.321828,28.709999,18.098044,7.355983,32.810009
2022-07-01,67092.31466,32879.130384,34213.184276,6,275.627899,43.724151,0.32195,26.700001,18.101016,7.356449,32.813914
2022-07-05,68835.061498,34621.877222,34213.184276,6,280.346619,47.488162,0.322326,27.540001,18.104276,7.35727,32.818816
2022-07-06,69515.764287,35302.580011,34213.184276,6,282.144196,48.89058,0.322384,26.73,18.107255,7.357745,32.822745
2022-07-07,71977.040405,37763.85613,34213.184276,6,288.181793,53.392878,0.323447,26.08,18.110007,7.357966,32.825939
2022-07-08,72091.54316,37878.358885,34213.184276,6,288.543213,53.656061,0.323394,24.639999,18.11226,7.357696,32.827652
2022-07-11,69628.505476,35415.3212,34213.184276,6,282.378662,48.613645,0.324248,26.17,18.11504,7.357948,32.830936
2022-07-12,68545.236893,34332.052617,34213.184276,6,279.64325,46.52432,0.324372,27.290001,18.118203,7.358652,32.835507
2022-07-13,68295.776682,34082.592406,34213.184276,6,279.066803,46.074919,0.324373,26.82,18.121203,7.359156,32.839516
2022-07-14,68657.526662,34444.342387,34213.184276,6,280.063263,47.027473,0.324401,26.4,18.124056,7.359493,32.843041
2022-07-15,70683.562276,36470.378,34213.184276,6,285.143433,51.710773,0.325106,24.23,18.126159,7.359097,32.844354
2022-07-18,69650.950295,35437.76602,34213.184276,6,282.730377,49.473359,0.325119,25.299999,18.128629,7.359034,32.846697
2022-07-19,73269.058132,39055.873857,34213.184276,6,291.425232,56.737106,0.327129,24.5,18.130823,7.358716,32.848255
2022-07-20,75164.884764,40951.700488,34213.184276,6,296.046204,60.026165,0.327393,23.879999,18.132801,7.358222,32.849246
2022-07-21,76943.872396,42730.688121,34213.184276,6,300.29599,62.82529,0.327729,23.110001,18.134513,7.357535,32.849584
2022-07-22,74758.722299,40545.538024,34213.184276,6,295.030273,57.456678,0.328252,23.030001,18.136197,7.35683,32.849857
2022-07-25,73960.535855,39747.35158,34213.184276,6,293.349884,55.817467,0.327969,23.360001,18.137992,7.356203,32.850398
2022-07-26,71657.954099,37444.769823,34213.184276,6,287.585846,50.495763,0.328759,24.690001,18.140244,7.355941,32.852126
2022-07-27,76921.957394,42708.773118,34213.184276,6,299.739075,59.305549,0.332413,23.24,18.141996,7.355284,32.852564
2022-07-28,78148.99053,43935.806254,34213.184276,6,302.670013,61.103323,0.332603,22.33,18.143434,7.35443,32.852295
2022-07-29,80550.581952,46337.397676,34213.184276,6,308.189728,64.301785,0.333348,21.33,18.144528,7.353404,32.851337
2022-08-01,80381.334775,46168.150499,34213.184276,6,308.00415,64.110908,0.333301,22.84,18.146139,7.352657,32.851453
2022-08-02,79956.792717,45743.608441,34213.184276,6,307.085754,63.112437,0.333313,23.93,18.148124,7.352175,32.852474
2022-08-03,83710.703985,49497.51971,34213.184276,6,315.448486,67.999646,0.334843,21.950001,18.149427,7.351251,32.85193
2022-08-04,84341.788869,50128.604593,34213.184276,6,316.923706,68.785304,0.334892,21.440001,18.150555,7.350243,32.851042
2022-08-05,83166.441733,48953.257457,34213.184276,6,314.334778,65.735134,0.33492,21.15,18.151583,7.349193,32.849969
2022-08-08,82630.85256,48417.668285,34213.184276,6,313.318787,64.525881,0.334904,21.290001,18.152658,7.348163,32.848985
2022-08-09,81068.158324,46854.974048,34213.184276,6,309.772461,60.352501,0.335144,21.77,18.153897,7.347209,32.848316
2022-08-10,84986.264862,50773.080587,34213.184276,6,318.418457,66.107879,0.33679,19.74,18.15444,7.34601,32.84646
2022-08-11,84155.44708,49942.262805,34213.184276,6,316.611084,64.015872,0.336846,20.200001,18.15514,7.34485,32.84484
2022-08-12,86956.97801,52743.793735,34213.184276,6,322.775726,67.763084,0.337644,19.530001,18.155611,7.343637,32.842885
2022-08-15,88065.427468,53852.243192,34213.184276,6,325.384216,69.223519,0.337764,19.950001,18.156224,7.342456,32.841136
2022-08-16,87689.440566,53476.25629,34213.184276,6,324.622162,68.250732,0.337771,19.690001,18.156749,7.341255,32.839258
2022-08-17,85991.506922,51778.322647,34213.184276,6,320.919464,63.575827,0.33788,19.9,18.157345,7.34007,32.837485
2022-08-18,86297.43454,52084.250264,34213.184276,6,321.691223,64.127367,0.337712,19.559999,18.157824,7.338862,32.835547
2022-08-19,83520.246528,49307.062252,34213.184276,6,315.41925,56.623409,0.338449,20.6,18.158658,7.337747,32.834152
2022-08-22,79899.001475,45685.8172,34213.184276,6,307.115112,48.526792,0.339657,23.799999,18.160584,7.337234,32.835052
2022-08-23,79720.106984,45506.922708,34213.184276,6,306.861145,48.299326,0.339147,24.110001,18.162614,7.336805,32.836224
2022-08-24,80074.050894,45860.866619,34213.184276,6,307.750122,49.197006,0.339145,22.82,18.164203,7.336057,32.836318
2022-08-25,82470.830499,48257.646224,34213.184276,6,313.191833,54.414715,0.33984,21.780001,18.165437,7.33511,32.835656
2022-08-26,77197.636339,42984.452063,34213.184276,6,300.354645,43.154725,0.34336,25.559999,18.167958,7.33513,32.838217
2022-08-29,75867.910674,41654.726399,34213.184276,6,297.39444,41.045496,0.343306,26.209999,18.170699,7.335382,32.841462
2022-08-30,74464.609182,40251.424906,34213.184276,6,294.08255,38.762794,0.343226,26.209999,18.173438,7.335633,32.844703
2022-08-31,73740.372189,39527.187913,34213.184276,6,292.372894,37.600296,0.343277,25.870001,18.176059,7.335758,32.847576
2022-09-01,73762.129091,39548.944816,34213.184276,6,292.499908,37.74966,0.343267,25.559999,18.178573,7.335774,32.850122
2022-09-02,72091.93296,37878.748684,34213.184276,6,288.367371,34.828541,0.343637,25.469999,18.181055,7.335759,32.852572
2022-09-06,71153.13654,36939.952264,34213.184276,6,286.296295,33.432281,0.343683,26.91,18.184025,7.336277,32.85658
2022-09-07,73520.201183,39307.016907,34213.184276,6,292.079834,40.594387,0.344596,24.639999,18.186221,7.335995,32.858212
2022-09-08,74113.523648,39900.339373,34213.184276,6,293.594055,42.343452,0.344661,23.610001,18.188065,7.335429,32.858924
2022-09-09,76825.252334,42612.068058,34213.184276,6,300.012695,49.174656,0.345707,22.790001,18.18963,7.334673,32.858976
2022-09-12,78258.894717,44045.710441,34213.184276,6,303.578552,52.538933,0.34594,23.870001,18.19156,7.334174,32.859907
2022-09-13,71879.377793,37666.193517,34213.184276,6,286.931335,39.420184,0.352329,27.27,18.194643,7.334836,32.864316
2022-09-14,72771.546252,38558.361977,34213.184276,6,289.207611,41.568633,0.352481,26.16,18.197348,7.335059,32.867466
2022-09-15,70855.579996,36642.395721,34213.184276,6,284.391205,38.46053,0.352851,26.27,18.200088,7.335322,32.870732
2022-09-16,70147.862349,35934.678073,34213.184276,6,282.652191,37.373947,0.352899,26.299999,18.202837,7.335594,32.874025
2022-09-19,70915.273593,36702.089318,34213.184276,6,284.853394,39.696327,0.352812,25.76,18.2054,7.33567,32.876741
2022-09-20,69939.516818,35726.332542,34213.184276,6,282.582733,38.1257,0.352099,27.16,18.208437,7.336279,32.880995
2022-09-21,68004.5624,33791.378124,34213.184276,6,277.522766,34.819526,0.35269,27.99,18.211753,7.337246,32.886244
2022-09-22,66687.580216,32474.395941,34213.184276,6,274.107117,32.754663,0.352735,27.35,18.214849,7.337931,32.89071
2022-09-23,65024.208845,30811.024569,34213.184276,6,269.644257,30.231996,0.352996,29.92,18.218814,7.33985,32.898513
2022-09-26,64530.296872,30317.112596,34213.184276,6,268.528503,29.617838,0.353005,32.259998,18.223569,7.343154,32.909877
2022-09-27,64533.585396,30320.40112,34213.184276,6,268.636139,29.766067,0.352915,32.599998,18.228436,7.346674,32.921783
2022-09-28,66425.14786,32211.963584,34213.184276,6,273.979858,36.874104,0.352233,30.18,18.232481,7.34872,32.92992
2022-09-29,63623.74064,29410.556364,34213.184276,6,266.081635,31.758132,0.353863,31.84,18.237084,7.351738,32.940559
2022-09-30,62032.271299,27819.087024,34213.184276,6,261.569824,29.26068,0.354372,31.620001,18.24161,7.354613,32.950835
2022-10-03,64215.335595,30002.15132,34213.184276,6,267.706329,36.567207,0.355465,30.1,18.245619,7.356601,32.95882
2022-10-04,67396.253619,33183.069344,34213.184276,6,276.123199,44.963962,0.356701,29.07,18.249277,7.358048,32.965374
2022-10-05,67279.119476,33065.935201,34213.184276,6,275.97644,44.852476,0.356287,28.549999,18.252757,7.359241,32.971239
2022-10-06,66432.271633,32219.087358,34213.184276,6,273.803772,43.146861,0.356276,30.52,18.2569,7.36145,32.979801
2022-10-07,62808.8613,28595.677024,34213.184276,6,263.370667,36.056302,0.358951,31.360001,18.261323,7.364144,32.989611
2022-10-10,61806.350704,27593.166428,34213.184276,6,260.737946,34.514907,0.35908,32.450001,18.266112,7.367513,33.001138
2022-10-11,60559.247015,32992.650487,27566.596528,7,257.155792,32.480317,0.359317,33.630001,18.271296,7.371673,33.014643
2022-10-12,60489.538981,39563.255336,20926.283645,8,257.06778,32.429734,0.359308,33.57,18.276455,7.375783,33.028021
2022-10-13,63500.228555,42573.94491,20926.283645,8,263.096619,39.392455,0.360331,31.940001,18.281062,7.378805,33.038673
2022-10-14,59712.180141,38785.896496,20926.283645,8,255.18866,34.387106,0.361289,32.02,18.285693,7.381872,33.049436
2022-10-17,63918.087856,42991.804211,20926.283645,8,263.615356,42.736868,0.363449,31.370001,18.290101,7.384534,33.05917
2022-10-18,64913.730684,43987.447039,20926.283645,8,265.700012,44.614634,0.363363,30.5,18.294214,7.38669,33.067593
2022-10-19,64375.750406,43449.466761,20926.283645,8,264.731079,43.894162,0.36322,30.76,18.298411,7.388987,33.076385
2022-10-20,63667.576348,42741.292703,20926.283645,8,263.380402,42.855232,0.36325,29.98,18.302343,7.390851,33.084045
2022-10-21,66849.980977,45923.697332,20926.283645,8,269.556183,48.820139,0.364329,29.690001,18.306174,7.392559,33.091292
2022-10-24,68278.862426,47352.578781,20926.283645,8,272.521606,51.441186,0.364516,29.85,18.310057,7.394347,33.09875
2022-10-25,71264.177908,50337.894263,20926.283645,8,278.158905,56.049178,0.365187,28.459999,18.31347,7.395445,33.104361
2022-10-26,68089.241883,47162.958238,20926.283645,8,272.012665,50.430198,0.366038,27.280001,18.316484,7.396029,33.108542
2022-10-27,65574.113469,44647.829824,20926.283645,8,267.060425,46.39439,0.366592,27.389999,18.319533,7.396656,33.112845
2022-10-28,69905.971947,48979.688302,20926.283645,8,275.232574,53.068907,0.368233,25.75,18.322029,7.396667,33.115363
2022-10-31,68135.184304,47208.900659,20926.283645,8,272.032288,50.421257,0.368373,25.879999,18.324567,7.396722,33.11801
2022-11-01,66679.754871,45753.471226,20926.283645,8,269.252655,48.173191,0.368487,25.809999,18.32708,7.396751,33.120582
2022-11-02,62243.483636,41317.199991,20926.283645,8,260.023438,41.549194,0.370617,25.860001,18.329607,7.396797,33.123201
2022-11-03,59793.725315,38867.44167,20926.283645,8,254.943939,38.418133,0.370976,25.299999,18.331946,7.396657,33.125261
2022-11-04,61744.485478,40818.201833,20926.283645,8,259.044769,42.204794,0.371176,24.549999,18.334031,7.396293,33.126617
2022-11-07,63048.731758,42122.448113,20926.283645,8,261.892761,44.745883,0.371468,24.35,18.336048,7.395873,33.127794
2022-11-08,63968.074449,43041.790804,20926.283645,8,263.801239,46.445144,0.371618,25.540001,18.338462,7.395809,33.130081
2022-11-09,61034.825087,40108.541442,20926.283645,8,257.713715,42.007426,0.372485,26.09,18.341059,7.395931,33.132921
2022-11-10,71559.205702,50632.922057,20926.283645,8,276.730011,56.113845,0.382241,23.530001,18.342796,7.395302,33.1334
2022-11-11,74303.296239,53377.012594,20926.283645,8,281.829132,58.994186,0.382928,22.52,18.344195,7.394458,33.133111
2022-11-14,72842.078848,51915.795203,20926.283645,8,279.362793,57.044033,0.382778,23.73,18.345997,7.393877,33.133751
2022-11-15,74917.948489,53991.664844,20926.283645,8,283.228668,59.31432,0.3832,24.540001,18.34807,7.393508,33.135085
2022-11-16,72816.226029,51889.942384,20926.283645,8,279.362793,56.120131,0.383363,24.110001,18.349997,7.393022,33.13604
2022-11-17,72445.838681,51519.555036,20926.283645,8,278.746185,55.605771,0.383358,23.93,18.351862,7.39249,33.136841
2022-11-18,72384.463952,51458.180307,20926.283645,8,278.755981,55.612732,0.383106,23.120001,18.353456,7.391768,33.136991
2022-11-21,70750.71483,49824.431185,20926.283645,8,275.888397,52.993469,0.383168,22.360001,18.354795,7.390895,33.136585
2022-11-22,72837.123059,51910.839414,20926.283645,8,279.861938,56.080284,0.383429,21.290001,18.355775,7.389855,33.135485
2022-11-23,74323.233416,53396.949771,20926.283645,8,282.670807,58.171335,0.383647,20.35,18.356441,7.388711,33.133862
2022-11-25,73240.911883,52314.628238,20926.283645,8,280.811279,56.2616,0.383663,20.5,18.357156,7.387581,33.132318
2022-11-28,70902.387202,49976.103557,20926.283645,8,276.690948,52.174314,0.383405,22.209999,18.358442,7.386683,33.131808
2022-11-29,69675.33576,48749.052115,20926.283645,8,274.596466,50.178722,0.382499,21.889999,18.35962,7.385732,33.131084
2022-11-30,76682.001824,55755.718179,20926.283645,8,287.114136,60.020688,0.386107,20.58,18.36036,7.384612,33.129584
2022-12-01,76786.217601,55859.933956,20926.283645,8,287.466492,60.258674,0.385634,19.84,18.360853,7.38343,33.127713
2022-12-02,76104.884338,55178.600693,20926.283645,8,286.32135,59.028849,0.385522,19.059999,18.361086,7.38221,33.125507
2022-12-05,73370.502679,52444.219034,20926.283645,8,281.515839,54.044164,0.385484,20.75,18.361882,7.381109,33.1241
2022-12-06,70292.896928,49366.613283,20926.283645,8,275.6828,48.671518,0.38606,22.17,18.36315,7.380207,33.123563
2022-12-07,69490.490138,48564.206493,20926.283645,8,274.557343,47.686478,0.384275,22.68,18.364587,7.379398,33.123383
2022-12-08,71176.734966,50250.451321,20926.283645,8,277.806671,50.783462,0.384535,22.290001,18.365894,7.378517,33.122928
2022-12-09,70174.159895,49247.87625,20926.283645,8,276.035156,49.077599,0.38424,22.83,18.367379,7.377739,33.122856
2022-12-12,71881.911653,50955.628008,20926.283645,8,279.499817,52.442277,0.384321,25,18.369584,7.377503,33.12459
2022-12-13,73438.881489,52512.597844,20926.283645,8,282.504395,55.206404,0.384256,22.549999,18.370974,7.37667,33.124314
2022-12-14,72265.958708,51339.675063,20926.283645,8,280.410034,52.898423,0.38417,21.139999,18.371894,7.375616,33.123127
2022-12-15,67394.9297,46468.646055,20926.283645,8,270.994812,43.994096,0.385131,22.83,18.373375,7.374838,33.123052
2022-12-16,65941.099177,45014.815532,20926.283645,8,268.411011,41.909215,0.384113,22.620001,18.374786,7.374019,33.122825
2022-12-19,63952.614968,43026.331323,20926.283645,8,264.638824,39.003151,0.384396,22.42,18.376129,7.373163,33.122455
2022-12-20,63796.209164,42869.925519,20926.283645,8,264.432861,38.844768,0.384264,21.48,18.377159,7.372156,33.121471
2022-12-21,65618.674315,44692.39067,20926.283645,8,268.268768,43.450528,0.383693,20.07,18.377721,7.370997,33.119715
2022-12-22,62380.701831,41454.418186,20926.283645,8,261.705536,38.155597,0.384372,21.969999,18.378912,7.370064,33.119041
2022-12-23,62615.147063,41688.863418,20926.283645,8,262.294128,38.874989,0.384245,20.870001,18.379738,7.368982,33.117702
2022-12-27,60621.361475,39695.07783,20926.283645,8,258.585815,36.031242,0.383936,21.65,18.380822,7.368001,33.116823
2022-12-28,58978.143185,38051.85954,20926.283645,8,255.171768,33.594724,0.384173,22.139999,18.382068,7.367097,33.116262
2022-12-29,62032.762086,41106.478441,20926.283645,8,261.391541,41.372911,0.385413,21.440001,18.38308,7.366087,33.115254
2022-12-30,61914.252435,40987.96879,20926.283645,8,261.234589,41.241634,0.385411,21.67,18.384169,7.36511,33.114388
2023-01-03,60892.479244,39966.195599,20926.283645,8,259.468689,39.714742,0.385421,22.9,18.385664,7.364348,33.114361
2023-01-04,61433.169357,40506.885712,20926.283645,8,260.704803,41.351581,0.385262,22.01,18.386863,7.363425,33.113712
2023-01-05,59446.574113,38520.290468,20926.283645,8,256.623596,37.710948,0.385393,22.459999,18.38821,7.362579,33.113368
2023-01-06,62817.215956,41890.932311,20926.283645,8,263.706818,46.512583,0.385287,21.129999,18.389117,7.36153,33.112177
2023-01-09,63543.350434,42617.066788,20926.283645,8,265.413971,48.404869,0.385401,21.969999,18.390301,7.360601,33.111502
2023-01-10,64621.431765,43695.14812,20926.283645,8,267.660553,50.868251,0.385408,20.58,18.391024,7.359492,33.110008
2023-01-11,66984.360883,46058.077238,20926.283645,8,272.291138,55.576251,0.386035,21.09,18.391916,7.358439,33.108794
2023-01-12,67659.424362,46733.140717,20926.283645,8,273.762665,56.986816,0.385629,18.83,18.392061,7.357228,33.106516
2023-01-13,68598.184632,47671.900987,20926.283645,8,275.646271,58.790584,0.385702,18.35,18.392047,7.356013,33.104072
2023-01-17,68613.15307,47686.869425,20926.283645,8,276.205505,59.335814,0.384627,19.360001,18.392366,7.354819,33.102005
2023-01-18,66728.552454,45802.268809,20926.283645,8,272.614807,54.362432,0.384791,20.34,18.393009,7.353691,33.10039
2023-01-19,65233.51581,44307.232165,20926.283645,8,269.936554,50.933226,0.383847,20.52,18.39371,7.352579,33.098868
2023-01-20,69112.796831,48186.513186,20926.283645,8,277.323914,58.676341,0.385143,19.85,18.394191,7.351414,33.097018
2023-01-23,72313.112597,51386.828952,20926.283645,8,283.484833,63.806179,0.38585,19.809999,18.394657,7.350247,33.095151
2023-01-24,71827.984379,50901.700734,20926.283645,8,282.906036,63.014749,0.384453,19.200001,18.394923,7.34905,33.093023
2023-01-25,71442.514544,50516.230899,20926.283645,8,282.278229,62.114776,0.384403,19.08,18.395148,7.34785,33.090848
2023-01-26,74352.837319,53426.553674,20926.283645,8,287.781921,66.616068,0.384183,18.73,18.395258,7.346642,33.088543
2023-01-27,75901.653695,54975.37005,20926.283645,8,290.646545,68.700569,0.384388,18.51,18.395296,7.345433,33.086162
2023-01-30,72607.163995,51680.88035,20926.283645,8,284.77005,60.372588,0.384957,19.940001,18.395805,7.344277,33.084359
2023-01-31,74755.328017,53829.044372,20926.283645,8,289.03772,63.804174,0.38354,19.4,18.396135,7.343091,33.082317
2023-02-01,78049.025083,57122.741438,20926.283645,8,295.218262,68.111029,0.382487,17.870001,18.395962,7.34189,33.079741
2023-02-02,84288.879111,63362.595466,20926.283645,8,305.813568,73.854455,0.384814,18.73,18.396072,7.340685,33.077441
2023-02-03,81137.810681,60211.527036,20926.283645,8,300.378632,67.171322,0.385231,18.33,18.39605,7.339478,33.075007
2023-02-06,79276.279481,58349.995836,20926.283645,8,297.837616,64.244239,0.382219,19.43,18.39639,7.338296,33.072982
2023-02-07,82819.549954,61893.266309,20926.283645,8,304.008453,67.902267,0.382734,18.66,18.396476,7.337092,33.070661
2023-02-08,79708.33922,58782.055575,20926.283645,8,298.602844,61.925633,0.383197,19.629999,18.396881,7.335921,33.068724
2023-02-09,78155.089877,57228.806232,20926.283645,8,295.963867,59.186755,0.383063,20.709999,18.39764,7.334837,33.067314
2023-02-10,76943.193653,56016.910008,20926.283645,8,294.021393,57.18198,0.38224,20.530001,18.39834,7.333735,33.06581
2023-02-13,79426.544509,58500.260864,20926.283645,8,298.730499,60.660819,0.381828,20.34,18.398977,7.332616,33.064209
2023-02-14,80481.616595,59555.33295,20926.283645,8,300.937836,62.210676,0.38004,18.91,18.399144,7.331419,33.061983
2023-02-15,81775.354158,60849.070513,20926.283645,8,303.243317,63.814224,0.380159,18.23,18.399089,7.330218,33.059525
2023-02-16,78418.967509,57492.683864,20926.283645,8,297.553131,57.346262,0.379607,20.17,18.399669,7.329087,33.057842
2023-02-17,77194.148591,56267.864946,20926.283645,8,295.453766,55.126253,0.379686,20.02,18.4002,7.327945,33.056089
2023-02-21,73072.120652,52145.837007,20926.283645,8,288.458832,48.402692,0.379058,22.870001,18.401663,7.327191,33.056045
2023-02-22,73124.345305,52198.06166,20926.283645,8,288.674683,48.610981,0.378835,22.290001,18.402936,7.326329,33.055594
2023-02-23,74464.716253,53538.432608,20926.283645,8,291.195923,51.09436,0.378823,21.139999,18.403832,7.325297,33.054426
2023-02-24,71683.727615,50757.44397,20926.283645,8,286.320129,46.422234,0.378097,21.67,18.4049,7.324337,33.053573
2023-02-27,72479.024483,51552.740838,20926.283645,8,288.370544,48.552751,0.376051,20.950001,18.405733,7.323283,33.052299
2023-02-28,72185.785918,51259.502273,20926.283645,8,287.997711,48.177602,0.375561,20.700001,18.406483,7.322203,33.050889
2023-03-01,70889.975989,49963.692344,20926.283645,8,285.682373,45.810387,0.375642,20.58,18.407193,7.321112,33.049416
2023-03-02,72103.896725,51177.61308,20926.283645,8,288.046814,48.58851,0.375371,19.59,18.407579,7.319947,33.047472
2023-03-03,75373.265828,54446.982183,20926.283645,8,294.00177,54.864578,0.375652,18.49,18.407606,7.318751,33.045108
2023-03-06,75388.794053,54462.510408,20926.283645,8,294.335358,55.194548,0.375287,18.610001,18.407672,7.317557,33.042786
2023-03-07,73325.765962,52399.482317,20926.283645,8,290.725037,50.860828,0.375174,19.59,18.408058,7.316393,33.040845
2023-03-08,73851.974005,52925.69036,20926.283645,8,292.177063,52.476979,0.372558,19.110001,18.408287,7.31521,33.038708
2023-03-09,71072.588214,50146.304569,20926.283645,8,287.114777,46.709142,0.373091,22.610001,18.409658,7.31441,33.038478
2023-03-10,68667.437949,47741.154304,20926.283645,8,283.082642,42.684837,0.37096,24.799999,18.411741,7.314128,33.039997
2023-03-13,69646.991196,48720.707551,20926.283645,8,285.182098,45.326181,0.370862,26.52,18.414384,7.3144,33.043184
2023-03-14,73200.290378,52274.006733,20926.283645,8,291.735565,52.660034,0.37108,23.73,18.416116,7.313838,33.043791
2023-03-15,73947.314205,53021.03056,20926.283645,8,293.26593,54.204864,0.370426,26.139999,18.418632,7.313974,33.046581
2023-03-16,78231.243073,57304.959428,20926.283645,8,300.996704,61.10907,0.369881,22.99,18.42012,7.313248,33.046617
2023-03-17,77143.341941,56217.058296,20926.283645,8,299.574158,59.336337,0.367273,25.51,18.422428,7.313176,33.048781
2023-03-20,77590.26256,56663.978915,20926.283645,8,300.637268,60.264059,0.366998,24.15,18.424292,7.312716,33.049724
2023-03-21,79994.030397,59067.746752,20926.283645,8,304.931183,63.851323,0.366575,21.379999,18.425254,7.31172,33.048694
2023-03-22,77574.492391,56648.208746,20926.283645,8,300.784637,58.371133,0.366909,22.26,18.426501,7.310858,33.048217
2023-03-23,79549.984465,58623.70082,20926.283645,8,304.35144,61.437135,0.36642,22.610001,18.427861,7.310058,33.047978
2023-03-24,80127.47804,59201.194395,20926.283645,8,305.471588,62.374357,0.366069,21.74,18.428937,7.309114,33.047165
2023-03-27,78690.11453,57763.830885,20926.283645,8,303.378632,59.46623,0.365148,20.6,18.429643,7.308031,33.045704
2023-03-28,77714.779478,56788.495833,20926.283645,8,301.767242,57.252981,0.365192,19.969999,18.430143,7.306896,33.043936
2023-03-29,80891.787466,59965.503821,20926.283645,8,307.269684,62.399287,0.365378,19.120001,18.430367,7.30572,33.041808
2023-03-30,82531.831715,61605.54807,20926.283645,8,310.17807,64.810753,0.364959,19.02,18.430558,7.304542,33.039642
2023-03-31,85611.700763,64685.417118,20926.283645,8,315.336548,68.651029,0.365315,18.700001,18.430646,7.303358,33.037362
2023-04-03,84985.446046,64059.162401,20926.283645,8,314.570129,67.472852,0.365038,18.549999,18.430684,7.302173,33.035031
2023-04-04,84299.863673,63373.580028,20926.283645,8,313.509033,65.789429,0.36505,19,18.430869,7.300996,33.032862
2023-04-05,82342.179853,61415.896208,20926.283645,8,310.413849,61.007902,0.364359,19.08,18.431079,7.299822,33.030723
2023-04-06,83476.764856,62550.481211,20926.283645,8,312.506714,62.967783,0.363509,18.4,18.431069,7.298639,33.028347
2023-04-10,83107.90489,62181.621245,20926.283645,8,312.329865,62.681077,0.362586,18.969999,18.431244,7.297462,33.026169
2023-04-11,81866.932339,60940.648694,20926.283645,8,310.325409,59.380862,0.362644,19.1,18.43146,7.29629,33.024041
2023-04-12,80175.266011,59248.982366,20926.283645,8,307.584045,55.107485,0.362414,19.09,18.431674,7.295118,33.021911
2023-04-13,83694.178403,62767.894758,20926.283645,8,313.607208,61.639557,0.362075,17.799999,18.431469,7.293946,33.019362
2023-04-14,83290.013037,62363.729392,20926.283645,8,313.01767,60.708453,0.362049,17.07,18.431029,7.292807,33.016643
2023-04-17,83241.848088,62315.564443,20926.283645,8,313.282959,60.99399,0.361221,16.950001,18.43055,7.291676,33.013902
2023-04-18,83122.043042,62195.759397,20926.283645,8,313.302643,61.016627,0.360172,16.83,18.430032,7.290554,33.01114
2023-04-19,82986.142348,62059.858703,20926.283645,8,313.155212,60.732333,0.36017,16.459999,18.429396,7.289461,33.008318
2023-04-20,81433.862189,60507.578544,20926.283645,8,310.767609,56.168083,0.359274,17.17,18.428989,7.288318,33.005625
2023-04-21,81547.427626,60621.143981,20926.283645,8,311.091827,56.644572,0.35886,16.77,18.428453,7.287202,33.002856
2023-04-24,80949.887358,60023.603713,20926.283645,8,310.44339,55.348633,0.358005,16.889999,18.427956,7.286077,33.00011
2023-04-25,77386.823234,56460.539589,20926.283645,8,304.58725,45.274495,0.35732,18.76,18.428063,7.284903,32.997869
2023-04-26,78402.146858,57475.863213,20926.283645,8,306.434509,48.461163,0.35706,18.84,18.428196,7.283731,32.995658
2023-04-27,83215.749316,62289.465671,20926.283645,8,314.766724,59.824899,0.355532,17.030001,18.427745,7.282599,32.992943
2023-04-28,84499.532272,63573.248627,20926.283645,8,316.938141,62.166083,0.355622,15.78,18.426891,7.28158,32.99005
2023-05-01,83943.258964,63016.975318,20926.283645,8,316.574646,61.519784,0.353145,16.08,18.426135,7.280527,32.987189
2023-05-02,81885.275057,60958.991412,20926.283645,8,313.813599,56.698004,0.348933,17.780001,18.425927,7.279363,32.984652
2023-05-03,80560.276117,59633.992472,20926.283645,8,311.759979,53.348753,0.348459,18.34,18.425899,7.27819,32.982279
2023-05-04,79854.206442,58927.922797,20926.283645,8,310.659515,51.590074,0.348483,20.09,18.426435,7.277079,32.980592
2023-05-05,83711.023405,62784.73976,20926.283645,8,317.26239,60.091143,0.347103,17.190001,18.426037,7.275941,32.977918
2023-05-08,83628.969302,62702.685657,20926.283645,8,318.048462,60.969868,0.341496,16.98,18.425571,7.274816,32.975203
2023-05-09,82325.765993,61399.482348,20926.283645,8,316.034241,57.477567,0.34127,17.709999,18.425341,7.273656,32.972653
2023-05-10,84162.34111,63236.057465,20926.283645,8,319.473206,61.529224,0.338067,16.940001,18.424863,7.272535,32.969933
2023-05-11,84745.683769,63819.400124,20926.283645,8,320.514709,62.688728,0.337792,16.93,18.424383,7.271414,32.967211
2023-05-12,83837.191759,62910.908114,20926.283645,8,319.365082,60.520404,0.335828,17.030001,18.423934,7.270288,32.964511
2023-05-15,84784.88956,63858.605915,20926.283645,8,321.094421,62.615181,0.335863,17.120001,18.423515,7.269157,32.96183
2023-05-16,84762.08559,63835.801945,20926.283645,8,321.457977,63.058943,0.333067,17.99,18.423376,7.267993,32.959363
2023-05-17,87175.516444,66249.232798,20926.283645,8,325.348938,67.5047,0.333046,16.870001,18.422877,7.266879,32.956636
2023-05-18,90965.345462,70039.061817,20926.283645,8,331.391815,72.949514,0.332374,16.049999,18.422116,7.265837,32.953789
2023-05-19,90042.776481,69116.492836,20926.283645,8,330.645111,71.358415,0.32672,16.809999,18.421598,7.264728,32.951054
2023-05-22,90630.668136,69704.384491,20926.283645,8,331.755341,72.324938,0.326657,17.209999,18.42121,7.263594,32.948398
2023-05-23,87890.431244,66964.147599,20926.283645,8,327.549835,63.573464,0.327022,18.530001,18.421244,7.262429,32.946103
2023-05-24,86734.51466,65808.231015,20926.283645,8,325.86969,60.427587,0.326532,20.030001,18.42176,7.261322,32.944404
2023-05-25,91837.556056,70911.272411,20926.283645,8,333.799072,68.380088,0.326667,19.139999,18.42199,7.260169,32.942329
2023-05-26,97515.211404,76588.927759,20926.283645,8,342.327789,74.350665,0.327611,17.950001,18.421839,7.25901,32.93986
2023-05-30,98292.56686,77366.283215,20926.283645,8,343.88031,75.26622,0.326074,17.459999,18.421531,7.257868,32.937267
2023-05-31,96798.910638,75872.626993,20926.283645,8,341.924866,71.790322,0.323949,17.940001,18.421377,7.25671,32.934798
2023-06-01,99440.999644,78514.715999,20926.283645,8,345.874878,74.36562,0.324195,15.65,18.42049,7.255718,32.931926
2023-06-02,101164.153082,80237.869437,20926.283645,8,348.468842,75.920264,0.324157,14.6,18.419267,7.254879,32.929024
2023-06-05,101113.850675,80187.56703,20926.283645,8,348.714508,76.068294,0.322593,14.73,18.418087,7.254018,32.926123
2023-06-06,100934.87537,80008.591725,20926.283645,8,348.655548,75.947622,0.320965,13.96,18.416661,7.253296,32.923252
2023-06-07,96910.301492,75984.017847,20926.283645,8,342.740479,64.835354,0.321652,13.94,18.41523,7.252577,32.920385
2023-06-08,99767.752362,78841.468717,20926.283645,8,346.994965,68.41501,0.321819,13.65,18.413707,7.251918,32.917544
2023-06-09,100626.829472,79700.545827,20926.283645,8,348.321503,69.458951,0.321706,13.83,18.412243,7.251222,32.914687
2023-06-12,104499.101754,83572.818109,20926.283645,8,354.207092,73.624325,0.320545,15.01,18.411156,7.250319,32.911794
2023-06-13,106194.038563,65481.013632,40713.024931,6,356.928802,75.301857,0.317588,14.61,18.409943,7.249479,32.908901
2023-06-14,107323.820434,66610.795504,40713.024931,6,359.522797,76.815348,0.31224,13.88,18.408497,7.248773,32.906044
2023-06-15,109594.71977,60678.83288,48915.88689,5,363.806793,79.093873,0.312503,14.5,18.40725,7.247953,32.903155
2023-06-16,108502.29984,46923.651561,61578.648279,4,361.517395,74.859796,0.311348,13.54,18.405697,7.247318,32.900332
2023-06-20,108139.328513,46560.680233,61578.648279,4,360.999908,73.896845,0.307174,13.88,18.404254,7.246612,32.897479
2023-06-21,106367.357443,44788.709164,61578.648279,4,356.080231,65.297341,0.307417,13.2,18.402595,7.246053,32.8947
2023-06-22,107825.466521,46246.818242,61578.648279,4,360.281616,68.652346,0.306347,12.91,18.400844,7.245561,32.891967
2023-06-23,106535.690099,44957.041819,61578.648279,4,356.710052,63.070154,0.306619,13.44,18.399264,7.244948,32.889159
2023-06-26,104783.508456,43204.860177,61578.648279,4,351.92807,56.451644,0.306665,14.25,18.397943,7.244172,32.886287
2023-06-27,106871.263531,45292.615252,61578.648279,4,357.979187,61.900089,0.304739,13.74,18.39646,7.243495,32.88345
2023-06-28,107100.51792,45521.869641,61578.648279,4,358.677795,62.483673,0.304581,13.43,18.394879,7.242884,32.880647
2023-06-29,106765.02258,45186.374301,61578.648279,4,357.959534,61.441652,0.302177,13.54,18.393334,7.242249,32.877833
2023-06-30,108752.160969,47173.51269,61578.648279,4,363.479401,66.118027,0.302663,13.59,18.391807,7.241604,32.875014
2023-07-03,109001.96363,47423.315351,61578.648279,4,364.335388,66.790654,0.302225,13.57,18.390273,7.240962,32.872198
2023-07-05,108963.078206,47384.429927,61578.648279,4,364.3255,66.774164,0.302157,14.18,18.388935,7.2402,32.869336
2023-07-06,107929.350683,46350.702404,61578.648279,4,361.550842,62.137914,0.301732,15.44,18.387998,7.23924,32.866479
2023-07-07,107477.417944,45898.769665,61578.648279,4,360.350464,60.190841,0.301707,14.83,18.386868,7.238368,32.863603
2023-07-10,107445.569175,45866.920896,61578.648279,4,360.468536,60.322541,0.300724,15.07,18.385815,7.237459,32.860733
2023-07-11,108075.110977,46496.462698,61578.648279,4,362.249481,62.346021,0.300763,14.84,18.384689,7.236586,32.857861
2023-07-12,109706.228886,48127.580607,61578.648279,4,366.824677,67.00177,0.29986,13.54,18.383151,7.235952,32.855055
2023-07-13,111987.397563,39042.91962,72944.477942,3,373.052856,72.065354,0.300175,13.61,18.381637,7.235303,32.852243
2023-07-14,111953.521517,39009.043575,72944.477942,3,372.974152,71.915174,0.300154,13.34,18.380038,7.234712,32.849463
2023-07-17,112889.32152,39944.843577,72944.477942,3,376.457184,74.452496,0.3003,13.48,18.378484,7.234091,32.846667
2023-07-18,113729.977981,40785.500039,72944.477942,3,379.536896,76.476207,0.299736,13.3,18.376875,7.233509,32.843894
2023-07-19,113690.648715,40746.170773,72944.477942,3,379.448334,76.289059,0.299516,13.76,18.375412,7.23283,32.841072
2023-07-20,111233.264553,38288.786611,72944.477942,3,370.701324,60.533018,0.298888,13.99,18.374023,7.232105,32.838233
2023-07-21,110905.942483,37961.464541,72944.477942,3,369.589447,58.868644,0.298394,13.6,18.372511,7.231459,32.835428
2023-07-24,111027.307406,38082.829464,72944.477942,3,370.17984,59.50533,0.29796,13.91,18.371098,7.230749,32.832597
2023-07-25,111701.007934,38756.529991,72944.477942,3,372.688782,62.184247,0.297206,13.86,18.369671,7.23005,32.829771
2023-07-26,111343.709438,38399.231495,72944.477942,3,371.449127,60.069727,0.297143,13.19,18.368032,7.229493,32.827019
2023-07-27,111070.613322,28796.1343,82274.479022,2,370.563538,58.538328,0.296115,14.41,18.366781,7.228692,32.824165
2023-07-28,112323.521368,30049.042346,82274.479022,2,377.313263,65.712977,0.292819,13.33,18.365188,7.228104,32.821396
2023-07-31,112341.644975,30067.165954,82274.479022,2,377.51004,65.898246,0.292627,13.63,18.363692,7.227452,32.818595
2023-08-01,112162.713656,29888.234634,82274.479022,2,376.634338,64.234793,0.291917,13.93,18.362291,7.226739,32.815769
2023-08-02,110591.958348,28317.479326,82274.479022,2,368.369415,51.119198,0.293212,16.09,18.361573,7.22571,32.812993
2023-08-03,110473.494478,28199.015456,82274.479022,2,367.779083,50.328745,0.293192,15.92,18.360802,7.224699,32.8102
2023-08-04,110126.858563,27852.379542,82274.479022,2,366.057251,47.99749,0.291563,17.1,18.360404,7.223593,32.807591
2023-08-07,110697.736936,28423.257914,82274.479022,2,369.156525,52.282076,0.291675,15.77,18.359587,7.2226,32.804786
2023-08-08,110095.384928,27820.905906,82274.479022,2,366.017822,47.971432,0.291689,15.99,18.358839,7.221583,32.802004
2023-08-09,109329.75234,27055.273318,82274.479022,2,361.993591,43.068392,0.291989,15.96,18.358083,7.220569,32.799221
2023-08-10,109446.805607,27172.326585,82274.479022,2,362.662689,44.091571,0.291637,15.85,18.357292,7.219568,32.796428
2023-08-11,108988.755525,26714.276503,82274.479022,2,360.350464,41.327422,0.289949,14.84,18.356183,7.2187,32.793583
2023-08-14,109736.895822,27462.4168,82274.479022,2,364.394409,47.523675,0.290135,14.82,18.355069,7.217835,32.79074
2023-08-15,108993.467686,26718.988664,82274.479022,2,360.527588,42.862407,0.289566,16.459999,18.354472,7.216776,32.788025
2023-08-16,108268.178602,25993.699581,82274.479022,2,356.710052,38.814743,0.289724,16.780001,18.353977,7.215694,32.785364
2023-08-17,107532.413752,25257.93473,82274.479022,2,352.81366,35.164692,0.290026,17.889999,18.353831,7.214563,32.782956
2023-08-18,107439.642393,25165.163371,82274.479022,2,352.37085,34.764582,0.289684,17.299999,18.353499,7.213451,32.780402
2023-08-21,108493.03476,26218.555738,82274.479022,2,358.048065,43.621596,0.29028,17.129999,18.353114,7.212349,32.777812
2023-08-22,108381.356143,26106.877121,82274.479022,2,357.536469,43.054316,0.289276,16.969999,18.352679,7.211256,32.775192
2023-08-23,109431.604114,27157.125092,82274.479022,2,363.174347,50.668038,0.287983,15.98,18.351933,7.210245,32.772423
2023-08-24,107967.3496,25692.870578,82274.479022,2,355.411224,42.284572,0.289216,17.200001,18.351571,7.20914,32.769852
2023-08-25,108481.47088,26206.991859,82274.479022,2,358.166168,45.717096,0.289329,15.68,18.350732,7.208163,32.767058
2023-08-28,108967.592497,26693.113475,82274.479022,2,360.862122,48.918702,0.288731,15.08,18.349705,7.207264,32.764232
2023-08-29,110436.130929,28161.651907,82274.479022,2,368.743256,56.918153,0.285275,14.45,18.34848,7.206463,32.761407
2023-08-30,110822.367329,28547.888307,82274.479022,2,370.799683,58.734083,0.285038,13.88,18.347078,7.205767,32.758611
2023-08-31,111027.269599,28752.790577,82274.479022,2,371.911499,59.722569,0.284678,13.57,18.345579,7.205133,32.755844
2023-09-01,110945.130861,28670.651839,82274.479022,2,371.517975,59.182197,0.284571,13.09,18.34393,7.204603,32.753137
2023-09-05,111012.298834,28737.819813,82274.479022,2,371.990234,59.653988,0.284571,14.01,18.342571,7.203882,32.750336
2023-09-06,110375.426683,28100.947661,82274.479022,2,368.713837,54.911925,0.284229,14.45,18.341351,7.203082,32.747516
2023-09-07,109864.63293,27590.153909,82274.479022,2,366.076874,51.372364,0.284228,14.4,18.340116,7.202291,32.744698
2023-09-08,109950.011835,27675.532813,82274.479022,2,366.588501,52.018598,0.283303,13.84,18.338706,7.201603,32.741912
2023-09-11,110762.461691,28487.982669,82274.479022,2,370.907867,57.191008,0.283554,13.8,18.337285,7.200923,32.739131
2023-09-12,109962.432385,27687.953363,82274.479022,2,366.795135,51.49843,0.282822,14.23,18.335999,7.200162,32.736323
2023-09-13,110222.489747,27948.010725,82274.479022,2,368.192322,53.202595,0.282534,13.48,18.334479,7.199547,32.733574
2023-09-14,110743.86184,28469.382818,82274.479022,2,371.203094,56.730719,0.274146,12.82,18.332753,7.199082,32.730916
2023-09-15,109518.484852,27244.00583,82274.479022,2,364.846985,48.429691,0.274896,13.79,18.331333,7.198404,32.72814
2023-09-18,109569.026033,27294.547011,82274.479022,2,365.227356,48.911459,0.274066,14,18.329978,7.197685,32.725348
2023-09-19,109412.925696,27138.446674,82274.479022,2,364.448944,47.92476,0.273957,14.11,18.328659,7.196946,32.722552
2023-09-20,108403.269133,26128.790111,82274.479022,2,359.197021,41.798095,0.274468,15.14,18.327663,7.196042,32.719747
2023-09-21,107147.958211,24873.47919,82274.479022,2,352.61499,35.64747,0.275248,17.540001,18.327416,7.194931,32.717279
2023-09-22,107144.156433,24869.677411,82274.479022,2,352.664246,35.723694,0.274302,17.200001,18.327064,7.193835,32.714734
2023-09-25,107441.640027,25167.161006,82274.479022,2,354.339294,38.396045,0.273868,16.9,18.326619,7.192756,32.71213
2023-09-26,106423.398979,24148.919958,82274.479022,2,349.018372,33.615029,0.273754,18.940001,18.32681,7.191641,32.710092
2023-09-27,106571.821317,24297.342296,82274.479022,2,349.836334,34.955857,0.273687,18.219999,18.326777,7.190519,32.707815
2023-09-28,107122.87704,24848.398019,82274.479022,2,352.762726,39.652086,0.273825,17.34,18.326469,7.189418,32.705305
2023-09-29,107159.03959,24884.560568,82274.479022,2,353.01889,40.060057,0.272906,17.52,18.326218,7.188311,32.702839
2023-10-02,107688.093912,25413.614891,82274.479022,2,355.965118,44.691244,0.270597,17.610001,18.325994,7.187201,32.700397
2023-10-03,106490.387452,24215.90843,82274.479022,2,349.718048,37.98889,0.270657,19.780001,18.326447,7.186127,32.698701
2023-10-04,107386.124114,25111.645092,82274.479022,2,354.477295,44.782884,0.269766,18.58,18.326526,7.185008,32.696543
2023-10-05,107164.850053,24890.371031,82274.479022,2,353.43277,43.652489,0.267401,18.49,18.326577,7.18389,32.694357
2023-10-06,108299.453341,26024.974319,82274.479022,2,359.354675,51.176871,0.268052,17.450001,18.326304,7.182788,32.69188
2023-10-09,108634.388713,26359.909691,82274.479022,2,361.187408,53.257206,0.267878,17.700001,18.32611,7.181678,32.689465
2023-10-10,108991.497778,26717.018756,82274.479022,2,363.187653,55.486502,0.263569,17.030001,18.325706,7.180597,32.6869
2023-10-11,109486.797311,13607.508492,95879.288819,1,365.779175,58.263801,0.263307,16.09,18.325011,7.179588,32.684186
2023-10-12,109359.425829,0,109359.425829,0,364.508026,56.404827,0.262737,16.690001,18.324502,7.178529,32.68156
2023-10-13,109359.425829,0,109359.425829,0,359.926178,50.188833,0.263269,19.32,18.324812,7.177434,32.679681
2023-10-16,109359.425829,0,109359.425829,0,363.995636,54.938672,0.262224,17.209999,18.324466,7.176346,32.677157
2023-10-17,109359.425829,0,109359.425829,0,362.803345,53.333998,0.25947,17.879999,18.324327,7.175235,32.674797
2023-10-18,109359.425829,0,109359.425829,0,358.044159,47.384506,0.257339,19.219999,18.324606,7.174137,32.672881
2023-10-19,109359.425829,0,109359.425829,0,354.694061,43.689914,0.257528,21.4,18.32556,7.173228,32.672017
2023-10-20,109359.425829,0,109359.425829,0,349.402679,38.574022,0.258195,21.709999,18.326611,7.172362,32.671335
2023-10-23,109359.425829,0,109359.425829,0,350.457062,40.079686,0.258097,20.370001,18.327245,7.17134,32.669924
2023-10-24,109359.425829,0,109359.425829,0,353.866302,44.791879,0.256936,18.969999,18.327444,7.170236,32.667916
2023-10-25,109359.425829,0,109359.425829,0,345.205139,36.861029,0.258524,20.190001,18.328022,7.169199,32.666419
2023-10-26,109359.425829,0,109359.425829,0,338.623047,32.195621,0.258579,20.68,18.328751,7.168207,32.665164
2023-10-27,109359.425829,0,109359.425829,0,340.248871,34.404099,0.257117,21.27,18.329662,7.167283,32.664228
2023-10-30,109359.425829,0,109359.425829,0,344.081848,39.414277,0.256362,19.75,18.330102,7.166216,32.662534
2023-10-31,109359.425829,0,109359.425829,0,345.727386,41.480758,0.25399,18.139999,18.330043,7.165106,32.660256
2023-11-01,109359.425829,0,109359.425829,0,351.728119,48.393447,0.254285,16.870001,18.329591,7.164043,32.657677
2023-11-02,109359.425829,0,109359.425829,0,358.113159,54.546114,0.254732,15.66,18.328765,7.163088,32.654941
2023-11-03,109359.425829,0,109359.425829,0,362.320557,58.091739,0.251321,14.91,18.327707,7.162232,32.652171
2023-11-06,109359.425829,0,109359.425829,0,363.798584,59.293019,0.250059,14.89,18.326644,7.161379,32.649402
2023-11-07,109359.425829,0,109359.425829,0,367.237457,62.020796,0.249632,14.81,18.325557,7.160538,32.646633
2023-11-08,109359.425829,0,109359.425829,0,367.473907,62.208314,0.249368,14.45,18.324359,7.159755,32.643869
2023-11-09,109359.425829,0,109359.425829,0,364.645966,58.488796,0.249502,15.29,18.323421,7.158847,32.641116
2023-11-10,109359.425829,0,109359.425829,0,372.844055,65.018628,0.248992,14.17,18.322138,7.158113,32.638365
2023-11-13,109359.425829,0,109359.425829,0,371.681305,63.493095,0.234449,14.76,18.321038,7.157281,32.6356
2023-11-14,109359.425829,0,109359.425829,0,379.682281,68.900389,0.234798,14.16,18.319753,7.15655,32.632852
2023-11-15,109359.425829,0,109359.425829,0,379.968079,69.076584,0.234491,14.18,18.318475,7.155814,32.630104
2023-11-16,109359.425829,0,109359.425829,0,380.293243,69.289766,0.234005,14.32,18.317242,7.155055,32.627351
2023-11-17,109359.425829,0,109359.425829,0,380.381958,69.351844,0.233318,13.8,18.315848,7.154391,32.62463
2023-11-20,109359.425829,0,109359.425829,0,385.013031,72.479301,0.233645,13.41,18.314335,7.153806,32.621947
2023-11-21,109359.425829,0,109359.425829,0,382.776245,68.826148,0.233796,13.35,18.312805,7.153234,32.619273
2023-11-22,109359.425829,0,109359.425829,0,384.342987,69.967965,0.233402,12.85,18.311122,7.152774,32.61667
2023-11-24,109359.425829,0,109359.425829,0,383.801117,69.026286,0.232899,12.46,18.309319,7.152409,32.614138
2023-11-27,109359.425829,0,109359.425829,0,383.466034,68.41311,0.232675,12.69,18.307589,7.151987,32.611563
2023-11-28,109359.425829,0,109359.425829,0,384.47113,69.294221,0.23249,12.69,18.305859,7.151565,32.60899
2023-11-29,109359.425829,0,109359.425829,0,384.096649,68.527224,0.231703,12.98,18.30422,7.151075,32.606369
2023-11-30,109359.425829,0,109359.425829,0,383.130981,66.483634,0.231501,12.92,18.302563,7.150598,32.603759
2023-12-01,109359.425829,0,109359.425829,0,384.224731,67.660008,0.225568,12.63,18.300818,7.15019,32.601198
2023-12-04,109359.425829,0,109359.425829,0,380.657776,60.234925,0.225919,13.08,18.299213,7.149676,32.598565
2023-12-05,109359.425829,0,109359.425829,0,381.613586,61.455571,0.225841,12.85,18.297538,7.149215,32.595968
2023-12-06,109359.425829,0,109359.425829,0,379.406433,57.096978,0.224947,12.97,18.2959,7.148727,32.593353
2023-12-07,109359.425829,0,109359.425829,0,384.70755,63.74733,0.223874,13.06,18.294292,7.148217,32.590726
2023-12-08,109359.425829,0,109359.425829,0,386.422089,65.604384,0.22381,12.35,18.292466,7.147878,32.588223
2023-12-11,109359.425829,0,109359.425829,0,389.722992,68.906719,0.223625,12.63,18.290728,7.147469,32.585666
2023-12-12,109359.425829,0,109359.425829,0,392.826813,71.661827,0.223569,12.07,18.288818,7.147203,32.583224
2023-12-13,109359.425829,0,109359.425829,0,397.822449,75.434705,0.223581,12.19,18.286947,7.146904,32.580756
2023-12-14,109359.425829,0,109359.425829,0,397.47757,74.695346,0.223317,12.48,18.285166,7.146531,32.578229
2023-12-15,109359.425829,0,109359.425829,0,399.399048,76.100812,0.223103,12.28,18.283324,7.146209,32.575742
2023-12-18,109359.425829,0,109359.425829,0,401.914703,77.836452,0.219025,12.56,18.28157,7.145816,32.573202
2023-12-19,109359.425829,0,109359.425829,0,403.968323,79.166572,0.218654,12.53,18.279807,7.14543,32.570667
2023-12-20,109359.425829,0,109359.425829,0,397.965424,66.586979,0.218741,13.67,18.278395,7.144791,32.567976
2023-12-21,109359.425829,0,109359.425829,0,402.595978,70.483256,0.219047,13.65,18.276977,7.144155,32.565288
2023-12-22,109359.425829,0,109359.425829,0,403.198242,70.957613,0.218509,13.03,18.27537,7.143651,32.562673
2023-12-26,109359.425829,0,109359.425829,0,405.666504,72.881135,0.216248,12.99,18.273753,7.143156,32.560065
2023-12-27,109359.425829,0,109359.425829,0,406.49234,73.513228,0.216248,12.43,18.271965,7.142794,32.557553
2023-12-28,109359.425829,0,109359.425829,0,406.294769,73.074406,0.215407,12.47,18.27019,7.142422,32.555034
2023-12-29,109359.425829,0,109359.425829,0,404.536407,69.119865,0.214767,12.45,18.26841,7.142055,32.55252
2024-01-02,109359.425829,0,109359.425829,0,397.690704,56.337222,0.214279,13.2,18.26686,7.141513,32.549886
2024-01-03,109359.425829,0,109359.425829,0,393.482544,50.192333,0.21477,14.04,18.265568,7.140803,32.547175
2024-01-04,109359.425829,0,109359.425829,0,391.457581,47.507072,0.214687,14.13,18.264305,7.140078,32.544461
2024-01-05,109359.425829,0,109359.425829,0,391.921844,48.19143,0.214655,13.35,18.262804,7.139504,32.541811
2024-01-08,109359.425829,0,109359.425829,0,400.022034,58.385393,0.214814,13.08,18.261221,7.138988,32.539197
2024-01-09,109359.425829,0,109359.425829,0,400.812286,59.228255,0.212612,12.76,18.259542,7.138545,32.536632
2024-01-10,109359.425829,0,109359.425829,0,403.528839,62.072101,0.212622,12.69,18.257843,7.138118,32.534079
2024-01-11,109359.425829,0,109359.425829,0,404.3685,62.932714,0.212466,12.44,18.256068,7.137752,32.531573
2024-01-12,109359.425829,0,109359.425829,0,404.575928,63.155134,0.211646,12.7,18.254373,7.137323,32.52902
2024-01-16,109359.425829,0,109359.425829,0,404.536407,63.077474,0.211605,13.84,18.253027,7.136651,32.526329
2024-01-17,109359.425829,0,109359.425829,0,402.254517,58.597024,0.211684,14.79,18.251972,7.135819,32.52361
2024-01-18,109359.425829,0,109359.425829,0,407.964203,65.248564,0.212222,14.13,18.250716,7.135094,32.520905
2024-01-19,109359.425829,0,109359.425829,0,416.054535,72.090531,0.212593,13.3,18.249208,7.134531,32.518269
2024-01-22,109359.425829,0,109359.425829,0,416.597809,72.482324,0.212138,13.19,18.247667,7.13399,32.515648
2024-01-23,109359.425829,0,109359.425829,0,418.326599,73.745371,0.209962,12.55,18.245933,7.133597,32.513126
2024-01-24,109359.425829,0,109359.425829,0,420.647919,75.379485,0.208582,13.14,18.244379,7.133067,32.510513
2024-01-25,109359.425829,0,109359.425829,0,421.161591,75.739329,0.208537,13.45,18.242921,7.132472,32.507864
2024-01-26,109359.425829,0,109359.425829,0,418.652527,70.332019,0.208684,13.26,18.241405,7.131916,32.505237
2024-01-29,109359.425829,0,109359.425829,0,422.939667,73.776972,0.207848,13.6,18.239994,7.131291,32.502575
2024-01-30,109359.425829,0,109359.425829,0,420.124329,68.178252,0.207835,13.31,18.238495,7.130725,32.499944
2024-01-31,109359.425829,0,109359.425829,0,411.895782,55.033014,0.207738,14.35,18.237314,7.129963,32.49724
2024-02-01,109359.425829,0,109359.425829,0,416.746002,59.936394,0.207477,13.88,18.23599,7.129284,32.494558
2024-02-02,109359.425829,0,109359.425829,0,423.789215,65.773051,0.206939,13.85,18.234658,7.128611,32.49188
2024-02-05,109359.425829,0,109359.425829,0,423.236084,64.972506,0.202911,13.67,18.233273,7.127972,32.489217
2024-02-06,109359.425829,0,109359.425829,0,422.386536,63.690306,0.201626,13.06,18.231703,7.12746,32.486623
2024-02-07,109359.425829,0,109359.425829,0,426.732941,67.25112,0.201556,12.83,18.230064,7.126999,32.484063
2024-02-08,109359.425829,0,109359.425829,0,427.523224,67.868141,0.200242,12.79,18.228414,7.126548,32.48151
2024-02-09,109359.425829,0,109359.425829,0,431.731415,71.001279,0.199141,12.93,18.226807,7.126064,32.478936
2024-02-12,109359.425829,0,109359.425829,0,430.042236,68.129547,0.198858,13.93,18.225505,7.125377,32.476258
2024-02-13,109359.425829,0,109359.425829,0,423.334839,58.083528,0.199694,15.85,18.224785,7.124417,32.473618
2024-02-14,109359.425829,0,109359.425829,0,427.947998,62.210733,0.199257,14.38,18.22362,7.123651,32.470923
2024-02-15,109359.425829,0,109359.425829,0,429.222321,63.286126,0.199138,14.01,18.222344,7.12295,32.468244
2024-02-16,109359.425829,0,109359.425829,0,425.330261,57.86945,0.199395,14.24,18.221138,7.122208,32.465555
2024-02-20,109359.425829,0,109359.425829,0,422.119812,53.780427,0.198186,15.42,18.220291,7.121297,32.462884
2024-02-21,109359.425829,0,109359.425829,0,420.430603,51.710059,0.19803,15.34,18.219419,7.120395,32.46021
2024-02-22,109359.425829,0,109359.425829,0,432.738983,62.9133,0.198394,14.54,18.218306,7.119606,32.457517
2024-02-23,109359.425829,0,109359.425829,0,431.464691,61.326978,0.198466,13.75,18.216955,7.118953,32.45486
2024-02-26,109359.425829,0,109359.425829,0,431.237457,61.031455,0.198298,13.74,18.215602,7.118302,32.452205
2024-02-27,109359.425829,0,109359.425829,0,432.274719,61.933205,0.197051,13.43,18.214155,7.117712,32.44958
2024-02-28,109359.425829,0,109359.425829,0,429.973083,58.687915,0.197116,13.84,18.212834,7.117043,32.446919
2024-02-29,109359.425829,0,109359.425829,0,433.657654,62.110713,0.197261,13.4,18.21138,7.116459,32.444298
2024-03-01,109359.425829,0,109359.425829,0,440.187164,67.283756,0.197559,13.11,18.20984,7.115936,32.441713
2024-03-04,109359.425829,0,109359.425829,0,438.616547,64.985387,0.197503,13.49,18.208415,7.115335,32.439085
2024-03-05,109359.425829,0,109359.425829,0,430.743591,54.867755,0.197621,14.46,18.207284,7.114559,32.436402
2024-03-06,109359.425829,0,109359.425829,0,433.450195,57.327461,0.197703,14.5,18.206166,7.113777,32.433719
2024-03-07,109359.425829,0,109359.425829,0,440.029205,62.655243,0.197657,14.44,18.20503,7.113004,32.431039
2024-03-08,109359.425829,0,109359.425829,0,433.677399,55.456278,0.198566,14.74,18.203986,7.112186,32.428358
2024-03-11,109359.425829,0,109359.425829,0,432.067291,53.769752,0.197341,15.22,18.203086,7.111303,32.425691
2024-03-12,109359.425829,0,109359.425829,0,438.260925,58.942382,0.197001,13.84,18.201772,7.110634,32.42304
2024-03-13,109359.425829,0,109359.425829,0,434.892426,55.317269,0.197208,13.75,18.200431,7.109983,32.420396
2024-03-14,109359.425829,0,109359.425829,0,433.796021,54.149893,0.195634,14.4,18.199286,7.109218,32.417722
2024-03-15,109359.425829,0,109359.425829,0,428.639496,48.920932,0.196256,14.41,18.198146,7.108451,32.415048
2024-03-18,109359.425829,0,109359.425829,0,432.727631,52.811448,0.194263,14.33,18.196982,7.107698,32.412378
2024-03-19,109359.425829,0,109359.425829,0,433.805786,53.810636,0.194125,13.82,18.195665,7.107034,32.409733
2024-03-20,109359.425829,0,109359.425829,0,438.94928,58.34239,0.194504,13.04,18.194114,7.106527,32.407169
2024-03-21,109359.425829,0,109359.425829,0,441.026459,60.047185,0.193942,12.92,18.192529,7.106047,32.404623
2024-03-22,109359.425829,0,109359.425829,0,441.530945,60.470303,0.193082,13.06,18.190986,7.105536,32.402058
2024-03-25,109359.425829,0,109359.425829,0,439.928497,58.356228,0.192783,13.19,18.189483,7.104997,32.399477
2024-03-26,109359.425829,0,109359.425829,0,438.50415,56.466557,0.192847,13.24,18.187996,7.104447,32.396891
2024-03-27,109359.425829,0,109359.425829,0,439.997742,58.002323,0.192601,12.78,18.186372,7.103998,32.394369
2024-03-28,109359.425829,0,109359.425829,0,439.186676,56.829891,0.192468,13.01,18.184818,7.103498,32.391814
2024-04-01,109359.425829,0,109359.425829,0,440.116486,57.880988,0.191431,13.65,18.183457,7.102866,32.389189
2024-04-02,109359.425829,0,109359.425829,0,436.318176,52.281027,0.191569,14.61,18.182385,7.10207,32.386525
2024-04-03,109359.425829,0,109359.425829,0,437.297424,53.529316,0.190702,14.33,18.18123,7.101318,32.383865
2024-04-04,109359.425829,0,109359.425829,0,430.61084,44.893491,0.191702,16.35,18.180681,7.100323,32.381328
2024-04-05,109359.425829,0,109359.425829,0,435.68515,51.312748,0.192031,16.030001,18.180036,7.099357,32.378749
2024-04-08,109359.425829,0,109359.425829,0,435.81369,51.466977,0.191558,15.19,18.17914,7.098481,32.376102
2024-04-09,109359.425829,0,109359.425829,0,437.425995,53.458493,0.19147,14.98,18.178182,7.097633,32.373448
2024-04-10,109359.425829,0,109359.425829,0,433.607941,48.394193,0.19184,15.8,18.177469,7.09669,32.370848
2024-04-11,109359.425829,0,109359.425829,0,440.53186,56.451197,0.192403,14.91,18.176491,7.095852,32.368195
2024-04-12,109359.425829,0,109359.425829,0,433.509003,48.226704,0.19315,17.309999,18.176232,7.094805,32.365843
2024-04-15,109359.425829,0,109359.425829,0,426.37735,41.59878,0.19312,19.23,18.176547,7.093767,32.364081
2024-04-16,109359.425829,0,109359.425829,0,426.416931,41.646713,0.193089,18.4,18.176614,7.092707,32.362027
2024-04-17,109359.425829,0,109359.425829,0,421.21405,37.311602,0.193767,18.209999,18.176624,7.091646,32.359915
2024-04-18,109359.425829,0,109359.425829,0,418.810425,35.474459,0.193939,18,18.176571,7.090586,32.357743
2024-04-19,109359.425829,0,109359.425829,0,410.145599,29.781662,0.195729,18.709999,18.17673,7.089532,32.355795
2024-04-22,109359.425829,0,109359.425829,0,414.270294,35.11922,0.195738,16.940001,18.176361,7.088505,32.353371
2024-04-23,109359.425829,0,109359.425829,0,420.452393,42.209703,0.196424,15.69,18.175618,7.087576,32.35077
2024-04-24,109359.425829,0,109359.425829,0,421.87674,43.73537,0.196402,15.97,18.17496,7.08662,32.3482
2024-04-25,109359.425829,0,109359.425829,0,419.839172,42.026123,0.195018,15.37,18.174122,7.085728,32.345578
2024-04-26,109359.425829,0,109359.425829,0,426.317963,48.868783,0.195662,15.03,18.173184,7.084878,32.342941
2024-04-29,109359.425829,0,109359.425829,0,428.04895,50.548204,0.193262,14.67,18.172139,7.084079,32.340298
2024-04-30,109359.425829,0,109359.425829,0,419.977631,43.391497,0.194662,15.65,18.171387,7.083157,32.3377
2024-05-01,109359.425829,0,109359.425829,0,416.940979,41.03741,0.194902,15.39,18.170558,7.082263,32.335084
2024-05-02,109359.425829,0,109359.425829,0,422.262543,46.513734,0.195034,14.68,18.169517,7.081464,32.332444
2024-05-03,109359.425829,0,109359.425829,0,430.749329,53.87186,0.196097,13.49,18.168123,7.080869,32.329861
2024-05-06,109359.425829,0,109359.425829,0,435.467499,57.382064,0.196349,13.49,18.166729,7.080274,32.327278
2024-05-07,109359.425829,0,109359.425829,0,435.536804,57.433305,0.194915,13.23,18.165259,7.079732,32.324724
2024-05-08,109359.425829,0,109359.425829,0,435.279572,57.158612,0.194922,13,18.163721,7.079239,32.322199
2024-05-09,109359.425829,0,109359.425829,0,436.229126,57.957978,0.19471,12.69,18.162092,7.078815,32.319722
2024-05-10,109359.425829,0,109359.425829,0,437.257874,58.853727,0.194375,12.55,18.160422,7.078424,32.31727
2024-05-13,109359.425829,0,109359.425829,0,438.266785,59.759246,0.194364,13.6,18.159066,7.077807,32.314681
2024-05-14,109359.425829,0,109359.425829,0,441.085815,62.258541,0.194375,13.42,18.157657,7.077227,32.31211
2024-05-15,109359.425829,0,109359.425829,0,447.980103,67.564313,0.195062,12.45,18.15596,7.076859,32.309677
2024-05-16,109359.425829,0,109359.425829,0,447.070099,66.240604,0.195103,12.42,18.154256,7.076497,32.307251
2024-05-17,109359.425829,0,109359.425829,0,446.852509,65.908101,0.194687,11.99,18.152424,7.076244,32.304911
2024-05-20,109359.425829,0,109359.425829,0,449.968262,68.35745,0.193711,12.15,18.150642,7.075949,32.302539
2024-05-21,109359.425829,0,109359.425829,0,450.848572,69.034368,0.193668,11.86,18.148774,7.075728,32.30023
2024-05-22,109359.425829,0,109359.425829,0,450.759583,68.873968,0.193659,12.29,18.147035,7.075398,32.29783
2024-05-23,109359.425829,0,109359.425829,0,448.731842,65.158835,0.19305,12.77,18.145439,7.074954,32.295347
2024-05-24,109359.425829,0,109359.425829,0,452.97522,68.935183,0.193143,11.93,18.143595,7.074714,32.293023
2024-05-28,109359.425829,0,109359.425829,0,454.686401,70.331684,0.191216,12.92,18.142046,7.074236,32.290519
2024-05-29,109359.425829,0,109359.425829,0,451.481628,64.484908,0.189273,14.28,18.140901,7.0735,32.287901
2024-05-30,109359.425829,0,109359.425829,0,446.644745,56.808909,0.189762,14.47,18.139813,7.072734,32.285281
2024-05-31,109359.425829,0,109359.425829,0,445.813904,55.584938,0.189621,12.92,18.138267,7.072256,32.282779
2024-06-03,109359.425829,0,109359.425829,0,448.207611,58.367981,0.189275,13.11,18.136777,7.071738,32.280253
2024-06-04,109359.425829,0,109359.425829,0,449.434082,59.759297,0.189127,13.16,18.135304,7.071209,32.277722
2024-06-05,109359.425829,0,109359.425829,0,458.494598,68.211177,0.190489,12.63,18.133674,7.070797,32.275267
2024-06-06,109359.425829,0,109359.425829,0,458.336334,67.942738,0.190491,12.58,18.13203,7.070396,32.272821
2024-06-07,109359.425829,0,109359.425829,0,457.930756,67.212746,0.189241,12.22,18.130281,7.070081,32.270442
2024-06-10,109359.425829,0,109359.425829,0,459.780518,68.856253,0.188793,12.74,18.128687,7.069642,32.267972
2024-06-11,109359.425829,0,109359.425829,0,462.935852,71.482261,0.18889,12.85,18.127126,7.06918,32.265485
2024-06-12,109359.425829,0,109359.425829,0,468.999237,75.719119,0.188496,12.04,18.125327,7.068909,32.263145
2024-06-13,109359.425829,0,109359.425829,0,471.541351,77.245493,0.188402,11.94,18.123499,7.068664,32.260827
2024-06-14,109359.425829,0,109359.425829,0,473.984497,78.635533,0.188321,12.66,18.121885,7.068243,32.258372
2024-06-17,109359.425829,0,109359.425829,0,479.79071,81.524167,0.188349,12.75,18.120298,7.067802,32.255903
2024-06-18,109359.425829,0,109359.425829,0,479.939117,81.592674,0.188139,12.3,18.11858,7.067466,32.253512
2024-06-20,109359.425829,0,109359.425829,0,476.239716,74.206232,0.188415,13.28,18.117152,7.066912,32.250975
2024-06-21,109359.425829,0,109359.425829,0,474.963745,71.792135,0.187624,13.2,18.115701,7.066373,32.248448
2024-06-24,109359.425829,0,109359.425829,0,469.556458,62.511125,0.187795,13.33,18.114289,7.065809,32.245907
2024-06-25,109359.425829,0,109359.425829,0,474.926117,67.064511,0.187731,12.84,18.112734,7.065347,32.243428
2024-06-26,109359.425829,0,109359.425829,0,475.906921,67.833043,0.186904,12.55,18.111094,7.064951,32.240996
2024-06-27,109359.425829,0,109359.425829,0,477.135376,68.81459,0.185934,12.24,18.109363,7.064629,32.238621
2024-06-28,109359.425829,0,109359.425829,0,474.658569,64.538585,0.186087,12.44,18.107693,7.064258,32.236209
2024-07-01,109359.425829,0,109359.425829,0,477.442505,67.01926,0.186136,12.22,18.105959,7.06394,32.233838
2024-07-02,109359.425829,0,109359.425829,0,482.455505,70.958849,0.185692,12.03,18.10417,7.063669,32.231507
2024-07-03,109359.425829,0,109359.425829,0,486.477783,73.675929,0.185886,12.09,18.102399,7.063383,32.229164
2024-07-05,109359.425829,0,109359.425829,0,491.550201,76.64364,0.18621,12.48,18.100745,7.063001,32.226747
2024-07-08,109359.425829,0,109359.425829,0,492.719238,77.27939,0.185911,12.37,18.099059,7.062646,32.224351
2024-07-09,109359.425829,0,109359.425829,0,493.145233,77.51952,0.18583,12.51,18.097415,7.062258,32.22193
2024-07-10,109359.425829,0,109359.425829,0,498.287018,80.234846,0.186149,12.85,18.095872,7.061792,32.219456
2024-07-11,109359.425829,0,109359.425829,0,487.359497,62.858049,0.188212,12.92,18.09435,7.061312,32.216974
2024-07-12,109359.425829,0,109359.425829,0,490.222687,64.997113,0.187798,12.46,18.092695,7.060934,32.214563
2024-07-15,109359.425829,0,109359.425829,0,491.540314,65.968445,0.186855,13.12,18.091234,7.060411,32.212056
2024-07-16,109359.425829,0,109359.425829,0,491.728516,66.113093,0.18685,13.19,18.089794,7.059874,32.209542
2024-07-17,109359.425829,0,109359.425829,0,477.293884,48.933789,0.190228,14.48,18.088735,7.059108,32.206951
2024-07-18,109359.425829,0,109359.425829,0,475.035065,46.880859,0.190151,15.93,18.088101,7.058169,32.204438
2024-07-19,109359.425829,0,109359.425829,0,470.824554,43.239343,0.190509,16.52,18.087641,7.057184,32.202008
2024-07-22,109359.425829,0,109359.425829,0,477.838806,50.181699,0.189,14.91,18.086709,7.056358,32.199425
2024-07-23,109359.425829,0,109359.425829,0,476.154572,48.643233,0.189017,14.72,18.085721,7.055559,32.196839
2024-07-24,109359.425829,0,109359.425829,0,459.074799,36.441891,0.194308,18.040001,18.085708,7.054524,32.194756
2024-07-25,109359.425829,0,109359.425829,0,454.012207,33.740358,0.194704,18.459999,18.085818,7.053493,32.192803
2024-07-26,109359.425829,0,109359.425829,0,458.668549,38.272901,0.194967,16.389999,18.085321,7.052519,32.190359
2024-07-29,109359.425829,0,109359.425829,0,459.589935,39.159782,0.194934,16.6,18.084886,7.051531,32.187949
2024-07-30,109359.425829,0,109359.425829,0,453.279114,35.40736,0.194621,17.690001,18.08477,7.050502,32.185774
2024-07-31,109359.425829,0,109359.425829,0,466.693329,47.026942,0.19759,16.360001,18.084265,7.049531,32.183328
2024-08-01,109359.425829,0,109359.425829,0,455.389313,40.427117,0.199885,18.59,18.084413,7.048505,32.181423
2024-08-02,109359.425829,0,109359.425829,0,444.580719,35.32255,0.200201,23.389999,18.085965,7.048057,32.18208
2024-08-05,109359.425829,7275.603933,102083.821896,1,431.325012,30.273924,0.203614,38.57,18.091957,7.055729,32.203414
2024-08-06,109649.677848,7565.855952,102083.821896,1,435.44632,33.458353,0.20379,27.709999,18.094769,7.056613,32.207996
2024-08-07,109317.280013,7233.458117,102083.821896,1,430.73056,31.675711,0.204048,27.85,18.097621,7.057553,32.212726
2024-08-08,110314.206881,8230.384985,102083.821896,1,443.907013,41.116056,0.206799,23.790001,18.099284,7.057192,32.213668
2024-08-09,110471.30321,8387.481315,102083.821896,1,446.225281,42.618285,0.206375,20.370001,18.099947,7.056268,32.212483
2024-08-12,110527.729066,8443.90717,102083.821896,1,447.186218,43.264402,0.206378,20.709999,18.10071,7.055378,32.211465
2024-08-13,111395.358657,9311.536761,102083.821896,1,458.282135,50.232806,0.208138,18.120001,18.100715,7.054347,32.20941
2024-08-14,111394.67382,9310.851924,102083.821896,1,458.430786,50.320839,0.207775,16.190001,18.100158,7.053393,32.206944
2024-08-15,112322.413244,10238.591348,102083.821896,1,470.012207,56.741095,0.209296,15.23,18.09932,7.052534,32.204388
2024-08-16,112356.39141,10272.569514,102083.821896,1,470.616547,57.052995,0.208821,14.8,18.098358,7.05173,32.201818
2024-08-19,112835.646057,10751.824161,102083.821896,1,476.798523,60.21316,0.208802,14.65,18.097352,7.050947,32.199247
2024-08-20,112750.44465,10666.622754,102083.821896,1,475.797943,59.450655,0.208819,15.88,18.096706,7.050021,32.196747
2024-08-21,112911.344171,10827.522275,102083.821896,1,478.017059,60.641094,0.2081,16.27,18.096173,7.049062,32.194297
2024-08-22,112317.509062,10233.687166,102083.821896,1,470.438232,54.731381,0.209091,17.549999,18.096014,7.048041,32.192096
2024-08-23,112712.364704,10628.542808,102083.821896,1,475.540405,57.718726,0.208683,15.86,18.095363,7.047117,32.189598
2024-08-26,112302.726201,10218.904305,102083.821896,1,470.923645,54.2313,0.207301,16.15,18.094796,7.046169,32.187135
2024-08-27,112407.293221,10323.471325,102083.821896,1,472.330444,55.121135,0.207161,15.43,18.09402,7.04529,32.1846
2024-08-28,111984.830758,9901.008863,102083.821896,1,466.970703,51.048979,0.207559,17.110001,18.093734,7.044284,32.182303
2024-08-29,111898.4109,9814.589004,102083.821896,1,466.28714,50.536202,0.206092,15.65,18.093023,7.043382,32.179788
2024-08-30,112340.257127,10256.435231,102083.821896,1,471.845001,54.535024,0.206434,15,18.092123,7.042555,32.177234
2024-09-03,111266.739305,9182.917409,102083.821896,1,457.519318,44.539939,0.209913,20.719999,18.092887,7.041674,32.176235
2024-09-04,111171.535219,9087.713323,102083.821896,1,456.330414,43.822111,0.209941,21.32,18.093826,7.040865,32.175555
2024-09-05,111198.9537,9115.131804,102083.821896,1,456.756531,44.169415,0.20994,19.9,18.09435,7.039909,32.174168
2024-09-06,110326.447106,8242.62521,102083.821896,1,444.52124,37.080771,0.212294,22.379999,18.095596,7.039265,32.174125
2024-09-09,110738.915765,8655.093869,102083.821896,1,450.23761,41.78178,0.212568,19.450001,18.095989,7.03828,32.172549
2024-09-10,111050.781582,8966.959687,102083.821896,1,454.39859,45.002905,0.212805,19.08,18.096275,7.037278,32.17083
2024-09-11,111822.099048,9738.277152,102083.821896,1,464.266113,51.811936,0.213846,17.690001,18.096157,7.036259,32.168675
2024-09-12,112169.081299,10085.259403,102083.821896,1,468.823334,54.607116,0.213617,17.07,18.095859,7.03526,32.166378
2024-09-13,112330.025475,10246.20358,102083.821896,1,470.923645,55.877397,0.213631,16.559999,18.095413,7.034287,32.163988
2024-09-16,112149.061197,10065.239301,102083.821896,1,468.84314,54.257666,0.213554,17.139999,18.095136,7.033286,32.161708
2024-09-17,112142.444272,10058.622376,102083.821896,1,469.09079,54.427009,0.212426,17.610001,18.094996,7.032271,32.159537
2024-09-18,111979.439675,9895.61778,102083.821896,1,467.059845,52.703805,0.212523,18.23,18.095035,7.031252,32.157538
2024-09-19,112949.180662,10865.358766,102083.821896,1,478.86911,60.52922,0.214429,16.33,18.094523,7.030297,32.155117
2024-09-20,112856.317275,10772.495379,102083.821896,1,477.957672,59.708106,0.213636,16.15,18.09396,7.029356,32.152672
2024-09-23,112920.061441,10836.239545,102083.821896,1,479.22464,60.510057,0.21233,15.89,18.093322,7.028438,32.150197
2024-09-24,113103.332916,11019.51102,102083.821896,1,481.536163,61.996247,0.21237,15.39,18.092539,7.027571,32.14768
2024-09-25,113133.901569,11050.079673,102083.821896,1,481.982635,62.291441,0.212328,15.41,18.091763,7.026701,32.145165
2024-09-26,113411.659774,11327.837878,102083.821896,1,485.603821,64.687262,0.211543,15.37,18.090975,7.025837,32.142649
2024-09-27,113188.105715,11104.283819,102083.821896,1,482.905243,61.548896,0.2117,16.959999,18.090648,7.024847,32.140341
2024-09-30,113277.327544,11193.505648,102083.821896,1,484.214874,62.499759,0.211537,16.73,18.090254,7.023869,32.137992
2024-10-01,112737.537682,10653.715786,102083.821896,1,477.468536,54.959972,0.21233,19.26,18.090593,7.022881,32.136355
2024-10-02,112783.828915,10700.007019,102083.821896,1,478.143219,55.537655,0.212157,18.9,18.090827,7.021879,32.134586
2024-10-03,112728.48746,10644.665564,102083.821896,1,477.786041,55.134489,0.210949,20.49,18.09152,7.020983,32.133486
2024-10-04,113183.700478,11099.878582,102083.821896,1,483.470734,60.099107,0.210816,19.209999,18.091843,7.019994,32.131832
2024-10-07,112754.361264,10670.539368,102083.821896,1,478.291992,54.213606,0.211249,22.639999,18.093156,7.019406,32.131968
2024-10-08,113329.154819,11245.332923,102083.821896,1,485.43512,60.028183,0.211071,21.42,18.094117,7.01862,32.131357
2024-10-09,113641.494931,11557.673035,102083.821896,1,489.25473,62.752129,0.21117,20.860001,18.094915,7.017764,32.130443
2024-10-10,113589.598251,11505.776355,102083.821896,1,488.699127,62.089315,0.211124,20.93,18.095733,7.016917,32.129566
2024-10-11,113645.948368,11562.126472,102083.821896,1,489.463074,62.67312,0.211004,20.459999,18.096415,7.016019,32.128453
2024-10-14,113975.249041,11891.427145,102083.821896,1,493.570374,65.728838,0.211106,19.700001,18.096877,7.01506,32.126998
2024-10-15,113422.470083,11338.648187,102083.821896,1,486.97287,57.575471,0.211184,20.639999,18.09761,7.014182,32.125974
2024-10-16,113416.572453,11332.750557,102083.821896,1,487.03241,57.626555,0.210841,19.58,18.098037,7.013216,32.124469
2024-10-17,113438.287815,11354.465919,102083.821896,1,487.36972,57.93558,0.210774,19.110001,18.098329,7.012226,32.122782
2024-10-18,113688.365882,11604.543986,102083.821896,1,490.56427,60.847768,0.210158,18.030001,18.098309,7.011216,32.120742
2024-10-21,113745.580581,11661.758685,102083.821896,1,491.506775,61.690463,0.209767,18.370001,18.098388,7.010208,32.118803
2024-10-22,113770.431375,11686.609479,102083.821896,1,492.042542,62.188673,0.208843,18.200001,18.098417,7.009199,32.116814
2024-10-23,113155.041547,11071.219651,102083.821896,1,484.502533,51.949446,0.209804,19.24,18.098745,7.008217,32.115179
2024-10-24,113473.42318,11389.601284,102083.821896,1,488.431305,56.013375,0.20972,19.08,18.099028,7.007228,32.113484
2024-10-25,113679.504325,11595.682429,102083.821896,1,491.407593,58.852559,0.207433,20.33,18.099669,7.006322,32.112314
2024-10-28,113647.323974,11563.502078,102083.821896,1,491.486938,58.928669,0.205941,19.799999,18.100158,7.005374,32.110906
2024-10-29,114043.783516,11959.96162,102083.821896,1,496.209351,63.28186,0.206132,19.34,18.100515,7.004398,32.109311
2024-10-30,113721.375133,11637.553237,102083.821896,1,492.459229,58.022515,0.206086,20.35,18.101161,7.003495,32.108152
2024-10-31,112726.996702,10643.174806,102083.821896,1,480.028168,44.746706,0.208574,23.16,18.102614,7.003014,32.108642
2024-11-01,113000.365808,10916.543912,102083.821896,1,483.579895,48.380766,0.207822,21.879999,18.103699,7.002301,32.1083
2024-11-04,112854.000061,10770.178165,102083.821896,1,482.171143,47.058699,0.206902,21.98,18.104812,7.001603,32.108018
2024-11-05,113359.181266,11275.35937,102083.821896,1,488.322144,53.086691,0.206978,20.49,18.105497,7.000715,32.106926
2024-11-06,114509.139373,12425.317477,102083.821896,1,501.586548,62.897555,0.209221,16.27,18.10497,6.999779,32.104528
2024-11-07,115191.206262,13107.384366,102083.821896,1,509.483612,67.28419,0.209703,15.2,18.104137,6.998947,32.102031
2024-11-08,115237.894332,13154.072436,102083.821896,1,510.078918,67.595217,0.209702,14.94,18.103229,6.998149,32.099526
2024-11-11,115193.399933,13109.578037,102083.821896,1,509.781342,67.251039,0.209432,14.97,18.102331,6.997346,32.097023
2024-11-12,115087.085901,13003.264005,102083.821896,1,508.858612,66.126686,0.207945,14.71,18.101359,6.996579,32.094516
2024-11-13,115024.738441,12940.916545,102083.821896,1,508.203857,65.292513,0.207901,14.02,18.100189,6.995917,32.092023
2024-11-14,114697.343761,12613.521866,102083.821896,1,504.671967,60.834486,0.206722,14.31,18.099103,6.995209,32.089521
2024-11-15,113701.761043,11617.939147,102083.821896,1,492.647705,48.654694,0.20893,16.139999,18.098542,6.994286,32.087114
2024-11-18,113977.136227,11893.314331,102083.821896,1,496.070496,51.623817,0.209049,15.58,18.097821,6.993414,32.084649
2024-11-19,114263.707241,12179.885345,102083.821896,1,499.483307,54.452036,0.209163,16.35,18.097321,6.992475,32.082272
2024-11-20,114227.949702,12144.127806,102083.821896,1,499.195587,54.164536,0.20875,17.16,18.097053,6.991493,32.080038
2024-11-21,114374.147197,12290.325301,102083.821896,1,500.991302,55.735382,0.208609,16.870001,18.096702,6.990523,32.077748
2024-11-22,114437.490947,12353.669051,102083.821896,1,501.794891,56.454592,0.208578,15.24,18.095885,6.98969,32.075265
2024-11-25,114490.261838,12406.439942,102083.821896,1,502.588531,57.194324,0.208558,14.6,18.094886,6.988941,32.072767
2024-11-26,114718.247577,12634.425681,102083.821896,1,505.287048,59.701078,0.208608,14.1,18.093744,6.988268,32.07028
2024-11-27,114375.245327,12291.423431,102083.821896,1,501.308716,54.622495,0.208878,14.1,18.092603,6.987595,32.067793
2024-11-29,114746.73641,12662.914514,102083.821896,1,505.713684,58.801459,0.209068,13.51,18.091294,6.987026,32.065346
2024-12-02,115213.534264,13129.712368,102083.821896,1,511.219818,63.345517,0.209348,13.34,18.089937,6.98649,32.062917
2024-12-03,115345.493228,13261.671332,102083.821896,1,512.787354,64.544467,0.209351,13.3,18.08857,6.985961,32.060492
2024-12-04,115898.413473,13814.591578,102083.821896,1,519.126831,68.965642,0.209394,13.45,18.087246,6.985403,32.058052
2024-12-05,115767.205181,13683.383285,102083.821896,1,517.688293,66.926241,0.209444,13.54,18.085949,6.984829,32.055606
2024-12-06,116172.704065,14088.882169,102083.821896,1,522.321472,70.002979,0.209476,12.77,18.084432,6.984409,32.053251
2024-12-09,115794.355762,13710.533866,102083.821896,1,518.253845,64.343717,0.209205,14.19,18.083322,6.983723,32.050767
2024-12-10,115634.193309,13550.371413,102083.821896,1,516.487793,62.00012,0.209241,14.18,18.082209,6.983038,32.048285
2024-12-11,116458.934634,14375.112738,102083.821896,1,525.734253,68.474465,0.210003,13.58,18.080926,6.982456,32.045839
2024-12-12,116152.504817,14068.682921,102083.821896,1,522.341309,64.155,0.210045,13.92,18.079741,6.981815,32.04337
2024-12-13,116499.968172,14416.146276,102083.821896,1,526.339478,66.811773,0.209734,13.81,18.078525,6.981192,32.040908
2024-12-16,117173.540476,15089.71858,102083.821896,1,533.919067,71.17375,0.210316,14.69,18.07756,6.980432,32.038423
2024-12-17,116957.45874,14873.636844,102083.821896,1,531.56781,68.180133,0.210376,15.87,18.076931,6.979537,32.036006
2024-12-18,115315.361914,13231.540018,102083.821896,1,512.390564,49.78677,0.215136,27.620001,18.079647,6.9804,32.040448
2024-12-19,115112.666996,13028.8451,102083.821896,1,510.108704,48.123184,0.215176,24.09,18.081357,6.980143,32.041644
2024-12-20,115486.306513,13402.484617,102083.821896,1,514.563171,51.528146,0.214522,18.360001,18.081436,6.979152,32.03974
2024-12-23,115909.725056,13825.90316,102083.821896,1,519.576416,55.099995,0.2144,16.780001,18.081066,6.978194,32.037454
2024-12-24,116535.83226,14452.010365,102083.821896,1,526.621826,59.605074,0.21492,14.27,18.079983,6.977498,32.034978
2024-12-26,116493.112597,14409.290701,102083.821896,1,526.264038,59.279787,0.214844,14.73,18.079031,6.976734,32.0325
2024-12-27,115877.378618,13793.556722,102083.821896,1,519.268433,53.169894,0.215536,15.95,18.078426,6.975835,32.030097
2024-12-30,115266.610432,13182.788536,102083.821896,1,512.362122,47.918924,0.216217,17.4,18.078233,6.974854,32.027941
2024-12-31,114887.011319,12803.189424,102083.821896,1,508.009766,44.908906,0.216423,17.35,18.078027,6.973874,32.025775
2025-01-02,114776.099966,12692.27807,102083.821896,1,507.016083,44.225865,0.215366,17.93,18.077985,6.972884,32.023753
2025-01-03,115496.680789,13412.858894,102083.821896,1,515.313477,50.936331,0.215687,16.129999,18.077432,6.971972,32.021376
2025-01-06,116005.500665,13921.678769,102083.821896,1,521.235901,55.089768,0.215912,16.040001,18.076854,6.971067,32.018988
2025-01-07,115200.851114,13117.029218,102083.821896,1,511.934875,48.190194,0.217131,17.82,18.076781,6.970079,32.01694
2025-01-08,115186.420606,13102.59871,102083.821896,1,512.024353,48.257332,0.215872,17.700001,18.076674,6.969094,32.014862
2025-01-10,114495.027728,12411.205832,102083.821896,1,503.995239,42.886793,0.216806,19.540001,18.077089,6.968149,32.013388
2025-01-13,114339.77997,12255.958074,102083.821896,1,502.375458,41.874337,0.216747,19.190001,18.077404,6.967187,32.011778
2025-01-14,114293.848092,12210.026196,102083.821896,1,501.898499,41.563187,0.216753,18.709999,18.077584,6.966208,32.009999
2025-01-15,115307.384027,13223.562131,102083.821896,1,513.445313,51.046721,0.218338,16.120001,18.077029,6.965299,32.007627
2025-01-16,114992.433238,12908.611342,102083.821896,1,509.848114,48.410912,0.218545,16.6,18.076611,6.964357,32.005325
2025-01-17,115747.000337,13663.178441,102083.821896,1,518.453491,54.467866,0.219222,15.97,18.076015,6.963461,32.002937
2025-01-21,115988.11549,13904.293594,102083.821896,1,521.494324,56.415192,0.218733,15.06,18.075161,6.962661,32.000482
2025-01-22,116566.778698,14482.956802,102083.821896,1,528.162048,60.413178,0.218035,15.1,18.07432,6.961855,31.99803
2025-01-23,116662.183757,14578.361861,102083.821896,1,529.284973,61.06099,0.218039,15.02,18.073456,6.96106,31.995576
2025-01-24,116391.43649,14307.614594,102083.821896,1,526.293823,58.323131,0.218149,14.85,18.072545,6.960287,31.993118
2025-01-27,115067.113469,12983.291573,102083.821896,1,510.971069,46.757232,0.221116,17.9,18.072496,6.959303,31.991102
2025-01-28,115728.922403,13645.100507,102083.821896,1,518.523132,51.827714,0.221743,16.41,18.072026,6.958376,31.988778
2025-01-29,115636.659703,13552.837807,102083.821896,1,517.549377,51.151298,0.221616,16.559999,18.071599,6.957439,31.986477
2025-01-30,115821.971079,13738.149183,102083.821896,1,519.75531,52.658667,0.221369,15.84,18.070969,6.956557,31.984083
2025-01-31,115748.215149,13664.393253,102083.821896,1,519.000061,52.06628,0.221202,16.43,18.070505,6.95563,31.981765
2025-02-03,115353.761885,13269.939989,102083.821896,1,514.846497,48.813944,0.220065,18.620001,18.07066,6.954654,31.979968
2025-02-04,115904.449387,13820.627491,102083.821896,1,521.166321,53.566617,0.220101,17.209999,18.070418,6.953687,31.977792
2025-02-05,116098.976196,14015.154301,102083.821896,1,523.531372,55.24149,0.219314,15.77,18.069769,6.952814,31.975396
2025-02-06,116337.453795,14253.631899,102083.821896,1,526.264038,57.164097,0.219361,15.5,18.069044,6.951967,31.972977
2025-02-07,115750.959256,13667.13736,102083.821896,1,519.62616,51.389561,0.219937,16.540001,18.068613,6.951034,31.970681
2025-02-10,116294.413932,14210.592036,102083.821896,1,525.91626,55.932388,0.220059,15.81,18.067976,6.950157,31.968291
2025-02-11,116178.246419,14094.424523,102083.821896,1,524.664185,54.83388,0.220089,16.02,18.067399,6.949263,31.965925
2025-02-12,116197.305955,14113.484059,102083.821896,1,524.972229,55.067692,0.219823,15.89,18.066786,6.94838,31.963546
2025-02-13,116873.871413,14790.049517,102083.821896,1,532.524414,60.47049,0.220345,15.1,18.06595,6.94758,31.96111
2025-02-14,117060.438727,14976.616831,102083.821896,1,534.760193,61.929925,0.219475,14.77,18.065023,6.946821,31.958665
2025-02-18,117146.44725,15062.625354,102083.821896,1,535.972412,62.733305,0.219156,15.35,18.064258,6.945993,31.956244
2025-02-19,117154.805854,15070.983958,102083.821896,1,536.121582,62.837232,0.219143,15.27,18.063472,6.945173,31.953819
2025-02-20,116941.421412,14857.599516,102083.821896,1,533.845947,60.084416,0.2189,15.66,18.062796,6.944313,31.951422
2025-02-21,115959.919039,13876.097143,102083.821896,1,522.766235,48.860832,0.220236,18.209999,18.062837,6.943337,31.949511
2025-02-24,115404.95172,13321.129824,102083.821896,1,516.595337,43.938004,0.220689,18.98,18.063095,6.942378,31.94785
2025-02-25,114804.92201,12721.100114,102083.821896,1,510.086609,39.426005,0.218679,19.43,18.063479,6.941439,31.946358
2025-02-26,114906.591457,12822.769561,102083.821896,1,511.318817,40.668198,0.218646,19.1,18.063771,6.940486,31.944742
2025-02-27,113716.923511,11633.101615,102083.821896,1,497.118774,32.417777,0.221364,21.129999,18.064632,6.939701,31.944034
2025-02-28,114391.277307,12307.455411,102083.821896,1,504.969025,39.700794,0.222094,19.629999,18.065072,6.938776,31.942623
2025-03-03,113457.746298,11373.924403,102083.821896,1,493.919067,34.126031,0.223653,22.780001,18.066395,6.938251,31.942897
2025-03-04,113324.873672,11241.051776,102083.821896,1,492.428528,33.443832,0.223486,23.51,18.067923,6.937876,31.943676
2025-03-05,113857.82137,11773.999474,102083.821896,1,498.84787,39.09109,0.223313,21.93,18.069007,6.937204,31.943416
2025-03-06,112743.164332,10659.342436,102083.821896,1,485.124817,32.702867,0.225847,24.870001,18.070914,6.937166,31.945247
2025-03-07,113017.484487,10933.662591,102083.821896,1,488.69223,35.647007,0.224893,23.370001,18.0724,6.936761,31.945922
2025-03-10,111547.836638,9464.014742,102083.821896,1,469.752289,28.514562,0.229855,27.860001,18.075144,6.937724,31.950592
2025-03-11,111443.048337,9359.226441,102083.821896,1,468.629364,28.154875,0.22919,26.92,18.077623,6.938332,31.954287
2025-03-12,111849.355053,9765.533157,102083.821896,1,473.915894,32.473428,0.228871,24.23,18.079347,6.938124,31.955595
2025-03-13,111190.337106,9106.51521,102083.821896,1,465.389954,29.403704,0.229895,24.66,18.08119,6.938026,31.957242
2025-03-14,112088.999566,10005.17767,102083.821896,1,476.638611,37.762885,0.23103,21.77,18.082223,6.937329,31.956881
2025-03-17,112318.315847,10234.493951,102083.821896,1,479.729034,39.86947,0.230942,20.51,18.082903,6.936476,31.955856
2025-03-18,111674.682445,9590.860549,102083.821896,1,471.550903,36.361971,0.231879,21.700001,18.083915,6.935769,31.955454
2025-03-19,112171.459181,10087.637285,102083.821896,1,477.86087,40.696995,0.231924,19.9,18.084424,6.934865,31.954154
2025-03-20,112032.514485,9948.692589,102083.821896,1,476.24118,39.94481,0.231711,19.799999,18.084904,6.933954,31.952812
2025-03-21,112152.534809,10068.712913,102083.821896,1,477.811188,41.081568,0.231724,19.280001,18.085238,6.933013,31.951264
2025-03-24,113002.931479,10919.109583,102083.821896,1,488.296478,48.141504,0.232733,17.48,18.085068,6.932051,31.949171
2025-03-25,113227.761991,11143.940095,102083.821896,1,491.082947,49.860933,0.232762,17.15,18.084807,6.9311,31.947007
2025-03-26,112497.62191,10413.800015,102083.821896,1,482.046692,44.686533,0.233874,18.33,18.084876,6.930132,31.94514
2025-03-27,112270.837561,10187.015665,102083.821896,1,479.299957,43.218349,0.233938,18.690001,18.085045,6.929171,31.943388
2025-03-28,111302.498013,9218.676117,102083.821896,1,466.681061,37.175399,0.236138,21.65,18.08604,6.92846,31.94296
2025-03-31,111282.152373,9198.330477,102083.821896,1,466.661194,37.166588,0.236107,22.280001,18.087211,6.927847,31.942904
2025-04-01,111572.142988,9488.321092,102083.821896,1,470.422943,40.06332,0.236279,21.77,18.088239,6.927153,31.942545
2025-04-02,111838.787151,9754.965255,102083.821896,1,473.856323,42.661567,0.236418,21.51,18.089194,6.926422,31.942037
2025-04-03,110054.051109,7970.229213,102083.821896,1,448.489075,31.720422,0.245333,30.02,18.092522,6.928322,31.949165
2025-04-04,108348.478872,14784.246285,93564.232587,2,420.633942,24.338933,0.25714,45.310001,18.100112,6.94225,31.984611
2025-04-07,108424.94062,23384.989836,85039.950784,3,421.649017,25.023643,0.2565,46.98,18.108163,6.95801,32.024184
2025-04-08,106903.47267,30238.826879,76664.645791,4,414.055786,23.323296,0.257019,52.330002,18.117701,6.98046,32.07862
2025-04-09,123931.844806,47267.199015,76664.645791,4,463.755219,48.154881,0.29091,33.619999,18.12202,6.984282,32.090584
2025-04-10,118352.68479,41688.038999,76664.645791,4,444.030701,42.299965,0.295569,40.720001,18.128315,6.993486,32.115287
2025-04-11,120791.754479,44127.108688,76664.645791,4,452.211121,45.271934,0.29618,37.560001,18.133726,7.000027,32.13378
2025-04-14,121596.03896,44931.39317,76664.645791,4,455.276276,46.386244,0.295685,30.889999,18.137277,7.002288,32.141853
2025-04-15,121674.125235,45009.479444,76664.645791,4,455.783813,46.580198,0.295043,30.120001,18.140612,7.004166,32.148945
2025-04-16,117708.208091,41043.562301,76664.645791,4,442.040314,42.135111,0.296672,32.639999,18.144647,7.007367,32.15938
2025-04-17,117659.889733,40995.243942,76664.645791,4,441.960724,42.110049,0.296673,29.65,18.147847,7.009019,32.165885
2025-04-21,114519.298512,37854.652721,76664.645791,4,431.023621,38.703279,0.29784,33.82,18.152205,7.012915,32.178036
2025-04-22,117853.53284,41188.88705,76664.645791,4,442.338928,43.771572,0.299363,30.57,18.155657,7.014996,32.18565
2025-04-23,120788.840423,44124.194632,76664.645791,4,452.3703,47.885544,0.299459,28.450001,18.158519,7.016121,32.19076
2025-04-24,124733.189555,48068.543764,76664.645791,4,465.098694,52.622263,0.301035,26.469999,18.160828,7.016513,32.193855
2025-04-25,126289.930476,49625.284685,76664.645791,4,470.2836,54.438889,0.300811,24.84,18.162683,7.016422,32.195527
2025-04-28,126165.484388,49500.838597,76664.645791,4,470.134338,54.374253,0.300792,25.15,18.164624,7.016413,32.19745
2025-04-29,127107.423917,50442.778126,76664.645791,4,473.239319,55.556401,0.300815,24.17,18.166291,7.016153,32.198596
2025-04-30,127023.952765,50359.306974,76664.645791,4,473.179596,55.5266,0.300284,24.700001,18.168104,7.016023,32.200151
2025-05-01,128964.558081,52299.91229,76664.645791,4,479.35968,58.035133,0.300631,24.6,18.169889,7.015867,32.201624
2025-05-02,131171.218252,54506.572461,76664.645791,4,486.47525,60.778262,0.300197,22.68,18.17114,7.015296,32.201733
2025-05-05,130169.736417,53505.090626,76664.645791,4,483.589203,59.091084,0.300152,23.639999,18.172657,7.014914,32.202485
2025-05-06,128708.46004,52043.81425,76664.645791,4,479.091003,56.460356,0.300033,24.76,18.174483,7.014799,32.204081
2025-05-07,129214.507473,52549.861683,76664.645791,4,480.971863,57.316054,0.299151,23.549999,18.175973,7.014398,32.204768
2025-05-08,130769.674069,54105.028278,76664.645791,4,485.937866,59.575077,0.29912,22.48,18.177165,7.013791,32.204748
2025-05-09,130642.471787,53977.825996,76664.645791,4,485.619385,59.358108,0.299123,21.9,18.178197,7.013093,32.204383
2025-05-12,137262.929136,60598.283345,76664.645791,4,505.403625,67.32028,0.302852,18.389999,18.178255,7.012123,32.202501
2025-05-13,139830.981653,63166.335862,76664.645791,4,513.106384,69.800916,0.303348,18.219999,18.178267,7.011152,32.200571
2025-05-14,140839.970914,64175.325123,76664.645791,4,516.181458,70.755306,0.303409,18.620001,18.178389,7.010185,32.198759
2025-05-15,141005.032034,64340.386243,76664.645791,4,516.748779,70.937787,0.303403,17.83,18.178293,7.009217,32.196727
2025-05-16,141733.926528,65069.280737,76664.645791,4,518.997803,71.691893,0.303356,17.24,18.178033,7.008265,32.194563
2025-05-19,141792.37016,65127.72437,76664.645791,4,519.495483,71.865864,0.302827,18.139999,18.178023,7.007296,32.192614
2025-05-20,141184.767637,64520.121846,76664.645791,4,517.763855,70.248189,0.302848,18.09,18.177998,7.006327,32.190652
2025-05-21,138782.182193,62117.536402,76664.645791,4,510.568634,63.819851,0.30335,20.870001,18.178742,7.005501,32.189744
2025-05-22,139069.181278,62404.535487,76664.645791,4,511.524017,64.287162,0.303256,20.280001,18.179323,7.00462,32.188563
2025-05-23,137483.51687,60818.871079,76664.645791,4,506.786926,60.139402,0.303479,22.290001,18.180459,7.003985,32.188429
2025-05-27,141447.477702,64782.831911,76664.645791,4,518.709167,66.07239,0.304707,18.959999,18.180674,7.00303,32.186734
2025-05-28,140648.405432,63983.759641,76664.645791,4,516.410339,64.091487,0.304706,19.309999,18.180986,7.002088,32.185161
2025-05-29,140952.638019,64287.992228,76664.645791,4,517.425476,64.596259,0.304524,19.18,18.181261,7.001141,32.183543
2025-05-30,140651.820903,63987.175112,76664.645791,4,516.609375,63.819555,0.304509,18.57,18.181369,7.000178,32.181724
2025-06-02,141951.142868,65286.497077,76664.645791,4,520.689636,66.019475,0.304499,18.360001,18.181418,6.999212,32.179843
2025-06-03,143294.921164,66630.275373,76664.645791,4,524.759888,68.10301,0.304315,17.690001,18.181282,6.998252,32.177786
2025-06-04,143767.716003,67103.070212,76664.645791,4,526.222839,68.842491,0.304311,17.610001,18.181125,6.997293,32.175711
2025-06-05,142402.586808,65737.941017,76664.645791,4,522.262024,64.483697,0.304417,18.48,18.181207,6.99633,32.173867
2025-06-06,144126.139839,67461.494048,76664.645791,4,527.36731,67.35298,0.304603,16.77,18.180818,6.995405,32.171629
2025-06-09,144261.120206,67596.474415,76664.645791,4,528.143616,67.779245,0.303714,17.16,18.180537,6.994462,32.169461
2025-06-10,145438.740127,68774.094336,76664.645791,4,531.636658,69.696516,0.303798,16.950001,18.180198,6.993528,32.167254
2025-06-11,144800.87104,68136.225249,76664.645791,4,529.845276,67.478907,0.30383,17.26,18.179945,6.992582,32.165108
2025-06-12,145201.412559,68536.766768,76664.645791,4,531.089233,68.234744,0.303809,18.02,18.179901,6.991619,32.16314
2025-06-13,142916.007146,66251.361355,76664.645791,4,524.42157,60.163359,0.304127,20.82,18.180627,6.990794,32.162216
2025-06-16,145338.997282,68674.351491,76664.645791,4,531.716248,65.036161,0.304176,19.110001,18.180883,6.989849,32.160582
2025-06-17,143549.157686,66884.511896,76664.645791,4,526.531311,59.468122,0.304369,21.6,18.181823,6.989118,32.160059
2025-06-18,143490.097513,66825.451722,76664.645791,4,526.441772,59.373587,0.304316,20.139999,18.182362,6.988232,32.158826
2025-06-20,142689.06283,66024.417039,76664.645791,4,524.292236,57.029744,0.304034,20.620001,18.183032,6.987388,32.157808
2025-06-23,144470.226394,67805.580603,76664.645791,4,529.683228,61.169862,0.304265,19.83,18.183484,6.986481,32.156447
2025-06-24,147259.627802,70594.982011,76664.645791,4,537.783142,66.406959,0.304622,17.48,18.183291,6.985531,32.154353
2025-06-25,147710.77623,71046.130439,76664.645791,4,539.157959,67.215204,0.304608,16.76,18.1829,6.984611,32.152122
2025-06-26,149432.399812,72767.754022,76664.645791,4,544.199219,70.059842,0.304449,16.59,18.182463,6.983702,32.149866
2025-06-27,150044.678373,73380.032582,76664.645791,4,546.062439,71.059319,0.304191,16.32,18.181952,6.982811,32.147574
2025-06-30,151216.318366,74551.672576,76664.645791,4,549.599243,72.908118,0.304268,16.73,18.181553,6.981894,32.145341
2025-07-01,149577.157309,72912.511518,76664.645791,4,544.966492,66.881171,0.304451,16.83,18.181182,6.980972,32.143126
2025-07-02,150884.251452,74219.605661,76664.645791,4,548.762268,69.132646,0.304469,16.639999,18.18076,6.980061,32.140881
2025-07-03,152770.11791,76105.472119,76664.645791,4,554.162292,72.044316,0.304605,16.379999,18.180266,6.979167,32.138601
2025-07-07,151195.640126,74530.994336,76664.645791,4,549.987854,66.798686,0.304529,17.790001,18.180159,6.978213,32.136586
2025-07-08,151271.863419,74607.217628,76664.645791,4,550.296692,66.990181,0.304385,16.809999,18.179784,6.977294,32.134371
2025-07-09,152615.312569,75950.666778,76664.645791,4,554.1922,69.388494,0.304255,15.94,18.17917,6.976436,32.132042
2025-07-10,152309.05805,75644.412259,76664.645791,4,553.395203,68.295217,0.304255,15.78,18.178513,6.975593,32.129699
2025-07-11,151845.535264,75180.889473,76664.645791,4,552.14978,66.53116,0.304272,16.4,18.178026,6.9747,32.127426
2025-07-14,152468.726968,75804.081178,76664.645791,4,554.152405,67.964096,0.304062,17.200001,18.177758,6.973764,32.125286
2025-07-15,152559.133347,75894.487556,76664.645791,4,554.6604,68.334451,0.302841,17.379999,18.17754,6.972822,32.123183
2025-07-16,152732.617669,76067.971878,76664.645791,4,555.228333,68.769148,0.302773,17.16,18.177261,6.971888,32.121037
2025-07-17,154312.642437,77647.996646,76664.645791,4,559.72168,72.039554,0.302898,16.52,18.176808,6.970988,32.118784
2025-07-18,154097.069577,77432.423786,76664.645791,4,559.183655,71.079754,0.302903,16.41,18.176325,6.970096,32.116516
2025-07-21,154949.314763,78284.668972,76664.645791,4,562.082886,73.155304,0.300744,16.65,18.175908,6.969188,32.114284
2025-07-22,153886.34021,77221.694419,76664.645791,4,559.173645,67.890053,0.300756,16.5,18.17545,6.968291,32.112031
2025-07-23,154764.493275,78099.847484,76664.645791,4,561.724243,69.933235,0.300572,15.37,18.174683,6.967493,32.109669
2025-07-24,155144.927949,78480.282158,76664.645791,4,562.9198,70.868935,0.300097,15.39,18.173922,6.966693,32.107308
2025-07-25,155605.422058,78940.776267,76664.645791,4,564.27478,71.93495,0.300062,14.93,18.173037,6.965948,32.104932
2025-07-28,156004.037061,79339.39127,76664.645791,4,566.038147,73.304084,0.296709,15.03,18.172179,6.96519,32.102559
2025-07-29,155648.549627,78983.903836,76664.645791,4,565.161438,71.438102,0.296375,15.98,18.17158,6.964333,32.100247
2025-07-30,155887.770287,79223.124497,76664.645791,4,565.918701,72.098763,0.296162,15.48,18.170846,6.963525,32.097896
2025-07-31,154788.801796,78124.156005,76664.645791,4,562.9198,65.62494,0.296251,16.719999,18.17045,6.962616,32.095682
2025-08-01,150826.55499,74161.909199,76664.645791,4,551.830994,48.340613,0.296773,20.379999,18.171053,6.961762,32.094577
2025-08-04,154334.704925,77670.059134,76664.645791,4,562.013062,59.015028,0.295553,17.52,18.170875,6.960821,32.092517
2025-08-05,152871.257988,59323.944188,93547.3138,3,558.197327,54.472486,0.294126,17.85,18.170788,6.959874,32.090536
2025-08-06,154699.509157,61152.195358,93547.3138,3,565.221252,60.499778,0.292932,16.77,18.170406,6.958964,32.088334
2025-08-07,155109.643256,61562.329456,93547.3138,3,567.134155,61.976171,0.29052,16.57,18.16997,6.958066,32.086102
2025-08-08,156530.759707,41636.933508,114893.826199,2,572.424438,65.784984,0.29051,15.15,18.169148,6.957297,32.083741
2025-08-11,156183.076688,41289.250489,114893.826199,2,570.730713,63.588827,0.290194,16.25,18.168625,6.956421,32.081468
2025-08-12,157431.807928,21237.330486,136194.477442,1,577.904114,68.40038,0.28841,14.73,18.167689,6.955706,32.079101
2025-08-13,157452.175111,21257.697669,136194.477442,1,578.193054,68.580482,0.288367,14.49,18.166688,6.955024,32.076736
2025-08-14,157405.948744,21211.471302,136194.477442,1,577.744751,67.933535,0.288372,14.83,18.165781,6.954295,32.074371
2025-08-15,157153.413468,20958.936026,136194.477442,1,575.204224,64.235429,0.287051,15.09,18.164944,6.953534,32.072013
2025-08-18,157116.25164,20921.774198,136194.477442,1,574.974976,63.897407,0.287054,14.99,18.164081,6.952786,32.069652
2025-08-19,156391.723813,20197.246371,136194.477442,1,567.174011,53.567448,0.286115,15.57,18.163376,6.951972,32.06732
2025-08-20,156083.517439,19889.039997,136194.477442,1,563.806458,49.822933,0.286227,15.69,18.162704,6.951147,32.064997
2025-08-21,155838.940282,19644.46284,136194.477442,1,561.196228,47.076031,0.285912,16.6,18.162279,6.95025,32.062779
2025-08-22,156621.77163,20427.294188,136194.477442,1,569.854004,55.783814,0.286433,14.22,18.161209,6.949609,32.060427
2025-08-25,156456.227746,20261.750304,136194.477442,1,568.210083,53.968083,0.286426,14.79,18.160293,6.948888,32.058069
2025-08-26,156649.430622,20454.95318,136194.477442,1,570.491638,56.103618,0.285748,14.62,18.159332,6.948189,32.05571
2025-08-27,156720.576824,20526.099382,136194.477442,1,571.368408,56.930525,0.285495,14.85,18.158434,6.94746,32.053354
2025-08-28,157038.328955,20843.851513,136194.477442,1,574.945129,60.22245,0.285291,14.43,18.157423,6.946789,32.051
2025-08-29,156432.265499,20237.788057,136194.477442,1,568.289917,52.223901,0.285668,15.36,18.156664,6.945999,32.048662
2025-09-02,155977.331706,19782.854264,136194.477442,1,563.527466,47.374878,0.285506,17.17,18.156396,6.945076,32.046548
2025-09-03,156374.363497,20179.886055,136194.477442,1,567.961121,51.856532,0.28562,16.35,18.155907,6.944198,32.044303
2025-09-04,156834.474128,20639.996686,136194.477442,1,573.101929,56.484047,0.285482,15.3,18.155133,6.943416,32.041965
2025-09-05,156875.076665,20680.599223,136194.477442,1,573.928894,57.196782,0.282932,15.18,18.154327,6.942648,32.039622
2025-09-08,157115.001339,20920.523897,136194.477442,1,576.728455,59.608655,0.28294,15.11,18.153502,6.941888,32.037278
2025-09-09,157259.458702,21064.98126,136194.477442,1,578.362488,60.990331,0.282949,15.04,18.152659,6.941137,32.034933
2025-09-10,157249.106022,21054.62858,136194.477442,1,578.551758,61.156079,0.28092,15.35,18.1519,6.94035,32.032601
2025-09-11,157550.290202,0,157550.290202,0,581.91925,64.080339,0.280623,14.71,18.150969,6.939642,32.030252
2025-09-12,157550.290202,0,157550.290202,0,584.489624,66.173598,0.28048,14.76,18.150051,6.938927,32.027905
2025-09-15,157550.290202,0,157550.290202,0,589.49115,69.854878,0.279541,15.69,18.149386,6.938106,32.025598
2025-09-16,157550.290202,0,157550.290202,0,588.99292,69.048737,0.279347,16.360001,18.148902,6.93723,32.023362
2025-09-17,157550.290202,0,157550.290202,0,587.817322,67.081615,0.279336,15.72,18.148245,6.936407,32.021059
2025-09-18,157550.290202,0,157550.290202,0,593.117676,71.081779,0.27943,15.7,18.147584,6.935586,32.018756
2025-09-19,157550.290202,0,157550.290202,0,597.13269,73.689905,0.279517,15.45,18.146855,6.934791,32.016436
2025-09-22,157550.290202,0,157550.290202,0,600.667725,75.762595,0.279507,16.1,18.146302,6.933935,32.014172
2025-09-23,157550.290202,0,157550.290202,0,596.677917,69.142003,0.278159,16.639999,18.145895,6.933043,32.011981
2025-09-24,157550.290202,0,157550.290202,0,594.583252,65.88673,0.278189,16.18,18.145364,6.932182,32.009728
2025-09-25,157550.290202,0,157550.290202,0,592.019836,62.037376,0.27825,16.74,18.144985,6.931284,32.007554
2025-09-26,157550.290202,0,157550.290202,0,594.453552,64.177232,0.278237,15.29,18.144215,6.930508,32.00523
2025-09-29,157550.290202,0,157550.290202,0,597.206543,66.479017,0.278274,16.120001,18.143669,6.929652,32.002973
2025-09-30,157550.290202,0,157550.290202,0,598.842407,67.802899,0.278168,16.280001,18.143166,6.928785,32.000737
2025-10-01,157550.290202,0,157550.290202,0,601.715027,70.040501,0.278101,16.290001,18.142666,6.927918,31.998502
2025-10-02,157550.290202,0,157550.290202,0,604.188721,71.854463,0.27812,16.629999,18.142259,6.927028,31.996315
2025-10-03,157550.290202,0,157550.290202,0,601.645264,67.339769,0.277608,16.65,18.141857,6.926138,31.994132
2025-10-06,157550.290202,0,157550.290202,0,606.163696,70.844417,0.277719,16.370001,18.141379,6.925266,31.991911
2025-10-07,157550.290202,0,157550.290202,0,602.971863,65.497687,0.277812,17.24,18.141137,6.924349,31.989834
2025-10-08,157550.290202,0,157550.290202,0,609.884277,70.661745,0.277788,16.299999,18.140641,6.923482,31.987605
2025-10-09,157550.290202,0,157550.290202,0,609.146118,69.46605,0.277443,16.43,18.14018,6.922607,31.985394
2025-10-10,157550.290202,0,157550.290202,0,588.000061,45.640226,0.280333,21.66,18.141128,6.921916,31.984959
2025-10-13,157550.290202,0,157550.290202,0,600.47821,55.368252,0.281257,19.030001,18.141367,6.921,31.983366
2025-10-14,157550.290202,0,157550.290202,0,596.478394,52.146816,0.281391,20.809999,18.142084,6.920207,31.982499
2025-10-15,157550.290202,0,157550.290202,0,600.687622,55.106972,0.281489,20.639999,18.142756,6.919398,31.981551
2025-10-16,157550.290202,0,157550.290202,0,598.463318,53.233008,0.281394,25.309999,18.144683,6.919465,31.983613
2025-10-17,157550.290202,0,157550.290202,0,602.393311,56.075159,0.280956,20.780001,18.145391,6.91867,31.982731
2025-10-20,157550.290202,0,157550.290202,0,609.983887,61.004509,0.281304,18.23,18.145414,6.91774,31.980895
2025-10-21,157550.290202,0,157550.290202,0,609.824402,60.849995,0.281307,17.870001,18.14534,6.916812,31.978965
2025-10-22,157550.290202,0,157550.290202,0,603.949341,55.293985,0.281509,18.6,18.145462,6.915888,31.977237
2025-10-23,157550.290202,0,157550.290202,0,609.026428,58.795337,0.281652,17.299999,18.145235,6.914973,31.97518
2025-10-24,157550.290202,0,157550.290202,0,615.529785,62.812959,0.281896,16.370001,18.144758,6.914106,31.97297
2025-10-27,157550.290202,0,157550.290202,0,626.491882,68.405125,0.281922,15.79,18.144127,6.913285,31.970697
2025-10-28,157550.290202,0,157550.290202,0,631.30957,70.504427,0.281907,16.42,18.143664,6.912416,31.968495
2025-10-29,157550.290202,0,157550.290202,0,634.152344,71.699358,0.281872,16.92,18.143336,6.911517,31.966371
2025-10-30,157550.290202,0,157550.290202,0,624.457031,62.412629,0.282559,16.91,18.143005,6.91062,31.964246
2025-10-31,157550.290202,0,157550.290202,0,627.46936,63.973941,0.282407,17.440001,18.142817,6.909703,31.962224
2025-11-03,157550.290202,0,157550.290202,0,630.47168,65.511599,0.282257,17.17,18.142556,6.908796,31.960148
2025-11-04,157550.290202,0,157550.290202,0,617.674377,54.779031,0.281634,19,18.142786,6.907884,31.958554
2025-11-05,157550.290202,0,157550.290202,0,621.694153,57.153512,0.281607,18.01,18.14275,6.906959,31.956669
2025-11-06,157550.290202,0,157550.290202,0,610.113647,49.147113,0.28257,19.5,18.143114,6.90607,31.955254
2025-11-07,157550.290202,0,157550.290202,0,608.188538,47.944716,0.282257,19.08,18.143365,6.905162,31.95369
2025-11-10,157550.290202,0,157550.290202,0,621.644226,56.040165,0.281665,17.6,18.143219,6.904244,31.951707
2025-11-11,157550.290202,0,157550.290202,0,619.988464,54.908565,0.281133,17.280001,18.142988,6.903335,31.949657
2025-11-12,157550.290202,0,157550.290202,0,619.499695,54.558341,0.281139,17.51,18.142819,6.902419,31.947657
2025-11-13,157550.290202,0,157550.290202,0,606.85199,46.324404,0.282305,20,18.143316,6.901563,31.946441
2025-11-14,157550.290202,0,157550.290202,0,607.310791,46.639011,0.282289,19.83,18.143766,6.900695,31.945156
2025-11-17,157550.290202,0,157550.290202,0,602.124023,43.532576,0.282499,22.379999,18.144898,6.90012,31.945139
2025-11-18,157550.290202,0,157550.290202,0,594.792725,39.525237,0.282776,24.690001,18.146647,6.900027,31.946702
2025-11-19,157550.290202,0,157550.290202,0,598.343689,42.29599,0.281267,23.66,18.14812,6.899694,31.947508
2025-11-20,157550.290202,0,157550.290202,0,584.17981,35.340644,0.282727,26.42,18.150328,6.900097,31.950522
2025-11-21,157550.290202,0,157550.290202,0,588.568604,38.704195,0.282748,23.43,18.151738,6.899715,31.951167
2025-11-24,157550.290202,0,157550.290202,0,603.620178,48.582815,0.284281,20.52,18.15237,6.898902,31.950174
2025-11-25,157550.290202,0,157550.290202,0,607.340698,50.697944,0.284334,18.559999,18.152479,6.897985,31.948448
2025-11-26,157550.290202,0,157550.290202,0,612.707031,53.659039,0.284496,17.190001,18.152222,6.897082,31.946387
2025-11-28,157550.290202,0,157550.290202,0,617.674377,56.276805,0.284628,16.35,18.151741,6.896225,31.944192
2025-12-01,157550.290202,0,157550.290202,0,615.599609,54.882276,0.28462,17.24,18.151498,6.895322,31.942142
2025-12-02,157550.290202,0,157550.290202,0,620.417358,57.51493,0.28455,16.59,18.151082,6.89445,31.939981
2025-12-03,157550.290202,0,157550.290202,0,621.933533,58.338817,0.284398,16.08,18.15053,6.893614,31.937758
2025-12-04,157550.290202,0,157550.290202,0,621.35498,57.877584,0.284149,15.78,18.149899,6.892804,31.935506
2025-12-05,157550.290202,0,157550.290202,0,623.888489,59.391642,0.284164,15.41,18.149169,6.892031,31.933231
2025-12-08,157550.290202,0,157550.290202,0,622.691589,58.325036,0.283843,16.66,18.148773,6.891156,31.931084
2025-12-09,157550.290202,0,157550.290202,0,623.459595,58.83588,0.283813,16.93,18.148448,6.890267,31.928982
2025-12-10,157550.290202,0,157550.290202,0,626.013062,60.566607,0.283671,15.77,18.147815,6.889459,31.926734
2025-12-11,157550.290202,0,157550.290202,0,623.988281,58.467398,0.283525,14.85,18.146938,6.888753,31.924443
2025-12-12,157550.290202,0,157550.290202,0,612.058716,47.927455,0.2845,15.74,18.146298,6.887948,31.922194
2025-12-15,157550.290202,0,157550.290202,0,608.986511,45.645373,0.283837,16.5,18.14586,6.887084,31.920029
2025-12-16,157550.290202,0,157550.290202,0,610.19342,46.718697,0.283714,16.48,18.145417,6.886222,31.917862
2025-12-17,157550.290202,0,157550.290202,0,598.882263,38.954907,0.284533,17.620001,18.145278,6.885312,31.915902
2025-12-18,157550.290202,0,157550.290202,0,607.560181,46.324631,0.284539,16.870001,18.144939,6.884429,31.913796
2025-12-19,157550.290202,0,157550.290202,0,615.479919,52.017878,0.284867,14.91,18.14408,6.883716,31.911512
2025-12-22,157550.290202,0,157550.290202,0,618.430237,53.976312,0.281337,14.08,18.143001,6.88312,31.909241
2025-12-23,157550.290202,0,157550.290202,0,621.326538,55.880121,0.281306,14,18.141901,6.882538,31.906976
2025-12-24,157550.290202,0,157550.290202,0,623.144287,57.080106,0.281157,13.47,18.140661,6.882045,31.90475
2025-12-26,157550.290202,0,157550.290202,0,623.104309,57.043359,0.280952,13.6,18.139456,6.881529,31.902514
2025-12-29,157550.290202,0,157550.290202,0,620.088135,54.207945,0.28061,14.2,18.138411,6.880915,31.900241
2025-12-30,157550.290202,0,157550.290202,0,618.649902,52.858718,0.280629,14.33,18.137401,6.880282,31.897965
2025-12-31,157550.290202,0,157550.290202,0,613.536377,48.259527,0.280327,14.95,18.136556,6.879565,31.895687
2026-01-02,157550.290202,0,157550.290202,0,612.3479,47.230928,0.279834,14.51,18.135595,6.878907,31.893409
2026-01-05,157550.290202,0,157550.290202,0,617.211731,51.762228,0.279745,14.9,18.134738,6.878197,31.891131
2026-01-06,157550.290202,0,157550.290202,0,622.634888,56.271123,0.279889,14.75,18.133841,6.877506,31.888853
2026-01-07,157550.290202,0,157550.290202,0,623.234192,56.752213,0.279272,15.38,18.133112,6.876741,31.886594
2026-01-08,157550.290202,0,157550.290202,0,619.688599,53.034763,0.279082,15.45,18.132401,6.875969,31.88434
2026-01-09,157550.290202,0,157550.290202,0,625.86084,58.171352,0.278388,14.49,18.131437,6.875314,31.882066
2026-01-12,157550.290202,0,157550.290202,0,626.380188,58.58183,0.278387,15.12,18.13064,6.874579,31.879798
2026-01-13,157550.290202,0,157550.290202,0,625.451355,57.495128,0.277682,15.98,18.130071,6.873758,31.877588
2026-01-14,157550.290202,0,157550.290202,0,618.769775,50.270914,0.277988,16.75,18.129706,6.872886,31.875478
2026-01-15,157550.290202,0,157550.290202,0,620.997009,52.417168,0.278,15.84,18.129101,6.872077,31.873256
2026-01-16,157550.290202,0,157550.290202,0,620.477661,51.855163,0.276751,15.86,18.128501,6.871268,31.871037
2026-01-20,157550.290202,0,157550.290202,0,607.29425,40.101335,0.277879,20.09,18.12902,6.870434,31.869887
2026-01-21,157550.290202,0,157550.290202,0,615.503906,48.005035,0.277631,16.9,18.128695,6.869555,31.867805
2026-01-22,157550.290202,0,157550.290202,0,619.978271,51.742438,0.277674,15.64,18.128038,6.868766,31.86557
2026-01-23,157550.290202,0,157550.290202,0,621.935791,53.323209,0.277312,16.09,18.127499,6.867939,31.863377
2026-01-26,157550.290202,0,157550.290202,0,624.672363,55.516941,0.277343,16.15,18.126977,6.867107,31.861192
2026-01-27,157550.290202,0,157550.290202,0,630.335205,59.734209,0.277419,16.35,18.126508,6.866262,31.859031
2026-01-28,157550.290202,0,157550.290202,0,632.422546,61.19461,0.275029,16.35,18.12604,6.865416,31.856872
2026-01-29,157550.290202,0,157550.290202,0,628.637329,57.146888,0.274645,16.879999,18.125711,6.86454,31.854791
2026-01-30,157550.290202,0,157550.290202,0,621.086853,50.037084,0.275059,17.440001,18.12553,6.863644,31.852818
2026-02-02,157550.290202,0,157550.290202,0,625.351501,53.552081,0.275125,16.34,18.125059,6.8628,31.850659
2026-02-03,157550.290202,0,157550.290202,0,615.743591,45.74404,0.275801,18,18.125026,6.861895,31.848817
2026-02-04,157550.290202,0,157550.290202,0,604.987183,38.905013,0.276478,18.639999,18.125162,6.860996,31.847154
2026-02-05,157550.290202,0,157550.290202,0,596.278198,34.418247,0.27672,21.77,18.126122,6.860347,31.846817
2026-02-06,157550.290202,0,157550.290202,0,608.882263,44.410208,0.277759,20.370001,18.126713,6.85954,31.845794
2026-02-09,157550.290202,0,157550.290202,0,613.546387,47.59226,0.277832,17.360001,18.126511,6.858648,31.843808
2026-02-10,157550.290202,0,157550.290202,0,610.699951,45.866717,0.277443,17.790001,18.126423,6.857747,31.841917
2026-02-11,157550.290202,0,157550.290202,0,612.337891,47.056273,0.277115,17.65,18.126297,6.856849,31.839996
2026-02-12,157550.290202,0,157550.290202,0,599.883606,39.880243,0.278253,20.82,18.127006,6.856086,31.839178
2026-02-13,157550.290202,0,157550.290202,0,601.161987,40.876911,0.278259,20.6,18.127657,6.855301,31.838259
2026-02-17,157550.290202,0,157550.290202,0,600.542725,40.526425,0.277772,20.290001,18.128225,6.854489,31.837204
2026-02-18,157550.290202,0,157550.290202,0,605.0271,44.25393,0.277862,19.620001,18.128617,6.853631,31.835879
2026-02-19,157550.290202,0,157550.290202,0,602.710022,42.762574,0.277902,20.23,18.12917,6.852815,31.834799
2026-02-20,157550.290202,0,157550.290202,0,608.043335,47.175308,0.278083,19.09,18.129422,6.851932,31.833286
2026-02-23,157550.290202,0,157550.290202,0,600.652588,42.307625,0.278444,21.01,18.130179,6.851191,31.83256
2026-02-24,157550.290202,0,157550.290202,0,607.104492,47.409171,0.27751,19.549999,18.130551,6.850329,31.83121
2026-02-25,157550.290202,0,157550.290202,0,615.903381,53.454078,0.277593,17.93,18.130499,6.849431,31.82936
2026-02-26,157550.290202,0,157550.290202,0,608.472778,48.395109,0.277557,18.629999,18.13063,6.848536,31.827703
2026-02-27,157550.290202,0,157550.290202,0,606.525208,47.135931,0.277588,19.860001,18.131084,6.847695,31.826473
2026-03-02,157550.290202,0,157550.290202,0,607.324219,47.736727,0.275406,21.440001,18.131952,6.847006,31.825964
2026-03-03,157550.290202,0,157550.290202,0,600.822449,43.413082,0.275168,23.57,18.133378,6.846674,31.826727
2026-03-04,157550.290202,0,157550.290202,0,609.980896,50.248685,0.274333,21.15,18.134169,6.845951,31.82607
2026-03-05,157550.290202,0,157550.290202,0,608.143127,48.970342,0.274333,23.75,18.135641,6.845657,31.826955
2026-03-06,157550.290202,0,157550.290202,0,598.99469,43.093126,0.274612,29.49,18.138616,6.847227,31.833071
2026-03-09,157550.290202,0,157550.290202,0,606.994629,48.871743,0.272846,25.5,18.140545,6.847367,31.835278
2026-03-10,157550.290202,0,157550.290202,0,607.004639,48.878738,0.272738,24.93,18.142323,6.847351,31.837026
2026-03-11,157550.290202,0,157550.290202,0,606.924744,48.821325,0.268365,24.23,18.143917,6.847163,31.838244
2026-03-12,157550.290202,0,157550.290202,0,596.507874,41.909312,0.269235,27.290001,18.146312,6.847866,31.842043
2026-03-13,157550.290202,0,157550.290202,0,592.97229,39.847249,0.269077,27.190001,18.148678,6.848532,31.845743
2026-03-16,157550.290202,0,157550.290202,0,599.623901,45.300154,0.268376,23.51,18.150081,6.848185,31.846452
2026-03-17,157550.290202,0,157550.290202,0,602.550232,47.552715,0.266999,22.370001,18.151185,6.847629,31.846444
2026-03-18,157550.290202,0,157550.290202,0,594.150879,42.183177,0.267518,25.09,18.152999,6.847653,31.848306
2026-03-19,157550.290202,0,157550.290202,0,592.273193,41.066792,0.266678,24.059999,18.154544,6.847424,31.849392
2026-03-20,157550.290202,0,157550.290202,0,581.326965,35.215694,0.267288,26.780001,18.156798,6.847949,31.852696
2026-03-23,157550.290202,0,157550.290202,0,588,40.757176,0.267544,26.15,18.158887,6.848273,31.855432
2026-03-24,157550.290202,0,157550.290202,0,583.97998,38.614315,0.267687,26.950001,18.161183,6.848852,31.858888
2026-03-25,157550.290202,0,157550.290202,0,587.820007,41.764035,0.266591,25.33,18.163056,6.848937,31.86093
2026-03-26,157550.290202,0,157550.290202,0,573.789978,34.748647,0.26819,27.440001,18.165478,6.849683,31.864845
2026-03-27,157550.290202,0,157550.290202,0,562.580017,30.360437,0.268313,31.049999,18.168841,6.851952,31.872745
2026-03-30,157550.290202,0,157550.290202,0,558.280029,28.855145,0.26839,30.610001,18.172088,6.854005,31.880097
2026-03-31,157550.290202,0,157550.290202,0,577.179993,42.378277,0.269223,25.25,18.173934,6.854064,31.882062
