date,equity,openLeapsValue,shortCallLiability,availableCash,openContracts,qqqAdjClose,qqqRsi,qqqIv,vixClose,vixMean,vixStd
2012-01-03,20000,0,0,20000,0,50.31255,56.59341,0.285384,22.969999,24.197707,8.12406
2012-01-04,20000,0,0,20000,0,50.524765,57.817085,0.285424,22.219999,24.189921,8.108938
2012-01-05,20000,0,0,20000,0,50.940369,60.184374,0.285412,21.48,24.179294,8.094739
2012-01-06,20000,0,0,20000,0,51.117222,61.182668,0.285416,20.629999,24.16543,8.081897
2012-01-09,20000,0,0,20000,0,50.949188,59.652285,0.285444,21.07,24.153385,8.068407
2012-01-10,20000,0,0,20000,0,51.320591,61.919575,0.285539,20.690001,24.139961,8.055581
2012-01-11,20000,0,0,20000,0,51.426689,62.566708,0.285544,21.049999,24.128031,8.042246
2012-01-12,20000,0,0,20000,0,51.630062,63.83537,0.285458,20.469999,24.113961,8.029911
2012-01-13,20000,0,0,20000,0,51.444359,61.776531,0.285494,20.91,24.101686,8.016907
2012-01-17,20000,0,0,20000,0,51.913017,64.857029,0.285562,22.200001,24.094427,8.002397
2012-01-18,20000,0,0,20000,0,52.602707,68.837262,0.285974,20.889999,24.082243,7.989554
2012-01-19,20000,0,0,20000,0,52.929878,70.54171,0.28572,19.870001,24.066288,7.978563
2012-01-20,20000,0,0,20000,0,52.850285,69.545151,0.28559,18.280001,24.044453,7.971367
2012-01-23,20000,0,0,20000,0,52.867996,69.647908,0.285428,18.67,24.024248,7.963134
2012-01-24,20000,0,0,20000,0,52.770714,68.285083,0.284982,18.91,24.005094,7.954311
2012-01-25,20000,0,0,20000,0,53.433865,72.268598,0.285356,18.309999,23.983843,7.94702
2012-01-26,20000,0,0,20000,0,53.248199,69.631587,0.285328,18.57,23.963717,7.939044
2012-01-27,20000,0,0,20000,0,53.407364,70.621269,0.28526,18.530001,23.943593,7.931171
2012-01-30,20000,0,0,20000,0,53.451572,70.90489,0.283543,19.4,23.926827,7.92128
2012-01-31,20000,0,0,20000,0,53.522316,71.38102,0.283494,19.440001,23.910331,7.91133
2012-02-01,20000,0,0,20000,0,53.95557,74.168983,0.282797,18.549999,23.890696,7.903435
2012-02-02,20000,0,0,20000,0,54.123596,75.17887,0.282808,17.98,23.869124,7.897024
2012-02-03,20000,0,0,20000,0,54.866329,79.073521,0.283253,17.1,23.844509,7.893162
2012-02-06,20000,0,0,20000,0,54.822124,78.286198,0.283187,17.76,23.822464,7.887306
2012-02-07,20000,0,0,20000,0,54.937069,78.875202,0.283146,17.65,23.80018,7.881734
2012-02-08,20000,0,0,20000,0,55.228848,80.333542,0.28311,18.16,23.779892,7.874764
2012-02-09,20000,0,0,20000,0,55.626766,82.143952,0.283218,18.629999,23.761434,7.866632
2012-02-10,20000,0,0,20000,0,55.237717,74.885503,0.283353,20.790001,23.750821,7.854529
2012-02-13,20000,0,0,20000,0,55.750557,77.684696,0.283434,19.040001,23.734057,7.845525
2012-02-14,20000,0,0,20000,0,55.892033,78.39993,0.283436,19.540001,23.719184,7.835534
2012-02-15,20000,0,0,20000,0,55.502987,71.60347,0.283565,21.139999,23.710071,7.823131
2012-02-16,20000,0,0,20000,0,56.263428,75.985626,0.283918,19.219999,23.694261,7.813841
2012-02-17,20000,0,0,20000,0,56.086559,73.157799,0.283948,17.780001,23.673509,7.807936
2012-02-21,20000,0,0,20000,0,56.245728,74.09222,0.283947,18.190001,23.654336,7.800967
2012-02-22,20000,0,0,20000,0,55.989307,69.87225,0.281744,18.190001,23.635296,7.793994
2012-02-23,20000,0,0,20000,0,56.360683,72.330284,0.281644,16.799999,23.611562,7.790822
2012-02-24,20000,0,0,20000,0,56.55521,73.547688,0.281607,17.309999,23.589758,7.786113
2012-02-27,20000,0,0,20000,0,56.634781,74.050628,0.281154,18.190001,23.571138,7.779096
2012-02-28,20000,0,0,20000,0,57.209515,77.393927,0.281385,17.959999,23.551856,7.772635
2012-02-29,20000,0,0,20000,0,56.95311,72.88248,0.280729,18.43,23.534315,7.765056
2012-03-01,20000,0,0,20000,0,57.404064,75.578776,0.28081,17.26,23.512901,7.76041
2012-03-02,20000,0,0,20000,0,57.359867,74.793849,0.279876,17.290001,23.491735,7.755652
2012-03-05,20000,0,0,20000,0,56.767418,65.042425,0.280098,18.049999,23.473288,7.74893
2012-03-06,20000,0,0,20000,0,56.210361,57.457031,0.279866,20.870001,23.464493,7.737265
2012-03-07,20000,0,0,20000,0,56.643646,61.243106,0.279968,19.07,23.449697,7.728392
2012-03-08,20000,0,0,20000,0,57.253746,65.85146,0.280099,17.950001,23.431242,7.721945
2012-03-09,20000,0,0,20000,0,57.492477,67.480865,0.279445,17.110001,23.4101,7.717641
2012-03-12,20000,0,0,20000,0,57.519012,67.665544,0.279364,15.64,23.3842,7.717773
2012-03-13,20000,0,0,20000,0,58.58894,74.061937,0.280136,14.8,23.355681,7.72077
2012-03-14,20000,0,0,20000,0,58.79229,75.071293,0.279572,15.31,23.32904,7.721826
2012-03-15,20000,0,0,20000,0,58.960293,75.905515,0.277929,15.42,23.302937,7.722409
2012-03-16,20000,0,0,20000,0,58.918678,75.233919,0.277754,14.47,23.273882,7.726282
2012-03-19,20000,0,0,20000,0,59.334961,77.389086,0.277829,15.04,23.246885,7.727959
2012-03-20,20000,0,0,20000,0,59.44125,77.917479,0.276961,15.58,23.22183,7.727719
2012-03-21,20000,0,0,20000,0,59.450119,77.963755,0.276944,15.13,23.195472,7.728892
2012-03-22,20000,0,0,20000,0,59.326118,75.579054,0.276906,15.57,23.170714,7.728517
2012-03-23,20000,0,0,20000,0,59.29068,74.874182,0.276165,14.82,23.143689,7.730571
2012-03-26,20000,0,0,20000,0,60.326988,80.578354,0.276878,14.26,23.115032,7.734527
2012-03-27,20000,0,0,20000,0,60.415543,80.975806,0.276778,15.59,23.090836,7.733822
2012-03-28,20000,0,0,20000,0,60.176414,76.427464,0.276628,15.47,23.06641,7.733423
2012-03-29,20000,0,0,20000,0,59.94614,72.220601,0.27664,15.48,23.042172,7.732918
2012-03-30,20000,0,0,20000,0,59.83099,70.141438,0.276656,15.5,23.018153,7.732279
2012-04-02,20000,0,0,20000,0,60.451004,74.412838,0.276897,15.64,22.99473,7.731141
2012-04-03,20000,0,0,20000,0,60.433311,74.087138,0.276857,15.66,22.971519,7.72988
2012-04-04,20000,0,0,20000,0,59.60957,60.754058,0.277372,16.440001,22.950915,7.726353
2012-04-05,20000,0,0,20000,0,59.98156,63.912477,0.277444,16.700001,22.931258,7.722117
2012-04-09,20000,0,0,20000,0,59.529839,57.82656,0.277616,18.809999,22.918339,7.713418
2012-04-10,20000,0,0,20000,0,58.573246,47.509381,0.278279,20.389999,22.910437,7.702615
2012-04-11,20000,0,0,20000,0,58.856682,50.336742,0.278283,20.02,22.901433,7.692262
2012-04-12,20000,0,0,20000,0,59.529839,56.350245,0.278429,17.200001,22.883727,7.686841
2012-04-13,20000,0,0,20000,0,58.626392,47.957243,0.278934,19.549999,22.873406,7.677137
2012-04-16,20000,0,0,20000,0,57.970943,42.958181,0.279284,19.549999,22.863148,7.667467
2012-04-17,20000,0,0,20000,0,59.148964,52.534729,0.280249,18.459999,22.8496,7.65952
2012-04-18,20000,0,0,20000,0,58.998386,51.348055,0.280119,18.639999,22.836687,7.65128
2012-04-19,20000,0,0,20000,0,58.33411,46.3717,0.280412,18.360001,22.822997,7.643546
2012-04-20,20000,0,0,20000,0,58.174667,45.238423,0.279216,17.440001,22.806585,7.637635
2012-04-23,20000,0,0,20000,0,57.643215,41.589919,0.279316,18.969999,22.794924,7.628917
2012-04-24,20000,0,0,20000,0,57.333233,39.584567,0.279393,18.1,22.780697,7.621697
2012-04-25,20000,0,0,20000,0,58.856682,51.867828,0.281035,16.82,22.762689,7.617189
2012-04-26,20000,0,0,20000,0,59.202103,54.144311,0.281007,16.24,22.743042,7.614094
2012-04-27,20000,0,0,20000,0,59.5564,56.421034,0.281072,16.32,22.723754,7.610762
2012-04-30,20000,0,0,20000,0,59.131256,53.019276,0.28122,17.15,22.707066,7.605443
2012-05-01,20000,0,0,20000,0,59.228676,53.708029,0.281208,16.6,22.688836,7.601376
2012-05-02,20000,0,0,20000,0,59.396961,54.937017,0.281149,16.879999,22.671548,7.596635
2012-05-03,20000,0,0,20000,0,58.768101,49.634099,0.28146,17.559999,22.65638,7.590431
2012-05-04,20000,0,0,20000,0,57.306637,39.976431,0.283057,19.16,22.646035,7.581546
2012-05-07,20000,0,0,20000,0,57.359806,40.430553,0.283037,18.940001,22.635103,7.572998
2012-05-08,20000,0,0,20000,0,57.147217,39.154985,0.283053,19.049999,22.624559,7.564319
2012-05-09,20000,0,0,20000,0,56.970074,38.076973,0.282917,20.08,22.617097,7.554444
2012-05-10,20000,0,0,20000,0,56.854927,37.356993,0.282781,18.83,22.606023,7.546138
2012-05-11,20000,0,0,20000,0,56.846081,37.298642,0.282703,19.889999,22.598105,7.536525
2012-05-14,20000,0,0,20000,0,56.314636,33.875385,0.282561,21.870001,22.595988,7.525633
2012-05-15,20000,0,0,20000,0,56.128639,32.74274,0.28178,21.969999,22.594174,7.514762
2012-05-16,20000,0,0,20000,0,55.747768,30.494282,0.281899,22.27,22.593237,7.503883
2012-05-17,20000,0,0,20000,0,54.569733,24.817596,0.282941,24.49,22.598703,7.493724
2012-05-18,20000,0,0,20000,0,53.861168,22.147061,0.283375,25.1,22.605891,7.484119
2012-05-21,20000,0,0,20000,0,55.366913,37.530777,0.285112,22.01,22.604183,7.473426
2012-05-22,20000,0,0,20000,0,55.304905,37.204741,0.284531,22.48,22.603829,7.462715
2012-05-23,20000,0,0,20000,0,55.411209,38.195988,0.284427,22.33,22.603048,7.452061
2012-05-24,20000,0,0,20000,0,55.048046,36.099501,0.28452,21.540001,22.600028,7.441653
2012-05-25,20000,0,0,20000,0,54.977192,35.687931,0.284443,21.76,22.597649,7.43121
2012-05-29,20000,0,0,20000,0,55.676926,42.642717,0.284769,21.030001,22.59322,7.421144
2012-05-30,20000,0,0,20000,0,55.207485,39.552443,0.284339,24.139999,22.597577,7.41111
2012-05-31,20000,0,0,20000,0,54.968334,38.040033,0.283124,24.059999,22.601685,7.40107
2012-06-01,20000,0,0,20000,0,53.506874,30.391929,0.285007,26.66,22.613053,7.393788
2012-06-04,20000,0,0,20000,0,53.914318,34.354556,0.284536,26.120001,22.622849,7.385752
2012-06-05,20000,0,0,20000,0,54.135735,36.471073,0.284385,24.68,22.628579,7.376228
2012-06-06,20000,0,0,20000,0,55.375774,46.813629,0.285623,22.16,22.627278,7.365989
2012-06-07,20000,0,0,20000,0,55.154346,45.392537,0.285524,21.719999,22.624765,7.355906
2012-06-08,20000,0,0,20000,0,55.685757,49.365196,0.285728,21.23,22.620912,7.346077
2012-06-11,20000,0,0,20000,0,54.746899,43.363083,0.285861,23.559999,22.623499,7.336089
2012-06-12,20000,0,0,20000,0,55.411209,48.165482,0.286195,22.09,22.622033,7.326031
2012-06-13,20000,0,0,20000,0,55.030327,45.769208,0.285959,24.27,22.626548,7.316469
2012-06-14,20000,0,0,20000,0,55.234051,47.280024,0.285002,21.68,22.623962,7.306607
2012-06-15,20000,0,0,20000,0,55.92028,52.118875,0.285299,21.110001,22.619836,7.297046
2012-06-18,20000,0,0,20000,0,56.444061,55.477858,0.285452,18.32,22.608152,7.290545
2012-06-19,20000,0,0,20000,0,57.029995,58.947367,0.285635,18.379999,22.596694,7.283959
2012-06-20,20000,0,0,20000,0,57.074379,59.206691,0.284565,17.24,22.582216,7.279411
2012-06-21,20000,0,0,20000,0,55.653954,48.621323,0.286095,20.08,22.575472,7.270728
2012-06-22,20000,0,0,20000,0,56.239891,52.401773,0.286152,18.110001,22.563468,7.264613
2012-06-25,20000,0,0,20000,0,55.156815,45.707,0.286339,20.379999,22.557614,7.255723
2012-06-26,20000,0,0,20000,0,55.503029,47.994241,0.285828,19.719999,22.550027,7.247475
2012-06-27,20000,0,0,20000,0,55.840397,50.196029,0.285394,19.450001,22.54176,7.23955
2012-06-28,20000,0,0,20000,0,55.21896,46.306938,0.285705,19.709999,22.534229,7.231366
2012-06-29,20000,0,0,20000,0,56.958981,56.475404,0.287648,17.08,22.519761,7.227204
2012-07-02,20000,0,0,20000,0,57.127651,57.319204,0.287136,16.799999,22.50463,7.223606
2012-07-03,20000,0,0,20000,0,57.607037,59.709946,0.287241,16.66,22.489208,7.220289
2012-07-05,20000,0,0,20000,0,57.642555,59.88922,0.287222,17.5,22.476079,7.215298
2012-07-06,20000,0,0,20000,0,56.923473,54.593031,0.287206,17.1,22.461968,7.21106
2012-07-09,20000,0,0,20000,0,56.816933,53.833424,0.287195,17.98,22.450236,7.20524
2012-07-10,20000,0,0,20000,0,56.257641,49.907642,0.286583,18.719999,22.440496,7.198327
2012-07-11,20000,0,0,20000,0,55.946915,47.821143,0.286509,17.950001,22.428802,7.192575
2012-07-12,20000,0,0,20000,0,55.423134,44.447819,0.286714,18.33,22.418156,7.18624
2012-07-13,20000,0,0,20000,0,56.266521,50.502406,0.286892,16.74,22.403446,7.182718
2012-07-16,20000,0,0,20000,0,56.106712,49.403649,0.286506,17.110001,22.389767,7.178453
2012-07-17,20000,0,0,20000,0,56.399673,51.48736,0.286479,16.48,22.374536,7.175448
2012-07-18,20000,0,0,20000,0,57.163155,56.513615,0.285675,16.16,22.35856,7.173119
2012-07-19,20000,0,0,20000,0,57.793468,60.181515,0.2859,15.45,22.340846,7.172429
2012-07-20,20000,0,0,20000,0,57.029995,54.216426,0.286278,16.27,22.32532,7.169804
2012-07-23,20000,0,0,20000,0,56.337551,49.430921,0.286425,18.620001,22.315867,7.163075
2012-07-24,20000,0,0,20000,0,55.893665,46.591838,0.286581,20.469999,22.31117,7.154538
2012-07-25,20000,0,0,20000,0,55.520794,44.29059,0.286689,19.34,22.303629,7.146998
2012-07-26,20000,0,0,20000,0,56.257641,49.589399,0.285338,17.530001,22.291544,7.141962
2012-07-27,20000,0,0,20000,0,57.589294,57.463641,0.286667,16.700001,22.277424,7.138448
2012-07-30,20000,0,0,20000,0,57.54488,57.143037,0.286635,18.030001,22.266725,7.132616
2012-07-31,20000,0,0,20000,0,57.527157,57.006359,0.28657,18.93,22.258342,7.12559
2012-08-01,20000,0,0,20000,0,57.358479,55.642267,0.284869,18.959999,22.250075,7.118548
2012-08-02,20000,0,0,20000,0,57.154278,53.958947,0.284707,17.57,22.238375,7.113472
2012-08-03,20000,0,0,20000,0,58.237373,60.742786,0.279582,15.64,22.22192,7.112212
2012-08-06,20000,0,0,20000,0,58.681244,63.139757,0.27957,15.95,22.206318,7.110222
2012-08-07,20000,0,0,20000,0,59.169506,65.62606,0.269231,15.99,22.190893,7.108122
2012-08-08,20000,0,0,20000,0,59.142887,65.367192,0.263478,15.32,22.173886,7.107522
2012-08-09,20000,0,0,20000,0,59.320419,66.321365,0.25841,15.28,22.156864,7.106981
2012-08-10,20000,0,0,20000,0,59.35593,66.520064,0.253413,14.74,22.138596,7.107739
2012-08-13,20000,0,0,20000,0,59.497978,67.349879,0.253242,13.7,22.117862,7.111293
2012-08-14,20000,0,0,20000,0,59.524593,67.512357,0.252703,14.85,22.100049,7.111659
2012-08-15,20000,0,0,20000,0,59.675533,68.470619,0.252459,14.63,22.081785,7.112536
2012-08-16,20000,0,0,20000,0,60.385735,72.570294,0.252661,14.29,22.06278,7.114251
2012-08-17,20000,0,0,20000,0,60.652077,73.938874,0.245011,13.45,22.041825,7.118259
2012-08-20,20000,0,0,20000,0,60.740852,74.397408,0.243891,14.02,22.022354,7.12057
2012-08-21,20000,0,0,20000,0,60.50119,70.776973,0.243955,15.02,22.005399,7.120265
2012-08-22,20000,0,0,20000,0,60.749729,72.283316,0.239379,15.11,21.988744,7.119709
2012-08-23,20000,0,0,20000,0,60.252586,65.059289,0.239503,15.96,21.974217,7.117261
2012-08-24,20000,0,0,20000,0,60.625446,67.669096,0.238651,15.18,21.957885,7.116481
2012-08-27,20000,0,0,20000,0,60.723095,68.336127,0.236946,16.35,21.944436,7.113226
2012-08-28,20000,0,0,20000,0,60.723095,68.336127,0.234799,16.49,21.931388,7.109699
2012-08-29,20000,0,0,20000,0,60.723095,68.336127,0.234703,17.059999,21.919761,7.105176
2012-08-30,20000,0,0,20000,0,60.110542,58.827087,0.235075,17.83,21.910024,7.099497
2012-08-31,20000,0,0,20000,0,60.510056,62.492915,0.234868,17.469999,21.899477,7.094342
2012-09-04,20000,0,0,20000,0,60.447891,61.574256,0.232994,17.98,21.89019,7.088479
2012-09-05,20000,0,0,20000,0,60.385735,60.614782,0.233005,17.74,21.880378,7.082951
2012-09-06,20000,0,0,20000,0,61.726261,71.081,0.232577,15.6,21.865566,7.081145
2012-09-07,20000,0,0,20000,0,61.637474,69.758748,0.232499,14.38,21.847953,7.082104
2012-09-10,20000,0,0,20000,0,60.847374,59.204394,0.231378,16.280001,21.834883,7.078909
2012-09-11,20000,0,0,20000,0,60.749729,58.035755,0.230973,16.41,21.822178,7.075468
2012-09-12,20000,0,0,20000,0,60.927284,59.597476,0.23051,15.8,21.808107,7.07317
2012-09-13,20000,0,0,20000,0,61.752861,65.943888,0.230451,14.05,21.790023,7.074825
2012-09-14,20000,0,0,20000,0,62.303341,69.395869,0.230053,14.51,21.773093,7.07529
2012-09-17,20000,0,0,20000,0,62.329914,69.556289,0.229842,14.59,21.756427,7.075523
2012-09-18,20000,0,0,20000,0,62.383202,69.897053,0.229841,14.18,21.738889,7.076704
2012-09-19,20000,0,0,20000,0,62.498623,70.663031,0.229754,13.88,21.720739,7.078591
2012-09-20,20000,0,0,20000,0,62.436489,69.635804,0.228688,14.07,21.703111,7.079944
2012-09-21,20000,0,0,20000,0,62.454311,69.771544,0.224987,13.98,21.685356,7.081471
2012-09-24,20000,0,0,20000,0,62.089275,63.509132,0.224852,14.15,21.668073,7.082526
2012-09-25,20000,0,0,20000,0,61.216778,51.590058,0.22523,15.43,21.653799,7.08069
2012-09-26,20000,0,0,20000,0,60.718212,46.248733,0.225208,16.809999,21.64274,7.07637
2012-09-27,20000,0,0,20000,0,61.555096,54.722767,0.224924,14.84,21.627244,7.07574
2012-09-28,20000,0,0,20000,0,61.047626,49.614864,0.224659,15.73,21.613841,7.073266
2012-10-01,20000,0,0,20000,0,60.958576,48.754856,0.222288,16.32,21.601837,7.06972
2012-10-02,20000,0,0,20000,0,61.136654,50.598962,0.219878,15.71,21.588507,7.067258
2012-10-03,20000,0,0,20000,0,61.528408,54.479805,0.218759,15.43,21.574605,7.065321
2012-10-04,20000,0,0,20000,0,61.742069,56.487514,0.216828,14.55,21.558784,7.065211
2012-10-05,20000,0,0,20000,0,61.412632,52.632861,0.216146,14.33,21.542539,7.065565
2012-10-08,20000,0,0,20000,0,60.851765,46.780037,0.216297,15.11,21.528117,7.064191
2012-10-09,20000,0,0,20000,0,59.881344,38.750807,0.213572,16.370001,21.516577,7.060484
2012-10-10,20000,0,0,20000,0,59.578636,36.638307,0.213564,16.290001,21.504911,7.056903
2012-10-11,20000,0,0,20000,0,59.391678,35.356304,0.213553,15.59,21.491737,7.054548
2012-10-12,20000,0,0,20000,0,59.364952,35.16687,0.213315,16.139999,21.479844,7.051202
2012-10-15,20000,0,0,20000,0,59.801201,40.747531,0.212396,15.27,21.466075,7.04943
2012-10-16,20000,0,0,20000,0,60.64698,49.774122,0.212105,15.22,21.452257,7.047737
2012-10-17,20000,0,0,20000,0,60.611385,49.432812,0.21165,15.07,21.438168,7.04632
2012-10-18,20000,0,0,20000,0,59.908039,43.138156,0.210778,15.03,21.424053,7.044961
2012-10-19,20000,0,0,20000,0,58.474667,33.715711,0.212785,17.059999,21.414462,7.040171
2012-10-22,20000,0,0,20000,0,58.777363,36.852538,0.212377,16.620001,21.403947,7.036013
2012-10-23,20000,0,0,20000,0,58.216488,33.672723,0.211361,18.83,21.398315,7.029326
2012-10-24,20000,0,0,20000,0,58.011711,32.567824,0.209993,18.33,21.391616,7.023094
2012-10-25,20000,0,0,20000,0,58.011711,32.567824,0.209983,18.120001,21.384488,7.017085
2012-10-26,20000,0,0,20000,0,58.180859,34.622883,0.207533,17.809999,21.376717,7.011418
2012-10-31,20000,0,0,20000,0,57.824738,32.385094,0.20768,18.6,21.370694,7.004986
2012-11-01,20000,0,0,20000,0,58.64381,41.715832,0.207264,16.690001,21.360563,7.000772
2012-11-02,20000,0,0,20000,0,58.020615,37.478063,0.205156,17.59,21.352419,6.995387
2012-11-05,20000,0,0,20000,0,58.40345,41.415311,0.205064,18.42,21.346099,6.989154
2012-11-06,20000,0,0,20000,0,58.510277,42.503378,0.203662,17.58,21.338,6.983803
2012-11-07,20000,0,0,20000,0,57.130318,33.776534,0.205644,19.08,21.333154,6.977073
2012-11-08,20000,0,0,20000,0,56.231121,29.52285,0.206418,18.49,21.327066,6.970825
2012-11-09,20000,0,0,20000,0,56.471489,31.988541,0.206041,18.610001,21.321261,6.96449
2012-11-12,20000,0,0,20000,0,56.462578,31.943922,0.201393,16.68,21.311365,6.960346
2012-11-13,20000,0,0,20000,0,56.070866,29.965301,0.201587,16.65,21.301447,6.956245
2012-11-14,20000,0,0,20000,0,55.412041,26.942559,0.200923,17.92,21.294267,6.950587
2012-11-15,20000,0,0,20000,0,55.225075,26.136788,0.200817,17.99,21.287267,6.94487
2012-11-16,20000,0,0,20000,0,55.465462,29.073845,0.200459,16.41,21.276956,6.941133
2012-11-19,20000,0,0,20000,0,56.783085,42.556869,0.20133,15.24,21.264219,6.939334
2012-11-20,20000,0,0,20000,0,56.8009,42.715427,0.199209,15.08,21.2512,6.937816
2012-11-21,20000,0,0,20000,0,56.916637,43.800764,0.198965,15.31,21.238718,6.935857
2012-11-23,20000,0,0,20000,0,57.780239,51.22641,0.198262,15.14,21.225933,6.934192
2012-11-26,20000,0,0,20000,0,58.029499,53.15053,0.198285,15.5,21.213954,6.931869
2012-11-27,20000,0,0,20000,0,57.833656,51.433671,0.196306,15.92,21.202902,6.928838
2012-11-28,20000,0,0,20000,0,58.332207,55.384591,0.196254,15.51,21.191042,6.926477
2012-11-29,20000,0,0,20000,0,58.679436,57.950356,0.192207,15.06,21.178295,6.924903
2012-11-30,20000,0,0,20000,0,58.581497,56.955433,0.192045,15.87,21.167282,6.921925
2012-12-03,20000,0,0,20000,0,58.465759,55.737599,0.187249,16.639999,21.157909,6.917809
2012-12-04,20000,0,0,20000,0,58.430149,55.345479,0.187104,17.120001,21.149566,6.913081
2012-12-05,20000,0,0,20000,0,57.780239,48.622371,0.187594,16.459999,21.139897,6.909217
2012-12-06,20000,0,0,20000,0,58.154156,52.218644,0.187317,16.58,21.130514,6.905189
2012-12-07,20000,0,0,20000,0,57.806946,48.802599,0.187439,15.9,21.119774,6.902152
2012-12-10,20000,0,0,20000,0,57.976097,50.501461,0.187459,16.049999,21.109385,6.898881
2012-12-11,20000,0,0,20000,0,58.732841,57.32409,0.186853,15.57,21.098057,6.89636
2012-12-12,20000,0,0,20000,0,58.608208,55.956115,0.18598,15.95,21.087551,6.893229
2012-12-13,20000,0,0,20000,0,58.145248,51.079901,0.185713,16.559999,21.07833,6.889222
2012-12-14,20000,0,0,20000,0,57.593273,45.93965,0.185583,17,21.070041,6.884659
2012-12-17,20000,0,0,20000,0,58.358929,53.004304,0.185144,16.34,21.060446,6.880957
2012-12-18,20000,0,0,20000,0,59.249229,59.613338,0.185899,15.57,21.049332,6.878412
2012-12-19,20000,0,0,20000,0,58.991043,57.105281,0.185929,17.360001,21.041879,6.873447
2012-12-20,20000,0,0,20000,0,58.991043,57.105281,0.185487,17.67,21.035081,6.868169
2012-12-21,20000,0,0,20000,0,58.370636,51.112432,0.182808,17.84,21.028652,6.862739
2012-12-24,20000,0,0,20000,0,58.254242,50.0512,0.181934,17.84,21.022249,6.85732
2012-12-26,20000,0,0,20000,0,57.743954,45.58278,0.182048,19.48,21.019158,6.85078
2012-12-27,20000,0,0,20000,0,57.654411,44.826518,0.181814,19.469999,21.01606,6.844263
2012-12-28,20000,0,0,20000,0,57.099354,40.35678,0.182192,22.719999,21.019461,6.837839
2012-12-31,20000,0,0,20000,0,58.307934,51.659443,0.183235,18.02,21.013486,6.832323
2013-01-02,20000,0,0,20000,0,60.16114,63.181275,0.186723,14.68,21.000895,6.831354
2013-01-03,20000,0,0,20000,0,59.84779,60.553196,0.186811,14.56,20.988115,6.830587
2013-01-04,20000,0,0,20000,0,59.650829,58.894904,0.185578,13.83,20.973941,6.831238
2013-01-07,20000,0,0,20000,0,59.668755,59.004938,0.18553,13.79,20.959743,6.83194
2013-01-08,20000,0,0,20000,0,59.552353,57.920655,0.185334,13.62,20.945266,6.832965
2013-01-09,20000,0,0,20000,0,59.776165,59.463115,0.18534,13.81,20.93122,6.83356
2013-01-10,20000,0,0,20000,0,60.134266,61.87137,0.185391,13.49,20.916601,6.834794
2013-01-11,20000,0,0,20000,0,60.21484,62.412461,0.185222,13.36,20.901784,6.83627
2013-01-14,20000,0,0,20000,0,59.946293,59.387471,0.185315,13.52,20.887339,6.837367
2013-01-15,20000,0,0,20000,0,59.650829,56.162208,0.185391,13.55,20.873008,6.838366
2013-01-16,20000,0,0,20000,0,59.892544,58.163933,0.185369,13.42,20.85848,6.839605
2013-01-17,20000,0,0,20000,0,60.179035,60.468016,0.185157,13.57,20.8443,6.840494
2013-01-18,20000,0,0,20000,0,60.044758,58.832553,0.184562,12.46,20.828019,6.843816
2013-01-22,20000,0,0,20000,0,60.143223,59.693456,0.18444,12.43,20.811744,6.847157
2013-01-23,20000,0,0,20000,0,60.510296,62.815359,0.184545,12.46,20.79559,6.850373
2013-01-24,20000,0,0,20000,0,59.677704,52.821776,0.185352,12.69,20.779942,6.853005
2013-01-25,20000,0,0,20000,0,59.982086,55.602668,0.185413,12.89,20.76474,6.855141
2013-01-28,20000,0,0,20000,0,60.116375,56.812176,0.184862,13.57,20.750904,6.855798
2013-01-29,20000,0,0,20000,0,60.125328,56.896487,0.184802,13.31,20.736622,6.856956
2013-01-30,20000,0,0,20000,0,59.999985,55.269734,0.184803,14.32,20.724329,6.856127
2013-01-31,20000,0,0,20000,0,59.865711,53.504902,0.18483,14.28,20.712008,6.85535
2013-02-01,20000,0,0,20000,0,60.572941,60.6348,0.185324,12.9,20.697099,6.857291
2013-02-04,20000,0,0,20000,0,59.516556,48.63727,0.186363,14.67,20.685619,6.855792
2013-02-05,20000,0,0,20000,0,60.393894,56.360202,0.187118,13.72,20.672376,6.85599
2013-02-06,20000,0,0,20000,0,60.196945,54.383362,0.186493,13.41,20.658596,6.856772
2013-02-07,20000,0,0,20000,0,60.250671,54.848613,0.186488,13.5,20.645038,6.857344
2013-02-08,20000,0,0,20000,0,60.868401,59.911314,0.18685,13.02,20.630624,6.858864
2013-02-11,20000,0,0,20000,0,60.886307,60.051146,0.186757,12.94,20.616113,6.860516
2013-02-12,20000,0,0,20000,0,60.635639,57.051105,0.186655,12.64,20.601092,6.862775
2013-02-13,20000,0,0,20000,0,60.850471,58.944175,0.186483,12.98,20.586767,6.864267
2013-02-14,20000,0,0,20000,0,60.832573,58.711985,0.186179,12.66,20.571895,6.866402
2013-02-15,20000,0,0,20000,0,60.653515,56.32175,0.186202,12.46,20.556704,6.868934
2013-02-19,20000,0,0,20000,0,61.092216,60.55845,0.186176,12.31,20.54129,6.871755
2013-02-20,20000,0,0,20000,0,60.152176,49.482601,0.186463,14.68,20.530354,6.869996
2013-02-21,20000,0,0,20000,0,59.507591,43.594777,0.186889,15.22,20.520466,6.867409
2013-02-22,20000,0,0,20000,0,60.107418,49.604131,0.187233,14.17,20.508662,6.866472
2013-02-25,20000,0,0,20000,0,59.364365,43.431229,0.187764,18.99,20.505844,6.8604
2013-02-26,20000,0,0,20000,0,59.588165,45.625998,0.187655,16.870001,20.499111,6.855818
2013-02-27,20000,0,0,20000,0,60.196945,51.175266,0.187995,14.73,20.488447,6.853957
2013-02-28,20000,0,0,20000,0,60.071606,50.042868,0.18801,15.51,20.479262,6.850957
2013-03-01,20000,0,0,20000,0,60.322281,52.315475,0.187695,15.36,20.469834,6.848159
2013-03-04,20000,0,0,20000,0,60.590839,54.693412,0.187678,14.01,20.45796,6.847454
2013-03-05,20000,0,0,20000,0,61.486111,61.572966,0.188252,13.48,20.445156,6.847684
2013-03-06,20000,0,0,20000,0,61.333939,59.907838,0.188277,13.53,20.432491,6.847797
2013-03-07,20000,0,0,20000,0,61.495052,61.10709,0.18786,13.06,20.419013,6.848781
2013-03-08,20000,0,0,20000,0,61.566662,61.656087,0.187462,12.59,20.404726,6.850686
2013-03-11,20000,0,0,20000,0,61.74572,63.060199,0.18728,11.56,20.388616,6.854834
2013-03-12,20000,0,0,20000,0,61.521927,60.098074,0.186922,12.27,20.373855,6.857332
2013-03-13,20000,0,0,20000,0,61.441353,59.023087,0.186873,11.83,20.358348,6.860757
2013-03-14,20000,0,0,20000,0,61.647263,60.945641,0.18691,11.3,20.341938,6.865363
2013-03-15,20000,0,0,20000,0,61.475887,58.486133,0.18566,11.3,20.325588,6.86991
2013-03-18,20000,0,0,20000,0,61.341251,56.555164,0.18564,13.36,20.313014,6.870073
2013-03-19,20000,0,0,20000,0,61.224609,54.865122,0.185628,14.39,20.302342,6.868473
2013-03-20,20000,0,0,20000,0,61.655319,59.658994,0.185808,12.67,20.288615,6.869912
2013-03-21,20000,0,0,20000,0,60.955406,50.308047,0.186142,13.99,20.277307,6.868918
2013-03-22,20000,0,0,20000,0,61.547653,56.518555,0.186485,13.57,20.265287,6.86862
2013-03-25,20000,0,0,20000,0,61.323318,53.776886,0.186541,13.74,20.253614,6.86801
2013-03-26,20000,0,0,20000,0,61.655319,57.094063,0.186629,12.77,20.24025,6.869148
2013-03-27,20000,0,0,20000,0,61.736088,57.88588,0.186632,13.15,20.227611,6.869537
2013-03-28,20000,0,0,20000,0,61.888645,59.409605,0.185504,12.7,20.214217,6.870754
2013-04-01,20000,0,0,20000,0,61.466888,53.632379,0.185683,13.58,20.202433,6.87033
2013-04-02,20000,0,0,20000,0,61.951435,58.611991,0.185853,12.78,20.189273,6.871337
2013-04-03,20000,0,0,20000,0,61.386131,51.643661,0.186127,14.21,20.17869,6.86985
2013-04-04,20000,0,0,20000,0,61.404091,51.83956,0.186112,13.89,20.167579,6.868856
2013-04-05,20000,0,0,20000,0,60.892601,46.110263,0.18598,13.92,20.156561,6.867799
2013-04-08,20000,0,0,20000,0,61.215645,49.877975,0.186087,13.19,20.144296,6.867963
2013-04-09,20000,0,0,20000,0,61.628414,54.276821,0.185515,12.84,20.131459,6.868744
2013-04-10,20000,0,0,20000,0,62.830826,64.147732,0.186798,12.36,20.117825,6.870421
2013-04-11,20000,0,0,20000,0,62.803902,63.815516,0.186567,12.24,20.104028,6.872303
2013-04-12,20000,0,0,20000,0,62.759048,63.228046,0.18552,12.06,20.089965,6.874516
2013-04-15,20000,0,0,20000,0,61.520714,49.640911,0.187014,17.27,20.085044,6.869514
2013-04-16,20000,0,0,20000,0,62.337296,56.308401,0.187184,13.96,20.074373,6.868277
2013-04-17,20000,0,0,20000,0,61.116951,46.417539,0.187795,16.51,20.068174,6.863901
2013-04-18,20000,0,0,20000,0,60.273464,41.050226,0.188055,17.559999,20.063819,6.858726
2013-04-19,20000,0,0,20000,0,61.098995,47.45424,0.187216,14.97,20.054991,6.85605
2013-04-22,20000,0,0,20000,0,61.727127,51.749361,0.187579,14.39,20.04519,6.854158
2013-04-23,20000,0,0,20000,0,62.319332,55.44697,0.187401,13.48,20.033851,6.853659
2013-04-24,20000,0,0,20000,0,62.292419,55.239794,0.187368,13.61,20.022776,6.852931
2013-04-25,20000,0,0,20000,0,62.624454,57.356804,0.187118,13.62,20.011756,6.852171
2013-04-26,20000,0,0,20000,0,62.427044,55.67091,0.187039,13.61,20.000756,6.851413
2013-04-29,20000,0,0,20000,0,63.001305,59.408596,0.184731,13.71,19.989966,6.85048
2013-04-30,20000,0,0,20000,0,63.458969,62.147822,0.184799,13.52,19.978887,6.849837
2013-05-01,20000,0,0,20000,0,63.162819,59.35649,0.184766,14.49,19.969504,6.847731
2013-05-02,20000,0,0,20000,0,63.961441,64.046184,0.185141,13.59,19.958618,6.846949
2013-05-03,20000,0,0,20000,0,64.71521,67.820312,0.185639,12.85,19.946508,6.847394
2013-05-06,20000,0,0,20000,0,64.966461,68.988854,0.185663,12.66,19.934116,6.848154
2013-05-07,20000,0,0,20000,0,64.930557,68.605465,0.185193,12.83,19.922054,6.848587
2013-05-08,20000,0,0,20000,0,65.244644,70.167336,0.182685,12.66,19.909746,6.849299
2013-05-09,20000,0,0,20000,0,65.154884,69.109194,0.182699,13.13,19.898274,6.849172
2013-05-10,20000,0,0,20000,0,65.549713,71.168795,0.182748,12.59,19.885929,6.849964
2013-05-13,20000,0,0,20000,0,65.630493,71.586205,0.182697,12.55,19.873558,6.850803
2013-05-14,20000,0,0,20000,0,65.971458,73.340653,0.182754,12.77,19.861599,6.851226
2013-05-15,20000,0,0,20000,0,66.106079,74.022666,0.18276,12.81,19.849748,6.851558
2013-05-16,20000,0,0,20000,0,66.034279,72.950724,0.182375,13.07,19.838372,6.851429
2013-05-17,20000,0,0,20000,0,66.671379,76.238796,0.18263,12.45,19.825997,6.852354
2013-05-20,20000,0,0,20000,0,66.572678,74.723343,0.182425,13.02,19.814615,6.852267
2013-05-21,20000,0,0,20000,0,66.644455,75.110802,0.180479,13.37,19.803856,6.851597
2013-05-22,20000,0,0,20000,0,66.061188,66.226869,0.180076,13.82,19.793883,6.850233
2013-05-23,20000,0,0,20000,0,65.908646,64.091798,0.177203,14.07,19.784359,6.848503
2013-05-24,20000,0,0,20000,0,65.872772,63.572739,0.177196,13.99,19.774734,6.846877
2013-05-28,20000,0,0,20000,0,66.303482,67.025663,0.177328,14.48,19.765954,6.844585
2013-05-29,20000,0,0,20000,0,65.989418,62.382228,0.177233,14.83,19.757781,6.841856
2013-05-30,20000,0,0,20000,0,66.339363,65.269426,0.177301,14.53,19.74914,6.839493
2013-05-31,20000,0,0,20000,0,65.729218,57.048081,0.177122,16.299999,19.743449,6.835274
2013-06-03,20000,0,0,20000,0,65.84584,58.133592,0.176785,16.280001,19.737743,6.831079
2013-06-04,20000,0,0,20000,0,65.504875,53.848722,0.176823,16.27,19.732039,6.826898
2013-06-05,20000,0,0,20000,0,64.652367,44.931412,0.174458,17.5,19.728374,6.821881
2013-06-06,20000,0,0,20000,0,64.966461,48.326659,0.174334,16.629999,19.723295,6.817432
2013-06-07,20000,0,0,20000,0,65.85482,56.496354,0.174969,15.14,19.715794,6.814365
2013-06-10,20000,0,0,20000,0,65.881714,56.719443,0.172974,15.44,19.708807,6.81098
2013-06-11,20000,0,0,20000,0,65.226692,49.994819,0.173357,17.07,19.704502,6.806248
2013-06-12,20000,0,0,20000,0,64.472946,43.590384,0.173647,18.59,19.702687,6.800842
2013-06-13,20000,0,0,20000,0,65.289505,50.924792,0.172944,16.41,19.697333,6.796599
2013-06-14,20000,0,0,20000,0,64.858772,47.422132,0.172622,17.15,19.693198,6.791847
2013-06-17,20000,0,0,20000,0,65.486908,52.547853,0.172721,16.799999,19.688509,6.787331
2013-06-18,20000,0,0,20000,0,66.025284,56.46531,0.172918,16.610001,19.683527,6.782959
2013-06-19,20000,0,0,20000,0,65.289505,50.347793,0.172936,16.639999,19.678611,6.778573
2013-06-20,20000,0,0,20000,0,63.737114,40.402083,0.175132,20.49,19.679919,6.773174
2013-06-21,20000,0,0,20000,0,63.398659,38.611255,0.174867,18.9,19.678663,6.767782
2013-06-24,20000,0,0,20000,0,62.76857,35.460062,0.175312,20.110001,19.679357,6.762352
2013-06-25,20000,0,0,20000,0,63.227646,39.344252,0.172775,18.469999,19.677416,6.757088
2013-06-26,20000,0,0,20000,0,63.794731,43.840437,0.172656,17.209999,19.673462,6.752385
2013-06-27,20000,0,0,20000,0,64.064774,45.89709,0.171032,16.860001,19.66896,6.747911
2013-06-28,20000,0,0,20000,0,64.154793,46.599149,0.170898,16.860001,19.664473,6.743445
2013-07-01,20000,0,0,20000,0,64.55085,49.692257,0.170903,16.370001,19.659218,6.739341
2013-07-02,20000,0,0,20000,0,64.577888,49.905584,0.170314,16.440001,19.654092,6.73519
2013-07-03,20000,0,0,20000,0,64.838943,52.021002,0.166382,16.200001,19.648601,6.731234
2013-07-05,20000,0,0,20000,0,65.334023,55.830408,0.166574,14.89,19.641048,6.728553
2013-07-08,20000,0,0,20000,0,65.397049,56.306029,0.166308,14.78,19.633344,6.725995
2013-07-09,20000,0,0,20000,0,65.793129,59.273962,0.166441,14.35,19.624984,6.723949
2013-07-10,20000,0,0,20000,0,66.171165,61.931812,0.165809,14.21,19.61643,6.722073
2013-07-11,20000,0,0,20000,0,67.485413,69.406808,0.167352,14.01,19.607587,6.720451
2013-07-12,20000,0,0,20000,0,67.782486,70.802427,0.166925,13.84,19.598504,6.719048
2013-07-15,20000,0,0,20000,0,67.935501,71.523022,0.166763,13.79,19.589371,6.717705
2013-07-16,20000,0,0,20000,0,67.845505,70.42217,0.166331,14.42,19.581256,6.715546
2013-07-17,20000,0,0,20000,0,68.016518,71.325341,0.16545,13.78,19.572163,6.714202
2013-07-18,20000,0,0,20000,0,67.845505,69.054532,0.16544,13.77,19.563083,6.712864
2013-07-19,20000,0,0,20000,0,67.143349,60.532983,0.165893,12.54,19.552109,6.713351
2013-07-22,20000,0,0,20000,0,67.341408,61.958998,0.165203,12.29,19.54078,6.714234
2013-07-23,20000,0,0,20000,0,66.846306,56.466555,0.165013,12.66,19.530062,6.714489
2013-07-24,20000,0,0,20000,0,67.062325,58.20733,0.164194,13.18,19.520187,6.713929
2013-07-25,20000,0,0,20000,0,67.485413,61.458036,0.163599,12.97,19.510016,6.71367
2013-07-26,20000,0,0,20000,0,67.845505,64.022938,0.163361,12.72,19.499488,6.713781
2013-07-29,20000,0,0,20000,0,67.719475,62.456337,0.163144,13.39,19.490031,6.712879
2013-07-30,20000,0,0,20000,0,68.079552,65.085034,0.162552,13.39,19.480603,6.711967
2013-07-31,20000,0,0,20000,0,68.205566,65.982699,0.160254,13.45,19.471296,6.710961
2013-08-01,20000,0,0,20000,0,68.898689,70.478569,0.160643,12.94,19.461233,6.71068
2013-08-02,20000,0,0,20000,0,69.285728,72.652107,0.160746,11.98,19.449723,6.711925
2013-08-05,20000,0,0,20000,0,69.330788,72.902243,0.160685,11.84,19.438034,6.713389
2013-08-06,20000,0,0,20000,0,68.916664,66.850401,0.160805,12.72,19.42773,6.713388
2013-08-07,20000,0,0,20000,0,68.790657,65.080109,0.159359,12.98,19.417856,6.712981
2013-08-08,20000,0,0,20000,0,69.132721,67.58926,0.159225,12.73,19.40763,6.712935
2013-08-09,20000,0,0,20000,0,68.853699,63.576296,0.159058,13.41,19.398473,6.711893
2013-08-12,20000,0,0,20000,0,69.015686,64.879971,0.159066,12.81,19.38843,6.711699
2013-08-13,20000,0,0,20000,0,69.402794,67.842128,0.159153,12.31,19.377656,6.712265
2013-08-14,20000,0,0,20000,0,69.141716,63.926028,0.15924,13.04,19.368024,6.711703
2013-08-15,20000,0,0,20000,0,67.971497,49.995511,0.160631,14.73,19.360986,6.709034
2013-08-16,20000,0,0,20000,0,67.944489,49.726181,0.160635,14.37,19.353424,6.706757
2013-08-19,20000,0,0,20000,0,67.827484,48.507044,0.160639,15.1,19.346989,6.703715
2013-08-20,20000,0,0,20000,0,68.12455,51.742024,0.160128,14.91,19.340287,6.700862
2013-08-21,20000,0,0,20000,0,67.890495,49.123467,0.160127,15.94,19.335158,6.697101
2013-08-22,20000,0,0,20000,0,68.556641,55.955459,0.160512,14.76,19.328268,6.694404
2013-08-23,20000,0,0,20000,0,69.015686,59.946964,0.160594,13.98,19.320226,6.692575
2013-08-26,20000,0,0,20000,0,69.05172,60.251474,0.160536,14.99,19.313724,6.689646
2013-08-27,20000,0,0,20000,0,67.638443,45.606266,0.162204,16.77,19.30991,6.685347
2013-08-28,20000,0,0,20000,0,67.899475,48.114815,0.162109,16.49,19.305689,6.681225
2013-08-29,20000,0,0,20000,0,68.376564,52.432712,0.162294,16.809999,19.301958,6.676919
2013-08-30,20000,0,0,20000,0,67.935501,48.42084,0.162507,17.01,19.298537,6.672515
2013-09-03,20000,0,0,20000,0,68.322586,51.899297,0.162628,16.610001,19.294531,6.668341
2013-09-04,20000,0,0,20000,0,69.05172,57.687767,0.162578,15.88,19.289449,6.664672
2013-09-05,20000,0,0,20000,0,69.168739,58.549901,0.162419,15.77,19.28422,6.661093
2013-09-06,20000,0,0,20000,0,69.249763,59.170235,0.16241,15.85,19.279125,6.657457
2013-09-09,20000,0,0,20000,0,70.059898,64.836756,0.162943,15.63,19.273719,6.653999
2013-09-10,20000,0,0,20000,0,70.401955,66.92402,0.160982,14.53,19.266701,6.651571
2013-09-11,20000,0,0,20000,0,70.26693,65.276811,0.160991,13.82,19.258656,6.649945
2013-09-12,20000,0,0,20000,0,70.221916,64.705046,0.160184,14.29,19.251327,6.647771
2013-09-13,20000,0,0,20000,0,70.26693,65.034867,0.160162,14.16,19.243829,6.645739
2013-09-16,20000,0,0,20000,0,70.077919,62.398135,0.160185,14.38,19.236676,6.643463
2013-09-17,20000,0,0,20000,0,70.545975,66.067048,0.1596,14.53,19.229765,6.641025
2013-09-18,20000,0,0,20000,0,71.392105,71.483855,0.159872,13.59,19.221496,6.639661
2013-09-19,20000,0,0,20000,0,71.563164,72.441638,0.159887,13.16,19.212621,6.638844
2013-09-20,20000,0,0,20000,0,71.317612,68.865913,0.159958,13.12,19.203713,6.638071
2013-09-23,20000,0,0,20000,0,71.173141,66.777457,0.15998,14.31,19.196569,6.635852
2013-09-24,20000,0,0,20000,0,71.173141,66.777457,0.159971,14.08,19.189111,6.633883
2013-09-25,20000,0,0,20000,0,70.929359,63.036312,0.160041,14.01,19.181572,6.63199
2013-09-26,20000,0,0,20000,0,71.480118,67.470338,0.16009,14.06,19.174128,6.630038
2013-09-27,20000,0,0,20000,0,71.389786,66.070443,0.159122,15.46,19.168737,6.626728
2013-09-30,20000,0,0,20000,0,71.218262,63.381313,0.158812,16.6,19.165014,6.62264
2013-10-01,20000,0,0,20000,0,71.940552,69.087101,0.158443,15.54,19.159768,6.619276
2013-10-02,20000,0,0,20000,0,71.913498,68.655591,0.158084,16.6,19.156069,6.6152
2013-10-03,20000,0,0,20000,0,71.073837,56.798228,0.158763,17.67,19.153925,6.61066
2013-10-04,20000,0,0,20000,0,71.687752,61.969874,0.159029,16.74,19.150447,6.606524
2013-10-07,20000,0,0,20000,0,71.091873,55.077963,0.159241,19.41,19.15082,6.60177
2013-10-08,20000,0,0,20000,0,69.719521,43.170082,0.161011,20.34,19.152529,6.597172
2013-10-09,20000,0,0,20000,0,69.502869,41.639544,0.160916,19.6,19.153171,6.592453
2013-10-10,20000,0,0,20000,0,70.974495,53.658154,0.162355,16.48,19.149341,6.588499
2013-10-11,20000,0,0,20000,0,71.534279,57.263463,0.161336,15.72,19.144435,6.585056
2013-10-14,20000,0,0,20000,0,72.039864,60.269867,0.161364,16.07,19.140043,6.58137
2013-10-15,20000,0,0,20000,0,71.759972,57.84389,0.161392,18.66,19.139358,6.576692
2013-10-16,20000,0,0,20000,0,72.572578,62.556269,0.161877,14.71,19.133048,6.574125
2013-10-17,20000,0,0,20000,0,72.987885,64.726476,0.161795,13.48,19.125007,6.5729
2013-10-18,20000,0,0,20000,0,74.170662,70.050406,0.162053,13.04,19.116364,6.572226
2013-10-21,20000,0,0,20000,0,74.333176,70.704671,0.162053,13.16,19.107915,6.571387
2013-10-22,20000,0,0,20000,0,74.441536,71.157117,0.161356,13.33,19.099731,6.570324
2013-10-23,20000,0,0,20000,0,73.990067,66.545737,0.158727,13.42,19.091697,6.569143
2013-10-24,20000,0,0,20000,0,74.315117,68.146323,0.1587,13.2,19.083376,6.568229
2013-10-25,20000,0,0,20000,0,74.847816,70.62659,0.158366,13.09,19.074922,6.567447
2013-10-28,20000,0,0,20000,0,74.86586,70.709783,0.158275,13.31,19.066803,6.566379
2013-10-29,20000,0,0,20000,0,74.992249,71.322476,0.158272,13.41,19.058847,6.565182
2013-10-30,20000,0,0,20000,0,74.920029,70.416063,0.158274,13.65,19.05125,6.563694
2013-10-31,20000,0,0,20000,0,74.748466,68.198756,0.15809,13.75,19.043815,6.562087
2013-11-01,20000,0,0,20000,0,74.766571,68.312152,0.157309,13.28,19.035742,6.561031
2013-11-04,20000,0,0,20000,0,74.874886,69.023801,0.156683,12.93,19.027203,6.560409
2013-11-05,20000,0,0,20000,0,74.956131,69.575738,0.156539,13.27,19.019162,6.55935
2013-11-06,20000,0,0,20000,0,74.938057,69.279997,0.156543,12.67,19.010307,6.559055
2013-11-07,20000,0,0,20000,0,73.52961,51.064483,0.155527,13.91,19.003203,6.557243
2013-11-08,20000,0,0,20000,0,74.522789,59.209068,0.154904,12.9,18.994715,6.556627
2013-11-11,20000,0,0,20000,0,74.405403,57.980776,0.154891,12.53,18.985736,6.556493
2013-11-12,20000,0,0,20000,0,74.522789,58.899004,0.154885,12.82,18.977184,6.555961
2013-11-13,20000,0,0,20000,0,75.425659,65.198362,0.155133,12.52,18.968241,6.555819
2013-11-14,20000,0,0,20000,0,75.660393,66.630321,0.154357,12.37,18.959115,6.555872
2013-11-15,20000,0,0,20000,0,75.80481,67.515903,0.154259,12.19,18.949765,6.556165
2013-11-18,20000,0,0,20000,0,75.064507,58.888435,0.154784,13.1,18.941697,6.555237
2013-11-19,20000,0,0,20000,0,74.847816,56.608245,0.152515,13.39,18.93405,6.553954
2013-11-20,20000,0,0,20000,0,74.667236,54.707163,0.15257,13.4,18.926437,6.552654
2013-11-21,20000,0,0,20000,0,75.425659,60.679763,0.15295,12.66,18.91783,6.552263
2013-11-22,20000,0,0,20000,0,75.831902,63.459282,0.152113,12.26,18.908697,6.552403
2013-11-25,20000,0,0,20000,0,76.012527,64.655618,0.152071,12.79,18.900315,6.551822
2013-11-26,20000,0,0,20000,0,76.409782,67.19914,0.152057,12.81,18.891984,6.551207
2013-11-27,20000,0,0,20000,0,76.942459,70.28689,0.151954,12.98,18.883907,6.55037
2013-11-29,20000,0,0,20000,0,77.402893,72.680828,0.151955,13.7,18.876835,6.548694
2013-12-02,20000,0,0,20000,0,77.177223,69.716074,0.151995,14.23,18.870504,6.546473
2013-12-03,20000,0,0,20000,0,77.114006,68.868582,0.151968,14.55,18.864626,6.543953
2013-12-04,20000,0,0,20000,0,77.186211,69.32722,0.151954,14.7,18.858967,6.541301
2013-12-05,20000,0,0,20000,0,77.086914,67.8469,0.151259,15.08,18.85384,6.538337
2013-12-06,20000,0,0,20000,0,77.646729,71.536918,0.151302,13.79,18.846978,6.536559
2013-12-09,20000,0,0,20000,0,77.96273,73.393139,0.151097,13.49,18.839729,6.5351
2013-12-10,20000,0,0,20000,0,77.908493,72.518975,0.1511,13.91,18.833068,6.533191
2013-12-11,20000,0,0,20000,0,76.906357,58.624828,0.151375,15.42,18.828462,6.529979
2013-12-12,20000,0,0,20000,0,76.707695,56.321138,0.15139,15.54,18.82403,6.526688
2013-12-13,20000,0,0,20000,0,76.608421,55.154785,0.151029,15.76,18.819906,6.523257
2013-12-16,20000,0,0,20000,0,77.032753,59.057681,0.150576,16.030001,18.816156,6.519668
2013-12-17,20000,0,0,20000,0,76.879265,57.121161,0.15,16.209999,18.812658,6.515985
2013-12-18,20000,0,0,20000,0,77.773087,64.434774,0.15,13.8,18.805938,6.514196
2013-12-19,20000,0,0,20000,0,77.556396,61.687761,0.15,14.15,18.799705,6.512057
2013-12-20,20000,0,0,20000,0,78.346214,67.180023,0.15,13.79,18.793008,6.510274
2013-12-23,20000,0,0,20000,0,79.170448,71.73396,0.15,13.04,18.785327,6.509316
2013-12-24,20000,0,0,20000,0,79.206665,71.91834,0.15,12.48,18.77692,6.509042
2013-12-26,20000,0,0,20000,0,79.469337,73.279725,0.15,12.33,18.768336,6.508954
2013-12-27,20000,0,0,20000,0,79.270073,70.487995,0.15,12.46,18.759947,6.508686
2013-12-30,20000,0,0,20000,0,79.152298,68.819186,0.15,13.56,18.753041,6.507117
2013-12-31,20000,0,0,20000,0,79.668602,71.953922,0.15,13.72,18.746366,6.505377
2014-01-02,20000,0,0,20000,0,79.04361,63.616409,0.15,14.23,18.740384,6.503139
2014-01-03,20000,0,0,20000,0,78.473045,57.110438,0.15,13.76,18.733796,6.501355
2014-01-06,20000,0,0,20000,0,78.183174,54.08423,0.15,13.55,18.726948,6.499785
2014-01-07,20000,0,0,20000,0,78.907768,59.816255,0.15,12.92,18.719288,6.498914
2014-01-08,20000,0,0,20000,0,79.07988,61.059752,0.15,12.87,18.711581,6.498095
2014-01-09,20000,0,0,20000,0,78.8172,58.104426,0.15,12.89,18.703921,6.497246
2014-01-10,20000,0,0,20000,0,79.070831,60.111921,0.15,12.14,18.695296,6.497328
2014-01-13,20000,0,0,20000,0,77.902382,48.566402,0.15,13.28,18.688189,6.496021
2014-01-14,20000,0,0,20000,0,79.387817,59.275193,0.15,12.28,18.67979,6.495901
2014-01-15,20000,0,0,20000,0,80.039948,62.92477,0.15,12.28,18.671414,6.49577
2014-01-16,20000,0,0,20000,0,80.049011,62.974434,0.15,12.53,18.663386,6.495314
2014-01-17,20000,0,0,20000,0,79.596107,58.740174,0.15,12.44,18.655261,6.494961
2014-01-21,20000,0,0,20000,0,80.202988,62.389435,0.15,12.87,18.647718,6.494081
2014-01-22,20000,0,0,20000,0,80.41127,63.579996,0.15,12.84,18.640156,6.493229
2014-01-23,20000,0,0,20000,0,80.139565,60.872942,0.15,13.77,18.633823,6.491376
2014-01-24,20000,0,0,20000,0,78.563591,48.084525,0.15,18.139999,18.633182,6.487178
2014-01-27,20000,0,0,20000,0,77.802765,43.349741,0.15,17.42,18.631608,6.483112
2014-01-28,20000,0,0,20000,0,77.757477,43.077827,0.15,15.8,18.62794,6.479707
2014-01-29,20000,0,0,20000,0,76.924202,38.315601,0.15,17.35,18.626287,6.475673
2014-01-30,20000,0,0,20000,0,78.346214,48.731696,0.15,17.290001,18.624561,6.471661
2014-01-31,20000,0,0,20000,0,78.137856,47.46692,0.15,18.41,18.624284,6.467483
2014-02-03,20000,0,0,20000,0,76.344559,38.262428,0.152016,21.440001,18.627912,6.4641
2014-02-04,20000,0,0,20000,0,76.90612,42.051893,0.150563,19.110001,18.628533,6.459957
2014-02-05,20000,0,0,20000,0,76.706848,41.088112,0.15,19.950001,18.630231,6.455972
2014-02-06,20000,0,0,20000,0,77.685005,47.454264,0.150299,17.23,18.628434,6.452017
2014-02-07,20000,0,0,20000,0,79.070831,54.891585,0.151624,15.29,18.624154,6.448982
2014-02-10,20000,0,0,20000,0,79.523682,57.031797,0.151329,15.26,18.619846,6.445971
2014-02-11,20000,0,0,20000,0,80.429413,61.01578,0.151827,14.51,18.614591,6.443519
2014-02-12,20000,0,0,20000,0,80.583397,61.666523,0.151699,14.3,18.60908,6.441244
2014-02-13,20000,0,0,20000,0,81.18119,64.167222,0.151858,14.14,18.60338,6.439108
2014-02-14,20000,0,0,20000,0,81.344185,64.840709,0.151851,13.57,18.596968,6.437507
2014-02-18,20000,0,0,20000,0,81.742744,66.498823,0.151836,13.87,18.590954,6.435614
2014-02-19,20000,0,0,20000,0,81.18119,62.058082,0.15197,15.5,18.587027,6.432463
2014-02-20,20000,0,0,20000,0,81.561577,63.820551,0.150701,14.79,18.582208,6.429798
2014-02-21,20000,0,0,20000,0,81.452896,62.921236,0.15004,14.68,18.577262,6.427218
2014-02-24,20000,0,0,20000,0,81.887642,65.043258,0.15,14.23,18.571759,6.425006
2014-02-25,20000,0,0,20000,0,81.797081,64.218784,0.15,13.67,18.565563,6.423303
2014-02-26,20000,0,0,20000,0,81.724625,63.524976,0.15,14.35,18.56024,6.420989
2014-02-27,20000,0,0,20000,0,82.25486,66.386927,0.15,14.04,18.55454,6.418941
2014-02-28,20000,0,0,20000,0,82.163879,65.438155,0.15,14,18.548804,6.416929
2014-03-03,20000,0,0,20000,0,81.55455,59.323211,0.15,16,18.545597,6.413524
2014-03-04,20000,0,0,20000,0,82.591324,65.270004,0.15,14.1,18.540013,6.411425
2014-03-05,20000,0,0,20000,0,82.818733,66.429329,0.15,13.89,18.534178,6.409514
2014-03-06,20000,0,0,20000,0,82.745956,65.673781,0.15,14.21,18.528759,6.40732
2014-03-07,20000,0,0,20000,0,82.3367,61.441719,0.15,14.11,18.523229,6.405212
2014-03-10,20000,0,0,20000,0,82.409477,61.911757,0.15,14.2,18.517825,6.403027
2014-03-11,20000,0,0,20000,0,82.054787,58.18873,0.15,14.8,18.513184,6.400372
2014-03-12,20000,0,0,20000,0,82.363998,60.423104,0.15,14.47,18.508142,6.397969
2014-03-13,20000,0,0,20000,0,81.199814,49.6624,0.15,16.219999,18.505293,6.394489
2014-03-14,20000,0,0,20000,0,80.645042,45.503667,0.150189,17.82,18.50444,6.390552
2014-03-17,20000,0,0,20000,0,81.354446,51.138306,0.1504,15.64,18.500882,6.387374
2014-03-18,20000,0,0,20000,0,82.3367,57.665259,0.150913,14.52,18.495943,6.384945
2014-03-19,20000,0,0,20000,0,81.891075,54.132372,0.151075,15.12,18.49176,6.38209
2014-03-20,20000,0,0,20000,0,82.118416,55.625979,0.150924,14.52,18.486844,6.379665
2014-03-21,20000,0,0,20000,0,81.130295,48.268758,0.151009,15,18.482534,6.376894
2014-03-24,20000,0,0,20000,0,80.419235,43.781253,0.151126,15.09,18.478346,6.374066
2014-03-25,20000,0,0,20000,0,80.683601,45.798839,0.151043,14.02,18.472848,6.372054
2014-03-26,20000,0,0,20000,0,79.644402,39.758532,0.15189,14.93,18.468485,6.369338
2014-03-27,20000,0,0,20000,0,79.197716,37.470899,0.152098,14.62,18.463752,6.366846
2014-03-28,20000,0,0,20000,0,79.352692,38.786873,0.152092,14.41,18.458771,6.364515
2014-03-31,20000,0,0,20000,0,79.917908,43.460481,0.151975,13.88,18.453153,6.362626
2014-04-01,20000,0,0,20000,0,81.321678,53.0484,0.153024,13.1,18.446593,6.361482
2014-04-02,20000,0,0,20000,0,81.53138,54.295277,0.152535,13.09,18.440037,6.360344
2014-04-03,20000,0,0,20000,0,80.884155,49.891385,0.152922,13.37,18.433839,6.358922
2014-04-04,20000,0,0,20000,0,78.732819,38.665183,0.156178,13.96,18.428376,6.356957
2014-04-07,20000,0,0,20000,0,77.985352,35.66264,0.156605,15.57,18.42489,6.353859
2014-04-08,20000,0,0,20000,0,78.705498,40.459887,0.156764,14.89,18.420585,6.351181
2014-04-09,20000,0,0,20000,0,80.054619,48.245485,0.156395,13.82,18.414988,6.34934
2014-04-10,20000,0,0,20000,0,77.575119,38.326281,0.161155,15.89,18.41192,6.346087
2014-04-11,20000,0,0,20000,0,76.672676,35.468047,0.161846,17.030001,18.410243,6.342413
2014-04-14,20000,0,0,20000,0,77.274315,38.747674,0.160125,16.110001,18.407455,6.33907
2014-04-15,20000,0,0,20000,0,77.529572,40.137719,0.159467,15.61,18.404068,6.335974
2014-04-16,20000,0,0,20000,0,78.559631,45.511513,0.158201,14.18,18.39896,6.333841
2014-04-17,20000,0,0,20000,0,78.577843,45.604486,0.157184,13.36,18.392874,6.332432
2014-04-21,20000,0,0,20000,0,79.161263,48.628583,0.156643,13.25,18.386671,6.331127
2014-04-22,20000,0,0,20000,0,79.790253,51.743429,0.156471,13.19,18.38041,6.329878
2014-04-23,20000,0,0,20000,0,79.088356,48.229132,0.156577,13.27,18.37426,6.328548
2014-04-24,20000,0,0,20000,0,79.84494,52.012512,0.156906,13.32,18.368185,6.327165
2014-04-25,20000,0,0,20000,0,78.568741,45.916953,0.158153,14.06,18.363013,6.325124
2014-04-28,20000,0,0,20000,0,78.824005,47.24862,0.158102,13.97,18.357746,6.323156
2014-04-29,20000,0,0,20000,0,79.452995,50.483954,0.158017,13.71,18.35218,6.32141
2014-04-30,20000,0,0,20000,0,79.662628,51.550488,0.157848,13.41,18.346268,6.319936
2014-05-01,20000,0,0,20000,0,79.899635,52.788607,0.157724,13.25,18.340179,6.318611
2014-05-02,20000,0,0,20000,0,79.753792,51.909523,0.157134,12.91,18.333699,6.317621
2014-05-05,20000,0,0,20000,0,80.173111,54.267593,0.156679,13.29,18.327688,6.316251
2014-05-06,20000,0,0,20000,0,79.133888,47.987396,0.157521,13.8,18.322298,6.314418
2014-05-07,20000,0,0,20000,0,78.906013,46.710889,0.157574,13.4,18.316445,6.312941
2014-05-08,20000,0,0,20000,0,78.833076,46.286478,0.157511,13.43,18.310641,6.311433
2014-05-09,20000,0,0,20000,0,79.124809,48.309502,0.15753,12.92,18.304247,6.310416
2014-05-12,20000,0,0,20000,0,80.42836,56.240335,0.15851,12.23,18.29705,6.310137
2014-05-13,20000,0,0,20000,0,80.483047,56.541584,0.158509,12.13,18.289751,6.309965
2014-05-14,20000,0,0,20000,0,80.063721,53.500292,0.158586,12.17,18.282518,6.309739
2014-05-15,20000,0,0,20000,0,79.434715,49.223219,0.158918,13.17,18.276482,6.308455
2014-05-16,20000,0,0,20000,0,79.95433,52.594764,0.159054,12.44,18.269599,6.307915
2014-05-19,20000,0,0,20000,0,80.510406,55.964557,0.158872,12.42,18.262709,6.307391
2014-05-20,20000,0,0,20000,0,80.218697,53.803869,0.158936,12.96,18.256471,6.306298
2014-05-21,20000,0,0,20000,0,80.984436,58.349684,0.159283,11.91,18.249013,6.306341
2014-05-22,20000,0,0,20000,0,81.339958,60.302836,0.158924,12.03,18.241714,6.306235
2014-05-23,20000,0,0,20000,0,81.932465,63.384556,0.159065,11.36,18.233646,6.306936
2014-05-27,20000,0,0,20000,0,82.953423,67.995076,0.159655,11.51,18.225773,6.307436
2014-05-28,20000,0,0,20000,0,82.698189,65.765617,0.159584,11.68,18.218117,6.307716
2014-05-29,20000,0,0,20000,0,83.226875,68.098925,0.159575,11.57,18.21035,6.30812
2014-05-30,20000,0,0,20000,0,83.236,68.139287,0.159491,11.4,18.202404,6.308725
2014-06-02,20000,0,0,20000,0,83.153984,67.314882,0.159039,11.58,18.194685,6.309095
2014-06-03,20000,0,0,20000,0,83.117508,66.927054,0.159045,11.87,18.187322,6.309109
2014-06-04,20000,0,0,20000,0,83.427452,68.583385,0.158909,12.08,18.180221,6.308874
2014-06-05,20000,0,0,20000,0,84.129364,72.002947,0.15825,11.68,18.172671,6.309095
2014-06-06,20000,0,0,20000,0,84.612503,74.093201,0.158284,10.73,18.164037,6.310524
2014-06-09,20000,0,0,20000,0,84.548676,73.314454,0.157577,11.15,18.15591,6.31138
2014-06-10,20000,0,0,20000,0,84.694542,73.98733,0.157577,10.99,18.147616,6.312432
2014-06-11,20000,0,0,20000,0,84.676331,73.737342,0.157027,11.6,18.140046,6.312705
2014-06-12,20000,0,0,20000,0,83.910568,63.952476,0.156761,12.56,18.133603,6.311904
2014-06-13,20000,0,0,20000,0,84.156708,65.535583,0.15616,12.18,18.126736,6.311498
2014-06-16,20000,0,0,20000,0,84.229637,66.01187,0.15589,12.65,18.120426,6.310595
2014-06-17,20000,0,0,20000,0,84.275208,66.325032,0.155546,12.06,18.113452,6.310309
2014-06-18,20000,0,0,20000,0,84.749207,69.475466,0.155405,10.61,18.104828,6.311806
2014-06-19,20000,0,0,20000,0,84.694542,68.677487,0.154722,10.62,18.096234,6.313273
2014-06-20,20000,0,0,20000,0,84.794174,69.368065,0.151738,10.85,18.087924,6.314418
2014-06-23,20000,0,0,20000,0,84.812454,69.500928,0.151543,10.98,18.079782,6.31538
2014-06-24,20000,0,0,20000,0,84.730171,68.069724,0.15097,12.13,18.072975,6.31497
2014-06-25,20000,0,0,20000,0,85.269447,72.121668,0.150919,11.59,18.065566,6.31516
2014-06-26,20000,0,0,20000,0,85.315132,72.440729,0.150632,11.63,18.058219,6.315295
2014-06-27,20000,0,0,20000,0,85.689919,74.971425,0.150637,11.26,18.050467,6.315862
2014-06-30,20000,0,0,20000,0,85.836159,75.901318,0.150638,11.57,18.043087,6.316048
2014-07-01,20000,0,0,20000,0,86.777573,80.837107,0.150974,11.15,18.035245,6.31673
2014-07-02,20000,0,0,20000,0,86.923828,81.47201,0.150972,10.82,18.027045,6.31782
2014-07-03,20000,0,0,20000,0,87.47226,83.658438,0.151058,10.32,18.018297,6.319566
2014-07-07,20000,0,0,20000,0,87.207214,78.817687,0.150944,11.33,18.010714,6.319992
2014-07-08,20000,0,0,20000,0,86.156059,63.198991,0.151782,11.98,18.003884,6.319668
2014-07-09,20000,0,0,20000,0,86.795891,67.429814,0.151855,11.65,17.996697,6.319702
2014-07-10,20000,0,0,20000,0,86.521698,64.032463,0.151838,12.59,17.990588,6.318741
2014-07-11,20000,0,0,20000,0,87.079231,67.606402,0.150316,12.08,17.983916,6.318291
2014-07-14,20000,0,0,20000,0,87.600235,70.551219,0.150379,11.82,17.976967,6.318115
2014-07-15,20000,0,0,20000,0,87.298607,66.766996,0.150467,11.96,17.970191,6.31778
2014-07-16,20000,0,0,20000,0,87.645927,68.83961,0.150483,11,17.962351,6.318548
2014-07-17,20000,0,0,20000,0,86.485107,56.219696,0.151454,14.54,17.958506,6.316035
2014-07-18,20000,0,0,20000,0,87.856209,64.498291,0.152429,12.06,17.951886,6.315578
2014-07-21,20000,0,0,20000,0,87.746498,63.464172,0.151831,12.81,17.946121,6.314381
2014-07-22,20000,0,0,20000,0,88.304024,66.411406,0.151946,12.24,17.939731,6.313728
2014-07-23,20000,0,0,20000,0,88.870705,69.136604,0.151737,11.52,17.93255,6.313844
2014-07-24,20000,0,0,20000,0,88.770187,68.081436,0.15174,11.84,17.925743,6.313597
2014-07-25,20000,0,0,20000,0,88.422829,64.422352,0.151731,12.69,17.9199,6.312493
2014-07-28,20000,0,0,20000,0,88.450294,64.584435,0.151647,12.56,17.913924,6.311507
2014-07-29,20000,0,0,20000,0,88.294914,62.840278,0.151645,13.28,17.908764,6.309883
2014-07-30,20000,0,0,20000,0,88.642235,65.108555,0.151598,13.33,17.903671,6.308217
2014-07-31,20000,0,0,20000,0,86.850723,48.62199,0.153767,16.950001,17.902611,6.304788
2014-08-01,20000,0,0,20000,0,86.53083,46.364393,0.153471,17.030001,17.901643,6.301351
2014-08-04,20000,0,0,20000,0,87.124939,50.922092,0.153533,15.12,17.898559,6.298534
2014-08-05,20000,0,0,20000,0,86.457703,46.176286,0.153879,16.870001,17.89742,6.295135
2014-08-06,20000,0,0,20000,0,86.393692,45.735916,0.153669,16.370001,17.89573,6.291854
2014-08-07,20000,0,0,20000,0,86.119507,43.808676,0.153712,16.66,17.894365,6.288507
2014-08-08,20000,0,0,20000,0,86.741035,49.049819,0.153821,15.77,17.89202,6.285428
2014-08-11,20000,0,0,20000,0,87.252884,52.942515,0.153821,14.23,17.887982,6.283135
2014-08-12,20000,0,0,20000,0,87.216331,52.633254,0.15382,14.13,17.883844,6.280908
2014-08-13,20000,0,0,20000,0,88.139496,59.127111,0.15415,12.9,17.878361,6.279625
2014-08-14,20000,0,0,20000,0,88.596504,61.91104,0.154128,12.42,17.872363,6.278778
2014-08-15,20000,0,0,20000,0,89.026108,64.367964,0.152653,13.15,17.867179,6.277277
2014-08-18,20000,0,0,20000,0,89.711639,67.923639,0.152848,12.32,17.861096,6.276519
2014-08-19,20000,0,0,20000,0,90.214355,70.266805,0.152904,12.21,17.854907,6.275864
2014-08-20,20000,0,0,20000,0,90.214355,70.266805,0.15286,11.78,17.84826,6.275644
2014-08-21,20000,0,0,20000,0,90.397118,71.155224,0.152765,11.76,17.841607,6.275439
2014-08-22,20000,0,0,20000,0,90.534233,71.835161,0.152412,11.47,17.834651,6.275541
2014-08-25,20000,0,0,20000,0,90.854149,73.410059,0.152292,11.7,17.827961,6.275385
2014-08-26,20000,0,0,20000,0,90.945564,73.859861,0.152291,11.63,17.821209,6.275298
2014-08-27,20000,0,0,20000,0,90.963852,73.954781,0.15002,11.78,17.814635,6.275044
2014-08-28,20000,0,0,20000,0,90.863289,72.397958,0.15001,12.05,17.80837,6.274508
2014-08-29,20000,0,0,20000,0,91.201477,74.353243,0.15,12.09,17.802161,6.273927
2014-09-02,20000,0,0,20000,0,91.466537,75.800187,0.15,12.25,17.796139,6.273186
2014-09-03,20000,0,0,20000,0,90.927299,67.461534,0.15,12.36,17.790249,6.272335
2014-09-04,20000,0,0,20000,0,90.845016,66.263648,0.15,12.64,17.784675,6.271226
2014-09-05,20000,0,0,20000,0,91.302025,69.502709,0.15,12.09,17.778519,6.270628
2014-09-08,20000,0,0,20000,0,91.475708,70.655795,0.15,12.66,17.772991,6.269494
2014-09-09,20000,0,0,20000,0,90.717049,59.986669,0.15,13.5,17.768382,6.267679
2014-09-10,20000,0,0,20000,0,91.466537,65.525104,0.15,12.88,17.763114,6.266353
2014-09-11,20000,0,0,20000,0,91.393402,64.585671,0.15,12.8,17.757772,6.265092
2014-09-12,20000,0,0,20000,0,90.927299,58.799756,0.15,13.31,17.752989,6.263417
2014-09-15,20000,0,0,20000,0,90.049812,49.7617,0.150172,14.12,17.749087,6.261181
2014-09-16,20000,0,0,20000,0,90.835876,56.24933,0.15039,12.73,17.743702,6.259977
2014-09-17,20000,0,0,20000,0,90.972969,57.285352,0.150238,12.65,17.738242,6.25884
2014-09-18,20000,0,0,20000,0,91.658508,62.116369,0.15,12.03,17.732131,6.258273
2014-09-19,20000,0,0,20000,0,91.601707,61.495766,0.15,12.11,17.726118,6.257623
2014-09-22,20000,0,0,20000,0,90.749634,52.94949,0.150289,13.69,17.721806,6.255667
2014-09-23,20000,0,0,20000,0,90.502289,50.744867,0.150312,14.93,17.718826,6.25299
2014-09-24,20000,0,0,20000,0,91.473434,58.118201,0.150759,13.27,17.714083,6.25134
2014-09-25,20000,0,0,20000,0,89.549423,44.04932,0.153017,15.64,17.711874,6.248373
2014-09-26,20000,0,0,20000,0,90.502289,50.447047,0.153238,14.85,17.70883,6.245743
2014-09-29,20000,0,0,20000,0,90.383148,49.682096,0.153239,15.98,17.706993,6.242674
2014-09-30,20000,0,0,20000,0,90.511406,50.551377,0.153187,16.309999,17.70551,6.239522
2014-10-01,20000,0,0,20000,0,89.063812,41.778567,0.154153,16.709999,17.704454,6.236294
2014-10-02,20000,0,0,20000,0,89.063812,41.778567,0.154149,16.16,17.702818,6.233189
2014-10-03,20000,0,0,20000,0,89.943359,48.122604,0.153774,14.55,17.699481,6.230731
2014-10-06,20000,0,0,20000,0,89.750969,46.918305,0.15354,15.46,17.697114,6.227859
2014-10-07,20000,0,0,20000,0,88.477463,39.815367,0.154221,17.200001,17.696589,6.224587
2014-10-08,20000,0,0,20000,0,90.199928,50.68898,0.153839,15.11,17.693861,6.221867
2014-10-09,20000,0,0,20000,0,88.743156,43.526439,0.155157,18.76,17.694984,6.218681
2014-10-10,20000,0,0,20000,0,86.525948,35.341151,0.156467,21.24,17.698716,6.216468
2014-10-13,20000,1184.98175,2.394053,18817.412302,1,85.169945,31.446314,0.157493,24.639999,17.706015,6.217271
2014-10-14,19999.331243,1184.03035,2.11141,18817.412302,1,85.179161,31.501569,0.157308,22.790001,17.711355,6.216186
2014-10-15,19961.24933,1145.041429,1.204401,18817.412302,1,84.629425,29.950859,0.157447,25.27,17.719286,6.217743
2014-10-16,19922.820108,1106.051433,0.643628,18817.412302,1,84.09803,28.490862,0.157146,25.200001,17.727128,6.219197
2014-10-17,20001.202573,1185.238167,1.447897,18817.412302,1,85.206635,35.549382,0.157744,21.99,17.731592,6.217468
2014-10-20,20088.643152,1273.795544,2.564694,18817.412302,1,86.480125,42.563081,0.157575,18.57,17.732469,6.214271
2014-10-21,20259.16511,1454.563434,12.810626,18817.412302,1,88.752304,52.496088,0.160469,16.08,17.730742,6.211249
2014-10-22,20228.245264,1419.349222,8.51626,18817.412302,1,88.294189,50.596217,0.160621,17.870001,17.730887,6.208005
2014-10-23,20322.04476,1523.280632,18.648174,18817.412302,1,89.622711,55.61307,0.161321,16.530001,17.729635,6.204885
2014-10-24,20371.321694,1580.53511,26.625718,18817.412302,1,90.355675,58.138769,0.161506,16.110001,17.727948,6.20187
2014-10-27,20378.860322,1582.326038,20.878018,18817.412302,1,90.419785,58.361943,0.161324,16.040001,17.726191,6.198878
2014-10-28,20466.647803,1693.736577,44.501076,18817.412302,1,91.78495,62.897964,0.162224,14.39,17.722723,6.196585
2014-10-29,20449.767593,1665.873293,33.518002,18817.412302,1,91.44593,61.117335,0.162311,15.15,17.720052,6.193919
2014-10-30,20463.493532,1680.456383,34.375153,18817.412302,1,91.638329,61.778642,0.162305,14.52,17.716732,6.19156
2014-10-31,20535.169535,1784.827044,67.069811,18817.412302,1,92.902702,65.88496,0.162998,14.03,17.712912,6.189485
2014-11-03,20559.769306,1804.895934,62.53893,18817.412302,1,93.177559,66.721949,0.163015,14.73,17.709824,6.187022
2014-11-04,20549.766031,1778.665135,46.311407,18817.412302,1,92.866066,64.782154,0.163093,14.89,17.706908,6.184484
2014-11-05,20554.749223,1778.552404,41.215484,18817.412302,1,92.875198,64.814451,0.163095,14.17,17.703254,6.18233
2014-11-06,20574.301368,1801.861098,44.972032,18817.412302,1,93.168404,65.895857,0.163113,13.67,17.699092,6.180494
2014-11-07,20570.623274,1788.36414,35.153169,18817.412302,1,93.08593,65.288021,0.161367,13.12,17.694371,6.179054
2014-11-10,20606.594071,1810.861364,21.679596,18817.412302,1,93.415756,66.614325,0.160697,12.67,17.689197,6.177972
2014-11-11,20632.467303,1834.376677,19.321676,18817.412302,1,93.708946,67.792393,0.160691,12.92,17.68429,6.176685
2014-11-12,20664.701131,1847.288829,4.259282,18821.671585,1,93.873886,68.466523,0.160692,13.02,17.679496,6.175317
2014-11-13,20695.473603,1878.613732,4.811714,18821.671585,1,94.277,70.112996,0.160185,13.79,17.675503,6.173401
2014-11-14,20718.960201,1902.465245,5.176628,18821.671585,1,94.570145,71.287076,0.160185,13.31,17.671026,6.171815
2014-11-17,20694.83114,1876.14301,2.983455,18821.671585,1,94.286133,68.480218,0.160248,13.99,17.667254,6.169775
2014-11-18,20751.434405,1933.942924,4.180104,18821.671585,1,94.991638,71.483865,0.159924,13.86,17.663357,6.167816
2014-11-19,20715.791206,1896.808943,2.689321,18821.671585,1,94.56105,67.270433,0.159993,13.96,17.659571,6.165796
2014-11-20,20750.206044,1931.675665,3.141206,18821.671585,1,94.98246,69.18478,0.159998,13.58,17.655403,6.164022
2014-11-21,20763.915434,1945.274792,3.030943,18821.671585,1,95.16571,70.006332,0.159622,12.9,17.650551,6.162745
2014-11-24,20825.062565,2006.629607,3.238627,18821.671585,1,95.907822,73.130525,0.159744,12.62,17.645423,6.161694
2014-11-25,20837.026405,2018.379108,3.024288,18821.671585,1,96.05442,73.713024,0.159736,12.25,17.639929,6.160959
2014-11-26,20889.121726,2071.591676,4.141535,18821.671585,1,96.677444,76.08577,0.159792,12.07,17.634262,6.160383
2014-11-28,20926.357184,2108.70382,4.018221,18821.671585,1,97.126396,77.651236,0.15969,13.33,17.629888,6.158778
2014-12-01,20833.490285,2012.393362,0.574662,18821.671585,1,96.026939,66.218957,0.160255,14.16,17.626365,6.15664
2014-12-02,20865.787184,2044.710274,0.594675,18821.671585,1,96.411789,67.995179,0.160234,12.85,17.621521,6.155394
2014-12-03,20880.117307,2058.90764,0.461918,18821.671585,1,96.5858,68.794151,0.160225,12.5,17.616332,6.154431
2014-12-04,20875.533422,2054.109374,0.247537,18821.671585,1,96.540024,68.31103,0.160233,12.38,17.611032,6.153568
2014-12-05,20875.546224,2053.998504,0.123865,18821.671585,1,96.549187,68.35893,0.160214,11.89,17.605248,6.153143
2014-12-08,20814.064823,1992.3936,0.000361,18821.671585,1,95.862022,60.921755,0.160321,14.21,17.601818,6.150978
2014-12-09,20839.193851,2017.522301,0.000035,18821.671585,1,96.164375,62.837576,0.160298,15.35,17.599546,6.148287
2014-12-10,20712.820214,1891.148629,0,18821.671585,1,94.652626,49.714078,0.161533,18.530001,17.600484,6.145255
2014-12-11,20747.682435,1926.01085,0,18821.671585,1,95.10157,52.862506,0.160753,20.08,17.602981,6.142661
2014-12-12,20661.059957,1839.388372,4.906118,18826.577702,1,94.066292,45.749073,0.161323,21.08,17.606479,6.140557
2014-12-15,20582.345367,1757.605443,1.837779,18826.577702,1,93.095108,40.274051,0.161862,20.42,17.609307,6.138116
2014-12-16,20464.771272,1638.724545,0.530976,18826.577702,1,91.601707,33.612646,0.163031,23.57,17.615291,6.137937
2014-12-17,20603.016335,1778.166666,1.728034,18826.577702,1,93.269173,44.62583,0.164322,19.440001,17.617121,6.135127
2014-12-18,20790.402405,1971.07067,7.245967,18826.577702,1,95.51387,55.361375,0.166127,16.809999,17.616313,6.132103
2014-12-19,20824.232334,2006.0054,8.350768,18826.577702,1,95.934128,57.040632,0.166125,16.49,17.615185,6.129134
2014-12-22,20842.728395,2022.774789,6.624097,18826.577702,1,96.173233,58.008521,0.16576,15.25,17.61282,6.126522
2014-12-23,20813.914734,1991.810051,4.473019,18826.577702,1,95.832985,56.072504,0.165433,14.8,17.61001,6.124103
2014-12-24,20820.554479,1998.007675,4.030898,18826.577702,1,95.915749,56.453221,0.165432,14.37,17.606776,6.121899
2014-12-26,20876.954188,2055.132602,4.756117,18826.577702,1,96.59623,59.556861,0.165578,14.5,17.603679,6.11963
2014-12-29,20874.919502,2050.797527,2.455728,18826.577702,1,96.577827,59.433499,0.165535,15.06,17.601145,6.117105
2014-12-30,20820.832095,1995.247266,0.992873,18826.577702,1,95.934128,55.131674,0.165755,15.92,17.599473,6.114288
2014-12-31,20738.209697,1911.855384,0.223389,18826.577702,1,94.950142,49.261883,0.166141,19.200001,17.601064,6.111454
2015-01-02,20711.783853,1885.251591,0.045441,18826.577702,1,94.665054,47.678033,0.16588,17.790001,17.601251,6.108418
2015-01-05,20595.871104,1769.293482,0.00008,18826.577702,1,93.276474,40.797612,0.166647,19.92,17.603552,6.105821
2015-01-06,20495.507098,1668.929395,0,18826.577702,1,92.025757,35.787971,0.167433,21.120001,17.607037,6.103796
2015-01-07,20592.320386,1765.742684,0,18826.577702,1,93.212067,42.944363,0.167754,19.309999,17.608723,6.101006
2015-01-08,20744.370945,1917.793245,0.000002,18826.577702,1,94.996147,51.66827,0.169176,17.01,17.608131,6.098014
2015-01-09,20691.528093,1864.950391,0,18826.577702,1,94.370789,48.848811,0.169335,17.549999,17.608073,6.094998
2015-01-12,20608.861551,1782.283848,4.474924,18831.052626,1,93.386795,44.714195,0.169839,19.6,17.610039,6.092307
2015-01-13,20603.060314,1775.796269,3.788581,18831.052626,1,93.359222,44.600278,0.168808,20.559999,17.612949,6.090004
2015-01-14,20557.322797,1728.559978,2.289807,18831.052626,1,92.844231,42.426154,0.167546,21.48,17.616759,6.08821
2015-01-15,20462.082327,1631.895127,0.865426,18831.052626,1,91.639534,37.785929,0.168099,22.389999,17.621457,6.087053
2015-01-16,20549.134726,1719.73433,1.652229,18831.052626,1,92.715446,43.707535,0.168628,20.950001,17.62473,6.084952
2015-01-20,20606.214112,1776.61956,1.458074,18831.052626,1,93.451157,47.394719,0.168687,19.889999,17.626955,6.082374
2015-01-21,20644.231899,1814.919643,1.740369,18831.052626,1,93.929367,49.700942,0.168565,18.85,17.628155,6.079506
2015-01-22,20789.730438,1964.077483,5.399671,18831.052626,1,95.667473,57.068012,0.169883,16.4,17.626951,6.076644
2015-01-23,20806.680249,1980.989106,5.361483,18831.052626,1,95.878944,57.876402,0.169822,16.66,17.626004,6.07374
2015-01-26,20792.009149,1963.670463,2.71394,18831.052626,1,95.768593,57.27039,0.16802,15.52,17.623943,6.071122
2015-01-27,20593.703166,1762.884586,0.234046,18831.052626,1,93.285645,45.680392,0.170667,17.219999,17.623548,6.068164
2015-01-28,20554.249927,1723.29053,0.093229,18831.052626,1,92.807442,43.840233,0.170805,20.440001,17.626299,6.065836
2015-01-29,20625.722409,1794.836384,0.166601,18831.052626,1,93.699478,48.044695,0.170573,18.76,17.627405,6.062977
2015-01-30,20561.993797,1730.979348,0.038178,18831.052626,1,92.972961,45.084246,0.169567,20.969999,17.630663,6.060917
2015-02-02,20626.603004,1795.566294,0.015917,18831.052626,1,93.782249,48.864143,0.169789,19.43,17.632415,6.058223
2015-02-03,20694.443513,1863.415008,0.02412,18831.052626,1,94.683456,52.763283,0.16765,17.33,17.632121,6.05528
2015-02-04,20686.089991,1855.044826,0.007461,18831.052626,1,94.600716,52.368468,0.16748,18.33,17.632799,6.052374
2015-02-05,20755.007765,1923.965993,0.010854,18831.052626,1,95.419144,55.884838,0.16769,16.85,17.632039,6.049481
2015-02-06,20703.870113,1872.818054,0.000568,18831.052626,1,94.839783,52.907224,0.167291,17.290001,17.631707,6.046553
2015-02-09,20672.11208,1841.059454,0,18831.052626,1,94.536324,51.363517,0.166116,18.549999,17.632597,6.043688
2015-02-10,20798.689439,1967.636813,0,18831.052626,1,96.007713,57.793906,0.166948,17.23,17.632207,6.040772
2015-02-11,20826.608098,1995.555472,4.705187,18835.757812,1,96.35717,59.174472,0.166498,16.959999,17.631557,6.037883
2015-02-12,20921.02443,2093.379018,8.112401,18835.757812,1,97.479095,63.32246,0.167002,15.34,17.629343,6.035383
2015-02-13,20990.291226,2166.100846,11.567433,18835.757812,1,98.315933,66.090009,0.167074,14.69,17.626506,6.033158
2015-02-17,20998.234802,2170.676774,8.199784,18835.757812,1,98.407921,66.390225,0.167067,15.8,17.624744,6.030512
2015-02-18,21009.635261,2181.798093,7.920644,18835.757812,1,98.545822,66.863847,0.166995,15.45,17.622649,6.027982
2015-02-19,21050.077861,2223.688688,9.368639,18835.757812,1,99.033249,68.550793,0.166816,15.29,17.620404,6.025512
2015-02-20,21105.463982,2282.051897,12.345728,18835.757812,1,99.695366,70.730624,0.1669,14.3,17.617212,6.023492
2015-02-23,21115.11002,2288.455522,9.103314,18835.757812,1,99.796547,71.060728,0.166881,14.56,17.614275,6.021341
2015-02-24,21121.462292,2293.970671,8.266192,18835.757812,1,99.870071,71.313905,0.166792,13.69,17.610509,6.019676
2015-02-25,21100.751247,2270.941291,5.947857,18835.757812,1,99.621796,69.115046,0.166823,13.84,17.606894,6.017919
2015-02-26,21144.120751,2315.569557,7.206618,18835.757812,1,100.127556,71.071814,0.16689,13.91,17.603352,6.016122
2015-02-27,21106.539721,2275.060453,4.278544,18835.757812,1,99.686157,67.077517,0.166867,13.34,17.599273,6.014686
2015-03-02,21185.30159,2354.084697,4.540919,18835.757812,1,100.587349,70.698331,0.167144,13.04,17.594914,6.01346
2015-03-03,21144.177436,2310.609391,2.189767,18835.757812,1,100.118378,66.593822,0.166979,13.86,17.591347,6.011693
2015-03-04,21108.688162,2273.901346,0.970996,18835.757812,1,99.732132,63.332591,0.166464,14.23,17.588139,6.009718
2015-03-05,21123.696667,2288.678516,0.739661,18835.757812,1,99.90686,64.187013,0.166451,14.04,17.584757,6.007849
2015-03-06,21023.950798,2188.275111,0.082126,18835.757812,1,98.775749,55.217025,0.167075,15.2,17.582486,6.005436
2015-03-09,21046.447609,2210.692186,0.00239,18835.757812,1,99.060822,56.853556,0.166956,15.06,17.580086,6.00308
2015-03-10,20887.558234,2051.800421,0,18835.757812,1,97.221603,45.341139,0.168584,16.690001,17.57924,6.000286
2015-03-11,20838.142826,2002.385014,0,18835.757812,1,96.660622,42.513427,0.168656,16.870001,17.578566,5.997473
2015-03-12,20892.626089,2056.868276,0,18835.757812,1,97.295151,46.572224,0.168763,15.42,17.576518,5.994994
2015-03-13,20852.731075,2016.973262,3.989184,18839.746996,1,96.872154,44.325476,0.167916,16,17.575024,5.992346
2015-03-16,20958.404947,2124.632225,5.974274,18839.746996,1,98.122803,51.738735,0.168297,15.61,17.573163,5.98981
2015-03-17,20970.817514,2136.861795,5.791277,18839.746996,1,98.279152,52.588659,0.168025,15.66,17.571353,5.987263
2015-03-18,21051.981696,2221.191955,8.957255,18839.746996,1,99.244736,57.559611,0.167831,13.97,17.567949,5.985454
2015-03-19,21064.116723,2233.071528,8.701802,18839.746996,1,99.391876,58.277496,0.167668,14.07,17.564646,5.98359
2015-03-20,21118.601366,2290.125775,11.271404,18839.746996,1,100.035233,61.355486,0.16779,13.02,17.560358,5.982393
2015-03-23,21101.452722,2268.587179,6.881453,18839.746996,1,99.841698,59.923347,0.167103,13.41,17.556447,5.980928
2015-03-24,21069.867724,2234.756186,4.635458,18839.746996,1,99.482201,57.25016,0.166786,13.62,17.55274,5.979329
2015-03-25,20877.500183,2038.482851,0.729663,18839.746996,1,97.205551,43.895359,0.169226,15.44,17.550753,5.976864
2015-03-26,20846.181235,2006.830511,0.396272,18839.746996,1,96.873703,42.344799,0.168495,15.8,17.549107,5.974294
2015-03-27,20878.636382,2039.307872,0.418486,18839.746996,1,97.260857,44.794867,0.168361,15.07,17.546779,5.971969
2015-03-30,20975.025151,2135.749155,0.471,18839.746996,1,98.376122,51.224953,0.168835,14.51,17.543931,5.969889
2015-03-31,20883.943716,2044.295198,0.098479,18839.746996,1,97.334579,45.853484,0.169228,15.29,17.541818,5.967487
2015-04-01,20836.311773,1996.59133,0.026553,18839.746996,1,96.827644,43.464535,0.168189,15.11,17.539541,5.965154
2015-04-02,20840.987814,2001.255112,0.014294,18839.746996,1,96.892174,43.865452,0.168173,14.67,17.536857,5.963007
2015-04-06,20906.473888,2066.727512,0.00062,18839.746996,1,97.684853,48.67989,0.168086,14.74,17.534243,5.96083
2015-04-07,20882.983912,2043.236947,0.000031,18839.746996,1,97.518921,47.756543,0.164767,14.78,17.531671,5.958639
2015-04-08,20950.006957,2110.259976,0.000015,18839.746996,1,98.293175,52.302733,0.164507,13.98,17.528358,5.956844
2015-04-09,21003.814394,2164.0674,0.000002,18839.746996,1,98.910713,55.619914,0.164331,13.09,17.524222,5.955606
2015-04-10,21036.944752,2197.197755,0,18839.746996,1,99.316277,57.700521,0.163231,12.58,17.519618,5.954742
2015-04-13,21002.100443,2162.353447,3.51558,18843.262577,1,99.067436,55.9668,0.158574,13.94,17.516288,5.95297
2015-04-14,20975.043539,2134.31274,2.531777,18843.262577,1,98.781715,53.961901,0.157907,13.67,17.512714,5.951356
2015-04-15,21029.112586,2189.151911,3.301902,18843.262577,1,99.399246,57.505135,0.15782,12.84,17.508375,5.950294
2015-04-16,21016.368937,2175.762758,2.656398,18843.262577,1,99.261002,56.457575,0.157821,12.6,17.503822,5.949409
2015-04-17,20879.373831,2036.891128,0.779874,18843.262577,1,97.712494,46.286315,0.158399,13.89,17.500473,5.947667
2015-04-20,21009.61894,2167.810063,1.453699,18843.262577,1,99.178024,54.619126,0.159288,13.3,17.496583,5.946284
2015-04-21,21046.703742,2205.103056,1.661891,18843.262577,1,99.602036,56.711532,0.159149,13.25,17.492655,5.944933
2015-04-22,21094.712894,2253.52829,2.077972,18843.262577,1,100.145859,59.303308,0.159019,12.71,17.488235,5.943962
2015-04-23,21127.504704,2286.509458,2.26733,18843.262577,1,100.523796,61.048703,0.158622,12.48,17.48361,5.943163
2015-04-24,21250.151835,2412.103693,5.214434,18843.262577,1,101.887947,66.614418,0.159002,12.29,17.478819,5.942513
2015-04-27,21224.397254,2383.500913,2.366235,18843.262577,1,101.629852,64.729878,0.157723,13.12,17.474802,5.941245
2015-04-28,21205.611179,2363.925514,1.576911,18843.262577,1,101.427063,63.2166,0.157742,12.41,17.470138,5.940495
2015-04-29,21147.036085,2304.426199,0.65269,18843.262577,1,100.791039,58.59011,0.15776,13.39,17.466385,5.939049
2015-04-30,21004.363076,2161.182988,0.082488,18843.262577,1,99.205711,48.969993,0.159029,14.55,17.463704,5.936974
2015-05-01,21123.872014,2280.867537,0.258099,18843.262577,1,100.514526,55.470509,0.159686,12.7,17.45933,5.936001
2015-05-04,21136.682005,2293.480337,0.060909,18843.262577,1,100.68045,56.231707,0.159654,12.85,17.455101,5.934917
2015-05-05,20988.935131,2145.674348,0.001793,18843.262577,1,99.03978,47.572087,0.16092,14.31,17.452218,5.932958
2015-05-06,20925.426369,2082.163888,0.000095,18843.262577,1,98.357712,44.503737,0.160322,15.15,17.45011,5.930648
2015-05-07,20977.764289,2134.501772,0.000059,18843.262577,1,98.947617,47.648725,0.160375,15.13,17.447987,5.928347
2015-05-08,21090.185488,2246.923079,0.000167,18843.262577,1,100.182739,53.580304,0.160953,12.86,17.443793,5.927258
2015-05-11,21052.447534,2209.184957,0,18843.262577,1,99.795593,51.606532,0.161023,13.85,17.440511,5.925544
2015-05-12,21008.703164,2165.440587,0,18843.262577,1,99.343948,49.323797,0.160078,13.86,17.437245,5.923825
2015-05-13,21026.26765,2183.005073,2.911602,18846.174179,1,99.546722,50.384917,0.160085,13.76,17.433892,5.922162
2015-05-14,21156.516094,2316.632147,6.290232,18846.174179,1,101.003075,57.300406,0.160755,12.74,17.429617,5.921157
2015-05-15,21155.749004,2315.167266,5.59244,18846.174179,1,101.003075,57.300406,0.160409,12.38,17.425023,5.92042
2015-05-18,21194.337682,2353.299507,5.136004,18846.174179,1,101.445488,59.299091,0.160322,12.73,17.420755,5.919419
2015-05-19,21183.962489,2341.984169,4.195859,18846.174179,1,101.334877,58.561044,0.160177,12.85,17.416603,5.918331
2015-05-20,21189.320902,2346.946451,3.799728,18846.174179,1,101.399414,58.8826,0.160084,12.88,17.412486,5.917221
2015-05-21,21235.941567,2394.382405,4.615016,18846.174179,1,101.924797,61.501641,0.159833,12.11,17.407679,5.91669
2015-05-22,21226.522776,2384.066105,3.717507,18846.174179,1,101.82341,60.698146,0.159795,12.13,17.402899,5.91614
2015-05-26,21118.893547,2273.388545,0.669177,18846.174179,1,100.652809,52.215908,0.160306,14.06,17.399873,5.914315
2015-05-27,21267.417137,2423.393011,2.150052,18846.174179,1,102.275017,60.461746,0.16074,13.27,17.396139,5.912942
2015-05-28,21245.862968,2401.078236,1.389447,18846.174179,1,102.044624,58.906981,0.160714,13.31,17.392448,5.911544
2015-05-29,21189.507495,2343.924314,0.590998,18846.174179,1,101.436272,54.893022,0.160782,13.84,17.389242,5.909838
2015-06-01,21218.946693,2373.03638,0.263865,18846.174179,1,101.777306,56.675273,0.160809,13.97,17.386159,5.908062
2015-06-02,21188.448992,2342.379428,0.104615,18846.174179,1,101.454689,54.482197,0.160866,14.24,17.383324,5.906153
2015-06-03,21215.846834,2369.756723,0.084067,18846.174179,1,101.758904,56.203195,0.160881,13.66,17.379973,5.904549
2015-06-04,21143.903598,2297.741066,0.011646,18846.174179,1,100.984627,50.925599,0.16116,14.71,17.377572,5.902434
2015-06-05,21120.598545,2274.426754,0.002387,18846.174179,1,100.744972,49.379988,0.160941,14.21,17.374726,5.900543
2015-06-08,21024.992847,2178.818669,0,18846.174179,1,99.72187,43.333468,0.161359,15.29,17.372855,5.898223
2015-06-09,21009.025629,2162.85145,0,18846.174179,1,99.555954,42.426183,0.161374,14.47,17.370251,5.896216
2015-06-10,21134.470762,2288.296583,0,18846.174179,1,100.920135,51.430509,0.162118,13.22,17.366532,5.89488
2015-06-11,21147.201324,2301.027145,0,18846.174179,1,101.067558,52.298736,0.162116,12.85,17.362489,5.893788
2015-06-12,21069.948324,2223.774146,4.747262,18850.921441,1,100.238029,47.187264,0.162046,13.78,17.359284,5.892123
2015-06-15,21024.346553,2175.876591,2.451479,18850.921441,1,99.740318,44.384317,0.162167,15.39,17.357525,5.889782
2015-06-16,21072.791813,2224.918203,3.047831,18850.921441,1,100.284119,48.017553,0.162267,14.81,17.35525,5.887642
2015-06-17,21097.208824,2249.465327,3.177943,18850.921441,1,100.560616,49.812802,0.162286,14.5,17.352703,5.885631
2015-06-18,21229.135306,2385.302229,7.088364,18850.921441,1,102.026184,58.077322,0.16302,13.19,17.348993,5.884317
2015-06-19,21184.175944,2337.874329,4.619826,18850.921441,1,101.521782,54.736472,0.163155,13.96,17.345975,5.882564
2015-06-22,21251.106809,2405.108612,4.923244,18850.921441,1,102.270096,58.546299,0.163348,12.74,17.341877,5.881549
2015-06-23,21258.46469,2411.999987,4.456737,18850.921441,1,102.353195,58.959412,0.163347,12.11,17.337227,5.881001
2015-06-24,21210.737052,2362.391263,2.575651,18850.921441,1,101.826653,55.205302,0.163487,13.26,17.333606,5.879642
2015-06-25,21191.649099,2342.508686,1.781028,18850.921441,1,101.623413,53.781831,0.16338,14.01,17.330657,5.877865
2015-06-26,21129.814845,2279.688471,0.795067,18850.921441,1,100.948975,49.244078,0.163618,14.02,17.327722,5.876083
2015-06-29,20915.576968,2064.677267,0.021739,18850.921441,1,98.565445,37.274477,0.166188,18.85,17.32907,5.873653
2015-06-30,20946.349965,2095.447437,0.018913,18850.921441,1,98.916504,39.603024,0.166221,18.23,17.329867,5.871112
2015-07-01,21016.14296,2165.249614,0.028094,18850.921441,1,99.70179,44.560834,0.16599,16.09,17.328771,5.868629
2015-07-02,21017.776492,2166.869418,0.014367,18850.921441,1,99.729515,44.733327,0.165985,16.790001,17.328295,5.866056
2015-07-06,20993.011596,2142.090213,0.000058,18850.921441,1,99.498543,43.518548,0.165876,17.01,17.328014,5.863472
2015-07-07,21014.740614,2163.819183,0.00001,18850.921441,1,99.747986,45.247821,0.165838,16.09,17.326922,5.860999
2015-07-08,20858.444974,2007.523533,0,18850.921441,1,98.011131,36.799406,0.166565,19.66,17.328978,5.858824
2015-07-09,20852.164522,2001.243082,0,18850.921441,1,97.955711,36.564806,0.166363,19.969999,17.331303,5.856767
2015-07-10,20987.727996,2136.806555,0,18850.921441,1,99.452309,46.486277,0.167234,16.83,17.330862,5.854207
2015-07-13,21146.559835,2295.638394,6.169403,18857.090843,1,101.19841,55.275331,0.168307,13.9,17.327847,5.852516
2015-07-14,21205.389078,2356.231669,7.933434,18857.090843,1,101.863602,58.098693,0.168335,13.37,17.324372,5.851119
2015-07-15,21215.005896,2365.513944,7.598891,18857.090843,1,101.974426,58.567971,0.168265,13.23,17.320781,5.849807
2015-07-16,21342.437561,2500.015212,14.668493,18857.090843,1,103.415649,64.185449,0.168987,12.11,17.316214,5.849275
2015-07-17,21472.292306,0,0,21472.292306,0,104.939987,68.976498,0.168972,11.95,17.311515,5.848868
2015-07-20,21472.292306,0,0,21472.292306,0,105.300323,69.998213,0.16804,12.25,17.307087,5.848223
2015-07-21,21472.292306,0,0,21472.292306,0,105.235657,69.555494,0.168031,12.22,17.30264,5.847599
2015-07-22,21472.292306,0,0,21472.292306,0,104.0439,61.79823,0.16852,12.12,17.298114,5.847049
2015-07-23,21472.292306,0,0,21472.292306,0,103.655876,59.472557,0.168459,12.64,17.294049,5.846114
2015-07-24,21472.292306,0,0,21472.292306,0,102.639618,53.765561,0.168914,13.74,17.29095,5.844505
2015-07-27,21472.292306,0,0,21472.292306,0,101.789703,49.488449,0.169165,15.6,17.289477,5.84217
2015-07-28,21472.292306,0,0,21472.292306,0,102.667351,53.593814,0.169439,13.44,17.286127,5.840729
2015-07-29,21472.292306,0,0,21472.292306,0,103.055367,55.322684,0.169458,12.5,17.281965,5.839893
2015-07-30,21472.292306,0,0,21472.292306,0,103.544983,57.475547,0.169484,12.13,17.277489,5.839328
2015-07-31,21472.292306,0,0,21472.292306,0,103.424896,56.753204,0.167594,12.12,17.273012,5.838768
2015-08-03,21472.292306,0,0,21472.292306,0,103.101524,54.757501,0.167574,12.56,17.268925,5.837884
2015-08-04,21472.292306,0,0,21472.292306,0,102.907555,53.541286,0.167438,13,17.265225,5.836705
2015-08-05,21472.292306,0,0,21472.292306,0,103.702065,57.686926,0.167347,12.51,17.261108,5.835853
2015-08-06,21472.292306,0,0,21472.292306,0,102.039131,48.027068,0.168561,13.77,17.258088,5.83423
2015-08-07,21472.292306,0,0,21472.292306,0,101.909775,47.362672,0.168513,13.39,17.254745,5.832814
2015-08-10,21472.292306,0,0,21472.292306,0,103.073822,53.585177,0.16882,12.23,17.250406,5.832163
2015-08-11,21472.292306,0,0,21472.292306,0,101.752747,46.820471,0.169488,13.71,17.247351,5.830571
2015-08-12,21472.292306,0,0,21472.292306,0,102.103798,48.674701,0.169517,13.61,17.244216,5.829034
2015-08-13,21472.292306,0,0,21472.292306,0,101.937469,47.823868,0.169118,13.49,17.240982,5.827562
2015-08-14,21472.292306,0,0,21472.292306,0,102.094528,48.735125,0.169031,12.83,17.237186,5.826489
2015-08-17,21472.292306,0,0,21472.292306,0,102.944496,53.471177,0.169208,13.02,17.23356,5.825294
2015-08-18,21472.292306,0,0,21472.292306,0,102.417915,50.366708,0.169129,13.79,17.230601,5.823664
2015-08-19,21472.292306,0,0,21472.292306,0,101.7435,46.632461,0.169235,15.25,17.228901,5.821451
2015-08-20,21472.292306,0,0,21472.292306,0,98.925751,34.967496,0.17267,19.139999,17.23054,5.819221
2015-08-21,21472.292306,1429.466543,7.726717,20050.55248,1,94.602142,24.740763,0.180923,28.030001,17.239794,5.82531
2015-08-24,21261.941886,2642.110239,9.59741,18629.429057,2,90.962166,19.55543,0.186996,40.740002,17.259914,5.863274
2015-08-25,21216.777847,5406.821638,22.063555,15832.019765,4,90.620346,19.149542,0.187003,36.02,17.275962,5.886392
2015-08-26,22509.431434,6861.819435,184.407765,15832.019765,4,95.184181,37.732564,0.196079,30.32,17.287111,5.896219
2015-08-27,23055.408607,7621.334466,397.945623,15832.019765,4,97.595413,44.933883,0.198331,26.1,17.294637,5.899322
2015-08-28,23061.425804,7611.443161,382.037122,15832.019765,4,97.576927,44.891018,0.198325,26.049999,17.302108,5.902346
2015-08-31,22847.459138,7241.58874,226.149367,15832.019765,4,96.366699,42.062072,0.198871,28.43,17.311594,5.908767
2015-09-01,22187.979209,6420.507654,64.54821,15832.019765,4,93.354919,35.984603,0.20251,31.4,17.323595,5.920543
2015-09-02,22870.645416,7227.660393,189.034742,15832.019765,4,95.987907,43.650026,0.205094,26.09,17.331055,5.923545
2015-09-03,22770.396807,7085.620601,147.243559,15832.019765,4,95.516747,42.665486,0.205182,25.610001,17.338095,5.925943
2015-09-04,22505.987423,6757.381163,83.413505,15832.019765,4,94.380409,40.304337,0.205618,27.799999,17.346984,5.931267
2015-09-08,23206.042698,7571.844591,197.821658,15832.019765,4,97.041115,47.614574,0.208272,24.9,17.353396,5.93283
2015-09-09,22965.918783,7245.778398,111.87938,15832.019765,4,95.950966,45.173686,0.208479,26.23,17.360925,5.935943
2015-09-10,23222.581312,7555.79566,165.234113,15832.019765,4,96.994904,47.926628,0.208646,24.370001,17.366864,5.936933
2015-09-11,23354.569172,7714.818689,192.269282,15832.019765,4,97.530754,49.332958,0.208738,23.200001,17.371804,5.936843
2015-09-14,23322.876938,7611.501326,120.644153,15832.019765,4,97.235092,48.55379,0.208676,24.25,17.377623,5.937701
2015-09-15,23595.02234,7957.45254,194.449965,15832.019765,4,98.380669,51.734639,0.208779,22.540001,17.381986,5.937086
2015-09-16,23723.479004,8121.404273,229.945034,15832.019765,4,98.934975,53.241121,0.208634,21.35,17.385338,5.935696
2015-09-17,23750.858048,8128.464404,209.62612,15832.019765,4,98.971947,53.34572,0.20863,21.139999,17.388506,5.934192
2015-09-18,23461.024021,7702.547528,73.543272,15832.019765,4,97.56427,48.863785,0.209189,22.280001,17.392631,5.933388
2015-09-21,23584.426233,7782.883278,44.729715,15846.27267,4,97.869904,49.848994,0.209214,20.139999,17.394945,5.931422
2015-09-22,23184.671402,7346.363391,7.964659,15846.27267,4,96.406647,45.344664,0.209706,22.440001,17.399192,5.930729
2015-09-23,23203.367464,7363.614322,23.318002,15863.071145,4,96.480759,45.612718,0.209676,22.129999,17.403171,5.92982
2015-09-24,23094.067085,7249.110099,47.019893,15891.976879,4,96.128838,44.496727,0.209352,23.469999,17.408269,5.929934
2015-09-25,22844.780911,6981.603054,28.799022,15891.976879,4,95.31385,41.93773,0.208018,23.620001,17.413484,5.930174
2015-09-28,22124.159847,7832.061226,19.956249,14312.05487,5,92.600418,34.768388,0.210558,27.629999,17.422055,5.935066
2015-09-29,21959.258812,7661.488402,14.284461,14312.05487,5,92.118851,33.668322,0.210648,26.83,17.429941,5.938825
2015-09-30,22718.079218,8441.934679,35.910331,14312.05487,5,94.239571,42.322943,0.212394,24.5,17.435863,5.939861
2015-10-01,22844.75768,8571.349084,38.646275,14312.05487,5,94.665588,43.90627,0.211549,22.549999,17.440142,5.939216
2015-10-02,23434.09769,9194.582879,72.540059,14312.05487,5,96.323318,49.693399,0.212543,20.940001,17.443069,5.937593
2015-10-05,23915.722856,9702.726302,99.058317,14312.05487,5,97.703186,53.952008,0.212893,19.540001,17.44482,5.935419
2015-10-06,23760.855734,9524.003745,75.202881,14312.05487,5,97.240158,52.35054,0.21296,19.4,17.446452,5.933208
2015-10-07,23951.015767,9725.75815,86.797253,14312.05487,5,97.823593,54.195508,0.212338,18.4,17.447248,5.930796
2015-10-08,24064.163446,9843.746315,91.637739,14312.05487,5,98.21254,55.434343,0.211161,17.42,17.447225,5.928322
2015-10-09,24202.637597,9990.114967,99.532241,14312.05487,5,98.657066,56.870085,0.210267,17.08,17.446919,5.925861
2015-10-12,24252.112742,10019.848329,79.790457,14312.05487,5,98.897873,57.665737,0.207984,16.17,17.445857,5.923508
2015-10-13,24012.816049,9752.928222,52.167044,14312.05487,5,98.258827,54.777738,0.207226,17.67,17.446043,5.921047
2015-10-14,23957.085576,9687.572252,42.541546,14312.05487,5,98.101395,54.05945,0.207242,18.030001,17.446528,5.918609
2015-10-15,24547.594108,10319.181466,83.642229,14312.05487,5,99.712822,59.861204,0.207924,16.049999,17.445369,5.916288
2015-10-16,24696.015191,10474.588242,90.627921,14312.05487,5,100.129555,61.224991,0.207798,15.05,17.443383,5.914234
2015-10-19,24904.746672,10676.104719,83.412917,14312.05487,5,100.703751,63.086049,0.207349,14.98,17.441342,5.912207
2015-10-20,24710.428769,10454.282981,55.909082,14312.05487,5,100.185127,60.272195,0.206761,15.75,17.439942,5.909958
2015-10-21,24446.433036,10166.983759,45.076923,14324.5262,5,99.573906,57.042946,0.204646,16.700001,17.43933,5.907549
2015-10-22,25197.149093,10989.816451,117.193558,14324.5262,5,101.602043,63.945735,0.205893,14.45,17.43686,5.905731
2015-10-23,26156.105242,12177.200178,361.650373,14340.555437,5,104.44516,70.984575,0.207724,14.46,17.434401,5.90391
2015-10-26,26198.162411,12184.430761,359.536471,14373.268121,5,104.510002,71.123041,0.207525,15.29,17.432632,5.901793
2015-10-27,26263.552472,12267.50707,377.222719,14373.268121,5,104.723007,71.602457,0.207533,15.43,17.430981,5.899638
2015-10-28,26499.010584,12615.903435,148.224684,14031.331833,5,105.593544,73.536184,0.207015,14.33,17.428427,5.897877
2015-10-29,26441.293196,12540.005433,130.044069,14031.331833,5,105.426849,72.517877,0.206968,14.61,17.426107,5.896002
2015-10-30,26269.564693,12339.064872,100.832012,14031.331833,5,104.954514,69.577777,0.207048,15.07,17.424169,5.893963
2015-11-02,26723.198879,12815.903687,124.036642,14031.331833,5,106.139908,72.582108,0.206842,14.15,17.421479,5.892286
2015-11-03,26866.700261,12967.117769,131.749341,14031.331833,5,106.510338,73.464009,0.206852,14.54,17.419113,5.890444
2015-11-04,26875.310185,12964.881775,120.903423,14031.331833,5,106.519646,73.487086,0.2068,15.51,17.417547,5.888279
2015-11-05,26773.06663,12838.961169,97.226371,14031.331833,5,106.232544,71.423843,0.206836,15.05,17.415607,5.886253
2015-11-06,26805.7109,12864.510951,90.131883,14031.331833,5,106.306625,71.645064,0.206812,14.33,17.413079,5.884503
2015-11-09,26379.778001,12381.794491,33.348323,14031.331833,5,105.176788,63.56307,0.207242,16.52,17.412349,5.882148
2015-11-10,26272.611449,12264.508187,23.228571,14031.331833,5,104.908226,61.7791,0.207242,15.29,17.410613,5.880054
2015-11-11,26219.479885,12204.961054,16.813002,14031.331833,5,104.77858,60.890649,0.207227,16.059999,17.40951,5.877777
2015-11-12,25810.280249,11784.815842,5.867426,14031.331833,5,103.759865,54.28455,0.207582,18.370001,17.410294,5.875439
2015-11-13,25007.900598,10977.149795,0.58103,14031.331833,5,101.722443,44.002401,0.208942,20.08,17.412471,5.873536
2015-11-16,25595.614467,11564.587254,0.30462,14031.331833,5,103.185699,51.157703,0.209588,18.16,17.413081,5.871178
2015-11-17,25616.074541,11584.856396,0.113688,14031.331833,5,103.250488,51.453491,0.20955,18.84,17.414243,5.868927
2015-11-18,26445.734452,12414.923626,0.521007,14031.331833,5,105.232346,59.527693,0.210572,16.85,17.413784,5.866559
2015-11-19,26470.04324,12438.902664,0.191258,14031.331833,5,105.306442,59.796916,0.210488,16.99,17.413439,5.864184
2015-11-20,26764.358492,12733.197619,16.056585,14047.217457,5,106.019524,62.389809,0.210569,15.47,17.41186,5.862061
2015-11-23,26625.874668,12589.388768,30.396304,14066.882204,5,105.713928,60.586406,0.210599,15.62,17.410406,5.859902
2015-11-24,26582.233166,12542.095817,26.744854,14066.882204,5,105.621315,60.020183,0.210419,15.93,17.409205,5.857675
2015-11-25,26616.98673,12575.376788,64.449951,14106.059894,5,105.713928,60.418555,0.210415,15.19,17.407407,5.85564
2015-11-27,26673.515803,12624.512815,77.667785,14126.670772,5,105.862091,61.086588,0.210291,15.12,17.405555,5.853629
2015-11-30,26569.91151,12495.145635,51.904897,14126.670772,5,105.593544,59.138353,0.210256,16.129999,17.404523,5.851371
2015-12-01,26985.321025,12931.14574,72.495487,14126.670772,5,106.649269,63.999307,0.210096,14.67,17.402312,5.84952
2015-12-02,26727.84765,12650.322586,49.145709,14126.670772,5,105.991753,59.270166,0.2102,15.91,17.401107,5.847309
2015-12-03,26022.993127,11915.07068,18.748325,14126.670772,5,104.195137,48.684245,0.211236,18.110001,17.401679,5.844982
2015-12-04,27027.576131,12955.71659,54.811231,14126.670772,5,106.63076,59.297589,0.212999,14.81,17.399589,5.843086
2015-12-07,26836.476504,12738.080401,28.274669,14126.670772,5,106.149216,56.796473,0.21308,15.84,17.398332,5.840897
2015-12-08,26836.173119,12733.226471,23.724124,14126.670772,5,106.158463,56.834124,0.212888,17.6,17.398494,5.838546
2015-12-09,26189.496082,12070.541921,7.716611,14126.670772,5,104.547043,48.845304,0.213693,19.610001,17.400274,5.836533
2015-12-10,26364.825771,12246.017466,7.862468,14126.670772,5,105.019371,51.018627,0.21286,19.34,17.401833,5.834444
2015-12-11,25408.629498,11283.08971,1.130984,14126.670772,5,102.602219,41.339271,0.214685,24.389999,17.407446,5.83546
2015-12-14,25703.256678,11577.173858,0.587952,14126.670772,5,103.380142,44.958574,0.214432,22.73,17.411717,5.835064
2015-12-15,25950.133449,11824.074364,0.611687,14126.670772,5,104.009911,47.768155,0.214147,20.950001,17.414555,5.833583
2015-12-16,26579.556421,12454.322487,1.436838,14126.670772,5,105.556496,53.980698,0.213895,17.860001,17.414912,5.831257
2015-12-17,25934.10007,11807.605243,0.175946,14126.670772,5,104.019165,47.883901,0.213633,18.940001,17.416133,5.82908
2015-12-18,25108.180945,10981.516944,0.006771,14126.670772,5,102.023834,41.355214,0.213089,20.700001,17.41876,5.827486
2015-12-21,25555.706168,11429.036021,21.652381,14148.322529,5,103.15712,45.869485,0.213425,18.700001,17.419784,5.825268
2015-12-22,25825.196366,11702.574938,25.7011,14148.322529,5,103.835243,48.427654,0.213541,16.6,17.419129,5.822985
2015-12-23,26133.502039,12016.606613,50.777635,14167.67306,5,104.606247,51.248672,0.21366,15.57,17.417654,5.820893
2015-12-24,26124.153787,12003.342378,46.861652,14167.67306,5,104.587654,51.175973,0.21366,15.74,17.416316,5.818763
2015-12-28,26090.587211,11955.357779,88.773738,14224.00317,5,104.531929,50.942724,0.213509,16.91,17.415912,5.81646
2015-12-29,26721.000457,12648.527728,151.530441,14224.00317,5,106.176147,57.148695,0.214295,16.08,17.414849,5.814264
2015-12-30,26370.141415,12245.042283,98.904038,14224.00317,5,105.219322,52.950755,0.214426,17.290001,17.414749,5.811951
2015-12-31,25872.186257,11701.188462,53.005374,14224.00317,5,103.909538,47.777057,0.214602,18.209999,17.415382,5.809681
2016-01-04,25031.555281,10818.22773,10.675619,14224.00317,5,101.717308,40.622725,0.216137,20.700001,17.41799,5.80811
2016-01-05,24944.592291,10728.309222,7.7201,14224.00317,5,101.540771,40.101952,0.215389,19.34,17.419516,5.806055
2016-01-06,24550.8892,10330.219798,3.333769,14224.00317,5,100.56546,37.260008,0.215081,20.59,17.42203,5.804437
2016-01-07,23391.621901,10913.20365,20.622763,12499.041014,6,97.416336,29.89355,0.217991,24.99,17.428027,5.806045
2016-01-08,23014.19856,10528.699744,13.542198,12499.041014,6,96.617493,28.361738,0.217043,27.01,17.435614,5.810004
2016-01-11,23123.750672,12341.260426,27.915088,10810.405334,7,96.914757,29.803224,0.216924,24.299999,17.441044,5.810912
2016-01-12,23686.36459,12916.204962,40.245705,10810.405334,7,98.038765,35.119316,0.216979,22.469999,17.44502,5.810333
2016-01-13,22115.427706,11314.168309,9.145936,10810.405334,7,94.657455,28.200494,0.221073,25.219999,17.451161,5.812145
2016-01-14,23143.680009,12354.616005,21.34133,10810.405334,7,96.673241,36.262204,0.222402,23.950001,17.45629,5.812717
2016-01-15,21744.68696,10939.008545,4.726919,10810.405334,7,93.672791,30.731113,0.225077,27.02,17.463833,5.816627
2016-01-19,21799.977907,12685.918339,25.609243,9139.668812,8,93.877159,31.497547,0.224659,26.049999,17.470599,5.819327
2016-01-20,21630.424104,12511.591703,41.486623,9160.319025,8,93.589188,30.977429,0.22449,27.59,17.478567,5.82396
2016-01-21,21671.437798,12550.649783,39.53101,9160.319025,8,93.682106,31.371222,0.224409,26.690001,17.485814,5.827397
2016-01-22,23184.157219,14126.848454,125.48983,9182.798594,8,96.394562,41.80841,0.225945,22.34,17.489631,5.826694
2016-01-25,22429.61011,13305.551245,58.739729,9182.798594,8,94.96402,38.484243,0.226643,24.15,17.494863,5.827394
2016-01-26,22896.932167,13790.142395,76.008823,9182.798594,8,95.818611,41.477767,0.226895,22.5,17.498791,5.826792
2016-01-27,21595.34035,12436.782714,85.136372,9243.694008,8,93.431305,36.180997,0.226725,23.110001,17.503192,5.826625
2016-01-28,22289.029241,13178.098789,132.763556,9243.694008,8,94.750336,40.687826,0.227261,22.42,17.507045,5.825965
2016-01-29,23321.694718,14334.303383,256.302672,9243.694008,8,96.728958,46.76135,0.228319,20.200001,17.509154,5.82417
2016-02-01,23466.864429,14450.719013,227.548592,9243.694008,8,96.989067,47.522114,0.22814,19.98,17.511088,5.822299
2016-02-02,22434.228275,13283.360238,92.82597,9243.694008,8,94.889709,42.271752,0.229437,21.98,17.514582,5.821362
2016-02-03,22187.519396,13011.497332,67.671944,9243.694008,8,94.434509,41.208631,0.229223,21.65,17.517813,5.820234
2016-02-04,22180.705117,12996.649841,59.638732,9243.694008,8,94.425232,41.185897,0.229221,21.84,17.521187,5.819213
2016-02-05,20574.689954,13044.723139,35.850049,7565.816865,9,91.146126,34.03799,0.232871,23.379999,17.525757,5.819242
2016-02-08,19774.005836,13885.514064,57.27193,5945.763702,10,89.752739,31.533585,0.23348,26,17.532362,5.821781
2016-02-09,19593.249246,13694.328502,46.842959,5945.763702,10,89.474045,31.041629,0.233478,26.540001,17.539377,5.824939
2016-02-10,19769.968351,13872.819001,70.540936,5967.690286,10,89.81778,32.441579,0.232767,26.290001,17.546187,5.827785
2016-02-11,19681.800487,13775.273773,61.163572,5967.690286,10,89.687721,32.175415,0.232724,28.139999,17.554425,5.833002
2016-02-12,20539.042347,14669.338814,97.986753,5967.690286,10,91.053223,37.933074,0.233023,25.4,17.560521,5.834834
2016-02-16,21874.650155,16066.651289,159.691421,5967.690286,10,93.106178,45.433061,0.234355,24.110001,17.565606,5.835421
2016-02-17,23248.429699,17599.092561,318.353148,5967.690286,10,95.214844,51.866726,0.235917,22.309999,17.569286,5.834652
2016-02-18,22598.17009,16835.523191,227.67539,5990.32229,10,94.12796,48.680725,0.236302,21.639999,17.572442,5.833489
2016-02-19,22773.434504,17016.828134,258.659441,6015.265812,10,94.406647,49.536679,0.236252,20.530001,17.574733,5.831809
2016-02-22,23752.129184,18100.037627,386.505211,6038.596768,10,95.939354,54.073592,0.236919,19.379999,17.57613,5.829766
2016-02-23,22840.983259,16998.768489,196.381998,6038.596768,10,94.360184,49.168717,0.237735,20.98,17.578763,5.828278
2016-02-24,23415.791864,17636.006098,258.811003,6038.596768,10,95.261261,51.852423,0.238019,20.719999,17.58119,5.826678
2016-02-25,24004.319929,18309.248422,343.525262,6038.596768,10,96.199486,54.543519,0.238303,19.110001,17.582371,5.824581
2016-02-26,23945.460389,18206.441471,374.700799,6113.719718,10,96.07872,54.124178,0.238225,19.809999,17.58409,5.822661
2016-02-29,23488.178589,17558.113243,183.654372,6113.719718,10,95.214844,51.097826,0.238408,20.549999,17.586376,5.820997
2016-03-01,25364.890957,19887.258828,636.087589,6113.719718,10,98.270981,59.685822,0.241191,17.700001,17.586464,5.818753
2016-03-02,25423.71966,19899.956794,589.956851,6113.719718,10,98.308136,59.778303,0.241129,17.09,17.586082,5.816528
2016-03-03,25369.90817,19748.011942,491.82349,6113.719718,10,98.122345,59.048848,0.241096,16.700001,17.5854,5.81434
2016-03-04,25434.542964,19762.834668,442.011422,6113.719718,10,98.159523,59.156253,0.241086,16.860001,17.584842,5.812138
2016-03-07,25196.028882,19267.523226,217.046156,6145.551813,10,97.555687,56.561481,0.240813,17.35,17.584662,5.809908
2016-03-08,24714.437313,18670.471585,101.586085,6145.551813,10,96.74752,53.198209,0.240991,18.67,17.585495,5.807754
2016-03-09,25111.202816,19075.263912,168.851442,6204.790346,10,97.369919,55.397838,0.240066,18.34,17.586074,5.805563
2016-03-10,25023.496804,18949.818157,131.111699,6204.790346,10,97.221291,54.736262,0.239972,18.049999,17.586429,5.80335
2016-03-11,26205.639702,20231.021292,258.148727,6232.767136,10,98.921211,60.540561,0.240744,16.5,17.585597,5.801204
2016-03-14,26355.850547,20317.350771,194.26736,6232.767136,10,99.088432,61.069417,0.240693,16.92,17.585088,5.799012
2016-03-15,26323.993422,20257.30652,166.080234,6232.767136,10,99.051285,60.874234,0.240203,16.84,17.584518,5.79683
2016-03-16,26943.110028,20922.264015,211.921124,6232.767136,10,99.933739,63.831542,0.24043,14.99,17.582536,5.795057
2016-03-17,26909.721178,20856.128112,179.17407,6232.767136,10,99.878014,63.505115,0.240146,14.44,17.580137,5.793494
2016-03-18,27029.137282,20963.017355,166.647209,6232.767136,10,100.034554,64.061114,0.240147,14.02,17.577422,5.792117
2016-03-21,27324.582121,21221.874386,197.534107,6300.241842,10,100.425865,65.477015,0.240068,13.79,17.574535,5.790851
2016-03-22,27548.287153,21446.344736,198.299426,6300.241842,10,100.73333,66.590775,0.240084,14.17,17.571942,5.789407
2016-03-23,26980.507281,20805.234245,153.659789,6328.932826,10,99.904121,60.885814,0.240251,14.94,17.569939,5.787657
2016-03-24,26944.854549,20750.165557,134.243834,6328.932826,10,99.932076,61.007094,0.238624,14.74,17.567787,5.785981
2016-03-28,26847.194984,20592.504903,154.987226,6409.677308,10,99.792305,60.00525,0.238594,15.24,17.566018,5.784136
2016-03-29,27989.179076,21840.635362,261.133594,6409.677308,10,101.394798,66.747562,0.239303,13.82,17.563174,5.782859
2016-03-30,28328.632111,22201.169012,282.214209,6409.677308,10,101.888588,68.509213,0.238987,13.56,17.560137,5.781715
2016-03-31,28230.96334,22059.115693,237.829661,6409.677308,10,101.739532,67.349314,0.238642,13.95,17.5574,5.780376
2016-04-01,28991.08025,22905.103106,323.700164,6409.677308,10,102.820274,71.161721,0.238878,13.1,17.554023,5.779487
2016-04-04,28778.322216,22560.724797,192.079889,6409.677308,10,102.428955,68.062799,0.238927,14.12,17.551423,5.77807
2016-04-05,28075.47119,21778.987234,113.193353,6409.677308,10,101.441383,60.859748,0.23903,15.42,17.549811,5.77618
2016-04-06,29317.8825,23106.074516,231.805608,6443.613593,10,103.109093,67.176916,0.239804,14.09,17.547196,5.774778
2016-04-07,28272.908573,21946.021121,116.72614,6443.613593,10,101.627716,58.192396,0.24027,16.16,17.546148,5.772721
2016-04-08,28215.236345,21871.161061,154.8595,6498.934783,10,101.553169,57.773648,0.240158,15.36,17.544498,5.770853
2016-04-11,27950.681808,21543.636309,124.346145,6531.391643,10,101.180496,55.618918,0.240153,16.26,17.543529,5.768783
2016-04-12,28574.791434,22198.677674,155.277884,6531.391643,10,102.028351,59.334817,0.240337,14.85,17.5415,5.767081
2016-04-13,29532.29645,23232.160338,231.255531,6531.391643,10,103.33268,64.288462,0.240783,13.84,17.538712,5.765803
2016-04-14,29547.797466,23222.965319,206.559496,6531.391643,10,103.341988,64.321862,0.240673,13.72,17.535839,5.764583
2016-04-15,29370.273944,23003.733569,164.851269,6531.391643,10,103.081123,62.555981,0.240687,13.62,17.532895,5.763414
2016-04-18,29772.661832,23378.665523,137.395335,6531.391643,10,103.630829,64.752007,0.240005,13.35,17.529752,5.762388
2016-04-19,29284.31378,22842.493829,89.571692,6531.391643,10,102.997269,60.358268,0.239474,13.24,17.526532,5.761422
2016-04-20,29346.597431,22894.664536,146.354251,6598.287145,10,103.081123,60.738001,0.239424,13.28,17.523346,5.760433
2016-04-21,29354.457703,22886.386711,130.216153,6598.287145,10,103.090439,60.782944,0.239339,13.95,17.520667,5.759103
2016-04-22,28210.07779,21674.031675,89.665358,6625.711472,10,101.534531,50.404687,0.240002,13.22,17.517446,5.758147
2016-04-25,28178.927857,21615.627428,62.411044,6625.711472,10,101.534531,50.404687,0.239455,14.08,17.514873,5.756759
2016-04-26,27802.267631,21221.1045,44.548341,6625.711472,10,101.040726,47.424224,0.239507,13.96,17.512214,5.755425
2016-04-27,27189.334654,20590.655596,121.657129,6720.336186,10,100.230209,42.936459,0.23969,13.77,17.509417,5.754182
2016-04-28,26317.766992,19669.676931,72.246125,6720.336186,10,99.019005,37.261864,0.240014,15.22,17.507707,5.752371
2016-04-29,25906.872518,19239.212196,52.675863,6720.336186,10,98.497276,35.109364,0.239343,15.7,17.506358,5.750435
2016-05-02,26558.68112,19893.077447,54.732513,6720.336186,10,99.428947,41.597405,0.239091,14.68,17.504251,5.748807
2016-05-03,25882.025121,19194.823637,33.134703,6720.336186,10,98.506592,37.590324,0.239341,15.6,17.502832,5.746898
2016-05-04,25382.38365,18683.369994,21.32253,6720.336186,10,97.873024,35.089848,0.238655,16.049999,17.50175,5.744893
2016-05-05,25346.594282,18644.26537,18.007274,6720.336186,10,97.845078,34.979319,0.238511,15.91,17.500565,5.742918
2016-05-06,25719.568532,19019.005002,49.749378,6750.312908,10,98.366859,38.852104,0.238489,14.72,17.498498,5.741282
2016-05-09,25883.436892,19172.783704,88.465127,6799.118315,10,98.646309,40.882979,0.238044,14.57,17.496322,5.739702
2016-05-10,26869.8684,20203.592187,132.842102,6799.118315,10,99.997284,49.598169,0.238562,13.63,17.493452,5.738537
2016-05-11,26222.159902,19510.740999,116.326759,6827.745662,10,99.093552,44.836361,0.23875,14.69,17.491372,5.736915
2016-05-12,25907.447923,19169.871746,90.169485,6827.745662,10,98.65564,42.697229,0.238796,14.41,17.489088,5.7354
2016-05-13,25619.64298,18861.825738,69.928421,6827.745662,10,98.292305,40.951481,0.23819,15.04,17.487274,5.733661
2016-05-16,26512.205977,19767.86628,83.405965,6827.745662,10,99.522095,48.610374,0.238665,14.68,17.485196,5.732046
2016-05-17,25613.70192,18830.212811,44.256553,6827.745662,10,98.273682,42.573545,0.23908,15.57,17.48378,5.730161
2016-05-18,25865.98242,19083.630838,45.39408,6827.745662,10,98.627693,44.671856,0.239118,15.95,17.482646,5.728193
2016-05-19,25487.112059,18690.597697,31.231299,6827.745662,10,98.115265,42.264533,0.239195,16.33,17.481795,5.726162
2016-05-20,26282.391788,19499.51173,104.760447,6887.640505,10,99.196022,48.560685,0.239481,15.2,17.480111,5.724382
2016-05-23,26177.795028,19362.079021,100.63834,6916.354347,10,99.065605,47.882112,0.239483,15.82,17.478886,5.722447
2016-05-24,27620.028067,20897.364913,193.691193,6916.354347,10,101.050064,57.59269,0.240274,14.42,17.476632,5.720939
2016-05-25,28117.784962,21428.667184,227.236569,6916.354347,10,101.776787,60.495485,0.239659,13.9,17.473999,5.719655
2016-05-26,28335.710013,21650.161905,230.806239,6916.354347,10,102.074936,61.655149,0.23967,13.43,17.471023,5.718601
2016-05-27,28717.254798,22055.287705,341.296948,7003.264041,10,102.605988,63.69919,0.239641,13.12,17.467824,5.717714
2016-05-31,28914.338195,22158.058676,246.984523,7003.264041,10,102.801636,64.451043,0.239619,14.19,17.465415,5.716302
2016-06-01,28933.567625,22151.440275,221.136692,7003.264041,10,102.810921,64.488634,0.239587,14.2,17.463018,5.714886
2016-06-02,29098.055547,22308.468638,213.677133,7003.264041,10,103.025246,65.398175,0.239574,13.63,17.460205,5.713731
2016-06-03,28755.039755,21907.105694,155.32998,7003.264041,10,102.540756,61.559789,0.239464,13.47,17.45728,5.712657
2016-06-06,29045.024034,22164.748312,154.786776,7035.062498,10,102.913445,63.342152,0.239484,13.65,17.454491,5.711492
2016-06-07,28847.473514,21934.190344,121.779328,7035.062498,10,102.652565,61.202903,0.239184,14.05,17.451999,5.710142
2016-06-08,28982.000376,22061.732187,176.45888,7096.727069,10,102.829575,62.137279,0.239182,14.08,17.449532,5.70878
2016-06-09,28848.617911,21896.756734,144.865892,7096.727069,10,102.66188,60.647101,0.238639,14.64,17.447478,5.707198
2016-06-10,27999.760062,20980.012639,103.634349,7123.381772,10,101.497276,51.423636,0.23903,17.030001,17.447173,5.705122
2016-06-13,27358.33566,20281.883454,46.929566,7123.381772,10,100.649475,45.945562,0.239037,20.969999,17.449745,5.703832
2016-06-14,27349.216109,20266.071648,40.237311,7123.381772,10,100.649475,45.945562,0.238961,20.5,17.451969,5.702345
2016-06-15,27120.917289,20027.767954,30.232437,7123.381772,10,100.360649,44.08983,0.238898,20.139999,17.453929,5.700727
2016-06-16,27338.613179,20244.897009,29.665602,7123.381772,10,100.658768,46.492127,0.238901,19.370001,17.455324,5.698884
2016-06-17,26427.594244,19318.540494,14.328023,7123.381772,10,99.478897,39.295783,0.238681,19.41,17.456747,5.697052
2016-06-20,26871.23992,19759.254988,71.084219,7183.069151,10,100.104797,44.227603,0.238731,18.370001,17.457411,5.695032
2016-06-21,27096.205975,19985.746194,72.60937,7183.069151,10,100.422424,46.598637,0.238596,18.48,17.458154,5.693028
2016-06-22,26908.38572,19786.015252,91.203749,7213.574218,10,100.179535,45.022395,0.238611,21.17,17.46085,5.691837
2016-06-23,27976.809289,20901.22371,137.98864,7213.574218,10,101.608795,54.726972,0.239143,17.25,17.460697,5.689773
2016-06-24,25082.045044,17898.287043,29.816216,7213.574218,10,97.423752,35.157413,0.244399,25.76,17.466715,5.692097
2016-06-27,23703.571074,18348.042964,132.746883,5488.274994,11,95.490044,29.846713,0.245439,23.85,17.471341,5.692627
2016-06-28,25232.230052,19984.944349,240.989291,5488.274994,11,97.582588,40.347708,0.245176,18.75,17.472266,5.690668
2016-06-29,26529.003967,21421.169482,380.440509,5488.274994,11,99.310745,47.356176,0.246047,16.639999,17.471664,5.688652
2016-06-30,27367.806991,22375.197447,495.66545,5488.274994,11,100.459785,51.441251,0.246252,15.63,17.470333,5.686809
2016-07-01,27737.684168,22789.838048,540.428873,5488.274994,11,100.964226,53.159681,0.246324,14.77,17.468382,5.685216
2016-07-05,27334.417671,22213.58397,367.441292,5488.274994,11,100.34771,50.793793,0.246419,15.58,17.467018,5.683388
2016-07-06,27947.449047,22901.320155,477.866014,5523.994907,11,101.169746,53.749489,0.246594,14.96,17.465209,5.681735
2016-07-07,28142.571275,23106.413865,487.837497,5523.994907,11,101.468681,54.812478,0.245702,14.76,17.463259,5.680149
2016-07-08,29272.572295,24472.563828,797.454798,5597.463265,11,103.038086,60.009048,0.246378,13.2,17.460187,5.679254
2016-07-11,29723.360372,24921.926748,829.428006,5630.86163,11,103.626617,61.783908,0.245808,13.54,17.457365,5.678183
2016-07-12,30064.246675,25338.179558,904.794513,5630.86163,11,104.149727,63.341262,0.245,13.55,17.454554,5.677106
2016-07-13,29935.411757,25097.017411,792.467284,5630.86163,11,103.897514,62.028781,0.244896,13.04,17.45138,5.676297
2016-07-14,30425.779204,25715.943566,921.025992,5630.86163,11,104.607483,64.272974,0.245026,12.82,17.448053,5.675614
2016-07-15,30340.799974,25531.175219,821.236875,5630.86163,11,104.439331,63.318458,0.244459,12.67,17.444623,5.675019
2016-07-18,30880.472261,26085.71746,836.106829,5630.86163,11,105.130592,65.5814,0.243955,12.44,17.441033,5.674565
2016-07-19,30674.012805,25729.145445,685.99427,5630.86163,11,104.747581,63.252985,0.243959,11.97,17.437111,5.674421
2016-07-20,31492.485611,26827.457027,1025.6767,5690.705284,11,105.971352,67.253518,0.244357,11.77,17.433052,5.674414
2016-07-21,31386.645528,26580.688457,884.748213,5690.705284,11,105.728462,65.724142,0.243986,12.74,17.429692,5.673771
2016-07-22,31692.599739,26963.268454,992.909146,5722.240431,11,106.167534,67.177211,0.243992,12.02,17.425823,5.673585
2016-07-25,31871.179026,26918.248934,769.310339,5722.240431,11,106.17688,67.209077,0.243698,12.87,17.422566,5.672863
2016-07-26,32002.928699,27006.688798,726.00053,5722.240431,11,106.298294,67.648491,0.243488,13.05,17.419443,5.672039
2016-07-27,32385.510874,27662.376919,309.196155,5032.330109,11,107.036278,70.257412,0.243413,12.83,17.416167,5.671339
2016-07-28,32704.497008,27990.453702,318.286803,5032.330109,11,107.409966,71.510269,0.243407,12.72,17.412817,5.670702
2016-07-29,32911.727488,28189.264554,309.867176,5032.330109,11,107.643501,72.295685,0.243356,11.87,17.408867,5.67061
2016-08-01,33446.111367,28675.220832,261.439574,5032.330109,11,108.213341,74.167092,0.243429,12.44,17.405328,5.67014
2016-08-02,32783.190622,27907.601055,156.740542,5032.330109,11,107.391281,67.122961,0.243577,13.37,17.402456,5.669142
2016-08-03,33099.933924,28220.556353,152.952539,5032.330109,11,107.746223,68.513489,0.243593,12.86,17.399225,5.668419
2016-08-04,33373.283572,28486.194344,145.240881,5032.330109,11,108.054535,69.711821,0.243447,12.42,17.395686,5.667958
2016-08-05,34264.002922,29418.649904,220.66862,5066.021639,11,109.091423,73.381015,0.242909,11.39,17.39142,5.668203
2016-08-08,34188.916926,29262.875756,205.03959,5131.080759,11,108.970001,72.276819,0.242907,11.5,17.387239,5.668363
2016-08-09,34405.66336,29473.346149,198.763547,5131.080759,11,109.222221,73.179626,0.242552,11.66,17.383177,5.668404
2016-08-10,34156.308418,29181.415736,188.013149,5162.905831,11,108.941956,70.434804,0.24206,12.05,17.379398,5.668172
2016-08-11,34570.079165,29605.44367,198.270336,5162.905831,11,109.409065,72.299649,0.242078,11.68,17.375361,5.668193
2016-08-12,34644.695063,29661.270346,179.481114,5162.905831,11,109.483803,72.597471,0.242068,11.55,17.371239,5.668304
2016-08-15,35081.844703,30060.382146,141.443275,5162.905831,11,109.950905,74.446645,0.24211,11.81,17.367306,5.668227
2016-08-16,34540.714048,29471.925396,94.117179,5162.905831,11,109.343674,68.020457,0.242018,12.64,17.363965,5.667616
2016-08-17,34715.846449,29639.761271,86.820653,5162.905831,11,109.539848,68.952859,0.241939,12.19,17.360311,5.667281
2016-08-18,34736.530908,29647.690604,74.065526,5162.905831,11,109.567863,69.091453,0.241797,11.43,17.356126,5.66747
2016-08-19,34637.24098,29532.580107,130.731507,5235.392381,11,109.539848,68.760894,0.239369,11.34,17.351883,5.667722
2016-08-22,34533.861898,27035.966728,82.44781,7580.34298,10,109.623901,69.236455,0.233122,12.27,17.348302,5.667329
2016-08-23,34569.322819,24386.16881,48.009034,10231.163043,9,109.820076,70.370188,0.228136,12.38,17.344803,5.666866
2016-08-24,34026.601268,18604.567713,30.429529,15452.463083,7,109.11013,61.532372,0.228237,13.45,17.342062,5.665812
2016-08-25,33766.715441,18333.829559,19.577202,15452.463083,7,108.932655,59.519966,0.220678,13.63,17.339451,5.664673
2016-08-26,33816.683614,18381.000231,60.575678,15496.259061,7,109.091423,60.756454,0.218702,13.65,17.336859,5.663526
2016-08-29,33896.668427,18446.680672,46.271306,15496.259061,7,109.240906,61.935374,0.218703,12.94,17.333771,5.662734
2016-08-30,33675.510409,18214.546857,35.295509,15496.259061,7,108.885933,57.516636,0.218194,13.12,17.330814,5.661846
2016-08-31,33538.457361,18069.54137,27.343071,15496.259061,7,108.773849,56.154334,0.214719,13.42,17.328072,5.660807
2016-09-01,33652.553382,18181.788605,25.494284,15496.259061,7,109.05407,58.782792,0.212217,13.48,17.325375,5.659738
2016-09-02,33858.036237,18387.902987,26.125811,15496.259061,7,109.409065,61.898955,0.212141,11.98,17.321632,5.659523
2016-09-06,34240.717301,18764.315475,39.586554,15515.98838,7,110.090988,67.052035,0.211713,12.02,17.317922,5.659279
2016-09-07,34231.670598,18749.502896,72.055392,15554.223094,7,110.156387,67.50593,0.209163,11.94,17.314161,5.659086
2016-09-08,33845.102534,18340.374087,49.494647,15554.223094,7,109.511795,58.894082,0.208822,12.51,17.310804,5.658532
2016-09-09,32249.863876,16709.127539,34.342499,15575.078837,7,106.756035,37.102188,0.21077,17.5,17.310936,5.656557
2016-09-12,33371.966603,17852.199661,55.311895,15575.078837,7,108.671089,50.742395,0.211713,15.16,17.309435,5.654867
2016-09-13,32805.294357,17264.059157,33.843637,15575.078837,7,107.699532,45.367141,0.211974,17.85,17.309812,5.652911
2016-09-14,33095.481841,17557.507995,37.104991,15575.078837,7,108.213341,48.475694,0.211602,18.139999,17.31039,5.650983
2016-09-15,34092.050934,18583.533512,66.561416,15575.078837,7,109.894814,57.081993,0.212278,16.299999,17.309687,5.649076
2016-09-16,34059.91991,18543.553158,58.712085,15575.078837,7,109.842354,56.763431,0.212281,15.37,17.308337,5.647341
2016-09-19,33757.548834,18215.714407,54.062868,15595.897295,7,109.364761,53.818711,0.211617,15.53,17.3071,5.64557
2016-09-20,33876.408224,18333.136014,52.625086,15595.897295,7,109.570778,54.905458,0.211599,15.92,17.306136,5.643725
2016-09-21,34500.272765,18976.715643,72.340173,15595.897295,7,110.647797,60.180912,0.211066,13.3,17.303354,5.642752
2016-09-22,35020.307311,19517.10866,92.698644,15595.897295,7,111.528091,63.898418,0.211251,12.02,17.299688,5.642509
2016-09-23,34603.867673,19070.19065,62.220272,15595.897295,7,110.816338,59.094518,0.211356,12.29,17.296214,5.642093
2016-09-26,34044.736506,18475.7345,63.375746,15632.377751,7,109.889198,53.456762,0.211349,14.5,17.294276,5.640617
2016-09-27,34639.404139,19090.309367,83.282979,15632.377751,7,110.975555,58.457808,0.20864,13.1,17.291371,5.639742
2016-09-28,34749.076881,19196.841955,80.142826,15632.377751,7,111.162849,59.270359,0.208521,12.39,17.287979,5.639263
2016-09-29,34248.163768,18664.351744,48.565728,15632.377751,7,110.357445,54.347516,0.207046,14.02,17.285719,5.637967
2016-09-30,34740.824406,19169.986811,61.540157,15632.377751,7,111.181587,58.175596,0.207155,13.29,17.282958,5.636996
2016-10-03,34627.327218,19031.518952,36.569485,15632.377751,7,111.022362,57.178032,0.206187,13.57,17.280394,5.635892
2016-10-04,34512.266002,18908.138299,28.250049,15632.377751,7,110.853821,56.081808,0.205544,13.63,17.277874,5.634762
2016-10-05,34747.968866,19144.621881,29.030767,15632.377751,7,111.247147,58.100681,0.205478,12.99,17.274917,5.633942
2016-10-06,34708.760975,19100.204841,42.364737,15650.920871,7,111.190948,57.692607,0.205377,12.84,17.271861,5.633203
2016-10-07,34557.929393,18940.347096,67.303373,15684.885669,7,110.947464,55.861947,0.20536,13.48,17.269249,5.63214
2016-10-10,34977.924572,19357.488571,80.359771,15700.795772,7,111.649826,59.822409,0.205422,13.38,17.266573,5.631125
2016-10-11,34034.8747,18370.659464,36.580535,15700.795772,7,110.057777,49.073595,0.20618,15.36,17.265261,5.629409
2016-10-12,33972.542387,18302.17885,30.432235,15700.795772,7,109.964134,48.521347,0.206018,15.91,17.26433,5.627585
2016-10-13,33731.229913,18052.264237,21.830097,15700.795772,7,109.570778,46.170907,0.20606,16.690001,17.263935,5.625671
2016-10-14,33791.584175,18110.142427,19.354024,15700.795772,7,109.701912,47.091058,0.205175,16.120001,17.26315,5.623819
2016-10-17,33592.589749,17901.481394,9.687417,15700.795772,7,109.402229,45.189916,0.205158,16.209999,17.262428,5.621956
2016-10-18,34186.130812,18499.041612,13.706572,15700.795772,7,110.37619,51.975726,0.205312,15.28,17.261069,5.620267
2016-10-19,34173.342028,18483.677836,30.03621,15719.700403,7,110.366806,51.909041,0.205205,14.41,17.259116,5.618836
2016-10-20,34086.99575,18392.136265,24.840919,15719.700403,7,110.23571,50.92607,0.205064,13.75,17.256715,5.617662
2016-10-21,34313.481755,18619.007007,25.225654,15719.700403,7,110.647797,53.882372,0.203718,13.34,17.254036,5.616673
2016-10-24,35088.668461,19397.924822,28.956764,15719.700403,7,111.977623,61.866018,0.201545,13.02,17.251141,5.615843
2016-10-25,34864.73115,19166.288727,21.257979,15719.700403,7,111.621712,58.925853,0.201587,13.46,17.248552,5.614798
2016-10-26,34391.275835,18684.295247,42.993163,15749.973751,7,110.863174,53.130459,0.201754,14.24,17.246498,5.61343
2016-10-27,34076.664395,18357.788182,31.097537,15749.973751,7,110.357445,49.626064,0.201602,15.36,17.245211,5.61173
2016-10-28,33650.235513,17920.745893,20.48413,15749.973751,7,109.664421,45.224032,0.201741,16.190001,17.244492,5.609884
2016-10-31,33569.356033,17832.388147,13.005865,15749.973751,7,109.561432,44.59101,0.201668,17.059999,17.244366,5.607973
2016-11-01,33053.81567,17311.055451,7.213532,15749.973751,7,108.737328,39.791321,0.201438,18.559999,17.245262,5.606168
2016-11-02,32518.133446,16771.875565,3.71587,15749.973751,7,107.866348,35.448481,0.201632,19.32,17.246673,5.604521
2016-11-03,31875.131704,16126.751066,1.593113,15749.973751,7,106.808121,31.018854,0.201982,22.08,17.249959,5.604031
2016-11-04,31641.975974,15892.970307,0.968083,15749.973751,7,106.433487,29.608282,0.202001,22.51,17.253533,5.603804
2016-11-07,33191.910249,17444.469696,48.125244,15795.565798,7,108.962059,47.095333,0.203954,18.709999,17.254521,5.602028
2016-11-08,33610.644004,17872.547453,57.469247,15795.565798,7,109.673813,50.800398,0.203683,18.74,17.255529,5.60026
2016-11-09,33911.8677,18180.089278,80.877723,15812.656144,7,110.179527,53.302776,0.203726,14.38,17.25358,5.598861
2016-11-10,32863.216156,17087.269681,36.709669,15812.656144,7,108.400162,44.689948,0.204676,14.74,17.251877,5.597345
2016-11-11,32881.633759,17102.128343,33.150728,15812.656144,7,108.446991,44.942094,0.204328,14.17,17.24979,5.596023
2016-11-14,32190.590766,16390.688325,12.753704,15812.656144,7,107.35128,40.311462,0.203286,14.48,17.247916,5.594592
2016-11-15,33083.836725,17294.28395,23.103369,15812.656144,7,108.840332,48.132757,0.203236,13.37,17.245294,5.593608
2016-11-16,33473.3907,17688.251212,27.516657,15812.656144,7,109.486504,51.125652,0.203351,13.72,17.242912,5.592468
2016-11-17,33938.330931,18159.718293,34.043506,15812.656144,7,110.282539,54.601117,0.202267,13.35,17.240284,5.591493
2016-11-18,33683.981112,17895.326598,38.74471,15827.399224,7,109.870468,52.519149,0.202321,12.85,17.237321,5.590768
2016-11-21,34374.665661,18591.613791,44.347355,15827.399224,7,111.013031,57.372632,0.202536,12.42,17.234073,5.590282
2016-11-22,34578.776397,18796.523942,45.146769,15827.399224,7,111.350159,58.713667,0.202531,12.41,17.230822,5.589799
2016-11-23,34302.742077,18506.292182,30.949329,15827.399224,7,110.900627,56.175897,0.202591,12.43,17.227589,5.589304
2016-11-25,34516.927517,18715.742041,61.918141,15863.103617,7,111.256477,57.733308,0.202622,12.34,17.2243,5.58886
2016-11-28,34359.654671,18533.427949,36.876895,15863.103617,7,111.003616,56.204817,0.202638,13.15,17.22156,5.587979
2016-11-29,34593.338069,18768.402293,38.167842,15863.103617,7,111.387604,58.022318,0.202649,12.9,17.218656,5.587223
2016-11-30,33760.966488,17915.287397,17.424526,15863.103617,7,110.03904,50.15069,0.202852,13.33,17.216044,5.586254
2016-12-01,32600.838433,16743.460875,5.726059,15863.103617,7,108.137932,41.585595,0.203804,14.07,17.213933,5.584972
2016-12-02,32709.071507,16851.104809,5.13692,15863.103617,7,108.353333,42.778053,0.202763,14.12,17.211858,5.583673
2016-12-05,33182.048744,17323.172042,4.226915,15863.103617,7,109.196213,47.310671,0.20108,12.14,17.208458,5.583344
2016-12-06,33337.114789,17477.949737,3.938565,15863.103617,7,109.458435,48.672813,0.201022,11.79,17.204829,5.583234
2016-12-07,34204.259696,18348.563048,52.308462,15908.00511,7,110.844421,55.256956,0.201577,12.22,17.201493,5.582854
2016-12-08,34311.214003,18453.160563,49.95167,15908.00511,7,111.041077,56.117114,0.200722,12.64,17.198441,5.582232
2016-12-09,34844.253869,19000.654025,80.142069,15923.741913,7,111.912033,59.802845,0.200863,11.75,17.194799,5.582142
2016-12-12,34509.341434,18630.135739,44.536218,15923.741913,7,111.406326,56.818786,0.198937,12.64,17.191757,5.581518
2016-12-13,35376.075098,19525.675088,73.341903,15923.741913,7,112.811089,62.427287,0.199288,12.72,17.188772,5.58085
2016-12-14,35231.330134,19366.656005,59.067785,15923.741913,7,112.576965,61.005139,0.199189,13.19,17.186104,5.579942
2016-12-15,35332.229419,19464.079568,55.592061,15923.741913,7,112.754883,61.718837,0.198434,12.79,17.183173,5.579236
2016-12-16,35062.828148,19178.636836,39.550601,15923.741913,7,112.336929,58.987587,0.197676,12.2,17.179853,5.578858
2016-12-19,35328.755777,19435.805989,44.856494,15937.806282,7,112.797188,61.032634,0.1963,11.71,17.176212,5.578785
2016-12-20,35593.532161,19703.272125,47.546246,15937.806282,7,113.22924,62.902671,0.195925,11.45,17.172402,5.578883
2016-12-21,35538.084759,19639.702322,39.423845,15937.806282,7,113.144699,62.272925,0.195787,11.27,17.168477,5.579104
2016-12-22,35333.497383,19424.1989,28.5078,15937.806282,7,112.82534,59.835939,0.195639,11.43,17.164664,5.57921
2016-12-23,35378.34523,19465.48957,24.950623,15937.806282,7,112.90049,60.230339,0.195639,11.44,17.160863,5.579306
2016-12-27,35737.404045,17034.793579,28.052256,18730.662721,6,113.482857,63.242648,0.195722,11.99,17.157432,5.579044
2016-12-28,35250.389282,16534.37701,14.65045,18730.662721,6,112.599953,56.282443,0.195095,12.95,17.154642,5.578245
2016-12-29,35156.322599,16436.799103,11.139226,18730.662721,6,112.440239,55.101075,0.194785,13.37,17.152134,5.577246
2016-12-30,34520.73093,15795.073944,5.005735,18730.662721,6,111.284935,47.357523,0.194594,14.04,17.150073,5.575973
2017-01-03,35026.326493,16299.579715,3.915942,18730.662721,6,112.280571,53.431355,0.193119,12.85,17.147227,5.575224
2017-01-04,35357.438279,16631.350212,4.574654,18730.662721,6,112.891113,56.72843,0.193196,11.85,17.143724,5.575043
2017-01-05,35701.976414,16976.66444,5.350748,18730.662721,6,113.5298,59.924876,0.192915,11.67,17.140106,5.574976
2017-01-06,36215.678468,14883.759649,29.723571,21361.64239,5,114.525436,64.346337,0.189202,11.32,17.136262,5.57514
2017-01-09,36381.206803,15043.844588,37.464553,21374.826767,5,114.901131,65.876249,0.188925,11.56,17.132581,5.57514
2017-01-10,36495.907978,12492.718945,23.989464,24027.178498,4,115.154755,66.908578,0.188912,11.49,17.128859,5.575183
2017-01-11,36607.433095,12604.24923,23.994633,24027.178498,4,115.464714,68.175703,0.188475,11.26,17.12499,5.575381
2017-01-12,36518.340656,12507.579583,16.417425,24027.178498,4,115.286224,66.594331,0.18351,11.54,17.121311,5.575386
2017-01-13,36657.470858,12646.748652,16.456291,24027.178498,4,115.68074,68.342248,0.181904,11.23,17.117433,5.575598
2017-01-17,36502.023365,12480.656425,5.811558,24027.178498,4,115.333199,65.110207,0.177768,11.87,17.11398,5.575388
2017-01-18,36588.826848,9609.908587,5.458694,26984.376955,3,115.568047,66.271002,0.177767,12.48,17.110934,5.57482
2017-01-19,36571.087634,9590.908916,4.198237,26984.376955,3,115.511658,65.705738,0.177712,12.78,17.108088,5.574092
2017-01-20,36641.771067,9661.31071,3.916598,26984.376955,3,115.765297,67.066474,0.177719,11.54,17.104432,5.574087
2017-01-23,36653.467085,9670.609037,1.518906,26984.376955,3,115.859161,67.579154,0.174557,11.77,17.100932,5.573932
2017-01-24,36873.413726,6450.443209,0.97365,30423.944167,2,116.638817,71.541932,0.173677,11.07,17.096977,5.574243
2017-01-25,37096.692073,3216.09844,0,33880.593633,1,117.812897,76.249782,0.173753,10.81,17.092857,5.574739
2017-01-26,37103.094624,3222.500991,6.055273,33886.648906,1,117.935013,76.681869,0.170895,10.63,17.088625,5.575365
2017-01-27,37122.752727,3241.984707,5.880887,33886.648906,1,118.160416,77.49571,0.17017,10.58,17.084365,5.576026
2017-01-30,37034.172829,3149.89972,2.375798,33886.648906,1,117.239937,67.183582,0.168808,11.88,17.080961,5.57579
2017-01-31,37011.628566,3126.761069,1.781409,33886.648906,1,117.005112,64.814089,0.168825,11.99,17.077634,5.575486
2017-02-01,37084.177992,3199.724528,2.195442,33886.648906,1,117.812897,68.880083,0.166767,11.81,17.074193,5.575289
2017-02-02,37073.736387,3188.820498,1.733017,33886.648906,1,117.709557,67.800664,0.166641,11.93,17.070836,5.575017
2017-02-03,37105.078148,3220.208557,1.779315,33886.648906,1,118.047722,69.485829,0.166654,10.97,17.066856,5.575375
2017-02-06,37109.621482,3223.741408,0.768832,33886.648906,1,118.188583,70.185779,0.160836,11.37,17.063142,5.575454
2017-02-07,37148.929393,3263.050887,0.7704,33886.648906,1,118.620667,72.285816,0.159642,11.29,17.059381,5.575584
2017-02-08,37167.080827,3281.115209,0.683288,33886.648906,1,118.817902,73.213337,0.159562,11.45,17.055729,5.575605
2017-02-09,37207.869591,3321.943707,0.723022,33886.648906,1,119.249977,75.173522,0.159557,10.88,17.051711,5.576015
2017-02-10,37245.119529,3359.207835,0.737212,33886.648906,1,119.644485,76.839995,0.159548,10.85,17.047679,5.576443
2017-02-13,37307.604115,3421.396971,0.441763,33886.648906,1,120.32077,79.393545,0.158752,11.07,17.043795,5.576712
2017-02-14,37344.181984,3457.907656,0.374578,33886.648906,1,120.724648,80.758004,0.156711,10.74,17.039701,5.577214
2017-02-15,37411.157632,3524.936947,0.428222,33886.648906,1,121.438461,82.911664,0.154697,11.97,17.036411,5.576899
2017-02-16,37406.307854,3519.889216,0.230268,33886.648906,1,121.400887,82.388917,0.153977,11.76,17.03299,5.576708
2017-02-17,37456.926793,3570.508148,0.230261,33886.648906,1,121.92691,83.917611,0.15401,11.49,17.029397,5.576685
2017-02-21,37512.078813,3625.435673,0.005766,33886.648906,1,122.528015,85.469771,0.153008,11.57,17.025861,5.576608
2017-02-22,37514.912395,3628.263859,0.00037,33886.648906,1,122.574989,85.586839,0.151539,11.74,17.02244,5.576424
2017-02-23,37468.82465,3582.175744,0,33886.648906,1,122.114716,78.880611,0.151303,11.71,17.019004,5.576256
2017-02-24,37490.819308,3604.170401,0,33886.648906,1,122.349564,79.752379,0.150934,11.47,17.015417,5.576237
2017-02-27,37503.181583,3616.532677,2.795485,33889.444391,1,122.49984,80.312394,0.150911,12.09,17.012235,5.57584
2017-02-28,37466.110209,3578.61443,1.948612,33889.444391,1,122.124146,74.746366,0.150509,12.92,17.009593,5.575009
2017-03-01,37594.535091,3708.586812,3.496112,33889.444391,1,123.457893,80.036083,0.15,12.54,17.00671,5.574365
2017-03-02,37534.119518,3646.829586,2.154459,33889.444391,1,122.83799,72.441071,0.15,11.81,17.003359,5.574129
2017-03-03,37555.53633,3668.212463,2.120524,33889.444391,1,123.063423,73.428569,0.15,10.96,16.999465,5.574443
2017-03-06,37527.449747,3639.075773,1.070418,33889.444391,1,122.791046,70.157534,0.15,11.24,16.995757,5.574563
2017-03-07,37506.658913,3617.972304,0.757783,33889.444391,1,122.584358,67.693227,0.15,11.45,16.992188,5.574543
2017-03-08,37527.163013,3638.427899,0.709277,33889.444391,1,122.800415,68.922107,0.15,11.86,16.988887,5.574269
2017-03-09,37535.724621,3646.881216,0.600986,33889.444391,1,122.894341,69.46586,0.15,12.3,16.985874,5.573744
2017-03-10,37585.689057,3696.937299,0.692633,33889.444391,1,123.410919,72.333007,0.15,11.66,16.982453,5.573587
2017-03-13,37604.052082,3714.955718,0.348027,33889.444391,1,123.617607,73.408888,0.15,11.35,16.978838,5.573624
2017-03-14,37573.82891,3684.571086,0.186568,33889.444391,1,123.317039,69.194949,0.15,12.3,16.975837,5.573095
2017-03-15,37647.952839,3758.766434,0.257986,33889.444391,1,124.077858,73.363128,0.15,11.63,16.97241,5.572951
2017-03-16,37638.94014,3749.652382,0.156633,33889.444391,1,123.993301,72.193961,0.15,11.21,16.968719,5.573073
2017-03-17,37633.960371,3744.608289,0.092309,33889.444391,1,123.95002,71.565265,0.15,11.28,16.965077,5.573147
2017-03-20,37642.849292,3753.419074,0.014173,33889.444391,1,124.062965,72.24453,0.15,11.34,16.961478,5.573179
2017-03-21,37456.706756,3567.262599,0.000234,33889.444391,1,122.180504,50.563875,0.15,12.47,16.958606,5.572553
2017-03-22,37537.408118,3647.96396,0.000234,33889.444391,1,123.008751,56.718334,0.15,12.81,16.955955,5.571758
2017-03-23,37506.054307,3616.609934,0.000018,33889.444391,1,122.698196,54.003579,0.15,13.12,16.953506,5.570821
2017-03-24,37530.285126,3640.840737,0.000002,33889.444391,1,122.952293,55.864967,0.15,12.96,16.950957,5.569956
2017-03-27,37547.409567,3657.965175,0,33889.444391,1,123.149948,57.312106,0.15,12.5,16.948119,5.569313
2017-03-28,37620.87005,3731.425658,0,33889.444391,1,123.902924,62.373588,0.15,11.53,16.944665,5.569217
2017-03-29,37676.774302,3787.32991,2.961304,33892.405695,1,124.477112,65.712233,0.15,11.42,16.941146,5.569187
2017-03-30,37696.500133,3807.010492,2.916054,33892.405695,1,124.684166,66.85437,0.15,11.54,16.937708,5.569081
2017-03-31,37687.835634,3797.866899,2.436961,33892.405695,1,124.599419,65.886972,0.15,12.37,16.934803,5.5685
2017-04-03,37679.047745,3788.11776,1.47571,33892.405695,1,124.524162,64.987664,0.15,12.38,16.931907,5.567913
2017-04-04,37697.878793,3806.877501,1.404403,33892.405695,1,124.721817,66.289115,0.15,11.79,16.92864,5.567652
2017-04-05,37647.464423,3755.892279,0.833552,33892.405695,1,124.213554,60.10235,0.15,12.89,16.926076,5.566813
2017-04-06,37653.322692,3761.62381,0.706813,33892.405695,1,124.279411,60.615268,0.15,12.39,16.923198,5.566218
2017-04-07,37646.21491,3754.346147,0.536931,33892.405695,1,124.213554,59.787525,0.15,12.87,16.920628,5.565388
2017-04-10,37648.83695,3756.677373,0.246118,33892.405695,1,124.26062,60.205761,0.15,14.05,16.918809,5.564093
2017-04-11,37595.218313,3702.922413,0.109796,33892.405695,1,123.724136,53.389408,0.15,15.07,16.917638,5.562524
2017-04-12,37545.276282,3652.9162,0.045613,33892.405695,1,123.22525,47.952468,0.15,15.77,16.916911,5.560837
2017-04-13,37496.266122,3603.877353,0.016927,33892.405695,1,122.735809,43.294314,0.15,15.96,16.916306,5.559129
2017-04-17,37593.459759,3701.058289,0.004225,33892.405695,1,123.752357,53.415984,0.15,14.66,16.91488,5.55766
2017-04-18,37574.094338,3681.68995,0.001307,33892.405695,1,123.564064,51.579469,0.15,14.42,16.913304,5.556257
2017-04-19,37592.843336,3700.438236,0.000596,33892.405695,1,123.761765,53.391419,0.15,14.93,16.912052,5.554726
2017-04-20,37694.41722,3802.012472,0.000947,33892.405695,1,124.797104,61.51377,0.15,14.15,16.910309,5.553405
2017-04-21,37690.856917,3798.451433,0.000211,33892.405695,1,124.768875,61.20061,0.15,14.63,16.908871,5.551948
2017-04-24,37837.710403,3945.304712,0.000004,33892.405695,1,126.274826,69.980674,0.15,10.84,16.905047,5.552288
2017-04-25,37927.507464,4035.10177,0.000001,33892.405695,1,127.187775,73.844798,0.15,10.76,16.901178,5.55268
2017-04-26,37909.011898,4016.606203,0,33892.405695,1,127.00901,71.893345,0.15,10.85,16.897369,5.553007
2017-04-27,37983.929451,4091.523756,0,33892.405695,1,127.771324,74.935209,0.15,10.36,16.893258,5.55368
2017-04-28,38005.616518,0,0,38005.616518,0,127.997261,75.772129,0.15,10.82,16.889441,5.554021
2017-05-01,38005.616518,0,0,38005.616518,0,129.136154,79.489795,0.15,10.11,16.885182,5.554874
2017-05-02,38005.616518,0,0,38005.616518,0,129.352615,80.114358,0.15,10.59,16.88123,5.555369
2017-05-03,38005.616518,0,0,38005.616518,0,128.938461,75.384429,0.15,10.68,16.87734,5.555796
2017-05-04,38005.616518,0,0,38005.616518,0,128.985535,75.561043,0.15,10.46,16.873317,5.556377
2017-05-05,38005.616518,0,0,38005.616518,0,129.456146,77.313527,0.15,10.57,16.869367,5.556876
2017-05-08,38005.616518,0,0,38005.616518,0,129.738525,78.318193,0.15,9.77,16.864922,5.557974
2017-05-09,38005.616518,0,0,38005.616518,0,130.190323,79.855323,0.15,9.96,16.860601,5.558918
2017-05-10,38005.616518,0,0,38005.616518,0,130.26564,80.108497,0.15,10.21,16.856442,5.559667
2017-05-11,38005.616518,0,0,38005.616518,0,130.162094,78.645128,0.15,10.6,16.852531,5.560128
2017-05-12,38005.616518,0,0,38005.616518,0,130.453903,79.766858,0.15,10.4,16.848501,5.560729
2017-05-15,38005.616518,0,0,38005.616518,0,130.867996,81.270361,0.15,10.42,16.844488,5.561312
2017-05-16,38005.616518,0,0,38005.616518,0,131.413925,83.05781,0.15,10.65,16.840624,5.561729
2017-05-17,38005.616518,0,0,38005.616518,0,128.072571,50.985876,0.15,15.59,16.839844,5.560081
2017-05-18,38005.616518,0,0,38005.616518,0,129.192581,56.982103,0.15,14.66,16.838486,5.558614
2017-05-19,38005.616518,0,0,38005.616518,0,129.738525,59.577989,0.15,12.04,16.835498,5.558172
2017-05-22,38005.616518,0,0,38005.616518,0,130.830322,64.22709,0.15,10.93,16.831823,5.558394
2017-05-23,38005.616518,0,0,38005.616518,0,130.962128,64.75412,0.15,10.72,16.828022,5.558754
2017-05-24,38005.616518,0,0,38005.616518,0,131.564499,67.13701,0.15,10.02,16.823791,5.559617
2017-05-25,38005.616518,0,0,38005.616518,0,132.684586,71.055619,0.15,9.99,16.819547,5.560498
2017-05-26,38005.616518,0,0,38005.616518,0,132.919861,71.815839,0.15,9.81,16.815196,5.561513
2017-05-30,38005.616518,0,0,38005.616518,0,133.032837,72.193512,0.15,10.38,16.811203,5.562097
2017-05-31,38005.616518,0,0,38005.616518,0,132.985764,71.762014,0.15,10.41,16.807235,5.562655
2017-06-01,38005.616518,0,0,38005.616518,0,133.503433,73.628713,0.15,9.89,16.802949,5.563595
2017-06-02,38005.616518,0,0,38005.616518,0,135.028244,78.200057,0.15,9.75,16.798582,5.56464
2017-06-05,38005.616518,0,0,38005.616518,0,134.999985,77.930439,0.15,10.07,16.794418,5.565434
2017-06-06,38005.616518,0,0,38005.616518,0,134.463531,72.799175,0.15,10.45,16.790495,5.565949
2017-06-07,38005.616518,0,0,38005.616518,0,134.990631,74.57089,0.15,10.39,16.786539,5.566502
2017-06-08,38005.616518,0,0,38005.616518,0,135.13176,75.03967,0.15,10.16,16.782446,5.567218
2017-06-09,38005.616518,0,0,38005.616518,0,131.752777,50.863034,0.15,10.7,16.778691,5.56755
2017-06-12,38005.616518,0,0,38005.616518,0,131.046844,47.425264,0.15,11.46,16.77541,5.567398
2017-06-13,38005.616518,0,0,38005.616518,0,132.110443,52.621135,0.15,10.42,16.771492,5.567918
2017-06-14,38005.616518,0,0,38005.616518,0,131.53627,49.762037,0.15,10.64,16.767714,5.568281
2017-06-15,38005.616518,0,0,38005.616518,0,130.952713,46.968825,0.15,10.9,16.764101,5.56847
2017-06-16,38005.616518,0,0,38005.616518,0,130.384567,44.358222,0.15,10.38,16.760172,5.569007
2017-06-19,38005.616518,0,0,38005.616518,0,132.564697,54.751308,0.15,10.37,16.756242,5.569548
2017-06-20,38005.616518,0,0,38005.616518,0,131.526566,49.965367,0.15,10.86,16.752618,5.569754
2017-06-21,38005.616518,0,0,38005.616518,0,132.828979,55.250352,0.15,10.75,16.748931,5.570029
2017-06-22,38005.616518,0,0,38005.616518,0,132.791245,55.068859,0.15,10.48,16.745083,5.570484
2017-06-23,38005.616518,0,0,38005.616518,0,133.300888,57.117703,0.15,10.02,16.740957,5.571265
2017-06-26,38005.616518,0,0,38005.616518,0,132.677994,53.883623,0.15,9.9,16.736763,5.572131
2017-06-27,38005.616518,0,0,38005.616518,0,130.271301,43.609359,0.15,11.06,16.733284,5.572194
2017-06-28,38005.616518,0,0,38005.616518,0,132.14946,51.397733,0.15,10.03,16.729179,5.572956
2017-06-29,38005.616518,0,0,38005.616518,0,129.856049,43.497523,0.15,11.44,16.725942,5.572786
2017-06-30,38005.616518,0,0,38005.616518,0,129.903214,43.689217,0.15,11.18,16.72255,5.572769
2017-07-03,38005.616518,0,0,38005.616518,0,128.534775,39.501781,0.15,11.22,16.719187,5.572725
2017-07-05,38005.616518,0,0,38005.616518,0,129.799377,44.769984,0.15,11.07,16.715736,5.572771
2017-07-06,38005.616518,0,0,38005.616518,0,128.629089,41.194896,0.15,12.54,16.713187,5.572024
2017-07-07,38005.616518,0,0,38005.616518,0,130.016449,46.635342,0.15,11.19,16.709817,5.571993
2017-07-10,38005.616518,0,0,38005.616518,0,130.865906,49.703609,0.15,11.11,16.706402,5.572009
2017-07-11,38005.616518,0,0,38005.616518,0,131.233948,51.017682,0.15,10.89,16.702858,5.57216
2017-07-12,38005.616518,0,0,38005.616518,0,132.791245,56.228789,0.15,10.3,16.698959,5.572703
2017-07-13,38005.616518,0,0,38005.616518,0,133.083755,57.15091,0.15,9.9,16.69482,5.57353
2017-07-14,38005.616518,0,0,38005.616518,0,134.131378,60.370943,0.15,9.51,16.69045,5.574651
2017-07-17,38005.616518,0,0,38005.616518,0,134.197479,60.572273,0.15,9.82,16.686274,5.575529
2017-07-18,38005.616518,0,0,38005.616518,0,135.094055,63.296047,0.15,9.89,16.682145,5.576351
2017-07-19,38005.616518,0,0,38005.616518,0,135.886887,65.561681,0.15,9.79,16.67796,5.577243
2017-07-20,38005.616518,0,0,38005.616518,0,136.066193,66.07176,0.15,9.58,16.673653,5.57829
2017-07-21,38005.616518,0,0,38005.616518,0,136.009567,65.740606,0.15,9.36,16.669218,5.579505
2017-07-24,38005.616518,0,0,38005.616518,0,136.632416,67.660608,0.15,9.43,16.66483,5.580659
2017-07-25,38005.616518,0,0,38005.616518,0,136.283264,65.446372,0.15,9.43,16.660448,5.581809
2017-07-26,38005.616518,0,0,38005.616518,0,136.726852,66.927217,0.15,9.6,16.656174,5.582821
2017-07-27,38005.616518,0,0,38005.616518,0,135.867996,61.437216,0.15,10.11,16.652214,5.583453
2017-07-28,38005.616518,0,0,38005.616518,0,135.754745,60.729798,0.15,10.29,16.648368,5.583956
2017-07-31,38005.616518,0,0,38005.616518,0,135.179001,57.128402,0.15,10.26,16.644508,5.584476
2017-08-01,38005.616518,0,0,38005.616518,0,135.490433,58.559954,0.15,10.09,16.64055,5.585111
2017-08-02,38005.616518,0,0,38005.616518,0,135.858505,60.249369,0.15,10.28,16.636711,5.585611
2017-08-03,38005.616518,0,0,38005.616518,0,135.330017,56.676588,0.15,10.44,16.632973,5.585999
2017-08-04,38005.616518,0,0,38005.616518,0,135.575378,57.924095,0.15,10.03,16.628993,5.586666
2017-08-07,38005.616518,0,0,38005.616518,0,136.43425,62.044173,0.15,9.93,16.624958,5.587402
2017-08-08,38005.616518,0,0,38005.616518,0,136.198288,60.297273,0.15,10.96,16.621547,5.587448
2017-08-09,38005.616518,0,0,38005.616518,0,136.018951,58.939017,0.15,11.11,16.618231,5.587402
2017-08-10,38005.616518,0,0,38005.616518,0,133.102661,42.265795,0.15,16.040001,16.617883,5.585738
2017-08-11,38005.616518,0,0,38005.616518,0,134.112564,47.775456,0.15,15.51,16.617218,5.584125
2017-08-14,38005.616518,0,0,38005.616518,0,135.839645,55.582148,0.15,12.33,16.614643,5.583435
2017-08-15,38005.616518,0,0,38005.616518,0,135.934067,55.969662,0.15,12.04,16.611897,5.582883
2017-08-16,38005.616518,0,0,38005.616518,0,136.170013,56.979684,0.15,11.74,16.608974,5.582483
2017-08-17,38005.616518,0,0,38005.616518,0,133.385834,44.118803,0.15,15.55,16.608339,5.580869
2017-08-18,38005.616518,0,0,38005.616518,0,133.291382,43.75797,0.15,14.26,16.606932,5.579492
2017-08-21,38005.616518,0,0,38005.616518,0,133.121613,43.076023,0.15,13.19,16.604886,5.578447
2017-08-22,38005.616518,0,0,38005.616518,0,135.150681,52.586785,0.15,11.35,16.601741,5.578258
2017-08-23,38005.616518,0,0,38005.616518,0,134.669327,50.434023,0.15,12.25,16.599139,5.577604
2017-08-24,38005.616518,0,0,38005.616518,0,134.27301,48.667493,0.15,12.23,16.596527,5.576958
2017-08-25,38005.616518,0,0,38005.616518,0,133.989883,47.390432,0.15,11.28,16.593351,5.576806
2017-08-28,38005.616518,0,0,38005.616518,0,134.405136,49.484142,0.15,11.32,16.590203,5.576628
2017-08-29,38005.616518,0,0,38005.616518,0,134.933685,52.097321,0.15,11.7,16.587285,5.576243
2017-08-30,38005.616518,0,0,38005.616518,0,136.519196,58.956256,0.15,11.22,16.584085,5.57612
2017-08-31,38005.616518,0,0,38005.616518,0,137.982071,64.068332,0.15,10.59,16.580513,5.576377
2017-09-01,38005.616518,0,0,38005.616518,0,137.793304,62.97829,0.15,10.13,16.576671,5.576937
2017-09-05,38005.616518,0,0,38005.616518,0,136.556915,56.230148,0.15,12.23,16.574083,5.576285
2017-09-06,38005.616518,0,0,38005.616518,0,136.972229,57.863419,0.15,11.63,16.571142,5.575929
2017-09-07,38005.616518,0,0,38005.616518,0,137.293106,59.132271,0.15,11.55,16.568157,5.575615
2017-09-08,38005.616518,0,0,38005.616518,0,136.103867,52.787734,0.15,12.12,16.565514,5.575012
2017-09-11,38005.616518,0,0,38005.616518,0,137.670609,59.025161,0.15,10.73,16.562049,5.575169
2017-09-12,38005.616518,0,0,38005.616518,0,138.000946,60.218535,0.15,10.58,16.558499,5.575418
2017-09-13,38005.616518,0,0,38005.616518,0,138.189682,60.918873,0.15,10.5,16.554905,5.575716
2017-09-14,38005.616518,0,0,38005.616518,0,137.378052,56.326589,0.15,10.44,16.55128,5.57605
2017-09-15,38005.616518,0,0,38005.616518,0,137.849976,58.295206,0.15,10.17,16.5475,5.576561
2017-09-18,38005.616518,0,0,38005.616518,0,137.669357,57.231904,0.15,10.15,16.543712,5.577081
2017-09-19,38005.616518,0,0,38005.616518,0,137.905807,58.304114,0.15,10.18,16.539947,5.577579
2017-09-20,38005.616518,0,0,38005.616518,0,137.480103,55.601404,0.15,9.78,16.535949,5.578351
2017-09-21,38005.616518,0,0,38005.616518,0,136.63829,50.605763,0.15,9.67,16.531891,5.579199
2017-09-22,38005.616518,0,0,38005.616518,0,136.505844,49.846917,0.15,9.59,16.527791,5.580101
2017-09-25,38005.616518,0,0,38005.616518,0,135.068115,42.41218,0.15,10.21,16.524061,5.580564
2017-09-26,38005.616518,0,0,38005.616518,0,135.418167,44.579571,0.15,10.17,16.520313,5.581051
2017-09-27,38005.616518,0,0,38005.616518,0,136.63829,51.439863,0.15,9.87,16.516392,5.581741
2017-09-28,38005.616518,0,0,38005.616518,0,136.590958,51.175211,0.15,9.55,16.512286,5.582657
2017-09-29,38005.616518,0,0,38005.616518,0,137.574661,56.216826,0.15,9.51,16.508163,5.583598
2017-10-02,38005.616518,0,0,38005.616518,0,137.697632,56.817118,0.15,9.45,16.504008,5.58458
2017-10-03,38005.616518,0,0,38005.616518,0,137.990875,58.285876,0.15,9.51,16.499894,5.585513
2017-10-04,38005.616518,0,0,38005.616518,0,138.123291,58.9646,0.15,9.63,16.495855,5.586353
2017-10-05,38005.616518,0,0,38005.616518,0,139.475876,65.194336,0.15,9.19,16.491563,5.587518
2017-10-06,38005.616518,0,0,38005.616518,0,139.665039,65.972371,0.15,9.65,16.487546,5.588336
2017-10-09,38005.616518,0,0,38005.616518,0,139.504211,64.649184,0.15,10.33,16.483932,5.588686
2017-10-10,38005.616518,0,0,38005.616518,0,139.608307,65.136583,0.15,10.08,16.480176,5.589198
2017-10-11,38005.616518,0,0,38005.616518,0,140.024506,67.090306,0.15,9.85,16.47629,5.589864
2017-10-12,38005.616518,0,0,38005.616518,0,139.769073,64.694138,0.15,9.91,16.472443,5.590485
2017-10-13,38005.616518,0,0,38005.616518,0,140.308228,67.345238,0.15,9.61,16.468425,5.591314
2017-10-16,38005.616518,0,0,38005.616518,0,140.790619,69.548468,0.15,9.91,16.464587,5.591927
2017-10-17,38005.616518,0,0,38005.616518,0,140.970291,70.350869,0.15,10.31,16.460988,5.592272
2017-10-18,38005.616518,0,0,38005.616518,0,140.800049,68.508825,0.15,10.07,16.457253,5.592771
2017-10-19,38005.616518,0,0,38005.616518,0,140.279846,63.074172,0.15,10.05,16.453511,5.593281
2017-10-20,38005.616518,0,0,38005.616518,0,140.658203,65.23435,0.15,9.97,16.449726,5.593841
2017-10-23,38005.616518,0,0,38005.616518,0,139.740738,56.589323,0.15,11.07,16.446587,5.593717
2017-10-24,38005.616518,0,0,38005.616518,0,139.977203,58.129467,0.15,11.16,16.443504,5.593542
2017-10-25,38005.616518,0,0,38005.616518,0,139.447449,53.546103,0.15,11.23,16.440466,5.593327
2017-10-26,38005.616518,0,0,38005.616518,0,139.00296,49.984895,0.15,11.3,16.437472,5.593073
2017-10-27,38005.616518,0,0,38005.616518,0,143.051208,69.730375,0.15,9.8,16.433609,5.593737
2017-10-30,38005.616518,0,0,38005.616518,0,143.372787,70.719278,0.15,10.5,16.430157,5.59394
2017-10-31,38005.616518,0,0,38005.616518,0,143.911911,72.350167,0.15,10.18,16.426523,5.594343
2017-11-01,38005.616518,0,0,38005.616518,0,143.86467,71.971878,0.15,10.2,16.422905,5.59473
2017-11-02,38005.616518,0,0,38005.616518,0,143.590347,69.69312,0.15,9.93,16.419135,5.595292
2017-11-03,38005.616518,0,0,38005.616518,0,144.971298,74.133103,0.15,9.14,16.41491,5.596415
2017-11-06,38005.616518,0,0,38005.616518,0,145.463135,75.509263,0.15,9.4,16.410841,5.597342
2017-11-07,38005.616518,0,0,38005.616518,0,145.548279,75.749787,0.15,9.89,16.407061,5.59792
2017-11-08,38005.616518,0,0,38005.616518,0,146.134705,77.396351,0.15,9.78,16.403221,5.59857
2017-11-09,38005.616518,0,0,38005.616518,0,145.36853,70.647085,0.15,10.5,16.399803,5.59875
2017-11-10,38005.616518,0,0,38005.616518,0,145.35907,70.565258,0.15,11.29,16.396846,5.598479
2017-11-13,38005.616518,0,0,38005.616518,0,145.538788,71.246585,0.15,11.5,16.394014,5.598098
2017-11-14,38005.616518,0,0,38005.616518,0,145.009079,66.370192,0.15,11.59,16.391237,5.59767
2017-11-15,38005.616518,0,0,38005.616518,0,144.32811,60.625522,0.15,13.13,16.389353,5.596601
2017-11-16,38005.616518,0,0,38005.616518,0,146.172501,68.562427,0.15,11.76,16.38668,5.59609
2017-11-17,38005.616518,0,0,38005.616518,0,145.614456,64.336753,0.15,11.43,16.38382,5.595741
2017-11-20,38005.616518,0,0,38005.616518,0,145.500977,63.479951,0.15,10.65,16.380513,5.595821
2017-11-21,38005.616518,0,0,38005.616518,0,147.080536,69.557216,0.15,9.73,16.37668,5.596485
2017-11-22,38005.616518,0,0,38005.616518,0,147.2603,70.165693,0.15,9.88,16.372938,5.597044
2017-11-24,38005.616518,0,0,38005.616518,0,147.799393,71.974761,0.15,9.67,16.369079,5.597743
2017-11-27,38005.616518,0,0,38005.616518,0,147.733185,71.402122,0.15,9.87,16.365339,5.598302
2017-11-28,38005.616518,0,0,38005.616518,0,148.111511,72.736924,0.15,10.03,16.361696,5.598753
2017-11-29,38005.616518,0,0,38005.616518,0,145.529373,54.157277,0.15,10.7,16.358443,5.598789
2017-11-30,38005.616518,0,0,38005.616518,0,146.749512,59.430719,0.15,11.28,16.355526,5.598503
2017-12-01,38005.616518,0,0,38005.616518,0,146.125244,55.888369,0.15,11.43,16.352698,5.598139
2017-12-04,38005.616518,0,0,38005.616518,0,144.441544,47.640599,0.15,11.68,16.350017,5.597651
2017-12-05,38005.616518,0,0,38005.616518,0,144.536163,48.104099,0.15,11.33,16.347139,5.597335
2017-12-06,38005.616518,0,0,38005.616518,0,145.188812,51.306036,0.15,11.02,16.344086,5.597183
2017-12-07,38005.616518,0,0,38005.616518,0,145.680634,53.627961,0.15,10.16,16.340544,5.597536
2017-12-08,38005.616518,0,0,38005.616518,0,146.323822,56.546173,0.15,9.58,16.336674,5.59827
2017-12-11,38005.616518,0,0,38005.616518,0,147.458908,61.188123,0.15,9.34,16.332672,5.599169
2017-12-12,38005.616518,0,0,38005.616518,0,147.2603,59.98076,0.15,9.92,16.329005,5.599667
2017-12-13,38005.616518,0,0,38005.616518,0,147.543976,61.159625,0.15,10.18,16.325491,5.599995
2017-12-14,38005.616518,0,0,38005.616518,0,147.439926,60.456166,0.15,10.49,16.322159,5.600132
2017-12-15,38005.616518,0,0,38005.616518,0,149.11412,67.027775,0.15,9.42,16.318219,5.60096
2017-12-18,38005.616518,0,0,38005.616518,0,150.364304,70.914801,0.15,9.53,16.314347,5.601709
2017-12-19,38005.616518,0,0,38005.616518,0,149.473328,65.030892,0.15,10.03,16.310764,5.602121
2017-12-20,38005.616518,0,0,38005.616518,0,149.31221,63.996824,0.15,9.72,16.307009,5.602733
2017-12-21,38005.616518,0,0,38005.616518,0,149.331161,64.069198,0.15,9.62,16.3032,5.603409
2017-12-22,38005.616518,0,0,38005.616518,0,149.160599,62.844765,0.15,9.9,16.299556,5.603896
2017-12-26,38005.616518,0,0,38005.616518,0,148.354935,57.276535,0.15,10.25,16.296115,5.604158
2017-12-27,38005.616518,0,0,38005.616518,0,148.37384,57.371983,0.15,10.47,16.292803,5.604286
2017-12-28,38005.616518,0,0,38005.616518,0,148.55394,58.327103,0.15,10.18,16.28933,5.604587
2017-12-29,38005.616518,0,0,38005.616518,0,147.634537,51.930312,0.15,11.04,16.286349,5.604391
2018-01-02,38005.616518,0,0,38005.616518,0,150.222153,63.922673,0.15,9.77,16.28265,5.60495
2018-01-03,38005.616518,0,0,38005.616518,0,151.681824,68.670802,0.15,9.15,16.278605,5.605933
2018-01-04,38005.616518,0,0,38005.616518,0,151.94722,69.457869,0.15,9.22,16.274603,5.606863
2018-01-05,38005.616518,0,0,38005.616518,0,153.473221,73.569489,0.15,9.22,16.270606,5.607788
2018-01-08,38005.616518,0,0,38005.616518,0,154.070343,74.988378,0.15,9.52,16.266784,5.6085
2018-01-09,38005.616518,0,0,38005.616518,0,154.079834,75.011341,0.15,10.08,16.263282,5.608843
2018-01-10,38005.616518,0,0,38005.616518,0,153.719635,72.298514,0.15,9.82,16.259638,5.609349
2018-01-11,38005.616518,0,0,38005.616518,0,154.771759,75.128044,0.15,9.88,16.256032,5.609814
2018-01-12,38005.616518,0,0,38005.616518,0,155.909119,77.771308,0.15,10.16,16.252588,5.610099
2018-01-16,38005.616518,0,0,38005.616518,0,155.463638,74.43458,0.15,11.66,16.249994,5.609576
2018-01-17,38005.616518,0,0,38005.616518,0,157.141312,78.22378,0.15,11.91,16.247545,5.60894
2018-01-18,38005.616518,0,0,38005.616518,0,157.1698,78.282643,0.15,12.22,16.245274,5.608173
2018-01-19,38005.616518,0,0,38005.616518,0,157.662598,79.32381,0.15,11.27,16.242469,5.607835
2018-01-22,38005.616518,0,0,38005.616518,0,159.349777,82.4296,0.15,11.03,16.239532,5.607619
2018-01-23,38005.616518,0,0,38005.616518,0,160.667297,84.400212,0.15,11.1,16.236639,5.607366
2018-01-24,38005.616518,0,0,38005.616518,0,159.62468,77.036938,0.15,11.47,16.233956,5.606927
2018-01-25,38005.616518,0,0,38005.616518,0,159.567764,76.643847,0.15,11.58,16.231339,5.606436
2018-01-26,38005.616518,0,0,38005.616518,0,162.013153,81.10498,0.15,11.08,16.228443,5.60619
2018-01-29,38005.616518,0,0,38005.616518,0,161.226501,76.071319,0.15,13.84,16.227101,5.6049
2018-01-30,38005.616518,0,0,38005.616518,0,159.899536,68.363642,0.15,14.79,16.226294,5.603428
2018-01-31,38005.616518,0,0,38005.616518,0,160.563019,70.000358,0.15,13.54,16.224787,5.602217
2018-02-01,38005.616518,0,0,38005.616518,0,159.19812,62.802261,0.15,13.47,16.223242,5.601024
2018-02-02,38005.616518,0,0,38005.616518,0,156.022903,49.937498,0.15,17.309999,16.223851,5.599513
2018-02-05,38005.616518,1930.002841,3.494408,36079.108085,1,149.871445,34.985384,0.15,37.32,16.235669,5.620168
2018-02-06,38276.735607,2213.253144,15.625623,36079.108085,1,153.842911,46.187849,0.15,29.98,16.243365,5.627999
2018-02-07,38139.654192,2067.014926,6.468819,36079.108085,1,151.852448,42.257804,0.15,27.73,16.249793,5.63298
2018-02-08,37734.527811,5532.219441,8.6613,32210.96967,3,145.445068,32.632216,0.153501,33.459999,16.259418,5.646093
2018-02-09,38265.803464,6077.994819,23.161025,32210.96967,3,147.956848,38.542161,0.15471,29.059999,16.266574,5.652621
2018-02-12,38821.903365,6659.927063,48.993369,32210.96967,3,150.582336,44.06576,0.155981,25.610001,16.271793,5.655355
2018-02-13,38978.725384,6827.151741,59.396027,32210.96967,3,151.359558,45.623781,0.155961,24.969999,16.27665,5.65751
2018-02-14,39558.930776,7492.573262,144.612155,32210.96967,3,154.193573,50.985034,0.157365,19.26,16.278315,5.656369
2018-02-15,40082.088854,8181.526458,310.407274,32210.96967,3,157.05603,55.732519,0.15864,19.129999,16.279905,5.655192
2018-02-16,39978.644243,8013.905565,246.230991,32210.96967,3,156.354645,54.343572,0.158769,19.459999,16.281678,5.654113
2018-02-20,40064.906321,8068.787902,214.851251,32210.96967,3,156.667419,54.883544,0.158723,20.6,16.284084,5.653456
2018-02-21,39995.527183,7959.320772,174.763259,32210.96967,3,156.221939,53.905665,0.158719,20.02,16.286164,5.652568
2018-02-22,40000.237692,7950.454336,161.186313,32210.96967,3,156.203003,53.861734,0.158723,18.719999,16.287518,5.651286
2018-02-23,40545.084258,8737.390242,403.275654,32210.96967,3,159.397156,59.811352,0.160296,16.49,16.287631,5.649715
2018-02-26,40850.696413,9252.129497,612.402754,32210.96967,3,161.510849,63.193719,0.160951,15.8,16.28736,5.648156
2018-02-27,40645.814337,8773.806082,338.961415,32210.96967,3,159.510895,58.20234,0.161772,18.59,16.288639,5.646846
2018-02-28,40511.635007,8526.106843,225.441506,32210.96967,3,158.487259,55.774112,0.161946,19.85,16.290616,5.645901
2018-03-01,40069.438102,7927.821209,69.352777,32210.96967,3,155.899658,50.085604,0.162866,22.469999,16.294046,5.646211
2018-03-02,40357.061138,8261.735449,115.643981,32210.96967,3,157.330902,52.944369,0.163004,19.59,16.295874,5.645177
2018-03-05,40715.96456,8672.099341,167.104451,32210.96967,3,159.074966,56.233829,0.163446,18.73,16.297223,5.643903
2018-03-06,40841.99158,8829.795347,198.773437,32210.96967,3,159.747894,57.469227,0.163444,18.360001,16.298366,5.642547
2018-03-07,40920.088014,8914.341041,212.506359,32218.253332,3,160.117508,58.167692,0.163418,17.76,16.299175,5.641089
2018-03-08,41056.89117,9126.173934,287.536095,32218.253332,3,160.999023,59.86077,0.163502,16.540001,16.299308,5.639529
2018-03-09,41288.004431,9921.701215,851.950115,32218.253332,3,164.126846,65.237014,0.164949,14.64,16.29839,5.638104
2018-03-12,41322.32748,10128.074361,42.013049,31236.266168,3,164.998871,66.58094,0.164983,15.78,16.298104,5.636558
2018-03-13,40796.309719,9577.845731,17.802181,31236.266168,3,162.752502,60.131831,0.165943,16.35,16.298133,5.635
2018-03-14,40786.211114,9565.39817,15.453224,31236.266168,3,162.72406,60.052517,0.165896,17.23,16.298647,5.633485
2018-03-15,40747.571719,9523.974955,12.669405,31236.266168,3,162.581894,59.629147,0.165801,16.59,16.298808,5.631934
2018-03-16,40628.373965,9401.029807,8.92201,31236.266168,3,162.09848,58.128478,0.165859,15.8,16.298533,5.630392
2018-03-19,39824.170042,8588.882392,0.978518,31236.266168,3,158.639969,48.687832,0.16806,19.02,16.300033,5.629201
2018-03-20,39944.523866,8709.242918,0.98522,31236.266168,3,159.162048,50.007751,0.168082,18.200001,16.30108,5.627826
2018-03-21,39756.134972,8520.311481,0.442677,31236.266168,3,158.46907,48.234177,0.167061,17.860001,16.301938,5.626395
2018-03-22,38894.000826,7657.759799,0.025142,31236.266168,3,154.557648,39.679908,0.16981,23.34,16.305812,5.627268
2018-03-23,38050.451755,9014.98355,8.001796,29043.470002,4,150.484818,33.097695,0.172965,24.870001,16.310523,5.629304
2018-03-26,39790.331901,10788.237669,41.37577,29043.470002,4,156.076614,46.274778,0.17818,21.030001,16.313117,5.628843
2018-03-27,38455.096791,9420.259118,8.632329,29043.470002,4,151.026016,38.834746,0.182746,22.5,16.316516,5.629164
2018-03-28,37977.377344,8937.911383,4.004041,29043.470002,4,149.288651,36.651725,0.183236,22.870001,16.320115,5.629713
2018-03-29,38771.959676,9738.682336,10.192662,29043.470002,4,152.022858,42.162027,0.184366,19.969999,16.322119,5.628816
2018-04-02,37626.63085,8584.076604,0.915756,29043.470002,4,147.636719,36.653983,0.18786,23.620001,16.326122,5.629867
2018-04-03,38087.593832,9045.785703,1.661873,29043.470002,4,149.298141,39.858991,0.188277,21.1,16.328739,5.629432
2018-04-04,38765.879918,9726.506353,4.096436,29043.470002,4,151.652542,44.169847,0.18912,20.059999,16.330784,5.628566
2018-04-05,39009.068943,9970.530489,4.931548,29043.470002,4,152.516479,45.70771,0.189209,18.940001,16.332212,5.627355
2018-04-06,38001.936581,8959.11219,14.92932,29057.753711,4,148.699997,40.411993,0.191705,21.49,16.335036,5.627108
2018-04-09,38274.693761,9232.2471,15.30705,29057.753711,4,149.744324,42.379298,0.191853,21.77,16.338009,5.627004
2018-04-10,39228.872864,10210.641943,39.52279,29057.753711,4,153.048141,48.205201,0.193507,20.469999,16.340268,5.626294
2018-04-11,38984.054502,9954.143866,65.943436,29095.854072,4,152.165253,46.842199,0.193669,20.24,16.342399,5.625495
2018-04-12,39481.021697,10487.884631,102.717006,29095.854072,4,153.997559,50.00181,0.194032,18.49,16.343572,5.624182
2018-04-13,39270.924328,10250.206431,75.136176,29095.854072,4,153.200043,48.646483,0.194079,17.41,16.344154,5.622701
2018-04-16,39588.230376,10572.62242,80.246116,29095.854072,4,154.367783,50.751441,0.194158,16.559999,16.344272,5.621168
2018-04-17,40498.656565,11594.30967,191.507178,29095.854072,4,157.690582,56.247133,0.195498,15.25,16.343675,5.619693
2018-04-18,40587.849219,11685.086435,193.091288,29095.854072,4,158.013351,56.751989,0.19548,15.6,16.34327,5.618187
2018-04-19,40225.604185,11249.36867,119.618558,29095.854072,4,156.560806,53.74638,0.195862,15.96,16.343061,5.616663
2018-04-20,39577.999711,10531.769001,49.623362,29095.854072,4,154.082993,48.980947,0.196701,16.879999,16.343353,5.615147
2018-04-23,39467.501625,10398.72489,46.253241,29115.029977,4,153.693741,48.257076,0.196739,16.34,16.343351,5.613619
2018-04-24,38603.585339,9500.49272,11.937358,29115.029977,4,150.437378,42.5869,0.198077,18.02,16.344263,5.612228
2018-04-25,38644.224632,9539.731066,10.536411,29115.029977,4,150.617722,42.986446,0.197923,17.84,16.345076,5.61081
2018-04-26,39561.200678,10478.32846,32.157759,29115.029977,4,153.788681,49.624615,0.19938,16.24,16.345019,5.609286
2018-04-27,39583.482158,10496.222118,27.769937,29115.029977,4,153.883591,49.812965,0.19928,15.41,16.344511,5.607804
2018-04-30,39271.373907,10165.920608,9.576678,29115.029977,4,152.79184,47.607884,0.199499,15.93,16.344286,5.60629
2018-05-01,39769.24301,10670.158794,15.945761,29115.029977,4,154.538666,51.320968,0.19967,15.49,16.343823,5.604804
2018-05-02,39508.208497,10401.961426,8.782906,29115.029977,4,153.627289,49.355624,0.199825,15.97,16.343621,5.603291
2018-05-03,39496.073768,10388.022586,6.978795,29115.029977,4,153.608261,49.313164,0.199772,15.9,16.34338,5.601782
2018-05-04,40366.462604,11270.466759,19.034133,29115.029977,4,156.522873,55.612346,0.200949,14.77,16.342528,5.600384
2018-05-07,40742.883031,11644.83705,36.659683,29134.705664,4,157.823486,58.113907,0.201122,14.75,16.341667,5.598991
2018-05-08,40693.508893,11589.133543,30.330313,29134.705664,4,157.662048,57.679385,0.201127,14.71,16.340784,5.597604
2018-05-09,41202.491942,12114.073467,46.287189,29134.705664,4,159.380478,61.020409,0.201464,13.42,16.339205,5.596502
2018-05-10,41692.507836,12626.021473,68.219301,29134.705664,4,161.032364,63.965377,0.201786,13.23,16.337526,5.595456
2018-05-11,41648.304281,12571.74587,102.535792,29179.094203,4,160.880447,63.490304,0.201788,12.65,16.335535,5.594601
2018-05-14,41736.547734,12636.218549,78.765018,29179.094203,4,161.155777,64.011986,0.201784,12.93,16.333697,5.59365
2018-05-15,41230.23085,12089.777675,38.641028,29179.094203,4,159.370941,58.205764,0.202275,14.63,16.332778,5.59228
2018-05-16,41541.145666,12409.477197,47.425733,29179.094203,4,160.424774,60.484817,0.202354,13.42,16.331208,5.591181
2018-05-17,41297.47802,12148.692284,30.308467,29179.094203,4,159.807663,58.473979,0.199892,13.43,16.329644,5.590079
2018-05-18,41045.735144,11885.37651,18.735569,29179.094203,4,158.981705,55.800081,0.1998,13.42,16.328078,5.588981
2018-05-21,41303.709344,12139.723871,15.10873,29179.094203,4,159.874084,58.032968,0.199841,13.08,16.326329,5.587984
2018-05-22,41231.148223,12063.354187,11.300167,29179.094203,4,159.665237,57.303361,0.19965,13.22,16.324658,5.586944
2018-05-23,41642.881359,12479.757085,37.903553,29201.027828,4,161.013336,60.734972,0.199859,12.58,16.322645,5.586116
2018-05-24,41625.334878,12456.730543,32.423492,29201.027828,4,160.965927,60.550662,0.199812,12.53,16.320607,5.585306
2018-05-25,41666.382922,12494.697247,29.342153,29201.027828,4,161.127289,60.98464,0.199598,13.22,16.318942,5.584268
2018-05-29,41436.314765,12247.033995,11.747058,29201.027828,4,160.415283,57.955028,0.199691,17.02,16.319318,5.582792
2018-05-30,41788.264618,12602.138173,14.901382,29201.027828,4,161.564011,61.295773,0.199839,14.94,16.318578,5.581385
2018-05-31,41751.430126,12562.395134,11.992836,29201.027828,4,161.459579,60.82263,0.199841,15.43,16.318102,5.579925
2018-06-01,42552.556485,13376.569478,25.040821,29201.027828,4,163.9944,67.400363,0.200596,13.46,16.31657,5.578821
2018-06-04,43004.771084,13828.385884,24.642627,29201.027828,4,165.475372,70.515124,0.200436,12.74,16.314655,5.577941
2018-06-05,43164.170842,13988.07363,24.930616,29201.027828,4,165.988083,71.529315,0.200451,12.4,16.312559,5.577182
2018-06-06,43468.815898,14297.171702,50.177522,29221.821718,4,166.956406,73.390902,0.200457,11.64,16.310059,5.576737
2018-06-07,43046.305947,13853.774266,29.290037,29221.821718,4,165.598816,66.796545,0.200714,12.13,16.307824,5.576082
2018-06-08,43046.168349,13849.84453,25.497899,29221.821718,4,165.608307,66.818991,0.200716,12.18,16.305617,5.575408
2018-06-11,43121.561811,13916.59569,56.045836,29261.011957,4,166.05452,67.917119,0.198244,12.35,16.303504,5.574668
2018-06-12,43390.528027,14193.685539,64.169469,29261.011957,4,166.927948,70.009392,0.198166,12.34,16.301388,5.573931
2018-06-13,43384.104703,14179.466396,56.37365,29261.011957,4,166.918457,69.956004,0.197984,12.94,16.299594,5.572984
2018-06-14,43913.839163,14735.354186,82.52698,29261.011957,4,168.608322,73.788639,0.198184,12.12,16.297365,5.572333
2018-06-15,43732.412952,14532.39474,60.993745,29261.011957,4,168.019745,70.419131,0.19815,11.98,16.295064,5.571738
2018-06-18,43699.377824,14477.27388,38.908012,29261.011957,4,167.922714,69.852825,0.198054,12.31,16.292941,5.571012
2018-06-19,43527.228984,14294.432496,28.215469,29261.011957,4,167.446945,67.00735,0.197215,13.35,16.291374,5.569942
2018-06-20,43903.799116,14678.573371,35.786212,29261.011957,4,168.636246,70.267803,0.197067,12.79,16.28951,5.569045
2018-06-21,43429.653862,14187.387452,18.745546,29261.011957,4,167.171082,62.122802,0.19712,14.64,16.288633,5.567693
2018-06-22,43306.295876,14058.990543,36.785125,29284.090458,4,166.800049,60.219182,0.197151,13.77,16.287294,5.566515
2018-06-25,42144.706908,12868.178973,7.562524,29284.090458,4,163.041992,45.133525,0.199157,17.33,16.287848,5.565087
2018-06-26,42348.011823,13071.969867,8.048503,29284.090458,4,163.707947,47.636871,0.199086,15.92,16.287653,5.563614
2018-06-27,41626.375664,12345.206257,2.921052,29284.090458,4,161.481674,40.916001,0.198521,17.91,16.288514,5.562262
2018-06-28,42046.834342,12766.744296,4.000413,29284.090458,4,162.870743,46.032196,0.198076,16.85,16.288812,5.560801
2018-06-29,42150.862069,12870.477962,3.706351,29284.090458,4,163.308365,47.572466,0.196852,16.09,16.288706,5.559328
2018-07-02,42484.630243,13203.634257,3.094472,29284.090458,4,164.402496,51.313771,0.196973,15.6,16.288341,5.557876
2018-07-03,41872.33401,12589.351665,1.108114,29284.090458,4,162.499695,45.264167,0.197066,16.139999,16.288263,5.556405
2018-07-05,42508.194589,13225.732525,1.628394,29284.090458,4,164.516647,51.756736,0.197255,14.97,16.287565,5.555016
2018-07-06,43342.884635,14062.65921,23.850703,29304.076128,4,167.075912,58.485682,0.197649,13.37,16.286021,5.553951
2018-07-09,43815.319328,14537.243216,26.000016,29304.076128,4,168.579147,61.851453,0.197535,12.69,16.28412,5.553097
2018-07-10,43849.337184,14569.129118,23.868062,29304.076128,4,168.702835,62.12356,0.197425,12.64,16.282193,5.55226
2018-07-11,43567.744207,14279.998874,55.028429,29342.773761,4,167.846573,58.986796,0.197548,13.63,16.280792,5.551128
2018-07-12,44487.326167,15252.419353,107.866947,29342.773761,4,170.738846,65.350868,0.198068,12.58,16.278838,5.550313
2018-07-13,44534.1632,15293.623588,102.234149,29342.773761,4,170.881561,65.634238,0.198063,12.18,16.276675,5.549646
2018-07-16,44406.527418,15131.733481,67.979824,29342.773761,4,170.472427,64.017864,0.197932,12.83,16.274858,5.548746
2018-07-17,44739.227122,15478.0264,81.573039,29342.773761,4,171.50946,66.284358,0.198027,12.06,16.272636,5.548127
2018-07-18,44635.454066,15359.410811,66.730506,29342.773761,4,171.185974,64.910845,0.197937,12.1,16.270437,5.547491
2018-07-19,44360.357505,15063.522974,45.93923,29342.773761,4,170.329697,61.290434,0.197977,12.87,16.268647,5.546578
2018-07-20,44346.886016,15043.780435,39.66818,29342.773761,4,170.291672,61.127387,0.197981,12.86,16.266853,5.545669
2018-07-23,44519.375448,15206.374642,51.031259,29364.032065,4,170.834015,62.653418,0.197994,12.62,16.264934,5.544841
2018-07-24,44746.891642,15438.129596,55.270019,29364.032065,4,171.537994,64.596269,0.197982,12.41,16.262907,5.544087
2018-07-25,45526.557682,16263.899123,101.373507,29364.032065,4,173.935547,70.268985,0.198549,12.29,16.26082,5.543377
2018-07-26,44698.096274,15373.416447,39.352237,29364.032065,4,171.300171,59.065892,0.199482,12.14,16.258655,5.542725
2018-07-27,43949.061035,14600.018438,14.989469,29364.032065,4,168.988266,51.333913,0.200053,13.03,16.256961,5.541763
2018-07-30,43166.604926,13805.813718,3.240857,29364.032065,4,166.600266,44.809084,0.200862,14.26,16.255913,5.540497
2018-07-31,43579.881523,14220.102627,4.253169,29364.032065,4,167.875092,48.56749,0.200935,12.83,16.254116,5.539599
2018-08-01,43784.597569,14424.884856,4.319353,29364.032065,4,168.512512,50.386745,0.200958,13.15,16.25249,5.538602
2018-08-02,44553.242862,15197.696686,8.485889,29364.032065,4,170.805389,56.365676,0.201519,12.19,16.250361,5.537931
2018-08-03,44722.092561,15366.248381,8.187884,29364.032065,4,171.32869,57.620931,0.201452,11.64,16.247948,5.537486
2018-08-06,45047.59219,15689.564028,27.7151,29385.743262,4,172.337204,60.008663,0.201536,11.27,16.245343,5.537207
2018-08-07,45252.137179,15895.64158,29.247662,29385.743262,4,172.965179,61.46459,0.201459,10.93,16.242563,5.537092
2018-08-08,45318.020936,15959.823257,27.545583,29385.743262,4,173.174423,61.961515,0.201433,10.85,16.239744,5.537017
2018-08-09,45278.790341,15916.711418,23.664339,29385.743262,4,173.069778,61.534152,0.201423,11.27,16.237147,5.536735
2018-08-10,44799.390041,15427.047837,58.1893,29430.531505,4,171.747314,56.253632,0.199844,13.16,16.23554,5.535735
2018-08-13,44728.727307,15338.353501,40.157698,29430.531505,4,171.557068,55.51557,0.199704,14.78,16.234781,5.534389
2018-08-14,45073.325384,15690.663681,47.869801,29430.531505,4,172.632095,58.804675,0.199298,13.31,16.233255,5.533348
2018-08-15,44384.186549,14976.936529,23.281485,29430.531505,4,170.519989,50.849697,0.199932,14.64,16.232424,5.532024
2018-08-16,44566.673716,15160.290026,24.147815,29430.531505,4,171.081345,52.68185,0.19995,13.45,16.230974,5.530947
2018-08-17,44543.389022,15132.915184,20.057666,29430.531505,4,171.1194,52.810274,0.198257,12.64,16.229104,5.530113
2018-08-20,44479.081416,15060.019471,11.469559,29430.531505,4,170.967148,52.199867,0.198259,12.49,16.227158,5.529331
2018-08-21,44685.557327,15266.924593,11.89877,29430.531505,4,171.595093,54.534026,0.198267,12.86,16.225406,5.528425
2018-08-22,44892.737617,15474.375124,36.198338,29454.560832,4,172.261093,56.935921,0.197567,12.25,16.223339,5.52773
2018-08-23,44806.51101,15381.531131,29.580953,29454.560832,4,172.013672,55.757453,0.197513,12.41,16.221357,5.526976
2018-08-24,45341.073793,15928.295348,41.782387,29454.560832,4,173.612045,61.326386,0.197705,11.99,16.219158,5.526381
2018-08-27,45934.537979,16527.535762,47.558615,29454.560832,4,175.381668,66.373071,0.197971,12.16,16.217051,5.52572
2018-08-28,46020.088752,16610.215003,44.687084,29454.560832,4,175.63855,67.045344,0.197956,12.5,16.215122,5.524934
2018-08-29,46706.020036,17322.704111,71.244907,29454.560832,4,177.665054,71.829938,0.198321,12.25,16.213065,5.524238
2018-08-30,46596.959738,17198.451517,56.05261,29454.560832,4,177.351074,70.131,0.197939,13.53,16.211674,5.523143
2018-08-31,46669.725389,17266.677291,51.512734,29454.560832,4,177.579391,70.674179,0.1976,12.86,16.209938,5.522239
2018-09-04,46404.503612,16971.801681,21.8589,29454.560832,4,176.818283,66.34296,0.197682,13.16,16.208358,5.521244
2018-09-05,45616.807492,16170.80621,30.644121,29476.645403,4,174.534943,55.378244,0.198031,13.91,16.207169,5.520062
2018-09-06,45088.546947,15629.388397,17.486853,29476.645403,4,172.974609,49.373089,0.198374,14.65,16.206363,5.518747
2018-09-07,44858.73994,15394.575158,12.480622,29476.645403,4,172.308655,47.029058,0.19845,14.88,16.205677,5.517402
2018-09-10,45034.534135,15567.285319,55.108221,29522.357038,4,172.889023,49.288609,0.198134,14.16,16.20462,5.516171
2018-09-11,45469.649814,16017.27501,69.982234,29522.357038,4,174.220901,54.124847,0.197897,13.22,16.203079,5.515163
2018-09-12,45299.402746,15832.712836,55.667127,29522.357038,4,173.707199,52.062514,0.197944,13.14,16.201497,5.514177
2018-09-13,45918.771016,16478.455218,82.04124,29522.357038,4,175.562454,58.249767,0.198286,12.37,16.19952,5.513441
2018-09-14,45747.050462,16289.706376,65.012952,29522.357038,4,175.048691,56.09074,0.19817,12.07,16.19739,5.512816
2018-09-17,44909.042357,15409.247404,22.562085,29522.357038,4,172.527466,46.903197,0.199014,13.68,16.196093,5.51169
2018-09-18,45390.196733,15898.500327,30.660632,29522.357038,4,173.95459,51.723545,0.199191,12.79,16.194338,5.510812
2018-09-19,45342.240974,15845.374419,25.490484,29522.357038,4,173.821396,51.255852,0.199199,11.75,16.192049,5.510315
2018-09-20,45995.742992,16513.880471,40.494517,29522.357038,4,175.743225,57.260858,0.199506,11.8,16.189789,5.509797
2018-09-21,45666.949708,16170.288963,49.977921,29546.638666,4,174.782318,53.698755,0.199474,11.68,16.187469,5.509329
2018-09-24,45826.939587,16318.950244,38.649323,29546.638666,4,175.268372,55.216349,0.199472,12.2,16.185419,5.508654
2018-09-25,45898.329014,16387.094804,35.404456,29546.638666,4,175.506668,55.978163,0.198984,12.42,16.183484,5.507899
2018-09-26,45938.555791,16423.409173,31.492048,29546.638666,4,175.630569,56.393523,0.198975,12.89,16.181793,5.506989
2018-09-27,46443.319068,16939.787701,43.107298,29546.638666,4,177.117386,61.13273,0.198945,12.41,16.179856,5.506238
2018-09-28,46429.823475,16919.373403,36.188594,29546.638666,4,177.07933,60.950141,0.198944,12.12,16.177773,5.505593
2018-10-01,46547.895674,17024.697386,23.440378,29546.638666,4,177.441483,62.109943,0.19881,12,16.175631,5.504993
2018-10-02,46406.701494,16876.572838,16.51001,29546.638666,4,177.041153,59.988913,0.198849,12.05,16.173516,5.504374
2018-10-03,46469.508904,16937.076826,14.206589,29546.638666,4,177.231827,60.677697,0.198844,11.61,16.171178,5.503932
2018-10-04,45305.065702,15761.665929,3.238893,29546.638666,4,173.829163,45.593611,0.200342,14.22,16.170179,5.5027
2018-10-05,44573.480401,15027.86092,23.633334,29569.252814,4,171.703751,39.061577,0.200683,14.82,16.169488,5.501375
2018-10-08,44207.545939,14651.480239,13.187114,29569.252814,4,170.655304,36.298926,0.200855,15.69,16.169243,5.499978
2018-10-09,44388.178638,14832.660702,13.734878,29569.252814,4,171.208099,38.758309,0.200863,15.95,16.169131,5.498574
2018-10-10,42049.26474,15256.60502,81.292501,26873.952221,5,163.678543,24.744673,0.208243,22.959999,16.172601,5.499311
2018-10-11,41310.572049,14481.488604,44.868777,26873.952221,5,161.648376,22.393645,0.208816,24.98,16.177099,5.501507
2018-10-12,43037.375845,16295.486324,132.0627,26873.952221,5,166.147049,36.737336,0.211271,21.309999,16.179719,5.501325
2018-10-15,42302.185476,15490.940102,62.706847,26873.952221,5,164.135986,33.735565,0.211799,21.299999,16.182332,5.501136
2018-10-16,44134.604122,17453.233824,192.581923,26873.952221,5,168.911102,45.187797,0.214433,17.620001,16.183065,5.499829
2018-10-17,44163.082155,17470.518662,181.388728,26873.952221,5,168.977829,45.329984,0.214433,17.4,16.183685,5.498495
2018-10-18,42765.820078,15956.472099,64.604242,26873.952221,5,165.060516,38.943141,0.216375,20.059999,16.18566,5.49779
2018-10-19,42704.357821,15885.336451,54.930851,26873.952221,5,164.90802,38.71446,0.21632,19.889999,16.187546,5.497025
2018-10-22,43016.730207,16190.0278,81.146989,26907.849396,5,165.756287,40.797032,0.216373,19.639999,16.189303,5.496177
2018-10-23,42784.859489,15937.327099,60.317006,26907.849396,5,165.146317,39.750986,0.216263,20.709999,16.191602,5.495724
2018-10-24,40202.241088,16157.477393,42.977034,24087.740728,6,157.588074,29.617351,0.223647,25.23,16.196197,5.498104
2018-10-25,42645.749943,18699.738893,141.729678,24087.740728,6,163.039886,41.251149,0.227178,24.219999,16.200274,5.499682
2018-10-26,40936.855822,16903.428441,54.313347,24087.740728,6,158.846237,36.282996,0.229379,24.16,16.204317,5.501209
2018-10-29,39491.428684,18282.599863,55.620615,21264.449435,7,155.577072,32.951332,0.228277,24.700001,16.208629,5.503142
2018-10-30,40753.744627,19582.943337,93.648145,21264.449435,7,158.14093,37.776932,0.229073,23.35,16.212253,5.504096
2018-10-31,42623.392905,21552.523444,193.579974,21264.449435,7,161.858047,44.062717,0.230674,21.23,16.214797,5.50386
2018-11-01,43676.622876,22687.16712,274.993679,21264.449435,7,163.993057,47.352478,0.23117,19.34,16.216381,5.502914
2018-11-02,42469.558323,21364.077932,158.969044,21264.449435,7,161.43869,44.017047,0.23197,19.51,16.21805,5.502019
2018-11-05,42250.739541,21102.362278,158.412757,21306.790021,7,161.038361,43.499897,0.231737,19.959999,16.219944,5.501269
2018-11-06,42844.983476,21730.021904,191.828449,21306.790021,7,162.258362,45.597586,0.231868,19.91,16.221812,5.500503
2018-11-07,45369.651396,24567.071751,504.210376,21306.790021,7,167.348038,53.374847,0.23473,16.360001,16.221882,5.499112
2018-11-08,44891.253379,23976.969504,392.506146,21306.790021,7,166.280487,51.705196,0.23484,16.719999,16.222133,5.497732
2018-11-09,43599.109105,22499.959421,338.028628,21437.178312,7,163.478348,47.504602,0.235678,17.360001,16.222708,5.496402
2018-11-12,41395.164188,20035.403629,77.417753,21437.178312,7,158.531693,41.149181,0.238632,20.450001,16.224843,5.495834
2018-11-13,41455.217626,20087.857776,69.818462,21437.178312,7,158.665146,41.377047,0.23863,20.02,16.226759,5.495108
2018-11-14,40868.197846,19472.648653,41.629119,21437.178312,7,157.454651,39.869117,0.238775,21.25,16.229294,5.494879
2018-11-15,42240.671666,20886.291971,82.798617,21437.178312,7,160.209152,44.798965,0.239568,19.98,16.231185,5.494138
2018-11-16,41943.621093,20565.408725,58.965945,21437.178312,7,159.646835,44.005791,0.239156,18.139999,16.232147,5.49292
2018-11-19,39534.525312,18102.459318,5.112317,21437.178312,7,154.461899,37.425885,0.242436,20.1,16.234096,5.492222
2018-11-20,38259.614988,19745.274249,47.260722,18561.601461,8,151.697876,34.467199,0.243425,22.48,16.237241,5.492626
2018-11-21,38847.210713,20341.466266,104.493481,18610.237928,8,152.851074,36.715084,0.243252,20.799999,16.239537,5.492197
2018-11-23,38258.795067,19719.572093,117.567015,18656.789989,8,151.745529,35.459334,0.243411,21.52,16.242193,5.492092
2018-11-26,40122.372846,21668.46892,202.886063,18656.789989,8,155.252991,42.212306,0.244899,18.9,16.243529,5.491034
2018-11-27,40391.76456,21945.935913,210.961342,18656.789989,8,155.777145,43.169271,0.244928,19.02,16.244925,5.490006
2018-11-28,43099.644942,24961.470406,571.053833,18709.228369,8,160.790588,51.450692,0.247807,18.49,16.246052,5.488857
2018-11-29,42807.375146,24589.449715,491.302937,18709.228369,8,160.266373,50.620071,0.246904,18.790001,16.247329,5.487775
2018-11-30,43391.43225,25253.79978,571.595899,18709.228369,8,161.429153,52.453658,0.246856,18.07,16.248244,5.486549
2018-12-03,44838.638552,26930.671704,801.261521,18709.228369,8,164.250366,56.658746,0.247627,16.440001,16.24834,5.485174
2018-12-04,41897.003607,23418.654698,230.87946,18709.228369,8,157.950287,46.721432,0.251732,20.74,16.250591,5.484721
2018-12-06,42491.932555,24030.659741,304.043031,18765.315845,8,159.065445,48.445075,0.251859,21.190001,16.253066,5.48446
2018-12-07,39924.245814,21233.34615,74.416182,18765.315845,8,153.813782,41.616833,0.255082,23.23,16.25656,5.485309
2018-12-10,40774.585449,22082.506072,246.070668,18938.150045,8,155.42453,44.214,0.255348,22.639999,16.259755,5.485794
2018-12-11,41038.757891,22350.449991,249.842145,18938.150045,8,155.93924,45.055122,0.255325,21.76,16.262506,5.485801
2018-12-12,41738.24534,23107.49621,307.400914,18938.150045,8,157.311707,47.335344,0.255372,21.459999,16.265105,5.48566
2018-12-13,41774.357706,23116.34511,280.137449,18938.150045,8,157.35939,47.416993,0.255365,20.65,16.267296,5.485164
2018-12-14,39896.172238,21062.000788,103.978594,18938.150045,8,153.527832,41.808073,0.2571,21.629999,16.269975,5.485103
2018-12-17,38141.244377,19232.204766,29.110434,18938.150045,8,150.048981,37.473784,0.258586,24.52,16.274094,5.48683
2018-12-18,38602.791307,19697.196874,32.555611,18938.150045,8,150.992538,39.311513,0.258341,25.58,16.278738,5.489398
2018-12-19,36774.652466,20846.351751,67.792216,15996.092931,9,147.284943,34.963038,0.259867,25.58,16.283377,5.491958
2018-12-20,35602.948359,22606.697704,148.749001,13144.999656,10,145.149933,32.718618,0.260357,28.379999,16.289407,5.497227
2018-12-21,33114.770896,25774.649858,218.883421,7559.004458,12,140.651245,28.558537,0.263062,30.110001,16.296293,5.504508
2018-12-24,30828.818168,29056.225507,247.992299,2020.58496,14,137.163361,25.817688,0.264749,36.07,16.30614,5.5208
2018-12-26,38301.67729,37515.686302,1234.593972,2020.58496,14,145.727768,40.833392,0.274649,30.41,16.313161,5.528388
2018-12-27,38736.306906,38008.137748,1292.415802,2020.58496,14,146.291656,41.670562,0.274615,29.959999,16.31995,5.535387
2018-12-28,38706.359672,37906.910384,1289.795431,2089.244719,14,146.215164,41.584606,0.274616,28.34,16.325927,5.540498
2018-12-31,39709.36129,38993.129776,1373.013204,2089.244719,14,147.448212,43.604105,0.274799,25.42,16.330447,5.542829
2019-01-02,40206.166206,39489.551394,1372.629907,2089.244719,14,148.040878,44.595567,0.27474,23.219999,16.33387,5.543579
2019-01-03,36744.280488,35171.257193,516.221424,2089.244719,14,143.204269,38.627419,0.276817,25.450001,16.338396,5.545923
2019-01-04,41746.864299,41264.113682,1606.494101,2089.244719,14,149.331238,48.102515,0.281144,21.379999,16.340898,5.545683
2019-01-07,43161.113739,42929.0468,1938.902639,2170.969579,14,151.1091,50.491042,0.281498,21.4,16.343408,5.545452
2019-01-08,44098.706212,44238.4561,2310.719467,2170.969579,14,152.475967,52.308392,0.28145,20.469999,16.345454,5.544838
2019-01-09,44935.203642,45456.383096,2937.043165,2415.863711,14,153.718613,53.962899,0.281581,19.98,16.347255,5.544053
2019-01-10,45277.119286,45867.984438,3006.728863,2415.863711,14,154.158218,54.563426,0.281602,19.5,16.348816,5.543124
2019-01-11,45085.155771,45273.728302,2604.436242,2415.863711,14,153.594315,53.597605,0.281622,18.190001,16.349728,5.541902
2019-01-14,44602.930863,43839.159366,1652.092214,2415.863711,14,152.236984,51.246229,0.281702,19.07,16.351074,5.540861
2019-01-15,46516.565679,46857.278175,2756.576207,2415.863711,14,155.209671,55.817866,0.282526,18.6,16.352186,5.539715
2019-01-16,46643.458571,46794.999283,2567.404422,2415.863711,14,155.180954,55.763467,0.282505,19.040001,16.353515,5.538668
2019-01-17,47382.34306,47996.633716,3030.154366,2415.863711,14,156.404495,57.656948,0.282368,18.059999,16.354358,5.537428
2019-01-18,48204.394941,49581.507731,3873.867589,2496.7548,14,157.952911,59.990903,0.282616,17.799999,16.355072,5.536154
2019-01-22,47432.261747,46313.042304,1809.139147,2928.35859,14,154.789108,53.501794,0.283633,20.799999,16.357266,5.535667
2019-01-23,47568.440978,46457.907246,887.490931,1998.024662,14,154.989792,53.84285,0.283344,19.52,16.358826,5.534747
2019-01-24,48452.629106,47438.906451,984.302007,1998.024662,14,155.993469,55.597008,0.283276,18.889999,16.360074,5.533667
2019-01-25,50064.338017,49344.574688,1278.261333,1998.024662,14,157.857361,58.733463,0.283536,17.42,16.360596,5.532352
2019-01-28,48587.69627,47283.076522,783.466224,2088.085972,14,155.907379,54.403832,0.283925,18.870001,16.361833,5.531269
2019-01-29,47285.963591,45727.698103,529.820484,2088.085972,14,154.435471,51.328054,0.283547,19.129999,16.363195,5.530248
2019-01-30,50871.439414,49851.231602,1067.87816,2088.085972,14,158.363922,58.131625,0.285111,17.66,16.363834,5.528961
2019-01-31,52899.146328,52336.232667,1525.172312,2088.085972,14,160.734467,61.618169,0.2855,16.57,16.363935,5.527602
2019-02-01,52437.06374,51589.346886,1240.369118,2088.085972,14,160.055786,60.075723,0.285502,16.139999,16.363825,5.526245
2019-02-04,54331.177234,53616.002719,1372.911457,2088.085972,14,162.0439,62.997785,0.2857,15.73,16.363514,5.524904
2019-02-05,55515.416895,55047.884147,1620.553224,2088.085972,14,163.477753,64.988077,0.28485,15.57,16.363124,5.523575
2019-02-06,54928.128,54134.324167,1382.223822,2176.027655,14,162.990234,63.732847,0.280687,15.38,16.362641,5.522261
2019-02-07,53024.725584,51657.305448,808.607518,2176.027655,14,160.801346,58.289143,0.279445,16.370001,16.362645,5.520905
2019-02-08,53320.758128,51922.196209,1031.117796,2429.679714,14,161.116791,58.834832,0.279,15.72,16.36233,5.519569
2019-02-11,52992.518752,51241.595307,678.75627,2429.679714,14,160.963837,58.435627,0.274074,15.97,16.362137,5.518222
2019-02-12,55140.118565,53749.851415,1039.412565,2429.679714,14,163.343903,62.679146,0.273874,15.43,16.361681,5.516908
2019-02-13,55268.760006,53777.152355,938.072063,2429.679714,14,163.458572,62.875801,0.27309,15.65,16.361332,5.515579
2019-02-14,55528.505169,53959.148967,860.323512,2429.679714,14,163.659363,63.241057,0.27303,16.219999,16.361263,5.514229
2019-02-15,56161.591347,54607.346043,875.434411,2429.679714,14,164.347534,64.529157,0.272186,14.91,16.360553,5.512973
2019-02-19,56796.09282,54767.17755,478.427284,2507.342553,14,164.672516,65.150217,0.271315,14.88,16.359829,5.511721
2019-02-20,56839.296531,54700.050163,368.096185,2507.342553,14,164.643784,65.041786,0.271258,14.02,16.358685,5.510616
2019-02-21,56256.756658,54013.452583,667.971227,2911.275303,14,164.041641,62.687135,0.271289,14.46,16.357758,5.509429
2019-02-22,57462.292537,55321.594125,992.995915,3133.694327,14,165.255569,65.40615,0.271401,13.51,16.356367,5.508443
2019-02-25,58171.662267,52811.811026,838.346699,6198.197941,13,165.857742,66.702371,0.271431,14.85,16.355632,5.507198
2019-02-26,58296.795544,52879.264119,780.666515,6198.197941,13,166.029785,67.081875,0.270361,15.17,16.355054,5.505917
2019-02-27,58210.145461,52708.458757,766.821459,6268.508163,13,165.924652,66.582474,0.269908,14.7,16.354247,5.504695
2019-02-28,57878.714728,52256.036801,645.830236,6268.508163,13,165.542328,64.696219,0.269499,14.78,16.35348,5.503462
2019-03-01,58940.714991,53411.321931,739.115103,6268.508163,13,166.689346,67.656611,0.269503,13.57,16.352124,5.502464
2019-03-04,59033.310395,53300.74265,535.940418,6268.508163,13,166.718002,67.729417,0.268755,14.63,16.351285,5.501255
2019-03-05,59167.308968,53385.719734,486.91893,6268.508163,13,166.842285,68.065173,0.268543,14.74,16.350501,5.500031
2019-03-06,58288.426099,52362.409886,342.49195,6268.508163,13,165.895996,62.714793,0.268321,15.74,16.350204,5.498709
2019-03-07,56366.993708,50277.73131,179.245765,6268.508163,13,163.860031,53.052191,0.268695,16.59,16.350321,5.497374
2019-03-08,56123.264988,49996.445908,141.689084,6268.508163,13,163.611496,51.998966,0.268689,16.049999,16.350175,5.496042
2019-03-11,59537.289008,53484.419845,433.671348,6486.540511,13,167.014313,62.868204,0.269736,14.33,16.349194,5.494886
2019-03-12,60368.860094,54345.125842,462.806259,6486.540511,13,167.931931,65.1593,0.268832,13.77,16.347942,5.493846
2019-03-13,61592.032221,48342.195583,358.81779,13608.654428,11,169.193619,68.075987,0.268906,13.41,16.346516,5.492893
2019-03-14,61364.360278,48032.509959,276.804109,13608.654428,11,168.906891,66.709229,0.2684,13.5,16.345136,5.491918
2019-03-15,62676.393396,49419.075312,351.336345,13608.654428,11,170.474457,70.228399,0.268621,12.88,16.343456,5.491117
2019-03-18,63124.810617,49714.506497,198.350308,13608.654428,11,170.880447,71.081054,0.268631,13.1,16.341885,5.49025
2019-03-19,63637.920808,50207.43145,178.16507,13608.654428,11,171.455032,72.290598,0.26863,13.56,16.340538,5.489261
2019-03-20,64169.440155,50719.670425,158.884698,13608.654428,11,172.134903,73.692677,0.26738,13.91,16.339361,5.488192
2019-03-21,66523.758925,53181.191657,346.845129,13689.412398,11,174.825745,78.359834,0.267978,13.63,16.33805,5.487187
2019-03-22,63332.613625,49758.37573,115.174503,13689.412398,11,170.985779,61.572356,0.269286,16.48,16.338119,5.485861
2019-03-25,62906.982306,45732.952105,579.258598,17753.288799,10,170.660202,60.391016,0.267571,16.33,16.338115,5.484534
2019-03-26,63402.040397,46250.968721,602.217123,17753.288799,10,171.455032,62.293042,0.265618,14.68,16.337314,5.48333
2019-03-27,62447.872406,45133.084755,438.501148,17753.288799,10,170.35379,58.128163,0.262188,15.15,16.336741,5.482067
2019-03-28,62598.15924,45260.445525,415.575083,17753.288799,10,170.746445,59.176228,0.25912,14.43,16.33582,5.480904
2019-03-29,63557.223528,46290.623397,556.49787,17823.098001,10,172.039139,62.503773,0.258849,13.71,16.334554,5.479884
2019-04-01,65263.177041,48104.746219,664.667178,17823.098001,10,174.318146,67.528852,0.258428,13.4,16.333139,5.478941
2019-04-02,65658.335923,48506.508617,671.270695,17823.098001,10,174.978958,68.833118,0.255946,13.36,16.331706,5.478009
2019-04-03,66400.711657,49322.56328,744.949624,17823.098001,10,175.984375,70.757684,0.255705,13.74,16.330458,5.476985
2019-04-04,66367.364844,49213.059368,668.792525,17823.098001,10,175.917343,70.445355,0.255069,13.58,16.329133,5.475998
2019-04-05,67057.217193,49964.301494,730.182301,17823.098001,10,176.827057,72.23646,0.255055,12.82,16.327445,5.475221
2019-04-08,67435.72953,50191.369524,578.737995,17823.098001,10,177.2771,73.104827,0.253144,13.18,16.325931,5.474338
2019-04-09,67011.329409,49638.749462,450.518054,17823.098001,10,176.654678,69.850843,0.25308,14.28,16.324947,5.473205
2019-04-10,67700.012327,50365.762907,555.206442,17889.455862,10,177.602676,71.902235,0.251858,13.3,16.323494,5.472291
2019-04-11,67424.836186,49982.076344,446.69602,17889.455862,10,177.181396,69.634734,0.251766,13.02,16.321907,5.471455
2019-04-12,68022.641486,50601.424165,468.238541,17889.455862,10,177.947433,71.400861,0.251434,12.01,16.319837,5.470957
2019-04-15,68161.399475,50564.13512,292.191507,17889.455862,10,177.976181,71.467928,0.251338,12.32,16.317917,5.470345
2019-04-16,68669.666214,51065.454505,285.244153,17889.455862,10,178.589035,72.925603,0.25122,12.18,16.315933,5.469783
2019-04-17,69141.001521,51522.902199,271.35654,17889.455862,10,179.211441,74.358366,0.250003,12.6,16.314151,5.469077
2019-04-18,69363.984445,51702.250609,227.722026,17889.455862,10,179.441269,74.886848,0.249998,12.09,16.312127,5.468548
2019-04-22,69882.694373,52053.365285,121.375672,17950.70476,10,179.948776,76.060203,0.249737,12.42,16.310263,5.467901
2019-04-23,71791.043464,54009.971388,169.632684,17950.70476,10,182.237396,80.487654,0.249362,12.28,16.308334,5.467302
2019-04-24,71313.372634,53489.682438,550.340846,18374.031042,10,181.662872,76.655056,0.249375,13.14,16.306818,5.466433
2019-04-25,71859.591464,54051.912924,566.352502,18374.031042,10,182.400208,78.096566,0.247984,13.25,16.305356,5.465534
2019-04-26,72014.334943,54176.14342,535.839519,18374.031042,10,182.563004,78.413502,0.247983,12.73,16.303647,5.464786
2019-04-29,72315.357247,54378.606187,499.196574,18435.947633,10,182.917313,79.121577,0.246806,13.11,16.302121,5.463926
2019-04-30,71216.290443,53126.327117,345.984308,18435.947633,10,181.500046,69.32566,0.247015,13.12,16.300602,5.463063
2019-05-01,70751.800826,52591.171534,275.318341,18435.947633,10,180.915863,65.714135,0.246882,14.8,16.299885,5.461856
2019-05-02,70106.715792,51875.998444,205.230286,18435.947633,10,180.130676,61.106352,0.246617,14.42,16.298989,5.460707
2019-05-03,72485.92712,54396.698251,346.718764,18435.947633,10,183.003479,69.525791,0.247165,12.87,16.297353,5.459918
2019-05-06,71614.54746,53363.074804,184.474977,18435.947633,10,181.883102,63.731485,0.247299,15.44,16.296945,5.458648
2019-05-07,68647.725967,50273.165537,61.387204,18435.947633,10,178.340027,49.64173,0.247531,19.32,16.298385,5.457746
2019-05-08,68251.522568,49858.947597,43.372663,18435.947633,10,177.889969,48.184495,0.247381,19.4,16.299862,5.456865
2019-05-09,67432.101056,49021.309664,25.156241,18435.947633,10,176.932388,45.147738,0.247475,19.1,16.301195,5.455908
2019-05-10,67591.674361,49176.077936,77.652719,18493.249144,10,177.152634,45.990852,0.247161,16.040001,16.30107,5.454612
2019-05-13,62574.203179,44095.425965,14.471931,18493.249144,10,171.004974,31.456634,0.250563,20.549999,16.303091,5.454102
2019-05-14,64131.967962,45658.560513,19.841695,18493.249144,10,172.881836,37.908152,0.250886,18.059999,16.303926,5.452939
2019-05-15,66189.10594,47726.517194,30.660399,18493.249144,10,175.323639,45.142444,0.251422,16.440001,16.30399,5.451644
2019-05-16,67657.311235,49203.861824,39.799733,18493.249144,10,177.085617,49.696845,0.251307,15.29,16.303509,5.450394
2019-05-17,66121.148073,47651.836282,23.937354,18493.249144,10,175.275772,45.516702,0.251523,15.96,16.303346,5.449105
2019-05-20,63627.094698,45141.521997,7.676443,18493.249144,10,172.316849,39.645427,0.252336,16.309999,16.303349,5.447812
2019-05-21,65126.241437,46643.573476,10.581183,18493.249144,10,174.117096,44.348898,0.252539,14.95,16.302707,5.446599
2019-05-22,64456.201747,45970.111029,66.203412,18552.29413,10,173.341446,42.801213,0.252526,14.75,16.301972,5.445412
2019-05-23,62289.299453,43773.8233,36.817977,18552.29413,10,170.688965,37.92685,0.253225,16.92,16.302264,5.444139
2019-05-24,62192.051818,43672.515902,441.543006,18961.078922,10,170.602737,37.776238,0.253036,15.85,16.30205,5.442858
2019-05-28,61737.773312,43064.380823,287.686432,18961.078922,10,169.961182,36.611307,0.253081,17.5,16.302617,5.441631
2019-05-29,60671.573091,41906.612059,261.143163,19026.104194,10,168.563126,34.140565,0.253283,17.9,16.303373,5.440455
2019-05-30,61216.953938,42466.364394,275.51465,19026.104194,10,169.271759,36.480485,0.253268,17.299999,16.303844,5.439211
2019-05-31,59166.763667,40279.37935,138.719878,19026.104194,10,166.571396,31.838341,0.253882,18.709999,16.304981,5.438176
2019-06-03,56361.244237,37371.349137,36.209094,19026.104194,10,162.903824,26.842369,0.255298,18.860001,16.306188,5.437175
2019-06-04,60014.479576,41098.260276,109.884894,19026.104194,10,167.490662,39.606207,0.256786,16.969999,16.306501,5.43591
2019-06-05,60983.191508,42087.110504,130.023191,19026.104194,10,168.735519,42.53646,0.256713,16.09,16.306399,5.434628
2019-06-06,62042.311512,43174.224545,158.017227,19026.104194,10,170.076126,45.597693,0.25686,15.93,16.306222,5.433352
2019-06-07,64649.085023,45931.062649,308.08182,19026.104194,10,173.360626,52.30204,0.257784,16.299999,16.306219,5.43207
2019-06-10,66272.375362,47581.677989,402.44972,19093.147093,10,175.381088,55.902202,0.257952,15.94,16.306046,5.430795
2019-06-11,66484.595352,47764.662831,373.214572,19093.147093,10,175.620499,56.322884,0.257956,15.99,16.305897,5.42952
2019-06-12,65731.170562,46889.628167,251.604698,19093.147093,10,174.605484,53.972064,0.25804,15.91,16.305711,5.428248
2019-06-13,66560.393378,47745.600673,278.354388,19093.147093,10,175.639618,55.987636,0.25806,15.82,16.305482,5.42698
2019-06-14,65997.014481,47095.468611,191.601223,19093.147093,10,174.892746,54.143564,0.258115,15.28,16.305,5.425749
2019-06-17,66876.450511,47919.175539,135.872122,19093.147093,10,175.94606,56.32822,0.257936,15.35,16.304551,5.424512
2019-06-18,68977.065308,50111.243159,227.324944,19093.147093,10,178.502838,61.164697,0.258464,15.15,16.304008,5.423294
2019-06-19,69547.547379,50670.432269,216.031983,19093.147093,10,179.173111,62.342106,0.258496,14.33,16.303081,5.422189
2019-06-20,70924.798677,52103.100578,271.448994,19093.147093,10,180.83934,65.169151,0.258694,14.75,16.302352,5.42102
2019-06-21,70747.089296,51844.903876,257.83754,19160.022959,10,180.571243,64.332302,0.258574,15.4,16.301929,5.419782
2019-06-24,70778.972103,51780.204256,628.295657,19627.063504,10,180.57695,64.342798,0.258347,15.26,16.30144,5.418557
2019-06-25,68432.173332,49124.058138,318.948311,19627.063504,10,177.477127,54.89325,0.259194,16.280001,16.30143,5.417286
2019-06-26,69044.019102,49745.966699,329.011101,19627.063504,10,178.302475,56.715985,0.257756,16.209999,16.301387,5.416017
2019-06-27,69601.471187,50313.313568,338.905885,19627.063504,10,178.983887,58.217179,0.257751,15.82,16.301162,5.414758
2019-06-28,69775.471845,50467.330795,388.827879,19696.968929,10,179.214203,58.738084,0.257197,15.08,16.30059,5.413554
2019-07-01,71751.735272,52524.041915,469.275571,19696.968929,10,181.63266,63.836442,0.257484,14.06,16.299541,5.412504
2019-07-02,72342.601085,53135.510345,489.878189,19696.968929,10,182.352386,65.213967,0.257504,12.93,16.297965,5.411728
2019-07-03,73442.013233,54324.256387,579.212083,19696.968929,10,183.724747,67.737515,0.257535,12.57,16.296223,5.411062
2019-07-05,73201.280351,53938.765578,434.454156,19696.968929,10,183.350494,66.324453,0.257141,13.28,16.294813,5.41019
2019-07-08,72214.807807,52739.251999,221.413121,19696.968929,10,182.064468,61.571314,0.256901,13.96,16.293723,5.409161
2019-07-09,72958.721082,53496.582036,234.829883,19696.968929,10,182.976227,63.564928,0.256322,14.09,16.292694,5.408108
2019-07-10,74475.467676,55091.08177,385.216034,19769.60194,10,184.799622,67.226701,0.256371,13.03,16.291171,5.407304
2019-07-11,74395.858792,54952.677362,326.42051,19769.60194,10,184.665268,66.694817,0.256374,12.93,16.289604,5.40653
2019-07-12,75288.281947,55879.966865,361.286857,19769.60194,10,185.730545,68.802444,0.256371,12.39,16.287786,5.405925
2019-07-15,75842.814866,56322.861105,249.648178,19769.60194,10,186.325562,69.946452,0.255605,12.68,16.286104,5.405226
2019-07-16,75064.167846,55451.129291,156.563384,19769.60194,10,185.365829,65.757918,0.25569,12.86,16.284509,5.404472
2019-07-17,74298.174756,54623.847896,95.27508,19769.60194,10,184.454147,61.962139,0.255747,13.97,16.283431,5.403444
2019-07-18,74479.62201,54788.206507,78.186436,19769.60194,10,184.665268,62.50194,0.255655,13.53,16.28215,5.402513
2019-07-19,73305.124759,53576.234819,40.712,19769.60194,10,183.312073,56.925713,0.255807,14.45,16.281298,5.4014
2019-07-22,74553.565476,54814.009624,101.867247,19841.423099,10,184.770905,60.968591,0.255891,13.53,16.280019,5.400469
2019-07-23,75602.329641,55876.086339,115.179797,19841.423099,10,185.980072,63.985843,0.255999,12.61,16.278313,5.399794
2019-07-24,76738.224669,57028.998138,627.027754,20336.254285,10,187.285263,66.955266,0.2561,12.07,16.276359,5.399301
2019-07-25,75333.842216,55431.082739,433.494808,20336.254285,10,185.509842,59.73965,0.256335,12.74,16.274717,5.398584
2019-07-26,76895.060905,57111.10137,552.29475,20336.254285,10,187.419617,64.207935,0.256093,12.16,16.272807,5.398059
2019-07-29,76406.761185,56452.452071,456.123021,20410.432135,10,186.776642,61.724145,0.255446,12.83,16.271211,5.397316
2019-07-30,75747.308956,55692.828607,355.951786,20410.432135,10,185.97049,58.660222,0.254958,13.94,16.27013,5.396297
2019-07-31,73602.475117,53383.11789,191.074908,20410.432135,10,183.398468,50.113164,0.254932,16.120001,16.27006,5.395047
2019-08-01,72826.962917,52554.662054,138.131272,20410.432135,10,182.486771,47.472715,0.254864,17.870001,16.270801,5.393907
2019-08-02,70548.518656,50202.115401,64.028879,20410.432135,10,179.799622,40.670756,0.255477,17.610001,16.271421,5.392734
2019-08-05,65232.442875,48325.430831,71.637153,16978.649197,11,173.446426,29.799421,0.258647,24.59,16.275271,5.394455
2019-08-06,67438.491845,50562.149504,102.306856,16978.649197,11,175.874451,36.757007,0.259156,20.17,16.277072,5.393857
2019-08-07,68286.931086,51419.734168,111.45228,16978.649197,11,176.824554,39.292503,0.259141,19.49,16.278558,5.393052
2019-08-08,71851.844808,55072.042007,198.846396,16978.649197,11,180.672943,48.328819,0.26038,16.91,16.278849,5.391822
2019-08-09,70298.97732,53460.560291,210.808548,17049.225577,11,178.974243,45.135174,0.260633,17.969999,16.27963,5.390699
2019-08-12,68423.096017,51492.209682,118.339243,17049.225577,11,176.920563,41.559547,0.261008,21.09,16.281851,5.390445
2019-08-13,71995.624155,55164.033563,217.634985,17049.225577,11,180.797699,49.66649,0.26212,17.52,16.282423,5.389266
2019-08-14,67199.675472,50228.628765,78.17887,17049.225577,11,175.394562,41.108125,0.264667,22.1,16.285106,5.389471
2019-08-15,66995.957966,50014.359443,67.627054,17049.225577,11,175.193085,40.825621,0.264567,21.18,16.287363,5.389253
2019-08-16,69550.491064,52608.807695,107.542209,17049.225577,11,178.004974,46.365478,0.264827,18.469999,16.288369,5.388214
2019-08-19,72138.763422,55230.177699,140.639854,17049.225577,11,180.836105,51.308209,0.265464,16.879999,16.288641,5.386987
2019-08-20,70849.242893,53895.682717,95.665401,17049.225577,11,179.434967,48.906107,0.265637,17.5,16.289199,5.385809
2019-08-21,72313.793346,55384.091137,198.856012,17128.55822,11,181.027985,51.676173,0.265836,15.8,16.288974,5.384579
2019-08-22,71774.931965,54807.882639,161.508895,17128.55822,11,180.442596,50.590747,0.265836,16.68,16.289154,5.383347
2019-08-23,66705.201302,49619.881643,605.004786,17690.324444,11,174.732376,41.445751,0.268618,19.870001,16.2908,5.382656
2019-08-26,68940.853768,52012.220453,761.691129,17690.324444,11,177.371567,46.279203,0.269209,19.32,16.292192,5.38181
2019-08-27,68652.522641,51630.195178,667.996981,17690.324444,11,176.997269,45.703001,0.268997,20.309999,16.294038,5.381263
2019-08-28,69183.686899,52181.798644,772.201268,17774.089523,11,177.630707,46.907737,0.268757,19.35,16.295441,5.380425
2019-08-29,71386.321641,54730.781859,1118.54974,17774.089523,11,180.346649,51.841621,0.269364,17.879999,16.296168,5.379297
2019-08-30,71082.722492,54284.183349,975.550379,17774.089523,11,179.91478,51.029546,0.269032,18.98,16.297399,5.378369
2019-09-03,69813.40772,52566.300601,526.982403,17774.089523,11,178.168121,47.770311,0.269281,19.66,16.298941,5.377618
2019-09-04,71978.723952,54983.324304,858.701427,17854.101074,11,180.740112,52.573817,0.269824,17.33,16.299413,5.37643
2019-09-05,74603.179651,58147.211921,1398.133344,17854.101074,11,184.051102,57.936908,0.270642,16.27,16.2994,5.375198
2019-09-06,74521.381343,57927.64304,1260.362772,17854.101074,11,183.868729,57.550864,0.270182,15,16.298805,5.374039
2019-09-09,74424.445844,57480.707111,991.974486,17935.713218,11,183.484863,56.694565,0.269969,15.27,16.298334,5.372853
2019-09-10,74080.893361,56952.451941,807.271798,17935.713218,11,182.957047,55.472374,0.26995,15.2,16.297832,5.371675
2019-09-11,75496.460381,58583.110707,1022.363544,17935.713218,11,184.674911,58.600495,0.270146,14.61,16.29706,5.370567
2019-09-12,76161.267441,59293.995294,1068.441072,17935.713218,11,185.442627,59.954449,0.270039,14.22,16.296111,5.369523
2019-09-13,75745.034565,58633.863679,824.542333,17935.713218,11,184.780441,58.186794,0.270051,13.74,16.294943,5.368574
2019-09-16,75299.724491,57761.018261,397.006989,17935.713218,11,183.955093,55.971727,0.26982,14.67,16.294201,5.36746
2019-09-17,76122.000951,58587.461499,401.173767,17935.713218,11,184.838043,57.821577,0.26985,14.44,16.293355,5.36638
2019-09-18,76108.31549,58463.845981,291.24371,17935.713218,11,184.761261,57.594956,0.269268,13.95,16.292286,5.365389
2019-09-19,76440.282785,58729.107524,224.537958,17935.713218,11,185.068359,58.298932,0.269102,14.05,16.291263,5.364379
2019-09-20,74699.167487,56840.26893,164.060852,18022.959409,11,183.11058,52.334134,0.269416,15.32,16.29082,5.363196
2019-09-23,74746.989999,56832.86237,649.532651,18563.66028,11,183.191315,52.549736,0.269102,14.91,16.290191,5.362054
2019-09-24,72670.088085,54511.945575,405.517769,18563.66028,11,180.758392,45.823279,0.269508,17.049999,16.290537,5.360857
2019-09-25,74467.795567,56432.676721,528.541434,18563.66028,11,182.787445,51.409487,0.269814,15.96,16.290387,5.359641
2019-09-26,73896.985153,55768.580151,435.255278,18563.66028,11,182.114319,49.582965,0.26985,16.07,16.290287,5.358423
2019-09-27,71920.252642,53623.114755,346.870823,18644.00871,11,179.854492,43.938878,0.270275,17.219999,16.290709,5.357241
2019-09-30,73460.257333,55174.305581,358.056959,18644.00871,11,181.566162,48.701995,0.270324,16.24,16.290686,5.356023
2019-10-01,72155.935626,53756.029305,244.102389,18644.00871,11,180.085281,45.129476,0.270507,18.559999,16.291717,5.355024
2019-10-02,69399.223366,50869.349487,114.134831,18644.00871,11,176.988831,38.731775,0.271301,20.559999,16.293656,5.35458
2019-10-03,71164.605424,52674.18271,153.585996,18644.00871,11,178.93132,44.086752,0.271604,19.120001,16.294939,5.353703
2019-10-04,73570.43441,55164.867883,320.309828,18725.876355,11,181.566162,50.417193,0.272164,17.040001,16.295277,5.352511
2019-10-07,73056.680466,54526.495567,195.691457,18725.876355,11,181.018051,49.170043,0.271177,17.860001,16.295986,5.3514
2019-10-08,70589.836373,51955.773345,91.813327,18725.876355,11,178.306229,43.444089,0.271383,20.280001,16.297792,5.350859
2019-10-09,72183.406329,53575.017969,201.505817,18809.894177,11,180.046814,47.65738,0.271519,18.639999,16.298854,5.349878
2019-10-10,73452.30899,51196.646703,138.199629,22393.861915,10,181.441193,50.818325,0.271645,17.57,16.299429,5.348735
2019-10-11,75233.070948,53023.296087,184.087055,22393.861915,10,183.777924,55.651706,0.266544,15.58,16.299104,5.347545
2019-10-14,75215.555612,52927.376136,105.682439,22393.861915,10,183.758728,55.603364,0.266088,14.57,16.298321,5.346461
2019-10-15,77166.483352,54924.295009,151.673572,22393.861915,10,186.09552,60.142387,0.264509,13.54,16.297074,5.345573
2019-10-16,76761.559442,54477.054622,109.357096,22393.861915,10,185.633896,58.862118,0.264095,13.68,16.295891,5.344654
2019-10-17,77112.844325,54815.887347,96.904937,22393.861915,10,186.124359,59.840286,0.261917,13.79,16.294758,5.343711
2019-10-18,75555.30155,53210.508168,49.068533,22393.861915,10,184.335693,54.729359,0.262194,14.25,16.293835,5.34268
2019-10-21,76914.711844,54559.381186,109.153253,22464.483911,10,185.970459,58.239934,0.260815,14,16.292799,5.341696
2019-10-22,75616.413533,53223.512562,71.582939,22464.483911,10,184.489532,54.14381,0.261008,14.46,16.291972,5.340632
2019-10-23,75915.644247,53518.770833,612.93732,23009.810734,10,184.845352,54.963404,0.260953,14.01,16.290943,5.339647
2019-10-24,77365.214386,50540.3576,663.773898,27488.630685,9,186.6436,58.955997,0.261141,13.71,16.289779,5.338724
2019-10-25,78316.644448,51552.990573,724.976809,27488.630685,9,188.134171,61.965884,0.254988,12.65,16.288139,5.338079
2019-10-28,79665.593605,52946.598951,837.03135,27556.026004,9,189.990097,65.371012,0.252055,13.11,16.286707,5.337303
2019-10-29,78625.406735,46807.59145,548.332529,32366.147813,8,188.518799,60.729252,0.250207,13.2,16.285317,5.336502
2019-10-30,79215.69735,47434.010502,584.460965,32366.147813,8,189.432388,62.509395,0.248914,12.33,16.283537,5.335961
2019-10-31,79289.530946,47467.02805,543.644917,32366.147813,8,189.518936,62.681977,0.248207,13.22,16.282159,5.335156
2019-11-01,80393.488982,42749.490131,607.306561,38251.305412,7,191.24025,66.031174,0.246926,12.3,16.280369,5.334624
2019-11-04,81133.088601,16410.782399,257.694884,64980.001086,3,192.42305,68.146674,0.246561,12.83,16.278818,5.333926
2019-11-05,81163.336453,16423.485972,240.150606,64980.001086,3,192.528824,68.336581,0.245775,13.1,16.27739,5.333153
2019-11-06,81079.325216,16302.240017,202.915886,64980.001086,3,192.0961,66.587551,0.245771,12.62,16.275748,5.332518
2019-11-07,81237.889749,16466.809319,208.920655,64980.001086,3,192.740387,67.904711,0.245653,12.73,16.274156,5.33185
2019-11-08,81401.736782,16634.894206,213.15851,64980.001086,3,193.509674,69.453137,0.242978,12.07,16.27227,5.331397
2019-11-11,81385.025121,16546.422131,141.398096,64980.001086,3,193.250031,68.256217,0.242844,12.69,16.270664,5.33074
2019-11-12,81521.829571,11011.036839,87.397931,70598.190662,2,193.80777,69.473223,0.241932,12.68,16.269054,5.330087
2019-11-13,81514.479973,10988.883602,72.594291,70598.190662,2,193.85585,69.581489,0.238956,13,16.26759,5.329342
2019-11-14,81497.5384,10958.041539,58.693801,70598.190662,2,193.702011,68.741421,0.238964,13.05,16.266149,5.328583
2019-11-15,81731.480555,11204.718386,71.428493,70598.190662,2,195.125214,72.097613,0.238874,12.05,16.264261,5.328136
2019-11-18,81776.141948,11213.420401,35.469116,70598.190662,2,195.279099,72.442151,0.238046,12.46,16.262559,5.327551
2019-11-19,81830.628343,11260.340082,27.902401,70598.190662,2,195.567566,73.112395,0.237991,12.86,16.261038,5.326845
2019-11-20,81605.642704,11019.527064,12.075023,70598.190662,2,194.394409,66.074166,0.234626,12.78,16.259481,5.326163
2019-11-21,81520.271459,10929.788512,7.707716,70598.190662,2,193.961685,63.640584,0.233542,13.13,16.258083,5.325383
2019-11-22,81539.078881,10947.022032,61.27713,70653.333979,2,194.08667,64.052411,0.233407,12.34,16.256333,5.324837
2019-11-25,81927.646771,11346.035819,71.723027,70653.333979,2,196.384918,70.638169,0.233556,11.87,16.254375,5.324454
2019-11-26,81982.15823,11397.260862,68.436611,70653.333979,2,196.759979,71.554064,0.232074,11.54,16.252271,5.324197
2019-11-27,82213.841357,4931.759904,4.420695,77286.502148,1,198.135162,74.673533,0.232169,11.75,16.250263,5.323858
2019-11-29,82119.569432,4833.695145,0.627861,77286.502148,1,197.231216,69.294252,0.229291,12.62,16.248645,5.323223
2019-12-02,81948.903556,4662.40145,0.000042,77286.502148,1,195.211777,59.058634,0.229626,14.91,16.248048,5.322111
2019-12-03,81822.182015,4535.679866,0,77286.502148,1,193.68277,52.710094,0.229728,15.96,16.24792,5.320929
2019-12-04,81894.86229,4608.360141,48.381372,77334.88352,1,194.66362,55.979181,0.228916,14.8,16.247275,5.319831
2019-12-05,81895.780413,4604.810848,43.913955,77334.88352,1,195.04834,57.228125,0.223846,14.52,16.246506,5.318771
2019-12-06,82052.474797,4777.218289,59.627013,77334.88352,1,197.135025,63.308704,0.224032,13.62,16.245338,5.317876
2019-12-09,81970.188723,4672.487161,37.181957,77334.88352,1,196.240723,59.410522,0.22026,15.86,16.245167,5.3167
2019-12-10,81957.263373,4654.957803,32.577949,77334.88352,1,196.07724,58.698978,0.219975,15.68,16.244916,5.315531
2019-12-11,82038.067076,4739.988245,36.804689,77334.88352,1,197.115784,61.826748,0.220019,14.99,16.244358,5.314415
2019-12-12,82150.928478,4861.387049,45.342091,77334.88352,1,198.587097,65.780528,0.219957,13.94,16.243335,5.313457
2019-12-13,82202.397146,4914.76025,47.246624,77334.88352,1,199.240997,67.396764,0.219974,12.63,16.241731,5.312822
2019-12-16,82350.895094,5067.931289,51.919715,77334.88352,1,201.241257,71.786585,0.218068,12.14,16.239911,5.312346
2019-12-17,82353.28574,5064.725414,46.323195,77334.88352,1,201.356613,72.020558,0.216144,12.29,16.23816,5.311818
2019-12-18,82367.661062,5075.426958,42.649416,77334.88352,1,201.510498,72.349973,0.216057,12.58,16.236538,5.311199
2019-12-19,82455.759136,5169.913763,49.038147,77334.88352,1,202.770218,74.949987,0.213857,12.5,16.234883,5.310604
2019-12-20,82517.260994,5234.428878,52.051404,77334.88352,1,203.587631,76.494535,0.213025,12.51,16.233233,5.310006
2019-12-23,82554.164479,5255.659371,36.378412,77334.88352,1,204.125336,77.478278,0.209326,12.61,16.231629,5.309377
2019-12-24,82555.180704,5250.121582,29.824399,77334.88352,1,204.231384,77.676712,0.206865,12.67,16.230053,5.308731
2019-12-26,82652.508145,5345.407878,27.783252,77334.88352,1,206.033508,80.776378,0.194479,12.65,16.22847,5.30809
2019-12-27,82642.985569,5327.961076,19.859027,77334.88352,1,205.860031,79.630136,0.194474,13.43,16.227233,5.307242
2019-12-30,82535.535669,5202.676619,2.02447,77334.88352,1,204.51088,71.171481,0.194694,14.82,16.226611,5.306152
2019-12-31,82568.392043,5234.365685,0.857163,77334.88352,1,204.896347,72.083892,0.194509,13.78,16.22553,5.305228
2020-01-02,82876.943331,5542.351432,0.291621,77334.88352,1,208.317535,78.567478,0.195342,12.47,16.223872,5.304643
2020-01-03,82684.828621,5349.945101,22.222917,77357.106437,1,206.409393,68.948991,0.191281,14.02,16.222899,5.303674
2020-01-06,82776.730338,5438.721212,19.097312,77357.106437,1,207.739319,71.562129,0.185074,13.85,16.221853,5.302738
2020-01-07,82772.779195,5432.559203,16.886446,77357.106437,1,207.710434,71.421543,0.184646,13.79,16.22078,5.301814
2020-01-08,82908.537742,5573.566933,22.135629,77357.106437,1,209.271637,74.354133,0.184563,13.45,16.219559,5.300965
2020-01-09,83062.059796,5735.362087,30.408728,77357.106437,1,211.044861,77.214138,0.184581,12.54,16.217938,5.300359
2020-01-10,83016.834272,5683.940169,24.212334,77357.106437,1,210.505157,74.491243,0.184628,12.56,16.216328,5.299747
2020-01-13,83230.140227,5904.914954,31.881164,77357.106437,1,212.933731,78.214203,0.18494,12.32,16.214613,5.299211
2020-01-14,83158.613587,5824.227621,22.720471,77357.106437,1,212.095291,74.188506,0.184642,12.39,16.21293,5.298652
2020-01-15,83163.38205,5825.965693,19.69008,77357.106437,1,212.182083,74.335763,0.183364,12.42,16.211262,5.298083
2020-01-16,83341.751966,6014.727115,30.081586,77357.106437,1,214.2155,77.565134,0.183626,12.32,16.209552,5.297546
2020-01-17,83434.047186,6111.899667,34.958918,77357.106437,1,215.275604,79.045515,0.183508,12.1,16.207746,5.297082
2020-01-21,83434.452436,6095.19227,17.846272,77357.106437,1,215.179276,78.53838,0.183227,12.85,16.206271,5.296386
2020-01-22,83481.501191,6141.109594,16.71484,77357.106437,1,215.747818,79.379276,0.181401,12.91,16.204824,5.295673
2020-01-23,83544.960961,6204.856201,17.001677,77357.106437,1,216.441681,80.38916,0.181415,12.98,16.203409,5.294942
2020-01-24,83383.543045,6032.695156,6.258548,77357.106437,1,214.62027,70.612943,0.181687,14.56,16.202689,5.293892
2020-01-27,82976.526886,5619.497167,0.076718,77357.106437,1,210.187149,53.545078,0.183166,18.23,16.203577,5.292901
2020-01-28,83274.952643,5918.139592,0.293386,77357.106437,1,213.415649,60.948157,0.183214,16.280001,16.203611,5.291741
2020-01-29,83304.357445,5947.35395,0.102942,77357.106437,1,213.762573,61.655295,0.182757,16.389999,16.203693,5.290583
2020-01-30,83366.892652,6009.812898,0.026684,77357.106437,1,214.523941,63.228964,0.18051,15.49,16.20338,5.289445
2020-01-31,83048.462215,5691.355779,0.000002,77357.106437,1,211.121948,52.801517,0.180932,18.84,16.204534,5.288575
2020-02-03,83343.676014,5986.569577,16.473491,77373.579929,1,214.311905,59.539491,0.181585,17.969999,16.205306,5.287546
2020-02-04,83781.199112,6451.979268,44.360085,77373.579929,1,219.217224,67.275853,0.182916,16.049999,16.205238,5.28639
2020-02-05,83844.692932,6518.412769,47.299766,77373.579929,1,219.940002,68.239495,0.182704,15.15,16.204777,5.285281
2020-02-06,84007.929468,6698.064455,63.714916,77373.579929,1,221.838516,70.681684,0.182851,14.96,16.204233,5.28419
2020-02-07,83928.561433,6603.483985,48.50248,77373.579929,1,220.884445,67.857822,0.18211,15.47,16.203913,5.283057
2020-02-10,84162.14951,6854.986878,66.417297,77373.579929,1,223.55394,71.311469,0.182564,15.04,16.203405,5.28196
2020-02-11,84168.698965,6857.044877,61.925841,77373.579929,1,223.592529,71.359377,0.182549,15.18,16.202958,5.28085
2020-02-12,84349.347195,7063.692935,87.925669,77373.579929,1,225.770523,73.998569,0.182119,13.74,16.201884,5.279949
2020-02-13,84330.825483,7034.336079,77.090525,77373.579929,1,225.4814,73.036427,0.182144,14.15,16.20099,5.278971
2020-02-14,84387.271614,7094.946207,81.254522,77373.579929,1,226.12706,73.854,0.182154,13.68,16.199891,5.278083
2020-02-18,84413.646636,7096.92732,56.860612,77373.579929,1,226.213821,73.968225,0.182123,14.83,16.199294,5.27701
2020-02-19,84593.619932,7305.29641,85.256407,77373.579929,1,228.382202,76.707101,0.182391,14.38,16.198502,5.275997
2020-02-20,84427.974725,7099.939708,45.544911,77373.579929,1,226.261993,69.056416,0.182828,15.56,16.198225,5.274865
2020-02-21,84047.980791,6685.003711,10.602849,77373.579929,1,221.915649,56.594869,0.184409,17.08,16.198608,5.27375
2020-02-24,83264.308466,5890.799785,0.071248,77373.579929,1,213.357803,40.932401,0.190561,25.030001,16.202448,5.275817
2020-02-25,82739.719959,8725.474419,24.943765,74039.189304,2,207.556183,34.052244,0.193595,27.85,16.20751,5.280256
2020-02-26,82905.720106,8895.232073,28.701271,74039.189304,2,208.625916,36.182261,0.193662,27.559999,16.212441,5.284409
2020-02-27,81441.472267,14020.786447,60.219602,67480.905423,4,198.179199,27.008099,0.203563,39.16,16.222406,5.304856
2020-02-28,81479.548817,20692.159928,116.144579,60903.533468,6,198.333389,27.301094,0.203531,40.110001,16.232773,5.327001
2020-03-02,85884.809487,25661.158612,679.882593,60903.533468,6,208.568115,43.510219,0.211932,33.419998,16.24023,5.337863
2020-03-03,83526.993732,22841.321363,217.861098,60903.533468,6,201.879883,37.608982,0.215706,36.82,16.249154,5.353885
2020-03-04,86934.937745,26905.30182,920.348918,60949.984843,6,210.30278,47.30241,0.221012,31.99,16.255977,5.362747
2020-03-05,84790.577434,24165.888883,325.296292,60949.984843,6,203.913345,41.974831,0.224141,39.619999,16.266101,5.383596
2020-03-06,83468.102549,22672.799631,154.681925,60949.984843,6,200.472916,39.401507,0.224607,41.939999,16.27722,5.408883
2020-03-09,78823.838204,25002.657266,119.078831,53940.259769,8,186.547134,31.092447,0.240984,54.459999,16.293749,5.465755
2020-03-10,84395.272507,31028.386662,573.373924,53940.259769,8,196.704727,40.884937,0.247931,47.299999,16.307166,5.502504
2020-03-11,80531.791521,26755.893365,164.361613,53940.259769,8,188.137238,36.2107,0.253718,53.900002,16.323426,5.556591
2020-03-12,74100.574591,27566.676151,181.187348,46715.085788,10,170.886688,29.017244,0.278813,75.470001,16.348997,5.689887
2020-03-13,83718.955663,38196.527305,1192.65743,46715.085788,10,185.36174,39.820426,0.295367,57.830002,16.366923,5.753643
2020-03-16,74433.965574,35806.854883,380.070017,39007.180708,12,163.157669,31.820249,0.332706,82.690002,16.395572,5.915252
2020-03-17,83595.572124,46155.229267,1566.837852,39007.180708,12,175.53183,39.156523,0.344119,75.910004,16.421269,6.041891
2020-03-18,80374.387133,42257.056653,889.850229,39007.180708,12,170.19281,37.292006,0.346099,76.449997,16.447177,6.167974
2020-03-19,81051.277647,42996.037544,951.940605,39007.180708,12,171.214386,37.901316,0.346142,72,16.471143,6.273663
2020-03-20,76912.811121,38318.955228,413.324815,39007.180708,12,164.506851,35.464691,0.348933,66.040001,16.492518,6.356211
2020-03-23,76871.016907,38202.608931,338.772732,39007.180708,12,164.625687,35.543753,0.347929,61.59,16.511957,6.423443
2020-03-24,86414.510708,48966.982824,1559.652824,39007.180708,12,177.373856,43.535338,0.359294,61.669998,16.531413,6.490104
2020-03-25,85605.292454,47909.465615,1311.353869,39007.180708,12,176.060425,42.944566,0.359368,63.950001,16.551835,6.5629
2020-03-26,91869.231423,55871.070412,3214.409611,39212.570622,12,185.331863,48.279907,0.364494,61,16.570969,6.625977
2020-03-27,88373.549734,50925.825992,1764.84688,39212.570622,12,178.957733,45.153705,0.366943,65.540001,16.59204,6.701977
2020-03-30,92647.784441,56349.321841,3775.473261,40073.935861,12,185.467041,48.799744,0.369311,57.080002,16.609454,6.752943
2020-03-31,91929.176633,54991.703058,3136.462286,40073.935861,12,183.883148,47.964205,0.369138,53.540001,16.625331,6.794776
2020-04-01,87871.617234,49086.256987,1288.575614,40073.935861,12,176.070084,43.965311,0.372805,57.060001,16.642707,6.844833
2020-04-02,90170.122507,51951.872665,1855.686019,40073.935861,12,179.643448,46.175567,0.373521,50.91,16.657427,6.880117
2020-04-03,88733.45081,49934.603926,1483.664732,40282.511617,12,177.093811,44.817203,0.373919,46.799999,16.670369,6.906937
2020-04-06,96352.559015,61114.326737,5044.27934,40282.511617,12,189.755066,52.318509,0.382939,45.240002,16.682631,6.930773
2020-04-07,96468.516868,61010.16252,4824.15727,40282.511617,12,189.677795,52.271808,0.38293,46.700001,16.695508,6.957122
2020-04-08,98101.335381,64485.418064,7164.755494,40780.672811,12,193.705109,54.548986,0.38371,43.349998,16.706938,6.977495
2020-04-09,98330.895785,64683.393464,7133.170491,40780.672811,12,193.985229,54.710842,0.383665,41.669998,16.717638,6.995117
2020-04-13,99273.568446,66362.234107,6743.747984,39655.082322,12,196.080917,55.974014,0.383854,41.169998,16.728115,7.011909
2020-04-14,102202.487769,74214.39322,11666.987773,39655.082322,12,204.608688,60.769035,0.387149,37.759998,16.737122,7.023905
2020-04-15,101820.667599,72100.941003,5831.25251,35550.979106,12,202.261826,58.868816,0.38742,40.84,16.74744,7.040086
2020-04-16,103453.402152,75433.658615,7531.235568,35550.979106,12,205.951019,60.936666,0.387978,40.110001,16.757437,7.05515
2020-04-17,104288.277635,77197.202738,8459.904208,35550.979106,12,207.92128,62.034444,0.388111,38.150002,16.766587,7.067502
2020-04-20,104153.128027,74875.199667,6273.050746,35550.979106,12,205.458557,59.773297,0.3884,43.830002,16.778157,7.088114
2020-04-21,101143.611292,68373.692891,2781.060704,35550.979106,12,197.877213,53.329009,0.391076,45.41,16.790393,7.111273
2020-04-22,104327.768702,73666.708409,4889.918812,35550.979106,12,203.74913,57.179677,0.392334,41.98,16.801153,7.12879
2020-04-23,104412.009266,73236.598879,4375.568719,35550.979106,12,203.314529,56.8061,0.392322,41.380001,16.811648,7.14534
2020-04-24,105934.706819,76125.038234,5741.310521,35550.979106,12,206.520889,58.937614,0.392723,35.93,16.819808,7.154725
2020-04-27,107235.967027,77525.34536,5704.38098,35415.002647,12,208.182022,60.037864,0.392826,33.290001,16.826834,7.161282
2020-04-28,106245.847084,74009.929878,3179.085442,35415.002647,12,204.261002,56.20931,0.393521,33.57,16.833974,7.168098
2020-04-29,108681.988002,80770.332609,5642.204218,33553.859612,12,211.504272,61.139244,0.395553,31.23,16.840111,7.17273
2020-04-30,108815.409941,80647.461878,5385.911548,33553.859612,12,211.417389,61.05046,0.395528,34.150002,16.847486,7.180097
2020-05-01,105914.601118,75329.739652,2968.998146,33553.859612,12,205.458557,55.136687,0.397035,37.189999,16.85615,7.190833
2020-05-04,107757.904231,77356.526747,2149.184877,32550.562361,12,207.853638,56.942083,0.396832,35.970001,16.864287,7.20011
2020-05-05,109481.157632,79481.88906,2551.29379,32550.562361,12,210.210129,58.702965,0.396961,33.610001,16.871413,7.206861
2020-05-06,110455.718108,80560.533433,2655.377685,32550.562361,12,211.504272,59.67822,0.396265,34.119999,16.878749,7.214103
2020-05-07,112315.925533,83067.220606,3301.857434,32550.562361,12,214.227768,61.726666,0.396512,31.440001,16.88494,7.218816
2020-05-08,114001.790989,85794.699417,4109.489864,32316.581436,12,217.163712,63.858238,0.396743,27.98,16.889656,7.220904
2020-05-11,115829.172371,87514.03345,4001.442515,32316.581436,12,219.104889,65.236798,0.396862,27.57,16.894193,7.222725
2020-05-12,113330.982552,83017.696138,2003.295022,32316.581436,12,214.517487,59.464359,0.395357,33.040001,16.901049,7.228851
2020-05-13,111634.474525,80502.319594,1769.042856,32901.197786,12,211.832611,56.323158,0.395503,35.279999,16.90885,7.237228
2020-05-14,113528.480633,82678.493528,2051.210681,32901.197786,12,214.237411,58.440769,0.395384,32.610001,16.915511,7.242916
2020-05-15,114663.827238,83925.57299,2763.92227,33502.176518,12,215.628159,59.658906,0.395288,31.889999,16.921862,7.247943
2020-05-18,117847.191299,87618.964021,3273.949239,33502.176518,12,219.645752,63.03007,0.39563,29.299999,16.927109,7.250886
2020-05-19,117612.681073,87001.042381,2890.537826,33502.176518,12,219.095245,62.262287,0.395062,30.530001,16.932873,7.254755
2020-05-20,120630.065287,91173.61126,4045.722491,33502.176518,12,223.470184,65.825094,0.395546,27.99,16.937556,7.256786
2020-05-21,119335.104265,88829.213493,2996.285746,33502.176518,12,221.036469,62.301409,0.395752,29.530001,16.942887,7.259874
2020-05-22,120006.64959,89467.820102,2963.347029,33502.176518,12,221.799377,62.970584,0.39527,28.16,16.947634,7.262004
2020-05-26,120448.562211,88736.424174,1790.038481,33502.176518,12,221.200607,62.039782,0.395291,28.01,16.952314,7.264032
2020-05-27,121543.687581,89846.469398,2104.511396,33801.729579,12,222.407837,63.22022,0.395284,27.620001,16.956825,7.265807
2020-05-28,121481.21583,89514.349202,1834.862952,33801.729579,12,222.118103,62.716153,0.395135,28.59,16.961741,7.268207
2020-05-29,124097.427512,92626.838061,3566.576817,35037.166268,12,225.372772,65.996004,0.395448,27.51,16.966198,7.269904
2020-06-01,125133.400311,93105.131018,3008.896975,35037.166268,12,226.048813,66.652226,0.394909,28.23,16.970954,7.272053
2020-06-02,126309.144873,94440.762444,3168.783839,35037.166268,12,227.565094,68.137454,0.393948,26.84,16.97512,7.273345
2020-06-03,127230.665997,95274.434996,3399.072141,35355.303142,12,228.588837,69.136904,0.392677,25.66,16.978785,7.273997
2020-06-04,126346.568538,93681.096085,2689.830689,35355.303142,12,226.985626,65.663242,0.392732,25.809999,16.982509,7.274724
2020-06-05,129622.781808,89886.411751,3455.059934,43191.429991,11,231.48613,70.190974,0.393274,24.52,16.985687,7.274836
2020-06-08,131343.996257,91341.343116,3806.46613,43809.119271,11,233.28244,71.789909,0.392761,25.809999,16.989406,7.275558
2020-06-09,132479.052496,92816.11598,4146.182755,43809.119271,11,234.97258,73.244123,0.392629,27.57,16.993863,7.277265
2020-06-10,134098.465786,95354.36191,5065.015395,43809.119271,11,237.792648,75.512379,0.392841,27.57,16.998316,7.278968
2020-06-11,127832.064076,85196.877696,1173.932891,43809.119271,11,226.010147,54.661759,0.397686,40.790001,17.008329,7.293785
2020-06-12,129328.63775,86748.38726,1849.981334,44430.231823,11,227.806549,56.628105,0.397729,36.09,17.016357,7.302746
2020-06-15,131697.997256,89112.510368,2476.103696,45061.590584,11,230.578308,59.543642,0.397899,34.400002,17.023667,7.309907
2020-06-16,134474.18252,92661.035519,3248.443582,45061.590584,11,234.537964,63.335426,0.398315,33.669998,17.030664,7.316334
2020-06-17,135096.353859,93266.803319,3232.040043,45061.590584,11,235.281616,64.017521,0.398001,33.470001,17.037571,7.322554
2020-06-18,135681.183363,74694.39364,2332.527559,63319.317282,9,235.919022,64.624992,0.397993,32.939999,17.04425,7.328265
2020-06-19,135814.637511,74625.830272,2130.510043,63319.317282,9,235.880371,64.553825,0.397874,35.119999,17.051839,7.336081
2020-06-22,137849.594662,59320.636189,1654.072325,80183.030799,7,238.709229,67.384827,0.398075,31.77,17.058015,7.340735
2020-06-23,138825.694409,60464.373351,1821.709741,80183.030799,7,240.740906,69.282351,0.398171,31.370001,17.064018,7.345046
2020-06-24,136949.927845,57624.326081,857.429035,80183.030799,7,235.777802,60.085842,0.398429,33.84,17.071052,7.351536
2020-06-25,138139.944009,58880.792808,923.879598,80183.030799,7,238.022324,62.509529,0.398533,32.220001,17.077402,7.356534
2020-06-26,135511.068097,55741.316398,735.077605,80504.829305,7,232.401382,53.713219,0.399651,34.73,17.084797,7.363862
2020-06-29,136873.372024,57103.707102,2098.832459,81868.497381,7,234.936127,56.674041,0.399824,31.780001,17.090951,7.368458
2020-06-30,138801.740416,59715.92003,2782.676995,81868.497381,7,239.541214,61.493297,0.400157,30.43,17.096534,7.371968
2020-07-01,139950.301363,61306.34747,3224.543488,81868.497381,7,242.337173,64.103989,0.400341,28.620001,17.101356,7.374194
2020-07-02,140648.6592,62230.008938,3449.847119,81868.497381,7,243.981873,65.582221,0.400325,27.68,17.10578,7.375824
2020-07-06,143188.420889,30868.615355,1612.040322,113931.845856,3,249.980042,70.3739,0.40127,27.940001,17.110309,7.377608
2020-07-07,143030.549576,30411.288189,1312.584469,113931.845856,3,248.257935,67.469615,0.401266,29.43,17.115458,7.380364
2020-07-08,143575.247771,31257.99149,1614.589575,113931.845856,3,251.527924,70.001253,0.401493,28.08,17.120038,7.382224
2020-07-09,143931.722593,31802.23604,1802.359304,113931.845856,3,253.646606,71.546346,0.40145,29.26,17.125106,7.384849
2020-07-10,144228.389119,23682.296059,1109.910772,121656.003832,2,255.378418,72.78045,0.401498,27.290001,17.129349,7.386227
2020-07-13,144082.190613,22718.015763,291.828982,121656.003832,2,250.125122,63.748168,0.402333,32.189999,17.135632,7.39109
2020-07-14,144442.367524,0,0,144442.367524,0,251.895615,65.310688,0.402387,29.52,17.140796,7.393874
2020-07-15,144442.367524,0,0,144442.367524,0,252.408279,65.77075,0.402316,27.76,17.145223,7.395511
2020-07-16,144442.367524,0,0,144442.367524,0,250.68631,62.75996,0.402364,28,17.149746,7.397289
2020-07-17,144442.367524,0,0,144442.367524,0,250.976547,63.066846,0.402364,25.68,17.153299,7.397796
2020-07-20,144442.367524,0,0,144442.367524,0,258.097015,69.670342,0.403508,24.459999,17.156341,7.397758
2020-07-21,144442.367524,0,0,144442.367524,0,255.407394,64.94665,0.403679,24.84,17.159538,7.397878
2020-07-22,144442.367524,0,0,144442.367524,0,256.307159,65.782456,0.403639,24.32,17.162517,7.397781
2020-07-23,144442.367524,0,0,144442.367524,0,249.612411,55.230267,0.404949,26.08,17.166225,7.398477
2020-07-24,144442.367524,0,0,144442.367524,0,247.242142,52.046977,0.404949,25.84,17.16983,7.399052
2020-07-27,144442.367524,0,0,144442.367524,0,251.653702,57.013068,0.405289,24.74,17.172975,7.399123
2020-07-28,144442.367524,0,0,144442.367524,0,248.451416,52.74317,0.405599,25.440001,17.176408,7.399504
2020-07-29,144442.367524,0,0,144442.367524,0,251.315125,55.922349,0.405734,24.1,17.179282,7.399312
2020-07-30,144442.367524,0,0,144442.367524,0,252.630829,57.342263,0.405353,24.76,17.182427,7.399388
2020-07-31,144442.367524,0,0,144442.367524,0,257.139191,61.874425,0.40576,24.459999,17.185446,7.399337
2020-08-03,144442.367524,0,0,144442.367524,0,260.612274,64.962722,0.405546,24.280001,17.188387,7.399213
2020-08-04,144442.367524,0,0,144442.367524,0,261.579803,65.793985,0.403037,23.76,17.191111,7.398888
2020-08-05,144442.367524,0,0,144442.367524,0,262.227936,66.369591,0.402767,22.99,17.193513,7.398296
2020-08-06,144442.367524,0,0,144442.367524,0,265.701111,69.346403,0.402981,22.65,17.195772,7.397597
2020-08-07,144442.367524,0,0,144442.367524,0,262.634338,63.962648,0.402575,22.209999,17.197848,7.396769
2020-08-10,144442.367524,0,0,144442.367524,0,261.512115,62.063835,0.40242,22.129999,17.199888,7.395918
2020-08-11,144442.367524,0,0,144442.367524,0,256.558746,54.388938,0.402878,24.030001,17.202713,7.395693
2020-08-12,144442.367524,0,0,144442.367524,0,263.011597,61.132061,0.403125,22.280001,17.204812,7.394884
2020-08-13,144442.367524,0,0,144442.367524,0,263.61142,61.698898,0.401298,22.129999,17.206847,7.394033
2020-08-14,144442.367524,0,0,144442.367524,0,263.30188,61.202858,0.401298,22.049999,17.208848,7.39316
2020-08-17,144442.367524,0,0,144442.367524,0,266.358917,64.259008,0.401107,21.35,17.210557,7.392112
2020-08-18,144442.367524,0,0,144442.367524,0,268.922729,66.632914,0.400859,21.51,17.212332,7.391102
2020-08-19,144442.367524,0,0,144442.367524,0,267.113617,63.431331,0.400826,22.540001,17.21453,7.390369
2020-08-20,144442.367524,0,0,144442.367524,0,270.819,66.935537,0.400999,22.719999,17.2168,7.38969
2020-08-21,144442.367524,0,0,144442.367524,0,272.695831,68.577984,0.401007,22.540001,17.218994,7.388957
2020-08-24,144442.367524,0,0,144442.367524,0,274.398529,70.032368,0.39897,22.370001,17.221117,7.388174
2020-08-25,144442.367524,0,0,144442.367524,0,276.555969,71.812637,0.39872,22.030001,17.223097,7.387296
2020-08-26,144442.367524,0,0,144442.367524,0,282.457489,76.010795,0.399368,23.27,17.225587,7.386794
2020-08-27,144442.367524,0,0,144442.367524,0,281.577026,74.234393,0.399407,24.469999,17.228568,7.386735
2020-08-28,144442.367524,0,0,144442.367524,0,283.008881,75.247505,0.399103,22.959999,17.230926,7.38613
2020-08-31,144442.367524,0,0,144442.367524,0,285.282349,76.806881,0.39914,26.41,17.2347,7.386956
2020-09-01,144442.367524,0,0,144442.367524,0,290.158325,79.752999,0.399306,26.120001,17.238352,7.387634
2020-09-02,144442.367524,0,0,144442.367524,0,292.905945,81.202043,0.399129,26.57,17.242186,7.388537
2020-09-03,144442.367524,0,0,144442.367524,0,278.055511,57.323006,0.403859,33.599998,17.248903,7.394453
2020-09-04,144442.367524,0,0,144442.367524,0,274.350098,53.125108,0.404251,30.75,17.254446,7.397994
2020-09-08,144442.367524,0,0,144442.367524,0,261.163818,41.482754,0.408808,31.459999,17.260275,7.40207
2020-09-09,144442.367524,0,0,144442.367524,0,268.835693,48.547712,0.410108,28.809999,17.265012,7.404247
2020-09-10,144442.367524,0,0,144442.367524,0,263.476044,44.50516,0.410821,29.709999,17.270115,7.407016
2020-09-11,144442.367524,0,0,144442.367524,0,261.647522,43.183992,0.410931,26.870001,17.274049,7.408048
2020-09-14,144442.367524,0,0,144442.367524,0,266.204193,47.376372,0.411329,25.85,17.277562,7.408563
2020-09-15,144442.367524,0,0,144442.367524,0,269.977295,50.62523,0.411545,25.59,17.280966,7.408955
2020-09-16,144442.367524,0,0,144442.367524,0,265.672028,47.055415,0.412067,26.040001,17.284552,7.409557
2020-09-17,144442.367524,0,0,144442.367524,0,261.521698,43.845655,0.412577,26.459999,17.288306,7.410365
2020-09-18,144442.367524,0,0,144442.367524,0,258.184021,41.399924,0.41293,25.83,17.2918,7.410863
2020-09-21,144442.367524,0,0,144442.367524,0,258.803192,42.045754,0.41268,27.780001,17.296087,7.412381
2020-09-22,144442.367524,0,0,144442.367524,0,263.61142,46.936502,0.413184,26.860001,17.299996,7.413388
2020-09-23,144442.367524,0,0,144442.367524,0,255.56221,40.738547,0.414639,28.58,17.304604,7.415378
2020-09-24,144442.367524,0,0,144442.367524,0,256.752197,41.958794,0.41449,28.51,17.309179,7.41732
2020-09-25,144442.367524,0,0,144442.367524,0,262.721375,47.76863,0.415256,26.379999,17.312882,7.41807
2020-09-28,144442.367524,0,0,144442.367524,0,268.177856,52.453808,0.415545,26.190001,17.316503,7.418723
2020-09-29,144442.367524,0,0,144442.367524,0,266.968567,51.354361,0.415501,26.27,17.320155,7.419413
2020-09-30,144442.367524,0,0,144442.367524,0,268.796936,52.959767,0.415384,26.370001,17.323844,7.42015
2020-10-01,144442.367524,0,0,144442.367524,0,273.063507,56.562298,0.415101,26.700001,17.327665,7.421051
2020-10-02,144442.367524,0,0,144442.367524,0,265.381805,49.249212,0.416535,27.629999,17.331862,7.422452
2020-10-05,144442.367524,0,0,144442.367524,0,271.041412,53.971121,0.416901,27.959999,17.336189,7.424038
2020-10-06,144442.367524,0,0,144442.367524,0,266.204193,49.713714,0.417528,29.48,17.341131,7.426569
2020-10-07,144442.367524,0,0,144442.367524,0,270.809326,53.476321,0.417465,28.059999,17.345492,7.428205
2020-10-08,144442.367524,0,0,144442.367524,0,272.250793,54.620891,0.417375,26.360001,17.349158,7.428918
2020-10-09,144442.367524,0,0,144442.367524,0,276.410828,57.844205,0.417628,25,17.352268,7.429009
2020-10-12,144442.367524,0,0,144442.367524,0,284.943787,63.561545,0.418839,25.07,17.355404,7.429128
2020-10-13,144442.367524,0,0,144442.367524,0,284.934113,63.551021,0.418838,26.07,17.358944,7.429694
2020-10-14,144442.367524,0,0,144442.367524,0,282.554138,60.880565,0.418807,26.4,17.362615,7.430419
2020-10-15,144442.367524,0,0,144442.367524,0,280.657959,58.761955,0.418899,26.969999,17.366514,7.431431
2020-10-16,144442.367524,0,0,144442.367524,0,279.119629,57.028088,0.418985,27.41,17.370588,7.432676
2020-10-19,144442.367524,0,0,144442.367524,0,274.563019,52.122181,0.419329,29.18,17.375377,7.434973
2020-10-20,144442.367524,0,0,144442.367524,0,275.153137,52.689813,0.419238,29.35,17.380231,7.437374
2020-10-21,144442.367524,0,0,144442.367524,0,274.940308,52.4483,0.41909,28.65,17.384797,7.439326
2020-10-22,144442.367524,0,0,144442.367524,0,274.930695,52.436608,0.419094,28.110001,17.389141,7.44095
2020-10-23,144442.367524,0,0,144442.367524,0,275.472412,53.07145,0.418981,27.549999,17.393255,7.442251
2020-10-26,144442.367524,0,0,144442.367524,0,271.341309,47.828699,0.419385,32.459999,17.399352,7.446916
2020-10-27,144442.367524,0,0,144442.367524,0,273.460083,50.528058,0.419333,33.349998,17.405805,7.452317
2020-10-28,144442.367524,0,0,144442.367524,0,262.798828,39.463525,0.422098,40.279999,17.415055,7.464994
2020-10-29,144442.367524,0,0,144442.367524,0,267.394196,45.049147,0.422515,37.59,17.423209,7.474499
2020-10-30,144442.367524,0,0,144442.367524,0,260.612274,39.287739,0.42376,38.02,17.431531,7.484447
2020-11-02,144442.367524,0,0,144442.367524,0,261.192871,39.995252,0.423658,37.130001,17.439487,7.493399
2020-11-03,144442.367524,0,0,144442.367524,0,265.710846,45.333883,0.424047,35.549999,17.446799,7.500718
2020-11-04,144442.367524,0,0,144442.367524,0,277.571808,56.320879,0.427086,29.57,17.451691,7.503157
2020-11-05,144442.367524,0,0,144442.367524,0,284.80838,61.416115,0.428055,27.58,17.455777,7.504401
2020-11-06,144442.367524,0,0,144442.367524,0,285.02121,61.558145,0.428051,24.860001,17.458762,7.50436
2020-11-09,144442.367524,0,0,144442.367524,0,279.197113,55.533782,0.428868,25.75,17.462104,7.504693
2020-11-10,144442.367524,0,0,144442.367524,0,274.195465,50.924613,0.429495,24.799999,17.46506,7.504626
2020-11-11,144442.367524,0,0,144442.367524,0,280.328918,55.772318,0.430212,23.450001,17.467471,7.504075
2020-11-12,144442.367524,0,0,144442.367524,0,279.013275,54.52806,0.430273,25.35,17.470644,7.504231
2020-11-13,144442.367524,0,0,144442.367524,0,281.460907,56.473586,0.430354,23.1,17.472909,7.50357
2020-11-16,144442.367524,0,0,144442.367524,0,283.657013,58.201592,0.430363,22.450001,17.474912,7.502724
2020-11-17,144442.367524,0,0,144442.367524,0,282.757355,57.199759,0.430398,22.709999,17.477016,7.50195
2020-11-18,144442.367524,0,0,144442.367524,0,280.667633,54.83851,0.430531,23.84,17.479574,7.501526
2020-11-19,144442.367524,0,0,144442.367524,0,282.863739,56.854253,0.430504,23.110001,17.481836,7.500867
2020-11-20,144442.367524,0,0,144442.367524,0,280.928802,54.544243,0.430598,23.700001,17.484333,7.500396
2020-11-23,144442.367524,0,0,144442.367524,0,280.938538,54.554247,0.4306,22.66,17.486411,7.499606
2020-11-24,144442.367524,0,0,144442.367524,0,284.885742,58.538883,0.430684,21.639999,17.488078,7.498563
2020-11-25,144442.367524,0,0,144442.367524,0,286.63681,60.205797,0.430719,21.25,17.489587,7.497436
2020-11-27,144442.367524,0,0,144442.367524,0,289.277954,62.645246,0.430768,20.84,17.49093,7.496233
2020-11-30,144442.367524,0,0,144442.367524,0,289.868103,63.188262,0.430706,20.57,17.492164,7.494983
2020-12-01,144442.367524,0,0,144442.367524,0,293.58316,66.490603,0.430679,20.77,17.493478,7.493768
2020-12-02,144442.367524,0,0,144442.367524,0,293.960419,66.816155,0.430528,21.17,17.49495,7.492628
2020-12-03,144442.367524,0,0,144442.367524,0,294.376465,67.194672,0.430508,21.280001,17.496465,7.491511
2020-12-04,144442.367524,0,0,144442.367524,0,295.576111,68.316904,0.430518,20.790001,17.497783,7.490301
2020-12-07,144442.367524,0,0,144442.367524,0,297.249725,69.865673,0.430409,21.299999,17.499304,7.489188
2020-12-08,144442.367524,0,0,144442.367524,0,298.255859,70.790103,0.43035,20.68,17.500576,7.48796
2020-12-09,144442.367524,0,0,144442.367524,0,291.503082,57.942522,0.431348,22.27,17.502482,7.48707
2020-12-10,144442.367524,0,0,144442.367524,0,292.673584,59.320674,0.431335,22.52,17.504487,7.486246
2020-12-11,144442.367524,0,0,144442.367524,0,292.025452,58.183749,0.431301,23.309999,17.506805,7.485649
2020-12-14,144442.367524,0,0,144442.367524,0,294.144257,60.82692,0.43135,24.719999,17.509685,7.485542
2020-12-15,144442.367524,0,0,144442.367524,0,297.288574,64.421048,0.431369,22.889999,17.511832,7.484819
2020-12-16,144442.367524,0,0,144442.367524,0,298.923431,66.159568,0.431393,22.5,17.513821,7.483989
2020-12-17,144442.367524,0,0,144442.367524,0,300.877716,68.162292,0.431433,21.93,17.515582,7.483016
2020-12-18,144442.367524,0,0,144442.367524,0,299.968323,66.198998,0.431432,21.57,17.517198,7.481961
2020-12-21,144442.367524,0,0,144442.367524,0,299.407196,64.955765,0.431441,25.16,17.520243,7.482026
2020-12-22,144442.367524,0,0,144442.367524,0,300.221283,65.954735,0.431441,24.23,17.522915,7.481733
2020-12-23,144442.367524,0,0,144442.367524,0,298.70932,62.397147,0.431512,23.309999,17.525219,7.481135
2020-12-24,144442.367524,0,0,144442.367524,0,300.027435,64.209626,0.431437,21.530001,17.526813,7.480072
2020-12-28,144442.367524,0,0,144442.367524,0,303.051361,68.01816,0.431549,21.700001,17.528473,7.479047
2020-12-29,144442.367524,0,0,144442.367524,0,303.322632,68.343599,0.431439,23.08,17.53068,7.478378
2020-12-30,144442.367524,0,0,144442.367524,0,303.332428,68.356122,0.431443,22.77,17.532762,7.477621
2020-12-31,144442.367524,0,0,144442.367524,0,304.078705,69.350794,0.431066,22.75,17.534835,7.476858
2021-01-04,144442.367524,0,0,144442.367524,0,299.785065,58.045775,0.431288,26.969999,17.538582,7.477737
2021-01-05,144442.367524,0,0,144442.367524,0,302.256561,61.896188,0.431323,25.34,17.541679,7.477868
2021-01-06,144442.367524,0,0,144442.367524,0,298.06958,53.018765,0.431717,25.07,17.544667,7.477887
2021-01-07,144442.367524,0,0,144442.367524,0,305.280548,62.890354,0.432498,22.370001,17.546581,7.477021
2021-01-08,144442.367524,0,0,144442.367524,0,309.20578,66.960021,0.43263,21.559999,17.548172,7.475965
2021-01-11,144442.367524,0,0,144442.367524,0,304.737823,59.025189,0.433033,24.08,17.550761,7.475614
2021-01-12,144442.367524,0,0,144442.367524,0,304.253204,58.219318,0.43288,23.33,17.553051,7.475017
2021-01-13,144442.367524,0,0,144442.367524,0,306.307861,60.671002,0.432879,22.209999,17.554895,7.474111
2021-01-14,144442.367524,0,0,144442.367524,0,304.669952,57.76122,0.432954,23.25,17.55715,7.47349
2021-01-15,144442.367524,0,0,144442.367524,0,302.256561,53.676292,0.43299,24.34,17.559834,7.473229
2021-01-19,144442.367524,0,0,144442.367524,0,306.666443,59.335406,0.433255,23.24,17.562081,7.472604
2021-01-20,144442.367524,0,0,144442.367524,0,313.799774,66.470806,0.434023,21.58,17.563669,7.471553
2021-01-21,144442.367524,0,0,144442.367524,0,316.31015,68.56152,0.43409,21.32,17.565154,7.470449
2021-01-22,144442.367524,0,0,144442.367524,0,315.399048,66.930319,0.434117,21.91,17.566871,7.469472
2021-01-25,144442.367524,0,0,144442.367524,0,318.006256,69.189345,0.434026,23.190001,17.569092,7.468832
2021-01-26,144442.367524,0,0,144442.367524,0,318.471497,69.588567,0.433184,23.02,17.571244,7.468142
2021-01-27,144442.367524,0,0,144442.367524,0,309.593475,54.955162,0.434356,37.209999,17.578994,7.476853
2021-01-28,144442.367524,0,0,144442.367524,0,311.425293,56.965968,0.434388,30.209999,17.583976,7.479586
2021-01-29,144442.367524,0,0,144442.367524,0,304.873444,48.608023,0.435238,33.09,17.590091,7.484447
2021-02-01,144442.367524,0,0,144442.367524,0,312.491425,56.584165,0.435626,30.24,17.595077,7.487185
2021-02-02,144442.367524,0,0,144442.367524,0,317.589447,60.951789,0.435681,25.559999,17.598215,7.487378
2021-02-03,144442.367524,0,0,144442.367524,0,316.329529,59.362387,0.43499,22.91,17.600307,7.486645
2021-02-04,144442.367524,0,0,144442.367524,0,320.070618,62.490144,0.43516,21.77,17.601949,7.485628
2021-02-05,144442.367524,0,0,144442.367524,0,321.156067,63.371042,0.435082,20.870001,17.603235,7.484435
2021-02-08,144442.367524,0,0,144442.367524,0,323.307739,65.119726,0.435071,21.24,17.604666,7.48331
2021-02-09,144442.367524,0,0,144442.367524,0,323.239929,65.014385,0.434892,21.629999,17.606249,7.482264
2021-02-10,144442.367524,0,0,144442.367524,0,322.503265,63.806812,0.434912,21.99,17.607972,7.481297
2021-02-11,144442.367524,0,0,144442.367524,0,324.276947,65.469818,0.434826,21.25,17.609403,7.480175
2021-02-12,144442.367524,0,0,144442.367524,0,326.089355,67.131733,0.434842,19.969999,17.61033,7.478852
2021-02-16,144442.367524,0,0,144442.367524,0,325.207489,65.480333,0.434868,21.459999,17.611841,7.477772
2021-02-17,144442.367524,0,0,144442.367524,0,323.646942,62.548108,0.434931,21.5,17.613367,7.476701
2021-02-18,144442.367524,0,0,144442.367524,0,322.231995,59.927739,0.434876,22.49,17.61528,7.475857
2021-02-19,144442.367524,0,0,144442.367524,0,320.826508,57.357295,0.43474,22.049999,17.61702,7.474907
2021-02-22,144442.367524,0,0,144442.367524,0,312.510773,45.046196,0.435292,23.450001,17.619306,7.474333
2021-02-23,144442.367524,0,0,144442.367524,0,311.580414,43.91063,0.432557,23.110001,17.621458,7.473658
2021-02-24,144442.367524,0,0,144442.367524,0,314.148743,47.821142,0.43121,21.34,17.622914,7.472556
2021-02-25,144442.367524,0,0,144442.367524,0,303.196655,36.223404,0.433483,28.889999,17.627326,7.474419
2021-02-26,144442.367524,0,0,144442.367524,0,304.466492,38.097941,0.428791,27.950001,17.631366,7.475745
2021-03-01,144442.367524,0,0,144442.367524,0,313.625366,49.603594,0.430097,23.35,17.633603,7.475138
2021-03-02,144442.367524,0,0,144442.367524,0,308.595215,44.690602,0.426645,24.1,17.636132,7.474769
2021-03-03,144442.367524,0,0,144442.367524,0,299.639771,37.558303,0.426298,26.67,17.639664,7.475442
2021-03-04,144442.367524,8503.376332,484.554852,136423.546044,1,294.735535,34.327405,0.424204,28.57,17.643935,7.477103
2021-03-05,144636.874949,8789.02751,575.698606,136423.546044,1,299.17453,39.408173,0.422737,24.66,17.646676,7.476928
2021-03-08,144296.089599,16586.424,790.574806,128500.240404,2,290.703613,34.002106,0.423711,25.469999,17.649731,7.477066
2021-03-09,145182.004505,17994.161123,1312.397023,128500.240404,2,302.169373,45.000113,0.416724,24.030001,17.652221,7.476669
2021-03-10,145041.674549,17729.478583,1188.044438,128500.240404,2,301.306824,44.400682,0.412187,22.559999,17.654136,7.475838
2021-03-11,145551.781458,18634.544914,1583.00386,128500.240404,2,308.246246,50.153546,0.409176,21.91,17.655796,7.474852
2021-03-12,145006.516461,17764.74908,1258.473023,128500.240404,2,305.745728,48.217521,0.391926,20.690001,17.656979,7.473634
2021-03-15,145111.494144,17877.78438,1266.53064,128500.240404,2,309.011902,50.884513,0.380335,20.030001,17.657903,7.472324
2021-03-16,144507.501029,17161.188847,1153.928222,128500.240404,2,310.708099,52.259651,0.346814,19.790001,17.658734,7.470986
2021-03-17,144402.450485,17042.263826,1140.053746,128500.240404,2,311.987396,53.321169,0.336245,19.23,17.659346,7.469595
2021-03-18,143586.420271,15635.161126,548.98126,128500.240404,2,302.431061,45.230603,0.336277,21.58,17.660872,7.468542
2021-03-19,143722.316367,15779.435631,557.359668,128500.240404,2,303.497223,46.211194,0.336251,20.950001,17.662152,7.46737
2021-03-22,144293.025892,16489.965491,697.180003,128500.240404,2,309.188721,51.230943,0.332942,18.879999,17.662625,7.465955
2021-03-23,144208.602843,16285.309576,576.947137,128500.240404,2,307.839905,50.039124,0.333037,20.299999,17.663651,7.464684
2021-03-24,143425.53524,15217.440867,292.146031,128500.240404,2,302.648071,45.638055,0.322334,21.200001,17.665025,7.463559
2021-03-25,143386.083319,15128.103972,242.261057,128500.240404,2,302.123962,45.205811,0.322162,19.809999,17.665859,7.462228
2021-03-26,143798.20173,15634.919386,336.95806,128500.240404,2,306.655914,49.646771,0.317048,18.860001,17.666322,7.460815
2021-03-29,143806.098054,15508.253712,202.396063,128500.240404,2,306.568604,49.563428,0.313913,20.74,17.667516,7.459612
2021-03-30,143576.420087,15203.498894,127.319211,128500.240404,2,305.025604,48.028933,0.311408,19.610001,17.668269,7.458263
2021-03-31,144186.052023,15886.389269,200.57765,128500.240404,2,309.693359,52.790606,0.311549,19.4,17.668941,7.456893
2021-04-01,144718.320031,16548.320871,330.241244,128500.240404,2,314.972473,57.52995,0.307195,17.33,17.66881,7.45545
2021-04-05,145612.138779,17472.994096,588.430631,128727.575314,2,321.260895,62.375331,0.307168,17.91,17.668903,7.454006
2021-04-06,145667.23686,17413.086889,473.425343,128727.575314,2,321.03775,62.104562,0.306539,18.120001,17.669078,7.452566
2021-04-07,145594.526632,17237.008693,386.48692,128744.004859,2,321.813995,62.710968,0.29582,17.16,17.668881,7.451129
2021-04-08,146030.014662,17755.738738,469.728935,128744.004859,2,325.171661,65.297737,0.295972,16.950001,17.668602,7.4497
2021-04-09,146268.81066,18034.684977,509.879175,128744.004859,2,327.141632,66.75491,0.295136,16.690001,17.668224,7.448282
2021-04-12,146272.056331,17943.263195,415.211722,128744.004859,2,326.714752,66.107123,0.295163,16.91,17.66793,7.446856
2021-04-13,146757.893069,18538.927429,525.039218,128744.004859,2,330.528503,69.001291,0.295201,16.65,17.667537,7.445442
2021-04-14,146208.922172,17809.764577,344.847263,128744.004859,2,326.559387,62.974246,0.291624,16.99,17.667275,7.444014
2021-04-15,146844.623278,18585.826583,485.208164,128744.004859,2,331.508575,66.861196,0.291604,16.57,17.666851,7.442607
2021-04-16,146901.325231,18623.071174,465.750802,128744.004859,2,331.896729,67.152443,0.290958,16.25,17.666304,7.441221
2021-04-19,146585.488732,18118.752994,277.26912,128744.004859,2,328.859406,62.521921,0.291116,17.290001,17.666158,7.439787
2021-04-20,146275.080564,17724.858198,193.782493,128744.004859,2,326.462433,59.060744,0.290854,18.68,17.66655,7.438378
2021-04-21,146583.127411,18061.262138,222.139585,128744.004859,2,329.257172,61.721524,0.287054,17.5,17.666485,7.436943
2021-04-22,146013.650442,17389.361592,119.716008,128744.004859,2,325.288269,56.141139,0.285672,18.709999,17.666888,7.435536
2021-04-23,146609.246749,18035.9788,170.736909,128744.004859,2,329.383453,60.145159,0.285917,17.33,17.666758,7.434105
2021-04-26,146952.816406,18343.347082,134.535535,128744.004859,2,331.528046,62.096676,0.285491,17.639999,17.666748,7.432672
2021-04-27,146762.306136,18105.486846,87.185568,128744.004859,2,330.091797,59.978527,0.285493,17.559999,17.666706,7.43124
2021-04-28,146583.452616,17893.161304,53.713546,128744.004859,2,328.975861,58.314132,0.284457,17.280001,17.666558,7.429813
2021-04-29,146703.086015,18003.938869,44.857713,128744.004859,2,330.15976,59.595146,0.281681,17.610001,17.666536,7.428382
2021-04-30,146380.318408,17654.768782,18.455233,128744.004859,2,327.995697,56.1957,0.281847,18.610001,17.666899,7.426976
2021-05-03,146039.441979,17296.261011,0.823891,128744.004859,2,326.248932,53.540897,0.279602,18.309999,17.667146,7.425557
2021-05-04,145129.956575,16385.960474,0.008757,128744.004859,2,320.377869,45.722371,0.280379,19.48,17.667843,7.424214
2021-05-05,144950.035927,16206.031112,167.346277,128911.351092,2,319.300659,44.440093,0.280208,19.15,17.668413,7.422844
2021-05-06,145293.340984,16573.531997,191.542105,128911.351092,2,321.707367,47.95217,0.280245,18.389999,17.66869,7.421431
2021-05-07,145659.14839,16969.541947,385.773919,129075.380362,2,324.317719,51.530891,0.280031,16.690001,17.668314,7.42003
2021-05-10,144629.039482,15710.576511,156.917391,129075.380362,2,316.12735,41.815656,0.281555,19.66,17.669079,7.418708
2021-05-11,144570.355835,15632.248594,137.27312,129075.380362,2,315.690613,41.367789,0.281434,21.84,17.670679,7.417734
2021-05-12,143431.508581,21067.650295,216.265841,122580.124127,3,307.519623,34.025184,0.282087,27.59,17.674484,7.418854
2021-05-13,143893.009643,21560.797567,247.912051,122580.124127,3,309.897125,37.501266,0.281679,23.129999,17.676576,7.418201
2021-05-14,145269.197229,23110.841055,421.767954,122580.124127,3,316.738647,46.273616,0.282492,18.809999,17.67701,7.416811
2021-05-17,144933.574863,22643.971541,290.520805,122580.124127,3,314.817291,44.389262,0.282578,19.719999,17.677793,7.415498
2021-05-18,144494.622371,22132.523874,218.02563,122580.124127,3,312.691986,42.335582,0.28201,21.34,17.679196,7.414423
2021-05-19,144571.926539,22198.580378,206.777967,122580.124127,3,313.051025,42.816896,0.281971,22.18,17.680919,7.413526
2021-05-20,145792.702518,23550.369913,337.791522,122580.124127,3,319.106567,50.344894,0.281914,20.67,17.682063,7.412338
2021-05-21,145443.412306,23125.495698,262.207519,122580.124127,3,317.340363,48.345756,0.281646,20.15,17.683007,7.411077
2021-05-24,146574.07524,24332.235728,338.284616,122580.124127,3,322.677795,54.257111,0.28223,18.4,17.683281,7.409672
2021-05-25,146678.946118,24420.985182,322.163192,122580.124127,3,323.124146,54.723749,0.282185,18.84,17.683723,7.40829
2021-05-26,146920.687302,24667.816086,327.252912,122580.124127,3,324.249817,55.944362,0.282155,17.360001,17.6836,7.406876
2021-05-27,146695.157039,24376.62641,261.593498,122580.124127,3,323.036713,54.247076,0.282205,16.74,17.683239,7.405484
2021-05-28,146902.434357,24582.731291,260.421061,122580.124127,3,324.055725,55.469227,0.281774,16.76,17.682887,7.404092
2021-06-01,146726.077223,24285.559947,139.606851,122580.124127,3,322.978577,53.832298,0.281825,17.9,17.682969,7.402679
2021-06-02,146866.432409,24416.082378,129.774095,122580.124127,3,323.609375,54.675841,0.281755,17.48,17.682892,7.401267
2021-06-03,146156.188786,23641.689665,65.625006,122580.124127,3,320.241943,49.478531,0.282088,18.040001,17.683028,7.399858
2021-06-04,147358.930325,24900.939979,297.604366,122755.594713,3,325.676331,56.641511,0.282517,16.42,17.682547,7.398488
2021-06-07,147594.513714,25056.614819,392.756292,122930.655187,3,326.646851,57.792435,0.281672,16.42,17.682066,7.397119
2021-06-08,147653.92176,25076.350418,353.083844,122930.655187,3,326.802002,57.984443,0.281569,17.07,17.681832,7.395719
2021-06-09,147696.059315,25078.622441,313.218312,122930.655187,3,326.8797,58.087271,0.281483,17.889999,17.681912,7.394311
2021-06-10,148413.605916,25863.909062,380.958333,122930.655187,3,330.285919,62.428466,0.281404,16.1,17.681309,7.392968
2021-06-11,148373.205046,25785.224831,504.597755,123092.577969,3,331.149597,63.461878,0.274311,15.65,17.680537,7.391667
2021-06-14,149060.055486,26509.159783,541.682266,123092.577969,3,334.322906,67.048123,0.274373,16.389999,17.680046,7.390303
2021-06-15,148648.002879,25969.441696,414.016786,123092.577969,3,332.139404,62.50227,0.274246,17.02,17.679795,7.388909
2021-06-16,148402.100483,25646.385877,336.863364,123092.577969,3,330.926392,60.065846,0.27367,18.15,17.679973,7.387509
2021-06-17,149280.786429,26651.927622,463.719162,123092.577969,3,335.128387,65.135878,0.273995,17.75,17.68,7.386105
2021-06-18,148780.232814,26017.142063,329.487218,123092.577969,3,332.498474,60.00138,0.274217,20.700001,17.681147,7.384937
2021-06-21,149271.693741,26477.493505,298.377733,123092.577969,3,334.564911,62.502559,0.274272,17.889999,17.681226,7.383535
2021-06-22,149932.871491,27213.49751,373.203988,123092.577969,3,337.683685,65.962031,0.274143,16.66,17.680839,7.38216
2021-06-23,149991.523526,27236.470208,337.524651,123092.577969,3,337.848816,66.140155,0.274012,16.32,17.680322,7.380807
2021-06-24,150407.882262,27687.430852,372.126559,123092.577969,3,339.937683,68.393376,0.272765,15.97,17.679674,7.379482
2021-06-25,150350.96663,27567.725614,309.336954,123092.577969,3,339.519958,67.427065,0.272612,15.62,17.678893,7.378192
2021-06-28,151267.547383,28494.265404,319.29599,123092.577969,3,343.649017,71.685565,0.271199,15.76,17.678166,7.376888
2021-06-29,151561.302374,28782.026766,313.302361,123092.577969,3,344.892639,72.837407,0.270979,16.02,17.677538,7.37556
2021-06-30,151468.699245,28605.960426,229.839151,123092.577969,3,344.348572,71.46765,0.270145,15.83,17.676838,7.374251
2021-07-01,151531.700291,28617.930411,178.808089,123092.577969,3,344.484558,71.611351,0.26987,15.48,17.676007,7.372979
2021-07-02,152431.982406,29596.861571,257.457135,123092.577969,3,348.438873,75.47881,0.270062,15.07,17.675021,7.371758
2021-07-06,152906.991865,29879.305178,220.654025,123248.340711,3,349.944702,76.776293,0.268676,16.440001,17.674554,7.370402
2021-07-07,153096.153657,30046.974549,352.907404,123402.086513,3,350.683075,77.407553,0.268494,16.200001,17.673996,7.369064
2021-07-08,152641.144698,29495.307024,256.248839,123402.086513,3,348.565033,71.41121,0.268269,19,17.674497,7.367716
2021-07-09,153149.869926,30027.88295,280.099537,123402.086513,3,350.741394,73.668368,0.268199,16.18,17.673933,7.366381
2021-07-12,153492.84374,30335.719184,404.688431,123561.812986,3,352.111298,75.006026,0.268135,16.17,17.673365,7.365047
2021-07-13,153472.54579,30280.290189,369.557385,123561.812986,3,352.111298,75.006026,0.26682,17.120001,17.673156,7.363664
2021-07-14,153626.101057,30425.467543,361.179473,123561.812986,3,352.742767,75.666868,0.266732,16.33,17.672649,7.36232
2021-07-15,153089.865483,29793.599052,265.546555,123561.812986,3,350.265289,68.063306,0.26692,17.01,17.672399,7.360942
2021-07-16,152450.652964,29071.159225,182.319247,123561.812986,3,347.428436,60.559135,0.266981,18.450001,17.672692,7.359569
2021-07-19,151802.873689,28333.276687,92.215985,123561.812986,3,344.581726,54.1119,0.267226,22.5,17.674512,7.358779
2021-07-20,152703.787914,29266.038105,124.063178,123561.812986,3,348.584442,60.48249,0.265573,19.73,17.675286,7.3575
2021-07-21,153339.158981,29924.275087,146.929092,123561.812986,3,351.275726,64.09209,0.265314,17.91,17.675375,7.356115
2021-07-22,153897.925269,30503.603929,167.491647,123561.812986,3,353.597748,66.901227,0.265377,17.690001,17.67538,7.354729
2021-07-23,154823.711555,31489.690637,227.792069,123561.812986,3,357.726929,71.213912,0.263549,17.200001,17.675201,7.35335
2021-07-26,154931.506205,31516.79388,147.100662,123561.812986,3,358.008636,71.486873,0.263219,17.58,17.675166,7.351967
2021-07-27,153977.957583,30484.64224,68.497644,123561.812986,3,354.064087,62.543829,0.26292,19.360001,17.675799,7.350656
2021-07-28,154300.337308,30803.644042,65.11972,123561.812986,3,355.424286,64.20667,0.262382,18.309999,17.676038,7.349284
2021-07-29,154452.219641,30945.0842,54.677545,123561.812986,3,356.055817,64.98394,0.262103,17.700001,17.676047,7.347903
2021-07-30,153993.058134,30460.718839,29.473691,123561.812986,3,354.200165,60.805636,0.262182,18.24,17.676258,7.34653
2021-08-02,153962.388437,30409.710822,9.135372,123561.812986,3,354.229279,60.84817,0.261445,19.459999,17.676928,7.345231
2021-08-03,154490.586948,30937.733349,8.959388,123561.812986,3,356.376404,63.954869,0.261099,18.040001,17.677065,7.343855
2021-08-04,154613.697046,31057.998272,6.114213,123561.812986,3,356.891357,64.678769,0.261083,17.969999,17.677174,7.342479
2021-08-05,155188.452401,31632.460755,151.742607,123707.734252,3,359.15506,67.745386,0.26115,17.280001,17.677026,7.341105
2021-08-06,154791.041391,31204.969426,269.057989,123855.129954,3,357.581085,63.610035,0.260842,16.15,17.676453,7.339788
2021-08-09,154953.990098,31326.749062,227.888918,123855.129954,3,358.24176,64.587199,0.260388,16.719999,17.676094,7.338435
2021-08-10,154518.777103,30842.469205,178.822056,123855.129954,3,356.40564,59.782582,0.260416,16.790001,17.675762,7.33708
2021-08-11,154341.956622,30638.637499,295.730866,123999.049989,3,355.793457,58.227319,0.259284,16.17,17.675198,7.335763
2021-08-12,154610.401768,30910.820694,299.468914,123999.049989,3,357.075928,60.543129,0.257744,15.59,17.674418,7.3345
2021-08-13,154913.292437,31223.811436,309.568987,123999.049989,3,358.329254,62.718367,0.257756,15.45,17.673585,7.333253
2021-08-16,154987.113384,31229.022002,240.958607,123999.049989,3,358.48468,62.990848,0.257741,16.120001,17.673004,7.331943
2021-08-17,154243.559574,30401.196968,156.687384,123999.049989,3,355.327179,54.307162,0.257723,17.91,17.673093,7.330573
2021-08-18,153420.894157,29516.302042,94.457875,123999.049989,3,351.907257,46.784284,0.257847,21.57,17.67455,7.329589
2021-08-19,153834.561813,29935.672711,100.160887,123999.049989,3,353.607422,50.458428,0.257714,21.67,17.676043,7.328626
2021-08-20,154726.905417,30861.124393,133.268965,123999.049989,3,357.270294,57.298693,0.257501,18.559999,17.676373,7.327276
2021-08-23,156064.030418,32229.315713,164.335285,123999.049989,3,362.613739,64.910165,0.257935,17.15,17.676176,7.325915
2021-08-24,156343.986861,32506.150498,161.213626,123999.049989,3,363.721344,66.252965,0.257873,17.219999,17.676006,7.324552
2021-08-25,156455.676703,32600.708757,144.082042,123999.049989,3,364.139099,66.769487,0.257746,16.790001,17.675675,7.323205
2021-08-26,155867.942775,31955.645259,86.752473,123999.049989,3,361.826843,61.187197,0.256767,18.84,17.67611,7.321873
2021-08-27,156755.577013,32871.735542,115.208517,123999.049989,3,365.343903,65.862356,0.256931,16.389999,17.67563,7.320549
2021-08-30,157820.810519,33928.28875,106.528219,123999.049989,3,369.443817,70.346479,0.257173,16.190001,17.675076,7.319241
2021-08-31,157754.143799,33833.682406,78.588596,123999.049989,3,369.14267,69.623066,0.257046,16.48,17.674631,7.317913
2021-09-01,157900.07813,33965.699556,64.671415,123999.049989,3,369.7547,70.291717,0.256331,16.110001,17.674048,7.316612
2021-09-02,157855.26599,33902.699312,46.483311,123999.049989,3,369.579803,69.818762,0.256133,16.41,17.673578,7.31529
2021-09-03,157947.688405,33984.182454,35.544038,123999.049989,3,370.716644,71.176352,0.248072,16.41,17.673108,7.313969
2021-09-07,158061.564579,34065.630601,255.839075,124251.773053,3,371.24118,71.806498,0.247451,18.139999,17.673281,7.312613
2021-09-08,157585.208545,33520.56548,187.129987,124251.773053,3,369.948944,67.869903,0.23994,17.959999,17.673388,7.311255
2021-09-09,157216.299031,33112.207728,147.68175,124251.773053,3,368.676331,64.140587,0.237697,18.799999,17.673807,7.309928
2021-09-10,156472.707621,32320.942621,205.587123,124357.352124,3,365.878174,56.756035,0.23654,20.950001,17.675024,7.308842
2021-09-13,156420.965597,32216.485531,152.872058,124357.352124,3,365.62558,56.127824,0.236343,19.370001,17.675654,7.307556
2021-09-14,156144.871141,31909.080552,121.561535,124357.352124,3,364.58609,53.503272,0.235613,19.459999,17.676316,7.30628
2021-09-15,156828.655552,32617.146935,145.843507,124357.352124,3,367.2966,58.900043,0.235224,18.18,17.676503,7.30493
2021-09-16,156877.864684,32652.50353,131.99097,124357.352124,3,367.549316,59.373507,0.2343,18.690001,17.676879,7.3036
2021-09-17,155752.065153,31463.610249,68.89722,124357.352124,3,363.196625,48.920393,0.233942,20.809999,17.678042,7.302494
2021-09-20,153804.467339,29461.695145,14.579929,124357.352124,3,355.691864,36.868148,0.234841,25.709999,17.68102,7.302778
2021-09-21,153910.934528,29566.069612,12.487208,124357.352124,3,356.129578,37.830193,0.234838,24.360001,17.683495,7.302556
2021-09-22,154758.166921,30417.38619,16.571393,124357.352124,3,359.455963,44.723881,0.23413,20.870001,17.684676,7.30146
2021-09-23,155553.028425,31216.078708,20.402407,124357.352124,3,362.772644,50.605132,0.231076,18.629999,17.685026,7.30013
2021-09-24,155636.569757,31296.135447,16.917814,124357.352124,3,363.113068,51.179298,0.231043,17.75,17.68505,7.298778
2021-09-27,154812.416756,30458.74448,3.679847,124357.352124,3,360.214539,46.249749,0.229843,18.76,17.685448,7.297456
2021-09-28,152154.213457,27797.087649,0.226316,124357.352124,3,350.021484,33.888205,0.231458,23.25,17.687506,7.29689
2021-09-29,151991.725095,27634.475033,0.102061,124357.352124,3,349.447601,33.347782,0.231383,22.559999,17.689308,7.296142
2021-09-30,151645.809246,27288.489362,0.03224,124357.352124,3,348.163696,32.113903,0.231349,23.139999,17.691323,7.295546
2021-10-01,152181.316477,27823.989717,0.025363,124357.352124,3,350.322906,36.377381,0.230753,21.1,17.692583,7.294491
2021-10-04,150210.179148,25852.827032,0.000007,124357.352124,3,342.969879,29.567319,0.229563,22.959999,17.694529,7.293846
2021-10-05,151374.07563,27016.723512,0.000005,124357.352124,3,347.599579,37.500826,0.228774,21.299999,17.69586,7.292828
2021-10-06,151916.279566,27558.927443,0,124357.352124,3,349.826904,40.947085,0.227716,21,17.69708,7.291758
2021-10-07,152733.632854,28376.280731,171.360552,124528.712675,3,353.03656,45.602042,0.227101,19.540001,17.69776,7.290498
2021-10-08,152298.531648,27903.071773,133.252801,124528.712675,3,351.276123,43.573235,0.227158,18.77,17.698156,7.289182
2021-10-11,151607.775534,27153.554144,159.330874,124613.552265,3,348.581909,40.596492,0.226755,20,17.699004,7.287971
2021-10-12,151246.517613,26752.601947,119.636599,124613.552265,3,347.36615,39.292045,0.224015,19.85,17.699797,7.286744
2021-10-13,151939.30529,27475.653148,149.900122,124613.552265,3,350.147827,43.745898,0.224179,18.639999,17.700144,7.285424
2021-10-14,153526.2456,29191.830144,279.136809,124613.552265,3,356.596375,52.454349,0.224875,16.860001,17.699834,7.284099
2021-10-15,154069.662192,29780.29797,324.188043,124613.552265,3,358.843201,55.064517,0.224777,16.299999,17.699319,7.282807
2021-10-18,154966.851811,30723.809156,370.509609,124613.552265,3,362.45163,58.961123,0.224901,16.309999,17.698808,7.281515
2021-10-19,155603.829836,31438.196622,447.919051,124613.552265,3,365.194519,61.681215,0.224044,15.7,17.698072,7.280276
2021-10-20,155519.399154,31298.755378,392.908489,124613.552265,3,364.717926,60.92558,0.22406,15.49,17.69726,7.27906
2021-10-21,156053.144315,31896.614388,457.022338,124613.552265,3,366.945313,63.194919,0.224127,15.01,17.696272,7.277903
2021-10-22,155369.924631,31053.740722,297.368355,124613.552265,3,363.86203,58.159561,0.224418,15.43,17.695439,7.276695
2021-10-25,156321.983874,32042.97759,334.545981,124613.552265,3,367.587067,62.089695,0.22468,15.24,17.694537,7.27551
2021-10-26,156606.522998,32331.904434,338.9337,124613.552265,3,368.744598,63.245046,0.223837,15.98,17.693907,7.274248
2021-10-27,156834.56406,32553.77699,332.765194,124613.552265,3,369.600555,64.115934,0.223701,16.98,17.693645,7.272925
2021-10-28,157723.342288,33574.64704,464.857017,124613.552265,3,373.705078,68.028042,0.218499,16.530001,17.693218,7.271624
2021-10-29,158158.608562,34061.204251,516.147954,124613.552265,3,375.543243,69.625135,0.217696,16.26,17.692693,7.270341
2021-11-01,158569.531772,34347.470216,391.490708,124613.552265,3,376.827209,70.725176,0.215258,16.41,17.692222,7.269049
2021-11-02,158976.914002,34779.646338,416.284601,124613.552265,3,378.402863,72.062316,0.215281,16.030001,17.691613,7.267786
2021-11-03,159865.448268,35890.746107,638.850103,124613.552265,3,382.419769,75.175334,0.214731,15.1,17.690663,7.266623
2021-11-04,160703.832144,37185.711051,1095.431171,124613.552265,3,387.32193,78.346378,0.209071,15.44,17.689839,7.265419
2021-11-05,160894.753534,37253.225801,972.024532,124613.552265,3,387.691467,78.568619,0.206991,16.48,17.689396,7.264125
2021-11-08,161185.970818,37077.209505,624.89109,124733.652404,3,387.16626,77.353466,0.207014,17.219999,17.689224,7.262801
2021-11-09,160689.677121,36288.437514,332.412796,124733.652404,3,384.501312,71.325521,0.205568,17.780001,17.689257,7.261472
2021-11-10,159366.363355,34668.939365,91.768141,124789.192131,3,378.850281,60.55023,0.20516,18.73,17.689638,7.26017
2021-11-11,159633.830383,34934.841622,90.20337,124789.192131,3,379.900757,61.708293,0.203626,17.66,17.689627,7.258843
2021-11-12,160724.68346,36065.579907,130.088578,124789.192131,3,383.898224,65.820175,0.203804,16.290001,17.689115,7.257565
2021-11-15,160706.363146,36011.635392,94.464377,124789.192131,3,383.81073,65.653997,0.203612,16.49,17.688677,7.256274
2021-11-16,161454.633403,36783.313737,117.872465,124789.192131,3,386.543823,68.342746,0.203583,16.370001,17.688196,7.254993
2021-11-17,161513.452151,36832.181395,107.921375,124789.192131,3,386.748016,68.540894,0.203515,17.110001,17.687985,7.253676
2021-11-18,162605.385354,37973.368328,157.175106,124789.192131,3,390.75528,72.216261,0.203536,17.59,17.687949,7.252352
2021-11-19,163197.394501,38590.83937,182.637001,124789.192131,3,392.93399,73.995135,0.203451,17.91,17.68803,7.25103
2021-11-22,161978.296618,37258.061134,68.956648,124789.192131,3,388.372345,64.660445,0.203812,19.17,17.68857,7.249762
2021-11-23,161487.952828,36743.565238,44.804541,124789.192131,3,386.602203,61.422317,0.203928,19.379999,17.689187,7.248512
2021-11-24,161829.37034,37084.586309,44.4081,124789.192131,3,387.847168,62.832115,0.203368,18.58,17.689512,7.24721
2021-11-26,159766.986766,34985.490132,7.695497,124789.192131,3,380.494019,50.981642,0.204744,28.620001,17.693494,7.248893
2021-11-29,162105.870691,37333.0616,16.383041,124789.192131,3,388.751617,60.085915,0.205971,22.959999,17.695412,7.248269
2021-11-30,160490.084567,35704.189491,3.297055,124789.192131,3,383.042297,52.785959,0.206857,27.190001,17.698868,7.249213
2021-12-01,158645.786275,33856.92946,0.335316,124789.192131,3,376.525635,45.927235,0.207537,31.120001,17.703752,7.252414
2021-12-02,159406.140575,34617.319024,0.370581,124789.192131,3,379.239319,48.904557,0.20767,27.950001,17.707479,7.253727
2021-12-03,157556.073294,32766.895536,0.014372,124789.192131,3,372.644897,42.745184,0.208859,30.67,17.712193,7.256619
2021-12-06,158369.927194,33580.735223,0.000161,124789.192131,3,375.630859,46.058066,0.208996,27.18,17.715634,7.257544
2021-12-07,161608.819666,36819.636608,0.009073,124789.192131,3,386.942596,56.359801,0.211747,21.889999,17.717151,7.256661
2021-12-08,162094.61708,37305.425432,129.889622,124919.081269,3,388.673859,57.69157,0.211768,19.9,17.717944,7.255462
2021-12-09,160507.152176,35651.050369,62.979463,124919.081269,3,382.954834,52.041711,0.210666,21.58,17.719346,7.254518
2021-12-10,161660.083932,36832.285703,156.478019,124984.276248,3,387.117615,55.460826,0.210961,18.690001,17.719699,7.253224
2021-12-13,160146.715056,35223.954227,61.515419,124984.276248,3,381.525055,50.275044,0.21176,20.309999,17.720639,7.252075
2021-12-14,159053.867653,34101.924002,32.332597,124984.276248,3,377.576141,46.937697,0.212074,21.889999,17.722151,7.251194
2021-12-15,161447.507186,36552.42137,89.190432,124984.276248,3,386.183929,54.091552,0.213334,19.290001,17.722719,7.249941
2021-12-16,158729.312527,33767.094725,22.058446,124984.276248,3,376.253357,46.330992,0.215727,20.57,17.723751,7.248829
2021-12-17,158201.420389,33230.9359,13.791758,124984.276248,3,374.37616,45.016213,0.215737,21.57,17.725145,7.247885
2021-12-20,157172.908188,32192.314453,3.682512,124984.276248,3,370.744598,42.503329,0.216063,22.870001,17.727008,7.247233
2021-12-21,159503.729522,34532.583811,13.130537,124984.276248,3,379.041962,49.446896,0.217543,21.01,17.728197,7.24619
2021-12-22,160795.849624,35834.132423,22.559046,124984.276248,3,383.658203,52.857899,0.217945,18.629999,17.728523,7.244898
2021-12-23,161602.230885,36646.623348,28.668711,124984.276248,3,386.550629,54.910786,0.217965,17.959999,17.728607,7.243588
2021-12-27,163397.029545,38443.939222,31.185925,124984.276248,3,392.939148,59.142804,0.218707,17.68,17.72859,7.242278
2021-12-28,162879.724675,37911.536162,16.087735,124984.276248,3,391.118011,57.486398,0.218547,17.540001,17.728521,7.240969
2021-12-29,162859.184494,37885.780279,10.872033,124984.276248,3,391.05954,57.430782,0.218551,16.950001,17.72824,7.239675
2021-12-30,162522.186445,37543.24297,5.332773,124984.276248,3,389.890991,56.259361,0.218601,17.33,17.728096,7.238371
2021-12-31,161824.151507,36841.525624,1.650365,124984.276248,3,387.456238,53.797176,0.218767,17.219999,17.727913,7.23707
2022-01-03,162856.651335,37872.785296,0.410208,124984.276248,3,391.186249,56.908581,0.218243,16.6,17.727505,7.235795
2022-01-04,161405.499216,36421.238808,0.015839,124984.276248,3,386.112305,51.798525,0.218727,16.91,17.72721,7.234505
2022-01-05,158087.043206,33102.76696,0.000002,124984.276248,3,374.250488,42.247695,0.221392,19.73,17.727933,7.233299
2022-01-06,157975.778842,32991.502595,0,124984.276248,3,373.98761,42.062594,0.219658,19.610001,17.728612,7.232083
2022-01-07,156834.458258,31850.18201,150.325782,125134.602029,3,369.936218,39.211249,0.21963,18.76,17.728983,7.230805
2022-01-10,156891.204737,31875.359197,194.579717,125210.425258,3,370.179688,39.476771,0.218858,19.4,17.729586,7.229571
2022-01-11,158325.026436,33431.94516,317.343981,125210.425258,3,375.740509,45.348412,0.219495,18.41,17.729831,7.22828
2022-01-12,158710.580132,33840.198842,340.043968,125210.425258,3,377.230621,46.83679,0.219413,17.620001,17.729791,7.226979
2022-01-13,156318.040262,31227.371963,119.756958,125210.425258,3,367.793732,39.500055,0.221526,20.309999,17.73072,7.225843
2022-01-14,156920.946112,31850.244869,139.724016,125210.425258,3,370.082336,41.877901,0.221374,19.190001,17.731245,7.224595
2022-01-18,154481.203413,29294.919209,24.141054,125210.425258,3,360.869476,35.781236,0.222946,22.790001,17.733065,7.223933
2022-01-19,153381.702998,28181.047875,9.770134,125210.425258,3,356.905792,33.52022,0.221752,23.85,17.735264,7.223565
2022-01-20,152133.267131,33291.847059,82.359954,118923.780026,4,352.270172,31.049117,0.222166,25.59,17.738088,7.223801
2022-01-21,149016.753754,30119.347258,26.373529,118923.780026,4,342.502197,26.599357,0.224759,28.85,17.74208,7.225573
2022-01-24,149484.448635,36855.914699,103.477674,112732.01161,5,344.070129,28.373818,0.224615,29.9,17.746448,7.227949
2022-01-25,146489.041822,33795.90176,38.871548,112732.01161,5,336.094086,25.055523,0.226414,31.16,17.751264,7.231119
2022-01-26,146118.812985,33416.978182,30.176807,112732.01161,5,335.568268,24.849202,0.223809,31.959999,17.756364,7.234831
2022-01-27,144824.175687,32108.980045,16.815967,112732.01161,5,332.188843,23.509307,0.224057,30.49,17.760933,7.237552
2022-01-28,148918.774221,36248.022647,61.260035,112732.01161,5,342.609283,35.12542,0.22555,27.66,17.764483,7.238682
2022-01-31,153263.89671,40696.752177,164.867077,112732.01161,5,353.56546,44.644045,0.22675,24.83,17.767017,7.23862
2022-02-01,154175.481684,41637.207829,193.737756,112732.01161,5,355.970795,46.499947,0.226089,21.959999,17.76852,7.237758
2022-02-02,155320.521037,42830.653261,242.143834,112732.01161,5,358.863342,48.726207,0.226211,22.09,17.770068,7.236923
2022-02-03,149829.631864,37138.810182,41.189928,112732.01161,5,344.313538,39.763022,0.23132,24.35,17.772425,7.236698
2022-02-04,151556.109311,38888.91962,64.821919,112732.01161,5,348.657074,43.126442,0.231757,23.219999,17.774375,7.236136
2022-02-07,150409.544185,37704.177131,210.930692,112916.297746,5,345.852295,41.514471,0.231849,22.860001,17.776195,7.23548
2022-02-08,151898.486052,39272.927582,290.739277,112916.297746,5,349.738068,44.603752,0.232217,21.440001,17.777506,7.234517
2022-02-09,154722.842627,42365.512231,652.279546,113009.609942,5,357.149323,50.025694,0.233514,19.959999,17.778287,7.23334
2022-02-10,151850.673861,39120.677267,279.613348,113009.609942,5,349.066071,44.867631,0.235099,23.91,17.780479,7.232976
2022-02-11,147821.998442,34888.448802,76.060301,113009.609942,5,337.993134,38.943911,0.238228,27.360001,17.783903,7.23395
2022-02-14,147943.305106,34987.574538,53.879374,113009.609942,5,338.411896,39.270461,0.238207,28.33,17.787671,7.235404
2022-02-15,151255.914884,38388.353717,142.048775,113009.609942,5,346.826202,45.569829,0.239923,25.700001,17.790496,7.235656
2022-02-16,151214.424985,38328.954394,124.139351,113009.609942,5,346.738586,45.516885,0.239858,24.290001,17.792817,7.235407
2022-02-17,147394.156232,34412.971575,28.425284,113009.609942,5,336.425171,39.673715,0.24257,28.110001,17.796499,7.23674
2022-02-18,145820.241097,32822.629496,11.99834,113009.609942,5,332.588135,37.732942,0.240882,27.75,17.80005,7.237891
2022-02-22,144501.951844,31494.339133,102.327036,113109.939748,5,329.247681,36.07827,0.241171,28.809999,17.803976,7.239586
2022-02-23,141555.89639,34680.634694,236.530653,107111.792349,6,320.813965,32.234873,0.243011,31.02,17.808688,7.242595
2022-02-24,145877.175347,39364.30413,598.921132,107111.792349,6,331.594818,40.901757,0.242425,30.32,17.813147,7.245155
2022-02-25,147968.296474,41730.686207,874.182082,107111.792349,6,336.736847,44.544806,0.243053,27.59,17.81663,7.246213
2022-02-28,148239.521579,41930.712749,802.983518,107111.792349,6,337.739838,45.253718,0.240508,30.15,17.821022,7.24866
2022-03-01,146162.789801,39529.045173,478.047721,107111.792349,6,332.568665,42.254553,0.240437,33.32,17.82654,7.253267
2022-03-02,148303.434171,41927.103154,735.461331,107111.792349,6,338.149017,46.384052,0.238547,30.74,17.831135,7.256066
2022-03-03,146338.182457,39663.930103,437.539994,107111.792349,6,333.318512,43.485134,0.238343,30.48,17.835635,7.258697
2022-03-04,144333.929202,37461.815338,239.678484,107111.792349,6,328.488098,40.742952,0.238388,31.98,17.840665,7.262305
2022-03-07,139342.11278,38316.530285,124.494968,101150.077463,7,316.373108,34.81336,0.240181,36.450001,17.84728,7.269486
2022-03-08,138218.39473,49030.329313,265.405314,89453.470732,9,314.902557,34.163418,0.235767,35.130001,17.853422,7.275492
2022-03-09,145402.678145,56767.774868,1006.959111,89641.862389,9,326.238495,42.99792,0.239491,32.450001,17.858607,7.2794
2022-03-10,143202.262643,54212.390171,651.989917,89641.862389,9,322.615631,41.099758,0.238351,30.23,17.863001,7.28184
2022-03-11,139370.374734,50025.483412,385.375665,89730.266987,9,315.925049,37.782543,0.239491,30.75,17.867575,7.284595
2022-03-14,135842.175075,46248.758374,136.850285,89730.266987,9,309.85791,35.022085,0.240296,31.77,17.872509,7.288009
2022-03-15,141934.578178,52637.186635,432.875444,89730.266987,9,319.577179,42.295434,0.243051,29.83,17.876751,7.290195
2022-03-16,149164.261553,60859.339961,1425.345394,89730.266987,9,331.42926,49.690831,0.24688,26.67,17.879869,7.290782
2022-03-17,151101.446584,63252.328034,1881.148438,89730.266987,9,335.441559,51.936521,0.244376,25.67,17.88263,7.290965
2022-03-18,154624.597251,68110.370548,3216.040284,89730.266987,9,342.307343,55.589677,0.245507,23.870001,17.884752,7.290544
2022-03-21,154466.323684,67222.799559,2486.742862,89730.266987,9,341.355743,54.966091,0.244566,23.530001,17.886752,7.290026
2022-03-22,157635.569686,72049.881371,4144.578671,89730.266987,9,348.06427,58.500396,0.245565,22.940001,17.888541,7.289355
2022-03-23,155603.000264,68432.439983,2559.706706,89730.266987,9,343.062134,55.03227,0.245323,23.57,17.890552,7.288848
2022-03-24,159134.724927,73981.12111,4689.36668,89842.970496,9,350.687225,59.020473,0.246658,21.67,17.89189,7.287905
2022-03-25,159254.883695,73667.29988,4490.531207,90078.115022,9,350.394745,58.805032,0.246062,20.809999,17.892922,7.286822
2022-03-28,161633.067965,77566.220068,6011.267125,90078.115022,9,355.816162,61.602879,0.246702,19.629999,17.893536,7.285606
2022-03-29,163472.897591,82126.595459,8731.812889,90078.115022,9,361.939636,64.532927,0.247397,18.9,17.893892,7.284343
2022-03-30,162604.959864,79104.87936,6578.034518,90078.115022,9,357.941864,61.246944,0.24718,19.33,17.894399,7.283105
2022-03-31,161372.914769,75786.763874,4491.964127,90078.115022,9,353.505249,57.733521,0.246888,20.559999,17.895341,7.281991
2022-04-01,161212.392398,75143.431083,4009.153707,90078.115022,9,352.832489,57.197702,0.245804,19.629999,17.895953,7.280777
2022-04-04,163918.581087,80491.181341,6650.715275,90078.115022,9,360.096741,61.367005,0.24697,18.57,17.896191,7.279503
2022-04-05,162043.734388,74751.696375,2786.077008,90078.115022,9,352.101135,55.014845,0.248483,21.030001,17.897297,7.278456
2022-04-06,158948.867759,69368.958586,615.33813,90195.247304,9,344.456482,49.716082,0.249624,22.1,17.89878,7.2776
2022-04-07,159734.01039,69900.754558,594.735652,90427.991484,9,345.275574,50.268774,0.24954,21.549999,17.900067,7.276639
2022-04-08,156699.610108,66536.38944,508.987587,90672.208255,9,340.448944,46.9911,0.250122,21.16,17.901216,7.275614
2022-04-11,151555.61309,61040.525815,270.740605,90785.82788,9,332.394836,42.062528,0.251405,24.370001,17.903495,7.275345
2022-04-12,150588.106782,60012.275261,209.99636,90785.82788,9,330.990631,41.250204,0.251035,24.26,17.905734,7.275041
2022-04-13,155006.410282,64612.33007,391.747668,90785.82788,9,337.718689,46.574101,0.251547,21.82,17.907113,7.27413
2022-04-14,150133.985676,59506.321728,158.163932,90785.82788,9,329.996033,41.882534,0.25308,22.700001,17.9088,7.273406
2022-04-18,150178.686859,59489.91085,97.051872,90785.82788,9,330.249603,42.088812,0.25284,22.17,17.910299,7.272565
2022-04-19,155172.391644,64604.001053,217.437289,90785.82788,9,337.630981,47.887278,0.254069,21.370001,17.911516,7.271575
2022-04-20,151936.832497,61254.116644,103.112028,90785.82788,9,332.706787,44.673727,0.254487,20.32,17.912363,7.270436
2022-04-21,147478.844082,56726.309333,33.293132,90785.82788,9,325.822754,40.574425,0.255311,22.68,17.914039,7.269707
2022-04-22,142157.84994,51378.877486,6.855427,90785.82788,9,317.290771,36.147268,0.256841,28.209999,17.917656,7.270991
2022-04-25,144673.091158,53893.479433,360.83658,91140.448305,9,321.366608,39.541055,0.257186,27.02,17.920854,7.271715
2022-04-26,137812.839729,46775.804061,103.412637,91140.448305,9,309.236725,33.785808,0.261225,33.52,17.926331,7.276311
2022-04-27,137559.537482,52842.246898,211.856493,84929.147077,10,308.866119,33.624775,0.2612,31.6,17.93113,7.279543
2022-04-28,145183.754695,60835.519459,580.911841,84929.147077,10,319.835754,42.379154,0.264547,29.99,17.935361,7.281769
2022-04-29,136476.653366,51692.833401,145.327112,84929.147077,10,305.443573,35.722186,0.270118,33.400002,17.940786,7.28625
2022-05-02,139793.979086,55055.811842,190.979832,84929.147077,10,310.543213,39.35716,0.270803,32.34,17.945835,7.28996
2022-05-03,139869.536433,55117.026916,176.63756,84929.147077,10,310.874725,39.596298,0.26994,29.25,17.949797,7.291754
2022-05-04,147214.773858,62776.558749,490.931968,84929.147077,10,321.386139,46.764592,0.272865,25.42,17.952414,7.291817
2022-05-05,137404.047808,52560.992588,86.091857,84929.147077,10,305.199768,39.074689,0.279676,31.200001,17.957054,7.294754
2022-05-06,135041.412191,50158.852901,197.992748,85080.552038,10,301.543274,37.571671,0.279857,30.190001,17.961338,7.297067
2022-05-09,128039.963601,55600.896074,941.893299,73380.960826,12,289.744781,33.1418,0.282248,34.75,17.967214,7.302548
2022-05-10,130409.150528,58242.683159,1214.493457,73380.960826,12,293.264954,35.582186,0.282638,32.990002,17.97247,7.306675
2022-05-11,124752.497309,58086.292446,810.397696,67476.602559,13,284.567047,32.432152,0.283191,32.560001,17.977573,7.310489
2022-05-12,124247.478853,57473.665998,702.789705,67476.602559,13,283.894287,32.194743,0.283037,31.77,17.982395,7.313759
2022-05-13,131994.055517,66306.562511,1789.109554,67476.602559,13,294.415436,39.63663,0.285217,28.870001,17.986201,7.315313
2022-05-16,129745.100874,63355.839903,1087.341589,67476.602559,13,291.002655,38.173083,0.285459,27.469999,17.989514,7.316183
2022-05-17,135282.348838,69865.336736,2059.590457,67476.602559,13,298.540009,43.164512,0.287035,26.1,17.992347,7.316475
2022-05-18,125920.177947,58920.299084,476.723696,67476.602559,13,283.884613,36.922781,0.293271,30.959999,17.996875,7.319209
2022-05-19,124644.878994,57518.941092,350.664657,67476.602559,13,282.363495,36.335482,0.292383,29.35,18.000838,7.321004
2022-05-20,123973.026582,56772.776229,276.352206,67476.602559,13,281.485809,35.979863,0.292336,29.43,18.004826,7.322839
2022-05-23,127396.148565,60254.829227,335.283221,67476.602559,13,286.16629,39.386751,0.292321,28.48,18.008479,7.324175
2022-05-24,123000.162904,55644.033357,120.473013,67476.602559,13,280.081726,36.655836,0.293397,29.450001,18.012469,7.326013
2022-05-25,125994.286851,58700.035196,710.758175,68005.00983,13,284.001648,39.563153,0.293871,28.370001,18.016079,7.327288
2022-05-26,131851.52535,65278.878185,1432.362665,68005.00983,13,291.870453,45.018455,0.295739,27.5,18.019383,7.328149
2022-05-27,138538.944181,73683.479098,3333.855197,68189.32028,13,301.397034,50.807761,0.298274,25.719999,18.022065,7.328282
2022-05-31,138612.687404,72743.334676,2319.967551,68189.32028,13,300.597382,50.328718,0.298265,26.190001,18.024909,7.328591
2022-06-01,137267.251247,70801.260286,1723.329319,68189.32028,13,298.374298,48.94703,0.298376,25.690001,18.027577,7.32871
2022-06-02,142871.285115,78089.978276,3408.013441,68189.32028,13,306.54538,53.951083,0.29992,24.719999,18.029906,7.328498
2022-06-03,137989.48646,71275.384682,1475.218501,68189.32028,13,298.569305,48.911378,0.300857,24.790001,18.032257,7.328307
2022-06-06,138917.941707,71934.241257,1393.647402,68377.347852,13,299.563873,49.544293,0.300863,25.07,18.034704,7.328208
2022-06-07,140882.265136,74124.652992,1619.735708,68377.347852,13,302.147766,51.234569,0.301052,24.02,18.036785,7.327783
2022-06-08,139365.700071,72210.318577,2390.29096,69545.672453,13,299.97345,49.724993,0.301166,23.959999,18.038843,7.327342
2022-06-09,134130.914644,65664.457201,1079.215011,69545.672453,13,291.938721,44.506462,0.302599,26.09,18.041639,7.327605
2022-06-10,127136.36233,57915.614521,702.785648,69923.533457,13,281.641876,38.875676,0.305544,27.75,18.04501,7.328565
2022-06-13,118669.698093,48875.962802,129.798166,69923.533457,13,268.5466,33.134266,0.310448,34.02,18.050555,7.333335
2022-06-14,118953.852115,55407.986727,311.889782,63857.75517,14,269.034149,33.527878,0.310389,32.689999,18.055635,7.337132
2022-06-15,124275.240475,60972.48182,554.996515,63857.75517,14,275.75238,38.868041,0.311874,29.620001,18.059646,7.33902
2022-06-16,116435.823392,65181.47112,576.654557,51831.00683,16,264.62677,33.997124,0.315211,32.950001,18.064809,7.342983
2022-06-17,119193.66401,68083.456576,720.799396,51831.00683,16,267.844482,36.4766,0.315486,31.129999,18.069338,7.345739
2022-06-21,125215.658656,74403.000291,1018.348465,51831.00683,16,274.602173,41.451121,0.316888,30.190001,18.073538,7.34793
2022-06-22,124804.529282,73898.160494,924.638041,51831.00683,16,274.201599,41.244936,0.316657,28.950001,18.077305,7.349445
2022-06-23,128475.588478,77875.46387,1230.882221,51831.00683,16,278.285278,44.287418,0.317207,29.049999,18.081105,7.351009
2022-06-24,137280.26495,87893.535574,3100.401493,52487.130869,16,287.820313,50.705907,0.319786,27.23,18.084271,7.351707
2022-06-27,135735.406864,85523.795996,2502.565009,52714.175877,16,285.710052,49.350804,0.319886,26.950001,18.087339,7.352284
2022-06-28,128741.708715,77152.866253,1125.333414,52714.175877,16,277.005432,44.11376,0.321565,28.360001,18.090892,7.353494
2022-06-29,128965.27189,77314.518448,1063.422435,52714.175877,16,277.259369,44.29946,0.321527,28.16,18.094374,7.354606
2022-06-30,126025.038107,73997.656423,686.794193,52714.175877,16,273.820557,42.251972,0.321828,28.709999,18.098044,7.355983
2022-07-01,127633.333849,75673.328604,754.170631,52714.175877,16,275.62796,43.724203,0.32195,26.700001,18.101016,7.356449
2022-07-05,131923.226791,80035.156506,826.105592,52714.175877,16,280.346588,47.488134,0.322326,27.540001,18.104276,7.35727
2022-07-06,133562.00333,81750.686115,1133.391848,52944.709063,16,282.144165,48.890552,0.322384,26.73,18.107255,7.357745
2022-07-07,139032.874575,88003.352868,1915.187356,52944.709063,16,288.181702,53.392807,0.323447,26.08,18.110007,7.357966
2022-07-08,139411.305224,88284.873612,3248.424339,54374.855951,16,288.543304,53.656124,0.323394,24.639999,18.11226,7.357696
2022-07-11,135021.12279,81974.530483,1775.541901,54822.134208,16,282.378662,48.613646,0.324248,26.17,18.11504,7.357948
2022-07-12,132841.082255,79215.018162,1196.070115,54822.134208,16,279.643127,46.524239,0.324372,27.290001,18.118203,7.358652
2022-07-13,132398.10529,78571.761568,995.790486,54822.134208,16,279.066711,46.074866,0.324373,26.82,18.121203,7.359156
2022-07-14,133323.035122,79476.266337,1204.06444,55050.833224,16,280.063324,47.027559,0.324401,26.4,18.124056,7.359493
2022-07-15,137883.957749,84608.367246,1775.242721,55050.833224,16,285.143463,51.710793,0.325107,24.23,18.126159,7.359097
2022-07-18,135927.969257,81947.220193,1532.810165,55513.559229,16,282.730377,49.473364,0.325119,25.299999,18.128629,7.359034
2022-07-19,143630.577074,91155.528316,3038.51047,55513.559229,16,291.425232,56.737069,0.327129,24.5,18.130823,7.358716
2022-07-20,147423.05877,96005.815859,4096.316318,55513.559229,16,296.046265,60.026154,0.327393,23.879999,18.132801,7.358222
2022-07-21,150779.625305,100571.798172,5305.732096,55513.559229,16,300.29599,62.825225,0.327729,23.110001,18.134513,7.357535
2022-07-22,147106.43594,94935.202161,3342.32545,55513.559229,16,295.030243,57.456614,0.328252,23.030001,18.136197,7.35683
2022-07-25,146065.305623,92853.331531,3025.862768,56237.836859,16,293.349854,55.817414,0.327969,23.360001,18.137992,7.356203
2022-07-26,141535.861508,86948.059801,1650.035152,56237.836859,16,287.585846,50.495763,0.328759,24.690001,18.140244,7.355941
2022-07-27,152069.841768,100421.138188,4846.096731,56494.800311,16,299.739075,59.305521,0.332413,23.24,18.141996,7.355284
2022-07-28,154351.861715,103574.526897,5717.465492,56494.800311,16,302.669983,61.103273,0.332603,22.33,18.143434,7.35443
2022-07-29,158083.65149,109773.804971,8184.953792,56494.800311,16,308.189819,64.301796,0.333348,21.33,18.144528,7.353404
2022-08-01,159162.495989,109301.430601,6633.734922,56494.800311,16,308.004211,64.110888,0.333301,22.84,18.146139,7.352657
2022-08-02,159046.383235,108189.666338,5638.083414,56494.800311,16,307.085815,63.112423,0.333313,23.93,18.148124,7.352175
2022-08-03,163881.160111,117920.011616,10533.651815,56494.800311,16,315.448578,67.99963,0.334843,21.950001,18.149427,7.351251
2022-08-04,164947.112069,119553.091397,11100.779639,56494.800311,16,316.923798,68.785284,0.334893,21.440001,18.150555,7.350243
2022-08-05,164790.142976,116480.366833,8027.910731,56337.686874,16,314.334839,65.735094,0.33492,21.15,18.151583,7.349193
2022-08-08,166044.236828,115053.320808,6988.568653,57979.484673,16,313.318787,64.525776,0.334904,21.290001,18.152658,7.348163
2022-08-09,164241.212734,110978.987073,4717.259011,57979.484673,16,309.7724,60.352357,0.335145,21.77,18.153897,7.347209
2022-08-10,169669.774591,121153.531548,8563.792193,57080.035236,16,318.418488,66.107777,0.33679,19.74,18.15444,7.34601
2022-08-11,168867.228027,118975.179357,7187.986566,57080.035236,16,316.611084,64.015753,0.336846,20.200001,18.15514,7.34485
2022-08-12,172776.952719,126273.193895,10576.276412,57080.035236,16,322.775726,67.762953,0.337644,19.530001,18.155611,7.343637
2022-08-15,174910.929372,129141.572232,9867.792616,55637.149756,16,325.384094,69.223319,0.337764,19.950001,18.156224,7.342456
2022-08-16,174781.660685,128146.488986,9001.978057,55637.149756,16,324.622131,68.250655,0.337771,19.690001,18.156749,7.341255
2022-08-17,172886.379422,123693.032553,5046.157114,54239.503983,16,320.919464,63.575801,0.33788,19.9,18.157345,7.34007
2022-08-18,173748.407346,124483.490134,4974.586772,54239.503983,16,321.691315,64.127405,0.337712,19.559999,18.157824,7.338862
2022-08-19,168843.489671,117216.345559,2612.359871,54239.503983,16,315.41922,56.623337,0.338449,20.6,18.158658,7.337747
2022-08-22,161347.928941,107758.394328,649.969371,54239.503983,16,307.115143,48.526818,0.339657,23.799999,18.160584,7.337234
2022-08-23,161003.356368,107286.161544,522.30916,54239.503983,16,306.861115,48.299298,0.339147,24.110001,18.162614,7.336805
2022-08-24,161942.104564,108191.584159,1318.414716,55068.935121,16,307.750061,49.196945,0.339145,22.82,18.164203,7.336057
2022-08-25,167587.027736,114401.669086,1883.576471,55068.935121,16,313.191772,54.414641,0.33984,21.780001,18.165437,7.33511
2022-08-26,155160.118745,100694.003191,895.818053,55361.933608,16,300.354675,43.154762,0.34336,25.559999,18.167958,7.33513
2022-08-29,152056.545893,97227.857415,533.24513,55361.933608,16,297.39447,41.045534,0.343306,26.209999,18.170699,7.335382
2022-08-30,148608.146929,93607.72365,361.510329,55361.933608,16,294.082642,38.762873,0.343227,26.209999,18.173438,7.335633
2022-08-31,146819.260011,91736.039083,278.71268,55361.933608,16,292.372925,37.600332,0.343277,25.870001,18.176059,7.335758
2022-09-01,146886.982126,91778.000576,252.952058,55361.933608,16,292.499847,37.749588,0.343267,25.559999,18.178573,7.335774
2022-09-02,142701.912297,87488.902754,148.924065,55361.933608,16,288.36734,34.828493,0.343637,25.469999,18.181055,7.335759
2022-09-06,140335.515109,88659.188848,609.179804,52285.506065,16,286.296173,33.432175,0.343683,26.91,18.184025,7.336277
2022-09-07,146136.604882,94726.960857,2307.021302,53716.665327,16,292.079834,40.594421,0.344597,24.639999,18.186221,7.335995
2022-09-08,147531.752824,96244.235196,2429.147699,53716.665327,16,293.594086,42.343515,0.344661,23.610001,18.188065,7.335429
2022-09-09,153415.390213,98471.501181,3679.047759,58622.936791,15,300.012726,49.17469,0.345707,22.790001,18.18963,7.334673
2022-09-12,156521.515549,101910.922711,4012.343953,58622.936791,15,303.578552,52.538928,0.345941,23.870001,18.19156,7.334174
2022-09-13,144013.03362,86589.986439,1199.88961,58622.936791,15,286.931244,39.420149,0.352329,27.27,18.194643,7.334836
2022-09-14,146007.339535,88723.907757,1638.148981,58921.580759,15,289.20755,41.568621,0.352482,26.16,18.197348,7.335059
2022-09-15,142024.064908,84126.534219,1024.05007,58921.580759,15,284.391205,38.460566,0.352851,26.27,18.200088,7.335322
2022-09-16,140546.403528,82426.422417,1380.295078,59500.27619,15,282.652222,37.374002,0.352899,26.299999,18.202837,7.335594
2022-09-19,142437.532365,84241.742149,1304.485974,59500.27619,15,284.853333,39.696283,0.352812,25.76,18.2054,7.33567
2022-09-20,140425.60409,81896.521287,971.193387,59500.27619,15,282.582733,38.125699,0.352099,27.16,18.208437,7.336279
2022-09-21,136226.925509,84347.799109,835.326252,52714.452651,16,277.522766,34.819522,0.35269,27.99,18.211753,7.337246
2022-09-22,133119.96987,80962.669048,557.151829,52714.452651,16,274.107147,32.754674,0.352736,27.35,18.214849,7.337931
2022-09-23,129085.047105,76697.234035,1139.966783,53527.779854,16,269.644226,30.231972,0.352997,29.92,18.218814,7.33985
2022-09-26,128098.858065,82251.519187,1411.589106,47258.927984,17,268.528351,29.617749,0.353005,32.259998,18.223569,7.343154
2022-09-27,128180.05298,82256.199287,1335.07429,47258.927984,17,268.636078,29.766103,0.352915,32.599998,18.228436,7.346674
2022-09-28,132828.077886,87454.124428,1884.974525,47258.927984,17,273.979858,36.874185,0.352233,30.18,18.232481,7.34872
2022-09-29,126060.39372,79750.807964,949.342228,47258.927984,17,266.081665,31.758239,0.353863,31.84,18.237084,7.351738
2022-09-30,122054.469268,75380.558879,585.017595,47258.927984,17,261.569824,29.260771,0.354372,31.620001,18.24161,7.354613
2022-10-03,127817.395207,81364.031596,805.564373,47258.927984,17,267.70636,36.567297,0.355466,30.1,18.245619,7.356601
2022-10-04,135808.780433,90116.371812,1566.519363,47258.927984,17,276.123199,44.963986,0.356702,29.07,18.249277,7.358048
2022-10-05,135614.796957,89787.912566,1432.043593,47258.927984,17,275.976501,44.852546,0.356287,28.549999,18.252757,7.359241
2022-10-06,133620.301331,87450.973793,1673.620729,47842.948267,17,273.803772,43.146886,0.356277,30.52,18.2569,7.36145
2022-10-07,124729.755951,77495.388925,1722.834155,48957.201181,17,263.370697,36.056356,0.358952,31.360001,18.261323,7.364144
2022-10-10,122584.254365,81485.095973,1940.04677,43039.205162,18,260.737915,34.514928,0.359081,32.450001,18.266112,7.367513
2022-10-11,119512.393958,84462.093369,1617.67598,36667.976569,19,257.155823,32.480374,0.359317,33.630001,18.271296,7.371673
2022-10-12,119448.254675,97555.50435,2041.832622,23934.582946,21,257.06781,32.429792,0.359308,33.57,18.276455,7.375783
2022-10-13,125971.270836,105153.716809,3117.028919,23934.582946,21,263.096649,39.392497,0.360331,31.940001,18.281062,7.378805
2022-10-14,117988.572898,95595.798422,1816.280734,24209.05521,21,255.188629,34.387115,0.361289,32.02,18.285693,7.381872
2022-10-17,127395.164867,106202.065264,3601.624578,24794.724182,21,263.615356,42.736886,0.363449,31.370001,18.290101,7.384534
2022-10-18,129530.988168,108712.564913,3976.300927,24794.724182,21,265.700012,44.614647,0.363363,30.5,18.294214,7.38669
2022-10-19,128676.570805,107344.580686,3462.734063,24794.724182,21,264.731079,43.894176,0.363221,30.76,18.298411,7.388987
2022-10-20,127440.982849,105548.236563,2901.977896,24794.724182,21,263.380463,42.855294,0.36325,29.98,18.302343,7.390851
2022-10-21,133911.810503,113599.197483,4775.519211,25088.132231,21,269.556091,48.820056,0.364329,29.690001,18.306174,7.392559
2022-10-24,137295.687478,117200.995062,5898.205817,25992.898232,21,272.521606,51.441188,0.364517,29.85,18.310057,7.394347
2022-10-25,142316.226253,124775.740175,8452.412155,25992.898232,21,278.158966,56.049225,0.365188,28.459999,18.31347,7.395445
2022-10-26,137688.129217,116715.010833,5643.75522,26616.873605,21,272.012634,50.43017,0.366039,27.280001,18.316484,7.396029
2022-10-27,133512.30482,110341.000582,3445.569367,26616.873605,21,267.060425,46.394396,0.366592,27.389999,18.319533,7.396656
2022-10-28,141494.405792,121322.379421,6444.847234,26616.873605,21,275.232635,53.068946,0.368234,25.75,18.322029,7.396667
2022-10-31,139632.911374,116809.338211,3793.300442,26616.873605,21,272.032288,50.421252,0.368374,25.879999,18.324567,7.396722
2022-11-01,137152.742233,113115.452647,2579.584019,26616.873605,21,269.252747,48.173265,0.368488,25.809999,18.32708,7.396751
2022-11-02,127722.58538,101907.045328,801.333552,26616.873605,21,260.023468,41.54923,0.370618,25.860001,18.329607,7.396797
2022-11-03,122001.819255,95728.497037,343.551386,26616.873605,21,254.944,38.41819,0.370976,25.299999,18.331946,7.396657
2022-11-04,126767.227791,100637.807145,487.452959,26616.873605,21,259.044739,42.204762,0.371176,24.549999,18.334031,7.396293
2022-11-07,130159.383443,103909.416393,2225.71013,28475.67718,21,261.892822,44.74593,0.371468,24.35,18.336048,7.395873
2022-11-08,132302.555162,106224.704547,2397.826565,28475.67718,21,263.8013,46.445186,0.371619,25.540001,18.338462,7.395809
2022-11-09,125919.465384,98822.013429,2321.077459,29418.529414,21,257.713684,42.007411,0.372486,26.09,18.341059,7.395931
2022-11-10,146346.34975,125502.108932,8932.181828,29776.422645,21,276.730042,56.113837,0.382242,23.530001,18.342796,7.395302
2022-11-11,150736.051272,132476.897167,12234.762084,30493.916189,21,281.829071,58.994122,0.382928,22.52,18.344195,7.394458
2022-11-14,150279.931508,125907.836638,8333.500896,32705.595766,20,279.362823,57.044044,0.382779,23.73,18.345997,7.393877
2022-11-15,153659.299374,130979.942699,10026.239091,32705.595766,20,283.228699,59.31433,0.3832,24.540001,18.34807,7.393508
2022-11-16,151010.772474,125843.345542,8262.034128,33429.46106,20,279.362823,56.120141,0.383363,24.110001,18.349997,7.393022
2022-11-17,150805.756498,124935.768989,7559.473551,33429.46106,20,278.746185,55.605756,0.383359,23.93,18.351862,7.39249
2022-11-18,151038.106308,124781.160597,7172.515348,33429.46106,20,278.756012,55.612738,0.383107,23.120001,18.353456,7.391768
2022-11-21,149229.655136,120784.162133,5344.3384,33789.831403,20,275.888367,52.993426,0.383168,22.360001,18.354795,7.390895
2022-11-22,153001.227808,125877.472365,6666.07596,33789.831403,20,279.861969,56.080281,0.383429,21.290001,18.355775,7.389855
2022-11-23,155655.855183,129506.24616,8720.697059,34870.306082,20,282.670807,58.171305,0.383647,20.35,18.356441,7.388711
2022-11-25,154834.614024,126856.585678,7606.251136,35584.279483,20,280.81131,56.261605,0.383663,20.5,18.357156,7.387581
2022-11-28,152318.39303,121136.318244,4402.204697,35584.279483,20,276.690979,52.174326,0.383406,22.209999,18.358442,7.386683
2022-11-29,150462.196569,118132.538108,3254.621021,35584.279483,20,274.596466,50.178708,0.382499,21.889999,18.35962,7.385732
2022-11-30,161909.90772,135268.150661,8942.522424,35584.279483,20,287.114166,60.020679,0.386107,20.58,18.36036,7.384612
2022-12-01,162543.214328,135516.072851,8557.138006,35584.279483,20,287.466553,60.258686,0.385635,19.84,18.360853,7.38343
2022-12-02,162256.011616,133846.617376,7174.885243,35584.279483,20,286.32135,59.028799,0.385522,19.059999,18.361086,7.38221
2022-12-05,159926.714336,127156.952896,2814.518043,35584.279483,20,281.515961,54.044251,0.385485,20.75,18.361882,7.381109
2022-12-06,154227.252887,119645.384631,1002.411227,35584.279483,20,275.682861,48.671552,0.38606,22.17,18.36315,7.380207
2022-12-07,152595.238577,117671.801823,2776.517671,37699.954426,20,274.557312,47.686435,0.384275,22.68,18.364587,7.379398
2022-12-08,156243.48336,121785.020919,3241.491984,37699.954426,20,277.80661,50.783384,0.384535,22.290001,18.365894,7.378517
2022-12-09,154452.209709,119333.654528,3276.576451,38395.131633,20,276.035156,49.077585,0.384241,22.83,18.367379,7.377739
2022-12-12,158446.34504,123492.558695,4542.900553,39496.686897,20,279.499786,52.442231,0.384322,25,18.369584,7.377503
2022-12-13,161556.304122,127289.854588,5230.237363,39496.686897,20,282.504395,55.206384,0.384256,22.549999,18.370974,7.37667
2022-12-14,159645.365536,124422.716824,4642.054972,39864.703684,20,280.410004,52.898375,0.38417,21.139999,18.371894,7.375616
2022-12-15,150223.915133,112545.537743,2186.326295,39864.703684,20,270.994873,43.994143,0.385132,22.83,18.373375,7.374838
2022-12-16,147241.699469,108992.725326,2313.30052,40562.274663,20,268.411011,41.909214,0.384114,22.620001,18.374786,7.374019
2022-12-19,143382.320781,104143.641368,1323.59525,40562.274663,20,264.638855,39.003176,0.384397,22.42,18.376129,7.373163
2022-12-20,143144.384744,103759.29141,1177.18133,40562.274663,20,264.432831,38.844746,0.384265,21.48,18.377159,7.372156
2022-12-21,147253.589087,108190.853809,1844.29565,40907.030928,20,268.268799,43.450567,0.383694,20.07,18.377721,7.370997
2022-12-22,140279.43529,100309.596927,937.192566,40907.030928,20,261.705536,38.155623,0.384372,21.969999,18.378912,7.370064
2022-12-23,140897.92075,100876.78128,1869.564564,41890.704034,20,262.294159,38.87505,0.384245,20.870001,18.379738,7.368982
2022-12-27,136935.446244,96014.631531,1648.681263,42569.495976,20,258.585724,36.031221,0.383937,21.65,18.380822,7.368001
2022-12-28,133425.729306,92019.063372,1162.830041,42569.495976,20,255.171707,33.594738,0.384174,22.139999,18.382068,7.367097
2022-12-29,140225.718817,99452.112186,1795.889345,42569.495976,20,261.391571,41.372991,0.385413,21.440001,18.38308,7.366087
2022-12-30,140083.383816,99161.259945,1647.372105,42569.495976,20,261.234619,41.241715,0.385412,21.67,18.384169,7.36511
2023-01-03,138205.576864,96666.187271,1030.106383,42569.495976,20,259.468719,39.714829,0.385421,22.9,18.385664,7.364348
2023-01-04,139498.430927,97977.546418,1048.611466,42569.495976,20,260.704895,41.351735,0.385262,22.01,18.386863,7.363425
2023-01-05,135064.690764,93146.263854,651.069066,42569.495976,20,256.623688,37.711111,0.385393,22.459999,18.38821,7.362579
2023-01-06,142769.758195,101338.948188,3191.403426,44622.213433,20,263.706848,46.51261,0.385287,21.129999,18.389117,7.36153
2023-01-09,144731.356514,103098.195702,3673.691637,45306.85245,20,265.413879,48.404757,0.385401,21.969999,18.390301,7.360601
2023-01-10,146961.157453,105719.171606,4064.866603,45306.85245,20,267.660553,50.868236,0.385408,20.58,18.391024,7.359492
2023-01-11,151448.435442,111473.862754,6366.383988,46340.956676,20,272.291107,55.576196,0.386036,21.09,18.391916,7.358439
2023-01-12,152813.773671,113112.387751,6639.570756,46340.956676,20,273.762634,56.986759,0.38563,18.83,18.392061,7.357228
2023-01-13,154600.397871,115397.111519,7498.658194,46701.944547,20,275.646301,58.790581,0.385702,18.35,18.392047,7.356013
2023-01-17,156042.405791,115413.395204,6777.150778,47406.161365,20,276.205475,59.335751,0.384627,19.360001,18.392366,7.354819
2023-01-18,153430.778528,110821.430772,4796.813608,47406.161365,20,272.614868,54.3625,0.384792,20.34,18.393009,7.353691
2023-01-19,151059.617252,107172.523409,3519.067521,47406.161365,20,269.936554,50.933216,0.383848,20.52,18.39371,7.352579
2023-01-20,158092.05073,116624.96457,6298.055248,47765.141408,20,277.323822,58.676244,0.385143,19.85,18.394191,7.351414
2023-01-23,164091.767435,124421.772277,9188.66455,48858.659708,20,283.484863,63.806186,0.38585,19.809999,18.394657,7.350247
2023-01-24,163912.912116,123224.933787,8170.681378,48858.659708,20,282.906097,63.014799,0.384453,19.200001,18.394923,7.34905
2023-01-25,163982.839872,122281.325586,7157.145421,48858.659708,20,282.278229,62.11474,0.384404,19.08,18.395148,7.34785
2023-01-26,167917.446002,129373.940389,10280.97799,48824.483603,20,287.78186,66.615983,0.384183,18.73,18.395258,7.346642
2023-01-27,170135.58438,133151.679658,11840.578882,48824.483603,20,290.646545,68.700529,0.384389,18.51,18.395296,7.345433
2023-01-30,167778.158541,125107.905242,6154.230304,48824.483603,20,284.769989,60.372492,0.384957,19.940001,18.395805,7.344277
2023-01-31,171074.914781,130332.904322,8082.473144,48824.483603,20,289.037567,63.80401,0.38354,19.4,18.396135,7.343091
2023-02-01,174864.128672,138360.400792,12320.755722,48824.483603,20,295.218292,68.110993,0.382488,17.870001,18.395962,7.34189
2023-02-02,178504.113497,153625.9756,23946.345706,48824.483603,20,305.813629,73.854418,0.384815,18.73,18.396072,7.340685
2023-02-03,178392.802999,145920.777317,16352.457922,48824.483603,20,300.378601,67.171212,0.385231,18.33,18.39605,7.339478
2023-02-06,178892.505515,141335.957859,8786.869266,46343.416922,20,297.837646,64.244215,0.38222,19.43,18.39639,7.338296
2023-02-07,183128.490452,149994.54111,13209.46758,46343.416922,20,304.008514,67.902249,0.382734,18.66,18.396476,7.337092
2023-02-08,180786.413165,142391.447594,7406.106606,45801.072176,20,298.602905,61.925638,0.383198,19.629999,18.396881,7.335921
2023-02-09,179104.146346,138593.186573,5290.112404,45801.072176,20,295.963928,59.18677,0.383064,20.709999,18.39764,7.334837
2023-02-10,177524.320768,135624.224825,5041.47063,46941.566573,20,294.021393,57.181941,0.38224,20.530001,18.39834,7.333735
2023-02-13,183080.715669,141671.698489,5902.643306,47311.660486,20,298.730438,60.660727,0.381828,20.34,18.398977,7.332616
2023-02-14,185207.360005,144229.626478,6333.926959,47311.660486,20,300.937744,62.210563,0.38004,18.91,18.399144,7.331419
2023-02-15,187792.034397,147387.334009,6906.960098,47311.660486,20,303.243347,63.814193,0.380159,18.23,18.399089,7.330218
2023-02-16,182686.871906,139181.427085,4558.077545,48063.522365,20,297.553192,57.346292,0.379608,20.17,18.399669,7.329087
2023-02-17,180768.552824,136188.640107,3483.609648,48063.522365,20,295.453735,55.126196,0.379687,20.02,18.4002,7.327945
2023-02-21,172969.55457,126116.50066,1573.686927,48426.740837,20,288.458801,48.402672,0.379058,22.870001,18.401663,7.327191
2023-02-22,173222.545943,126238.230623,2489.970217,49474.285537,20,288.674622,48.61093,0.378836,22.290001,18.402936,7.326329
2023-02-23,176201.743751,129501.358655,2773.900441,49474.285537,20,291.195984,51.094418,0.378823,21.139999,18.403832,7.325297
2023-02-24,170448.267259,122715.583044,1741.601322,49474.285537,20,286.32016,46.422285,0.378098,21.67,18.4049,7.324337
2023-02-27,172581.679982,124625.498703,2226.342676,50182.523955,20,288.370544,48.552757,0.376051,20.950001,18.405733,7.323283
2023-02-28,172103.824572,123903.687516,1982.3869,50182.523955,20,287.997711,48.177611,0.375561,20.700001,18.406483,7.322203
2023-03-01,169411.925864,120745.560681,1516.158772,50182.523955,20,285.682465,45.810496,0.375643,20.58,18.407193,7.321112
2023-03-02,172208.342551,123695.124501,1669.305905,50182.523955,20,288.046753,48.588435,0.375371,19.59,18.407579,7.319947
2023-03-03,179411.62094,131659.0984,2430.001415,50182.523955,20,294.00174,54.864543,0.375653,18.49,18.407606,7.318751
2023-03-06,179947.896484,131681.839809,1916.467281,50182.523955,20,294.335297,55.194483,0.375288,18.610001,18.407672,7.317557
2023-03-07,175530.938469,126650.233836,1301.819322,50182.523955,20,290.725067,50.860868,0.375175,19.59,18.408058,7.316393
2023-03-08,176785.026426,127907.105294,3426.666676,52304.587808,20,292.177063,52.476989,0.372558,19.110001,18.408287,7.31521
2023-03-09,171216.432364,121140.185043,2228.340487,52304.587808,20,287.114777,46.709135,0.373092,22.610001,18.409658,7.31441
2023-03-10,166105.551522,115269.409465,2146.615494,52982.757551,20,283.082642,42.684821,0.370961,24.799999,18.411741,7.314128
2023-03-13,168620.358404,117639.602841,2989.286893,53970.042456,20,285.182129,45.326208,0.370862,26.52,18.414384,7.3144
2023-03-14,175798.136516,126284.076355,4455.982295,53970.042456,20,291.735535,52.660009,0.371081,23.73,18.416116,7.313838
2023-03-15,177436.7525,128093.870116,4962.823837,54305.706222,20,293.26593,54.204874,0.370427,26.139999,18.418632,7.313974
2023-03-16,185087.876968,138524.788667,7742.617921,54305.706222,20,300.996674,61.109067,0.369882,22.99,18.42012,7.313248
2023-03-17,183568.975465,135845.9766,6582.707357,54305.706222,20,299.574066,59.336256,0.367273,25.51,18.422428,7.313176
2023-03-20,185396.691864,136920.132525,6504.837179,54981.396518,20,300.637299,60.264085,0.366999,24.15,18.424292,7.312716
2023-03-21,189636.321875,142773.4402,8118.514842,54981.396518,20,304.931152,63.851295,0.366576,21.379999,18.425254,7.31172
2023-03-22,186118.474148,136872.197171,5735.119541,54981.396518,20,300.784729,58.371255,0.366909,22.26,18.426501,7.310858
2023-03-23,189809.975748,141679.814362,7193.374107,55323.535493,20,304.351349,61.437109,0.366421,22.610001,18.427861,7.310058
2023-03-24,191116.805798,143080.849328,8327.287112,56363.243582,20,305.471588,62.374412,0.366069,21.74,18.428937,7.309114
2023-03-27,190108.58571,139554.106627,5808.764498,56363.243582,20,303.378693,59.466353,0.365148,20.6,18.429643,7.308031
2023-03-28,188807.973067,137172.532985,4727.8035,56363.243582,20,301.767242,57.253008,0.365193,19.969999,18.430143,7.306896
2023-03-29,194586.970686,144915.849018,7385.137823,57056.259491,20,307.269653,62.399301,0.365379,19.120001,18.430367,7.30572
2023-03-30,197467.861008,148909.213317,8497.6118,57056.259491,20,310.17807,64.810798,0.36496,19.02,18.430558,7.304542
2023-03-31,202031.483416,156427.901854,11452.677929,57056.259491,20,315.336578,68.651099,0.365315,18.700001,18.430646,7.303358
2023-04-03,203168.225459,154880.573486,8768.607519,57056.259491,20,314.570129,67.472872,0.365038,18.549999,18.430684,7.302173
2023-04-04,202962.026163,153201.431134,7295.664462,57056.259491,20,313.509003,65.7894,0.365051,19,18.430869,7.300996
2023-04-05,200633.895085,148411.752517,4834.116924,57056.259491,20,310.413849,61.007917,0.364359,19.08,18.431079,7.299822
2023-04-06,203126.0772,151168.250567,5098.432858,57056.259491,20,312.506805,62.96788,0.363509,18.4,18.431069,7.298639
2023-04-10,204693.865881,150239.495875,5038.429224,59492.79923,20,312.329895,62.681076,0.362587,18.969999,18.431244,7.297462
2023-04-11,203028.224605,147207.219692,3671.794317,59492.79923,20,310.325409,59.380823,0.362644,19.1,18.43146,7.29629
2023-04-12,200079.664571,143075.027269,3524.684329,60529.321631,20,307.584076,55.107506,0.362414,19.09,18.431674,7.295118
2023-04-13,207190.812099,151650.40003,4988.909563,60529.321631,20,313.607269,61.63959,0.362076,17.799999,18.431469,7.293946
2023-04-14,206760.74164,150658.617377,4777.378559,60879.502822,20,313.01767,60.708393,0.362049,17.07,18.431029,7.292807
2023-04-17,207601.771206,150518.161178,3795.892794,60879.502822,20,313.28299,60.993962,0.361221,16.950001,18.43055,7.291676
2023-04-18,207626.39317,150211.107708,3464.21736,60879.502822,20,313.302643,61.016563,0.360172,16.83,18.430032,7.290554
2023-04-19,207606.772156,149874.344811,3843.498834,61575.926178,20,313.155212,60.732271,0.360171,16.459999,18.429396,7.289461
2023-04-20,204699.509808,146075.38876,2951.80513,61575.926178,20,310.76767,56.168151,0.359274,17.17,18.428989,7.288318
2023-04-21,205146.147662,146343.281773,2773.060289,61575.926178,20,311.091797,56.644506,0.358861,16.77,18.428453,7.287202
2023-04-24,204457.991029,144863.410911,3341.932285,62936.512403,20,310.443359,55.348567,0.358005,16.889999,18.427956,7.286077
2023-04-25,197180.106002,136173.183299,1929.589701,62936.512403,20,304.587219,45.274432,0.35732,18.76,18.428063,7.284903
2023-04-26,199537.438276,138637.725803,2036.799931,62936.512403,20,306.434387,48.460957,0.35706,18.84,18.428196,7.283731
2023-04-27,209730.946421,150349.732455,3555.298438,62936.512403,20,314.766693,59.824869,0.355532,17.030001,18.427745,7.282599
2023-04-28,212551.391331,153476.895159,4515.32482,63589.820992,20,316.93811,62.166055,0.355623,15.78,18.426891,7.28158
2023-05-01,212368.066671,152080.399943,3302.154264,63589.820992,20,316.574615,61.519757,0.353146,16.08,18.426135,7.280527
2023-05-02,208344.997942,147018.119773,2262.942823,63589.820992,20,313.813538,56.697928,0.348933,17.780001,18.425927,7.279363
2023-05-03,205707.104772,143780.201727,1662.917948,63589.820992,20,311.76001,53.348823,0.34846,18.34,18.425899,7.27819
2023-05-04,204324.498402,142055.479759,1320.802348,63589.820992,20,310.659546,51.590138,0.348484,20.09,18.426435,7.277079
2023-05-05,212916.191519,151435.488421,2109.117894,63589.820992,20,317.262451,60.091244,0.347103,17.190001,18.426037,7.275941
2023-05-08,213304.590758,151165.406312,1450.636546,63589.820992,20,318.048492,60.969934,0.341497,16.98,18.425571,7.274816
2023-05-09,210530.149641,147981.434176,1041.105527,63589.820992,20,316.03421,57.477523,0.34127,17.709999,18.425341,7.273656
2023-05-10,214779.207388,152421.441331,3621.864833,65979.63089,20,319.473236,61.529249,0.338067,16.940001,18.424863,7.272535
2023-05-11,216198.869035,153835.364392,3616.126246,65979.63089,20,320.51474,62.688751,0.337792,16.93,18.424383,7.271414
2023-05-12,214558.874018,151595.678844,3890.338809,66853.533982,20,319.365082,60.520373,0.335828,17.030001,18.423934,7.270288
2023-05-15,217233.189248,153889.027869,3800.775881,67144.93726,20,321.094421,62.615147,0.335863,17.120001,18.423515,7.269157
2023-05-16,217434.269707,153800.228159,3510.895712,67144.93726,20,321.457977,63.058909,0.333068,17.99,18.423376,7.267993
2023-05-17,222455.71822,151545.398309,4078.755391,74989.075303,19,325.348969,67.504691,0.333046,16.870001,18.422877,7.266879
2023-05-18,229381.282484,153360.961528,5732.338809,81752.659766,18,331.391724,72.949401,0.332374,16.049999,18.422116,7.265837
2023-05-19,228197.130315,151278.537403,5374.216218,82292.80913,18,330.64505,71.358367,0.32672,16.809999,18.421598,7.264728
2023-05-22,230358.971717,152556.32983,4490.167243,82292.80913,18,331.75531,72.324919,0.326657,17.209999,18.42121,7.263594
2023-05-23,225916.491778,146529.568337,2905.88569,82292.80913,18,327.549927,63.573665,0.327022,18.530001,18.421244,7.262429
2023-05-24,223969.732762,143980.700215,3411.169556,83400.202104,18,325.86972,60.427657,0.326533,20.030001,18.42176,7.261322
2023-05-25,232853.501214,155196.559408,5743.260298,83400.202104,18,333.799072,68.380133,0.326668,19.139999,18.42199,7.260169
2023-05-26,241450.838625,138314.695746,7269.148081,110405.29096,14,342.327759,74.350696,0.327611,17.950001,18.421839,7.25901
2023-05-30,243749.950955,139673.990272,6617.083565,110693.044248,14,343.88028,75.266253,0.326075,17.459999,18.421531,7.257868
2023-05-31,242476.807904,137064.434617,5280.670961,110693.044248,14,341.924927,71.7905,0.32395,17.940001,18.421377,7.25671
2023-06-01,245721.682271,141675.787766,6647.149742,110693.044248,14,345.874878,74.365756,0.324195,15.65,18.42049,7.255718
2023-06-02,247842.332573,144682.610571,7533.322245,110693.044248,14,348.468842,75.920401,0.324157,14.6,18.419267,7.254879
2023-06-05,249310.282481,144594.783359,5977.545126,110693.044248,14,348.714569,76.068467,0.322593,14.73,18.418087,7.254018
2023-06-06,249701.33057,144279.483743,5271.19742,110693.044248,14,348.655548,75.947669,0.320965,13.96,18.416661,7.253296
2023-06-07,245661.49297,130615.185692,2226.209661,117272.516939,13,342.740448,64.835326,0.321652,13.94,18.41523,7.252577
2023-06-08,249595.484192,121184.659164,2779.78889,131190.613918,11,346.994995,68.415033,0.321819,13.65,18.413707,7.251918
2023-06-09,251014.186758,117826.849741,2629.931683,135817.268699,10,348.321503,69.45895,0.321706,13.83,18.412243,7.251222
2023-06-12,255360.778593,122915.471945,3228.016804,135673.323452,10,354.207031,73.624288,0.320545,15.01,18.411156,7.250319
2023-06-13,257204.180087,112012.843354,3246.385401,148437.722134,9,356.928772,75.301843,0.317588,14.61,18.409943,7.249479
2023-06-14,258584.761261,101659.879423,3004.073776,159928.955615,8,359.522736,76.815318,0.312241,13.88,18.408497,7.248773
2023-06-15,260852.098777,91759.105221,3480.747839,172573.741396,7,363.806824,79.093893,0.312503,14.5,18.40725,7.247953
2023-06-16,260146.366761,64886.774525,2187.359214,197446.95145,5,361.517426,74.859818,0.311349,13.54,18.405697,7.247318
2023-06-20,260309.949864,64440.986428,1577.988014,197446.95145,5,360.999878,73.896755,0.307175,13.88,18.404254,7.246612
2023-06-21,258753.84019,62189.621536,882.732796,197446.95145,5,356.080322,65.297468,0.307417,13.2,18.402595,7.246053
2023-06-22,260316.532411,64049.097648,1179.516687,197446.95145,5,360.281616,68.652397,0.306348,12.91,18.400844,7.245561
2023-06-23,259299.205121,62411.346156,809.481755,197697.34072,5,356.709991,63.070098,0.306619,13.44,18.399264,7.244948
2023-06-26,257491.176331,60189.067361,395.231749,197697.34072,5,351.928131,56.451737,0.306665,14.25,18.397943,7.244172
2023-06-27,259952.110855,62853.277229,598.507093,197697.34072,5,357.979187,61.900141,0.304739,13.74,18.39646,7.243495
2023-06-28,260278.573818,63148.387481,567.154383,197697.34072,5,358.677856,62.483778,0.304581,13.43,18.394879,7.242884
2023-06-29,259971.196627,62726.364,452.508093,197697.34072,5,357.959534,61.441664,0.302177,13.54,18.393334,7.242249
2023-06-30,262270.813413,65254.221963,680.749269,197697.34072,5,363.479309,66.117976,0.302663,13.59,18.391807,7.241604
2023-07-03,262803.268746,65580.985079,475.057053,197697.34072,5,364.335358,66.790654,0.302225,13.57,18.390273,7.240962
2023-07-05,262915.223816,65538.056581,320.173484,197697.34072,5,364.3255,66.774215,0.302157,14.18,18.388935,7.2402
2023-07-06,261745.927476,64229.498913,180.912157,197697.34072,5,361.550842,62.137949,0.301732,15.44,18.387998,7.23924
2023-07-07,261232.329673,63658.83175,123.842797,197697.34072,5,360.350433,60.190823,0.301707,14.83,18.386868,7.238368
2023-07-10,261257.41872,63628.692863,295.724962,197924.450819,5,360.468567,60.32259,0.300724,15.07,18.385815,7.237459
2023-07-11,262043.624084,64431.133685,311.960419,197924.450819,5,362.249481,62.346035,0.300763,14.84,18.384689,7.236586
2023-07-12,264025.351959,24172.686801,401.725417,240254.390575,2,366.824677,67.001786,0.29986,13.54,18.383151,7.235952
2023-07-13,264971.236797,12292.511469,421.971289,253100.696618,1,373.052856,72.065371,0.300175,13.61,18.381637,7.235303
2023-07-14,264980.216603,12281.103307,401.583322,253100.696618,1,372.974182,71.915248,0.300155,13.34,18.380038,7.234712
2023-07-17,265257.76323,12587.013045,429.946433,253100.696618,1,376.457184,74.452547,0.3003,13.48,18.378484,7.234091
2023-07-18,265470.821622,12861.442621,491.317617,253100.696618,1,379.536865,76.476239,0.299736,13.3,18.376875,7.233509
2023-07-19,265483.307029,12847.948125,465.337714,253100.696618,1,379.448334,76.289155,0.299516,13.76,18.375412,7.23283
2023-07-20,264899.956404,12041.657519,242.397733,253100.696618,1,370.701263,60.532962,0.298888,13.99,18.374023,7.232105
2023-07-21,264828.685668,11933.494161,205.505111,253100.696618,1,369.589508,58.868765,0.298394,13.6,18.372511,7.231459
2023-07-24,264908.70444,11971.717489,163.709667,253100.696618,1,370.179871,59.50542,0.29796,13.91,18.371098,7.230749
2023-07-25,265109.096096,12190.919128,182.51965,253100.696618,1,372.688812,62.184343,0.297207,13.86,18.369671,7.23005
2023-07-26,265028.11615,12073.524152,146.10462,253100.696618,1,371.449097,60.06971,0.297144,13.19,18.368032,7.229493
2023-07-27,264966.397385,11982.304461,116.603694,253100.696618,1,370.563538,58.538359,0.296115,14.41,18.366781,7.228692
2023-07-28,265484.77168,12575.659087,191.584025,253100.696618,1,377.313202,65.71297,0.292819,13.33,18.365188,7.228104
2023-07-31,265554.616549,12580.829934,126.910003,253100.696618,1,377.51004,65.898298,0.292627,13.63,18.363692,7.227452
2023-08-01,265499.836936,12492.101862,92.961544,253100.696618,1,376.634338,64.234839,0.291917,13.93,18.362291,7.226739
2023-08-02,264819.938195,11739.783796,20.542219,253100.696618,1,368.369507,51.119319,0.293213,16.09,18.361573,7.22571
2023-08-03,264771.099884,11681.90836,11.505094,253100.696618,1,367.779114,50.328781,0.293192,15.92,18.360802,7.224699
2023-08-04,264607.981266,11511.192479,3.907831,253100.696618,1,366.05722,47.997439,0.291564,17.1,18.360404,7.223593
2023-08-07,264882.045229,11781.431637,0.083025,253100.696618,1,369.156586,52.28215,0.291675,15.77,18.359587,7.2226
2023-08-08,264592.650347,11491.953735,0.000005,253100.696618,1,366.017853,47.971467,0.29169,15.99,18.358839,7.221583
2023-08-09,264226.536128,11125.839511,215.969041,253316.665659,1,361.993622,43.068433,0.291989,15.96,18.358083,7.220569
2023-08-10,264283.550746,11179.702699,212.817611,253316.665659,1,362.662689,44.091563,0.291637,15.85,18.357292,7.219568
2023-08-11,264105.719115,10956.137863,167.084407,253316.665659,1,360.350433,41.327383,0.289949,14.84,18.356183,7.2187
2023-08-14,264442.164143,11310.189499,184.691015,253316.665659,1,364.394348,47.523588,0.290135,14.82,18.355069,7.217835
2023-08-15,264143.219243,10952.854586,126.301002,253316.665659,1,360.527618,42.862432,0.289566,16.459999,18.354472,7.216776
2023-08-16,263839.686296,10606.814923,83.794286,253316.665659,1,356.709991,38.814672,0.289725,16.780001,18.353977,7.215694
2023-08-17,263521.190105,10257.205757,52.68131,253316.665659,1,352.81369,35.164708,0.290027,17.889999,18.353831,7.214563
2023-08-18,263483.527418,10211.200605,44.338846,253316.665659,1,352.37088,34.764597,0.289685,17.299999,18.353499,7.213451
2023-08-21,263971.793698,10709.167005,54.038965,253316.665659,1,358.048065,43.621579,0.29028,17.129999,18.353114,7.212349
2023-08-22,263925.644175,10652.451333,43.472817,253316.665659,1,357.536407,43.054231,0.289276,16.969999,18.352679,7.211256
2023-08-23,264398.267871,11149.092859,67.490646,253316.665659,1,363.174316,50.668003,0.287983,15.98,18.351933,7.210245
2023-08-24,263746.05818,10453.11305,23.720529,253316.665659,1,355.411224,42.284573,0.289216,17.200001,18.351571,7.20914
2023-08-25,263985.871882,10696.674496,27.468273,253316.665659,1,358.166168,45.717098,0.289329,15.68,18.350732,7.208163
2023-08-28,264221.067998,10923.450446,19.048107,253316.665659,1,360.862183,48.918773,0.288731,15.08,18.349705,7.207264
2023-08-29,264892.234774,11617.561237,41.992122,253316.665659,1,368.743286,56.91818,0.285275,14.45,18.34848,7.206463
2023-08-30,265074.933223,11801.547792,43.280228,253316.665659,1,370.799652,58.734056,0.285038,13.88,18.347078,7.205767
2023-08-31,265176.71641,11898.280948,38.230196,253316.665659,1,371.911499,59.722571,0.284678,13.57,18.345579,7.205133
2023-09-01,265148.59076,11857.454359,25.529258,253316.665659,1,371.517975,59.182198,0.284572,13.09,18.34393,7.204603
2023-09-05,265200.732625,11885.469108,1.402141,253316.665659,1,371.990204,59.653959,0.284571,14.01,18.342571,7.203882
2023-09-06,264893.999072,0,0,264893.999072,0,368.713867,54.911976,0.284229,14.45,18.341351,7.203082
2023-09-07,264893.999072,0,0,264893.999072,0,366.076904,51.372403,0.284228,14.4,18.340116,7.202291
2023-09-08,264893.999072,0,0,264893.999072,0,366.58847,52.018562,0.283303,13.84,18.338706,7.201603
2023-09-11,264893.999072,0,0,264893.999072,0,370.907898,57.191059,0.283554,13.8,18.337285,7.200923
2023-09-12,264893.999072,0,0,264893.999072,0,366.795135,51.498428,0.282822,14.23,18.335999,7.200162
2023-09-13,264893.999072,0,0,264893.999072,0,368.192261,53.202523,0.282534,13.48,18.334479,7.199547
2023-09-14,264893.999072,0,0,264893.999072,0,371.203125,56.730759,0.274146,12.82,18.332753,7.199082
2023-09-15,264893.999072,0,0,264893.999072,0,364.846985,48.429692,0.274896,13.79,18.331333,7.198404
2023-09-18,264893.999072,0,0,264893.999072,0,365.227325,48.911421,0.274066,14,18.329978,7.197685
2023-09-19,264893.999072,0,0,264893.999072,0,364.448944,47.924761,0.273958,14.11,18.328659,7.196946
2023-09-20,264893.999072,0,0,264893.999072,0,359.197021,41.798091,0.274468,15.14,18.327663,7.196042
2023-09-21,264893.999072,0,0,264893.999072,0,352.614929,35.647414,0.275248,17.540001,18.327416,7.194931
2023-09-22,264893.999072,0,0,264893.999072,0,352.664185,35.723638,0.274302,17.200001,18.327064,7.193835
2023-09-25,264893.999072,0,0,264893.999072,0,354.339264,38.396036,0.273868,16.9,18.326619,7.192756
2023-09-26,264893.999072,0,0,264893.999072,0,349.018402,33.615075,0.273754,18.940001,18.32681,7.191641
2023-09-27,264893.999072,0,0,264893.999072,0,349.836304,34.955804,0.273687,18.219999,18.326777,7.190519
2023-09-28,264893.999072,0,0,264893.999072,0,352.762787,39.652181,0.273825,17.34,18.326469,7.189418
2023-09-29,264893.999072,0,0,264893.999072,0,353.018921,40.060102,0.272906,17.52,18.326218,7.188311
2023-10-02,264893.999072,0,0,264893.999072,0,355.965149,44.691286,0.270597,17.610001,18.325994,7.187201
2023-10-03,264893.999072,0,0,264893.999072,0,349.718018,37.98887,0.270657,19.780001,18.326447,7.186127
2023-10-04,264893.999072,0,0,264893.999072,0,354.477234,44.782819,0.269766,18.58,18.326526,7.185008
2023-10-05,264893.999072,0,0,264893.999072,0,353.4328,43.652523,0.267401,18.49,18.326577,7.18389
2023-10-06,264893.999072,0,0,264893.999072,0,359.354706,51.176911,0.268052,17.450001,18.326304,7.182788
2023-10-09,264893.999072,0,0,264893.999072,0,361.187408,53.257214,0.267878,17.700001,18.32611,7.181678
2023-10-10,264893.999072,0,0,264893.999072,0,363.187683,55.486547,0.263569,17.030001,18.325706,7.180597
2023-10-11,264893.999072,0,0,264893.999072,0,365.779144,58.263785,0.263308,16.09,18.325011,7.179588
2023-10-12,264893.999072,0,0,264893.999072,0,364.507965,56.404763,0.262737,16.690001,18.324502,7.178529
2023-10-13,264893.999072,0,0,264893.999072,0,359.926208,50.188877,0.263269,19.32,18.324812,7.177434
2023-10-16,264893.999072,0,0,264893.999072,0,363.995636,54.938696,0.262224,17.209999,18.324466,7.176346
2023-10-17,264893.999072,0,0,264893.999072,0,362.803375,53.334055,0.25947,17.879999,18.324327,7.175235
2023-10-18,264893.999072,0,0,264893.999072,0,358.044189,47.38453,0.257339,19.219999,18.324606,7.174137
2023-10-19,264893.999072,0,0,264893.999072,0,354.694061,43.689891,0.257528,21.4,18.32556,7.173228
2023-10-20,264893.999072,0,0,264893.999072,0,349.40271,38.574014,0.258195,21.709999,18.326611,7.172362
2023-10-23,264893.999072,0,0,264893.999072,0,350.457062,40.07964,0.258097,20.370001,18.327245,7.17134
2023-10-24,264893.999072,0,0,264893.999072,0,353.866333,44.791893,0.256936,18.969999,18.327444,7.170236
2023-10-25,264893.999072,0,0,264893.999072,0,345.2052,36.861044,0.258524,20.190001,18.328022,7.169199
2023-10-26,264893.999072,0,0,264893.999072,0,338.623077,32.195602,0.258579,20.68,18.328751,7.168207
2023-10-27,264893.999072,0,0,264893.999072,0,340.248871,34.404046,0.257117,21.27,18.329662,7.167283
2023-10-30,264893.999072,0,0,264893.999072,0,344.081879,39.414277,0.256362,19.75,18.330102,7.166216
2023-10-31,264893.999072,0,0,264893.999072,0,345.727386,41.480725,0.25399,18.139999,18.330043,7.165106
2023-11-01,264893.999072,0,0,264893.999072,0,351.728149,48.393464,0.254285,16.870001,18.329591,7.164043
2023-11-02,264893.999072,0,0,264893.999072,0,358.113098,54.54606,0.254732,15.66,18.328765,7.163088
2023-11-03,264893.999072,0,0,264893.999072,0,362.320526,58.091723,0.251321,14.91,18.327707,7.162232
2023-11-06,264893.999072,0,0,264893.999072,0,363.798584,59.29303,0.250059,14.89,18.326644,7.161379
2023-11-07,264893.999072,0,0,264893.999072,0,367.237457,62.02081,0.249632,14.81,18.325557,7.160538
2023-11-08,264893.999072,0,0,264893.999072,0,367.473938,62.208353,0.249368,14.45,18.324359,7.159755
2023-11-09,264893.999072,0,0,264893.999072,0,364.645996,58.488829,0.249502,15.29,18.323421,7.158847
2023-11-10,264893.999072,0,0,264893.999072,0,372.844055,65.01864,0.248991,14.17,18.322138,7.158113
2023-11-13,264893.999072,0,0,264893.999072,0,371.681305,63.493105,0.234449,14.76,18.321038,7.157281
2023-11-14,264893.999072,0,0,264893.999072,0,379.682312,68.900421,0.234798,14.16,18.319753,7.15655
2023-11-15,264893.999072,0,0,264893.999072,0,379.968109,69.076615,0.234491,14.18,18.318475,7.155814
2023-11-16,264893.999072,0,0,264893.999072,0,380.293304,69.289817,0.234005,14.32,18.317242,7.155055
2023-11-17,264893.999072,0,0,264893.999072,0,380.381897,69.351811,0.233317,13.8,18.315848,7.154391
2023-11-20,264893.999072,0,0,264893.999072,0,385.01297,72.479278,0.233645,13.41,18.314335,7.153806
2023-11-21,264893.999072,0,0,264893.999072,0,382.776306,68.826307,0.233796,13.35,18.312805,7.153234
2023-11-22,264893.999072,0,0,264893.999072,0,384.342987,69.968081,0.233402,12.85,18.311122,7.152774
2023-11-24,264893.999072,0,0,264893.999072,0,383.801086,69.026342,0.232899,12.46,18.309319,7.152409
2023-11-27,264893.999072,0,0,264893.999072,0,383.466034,68.413218,0.232675,12.69,18.307589,7.151987
2023-11-28,264893.999072,0,0,264893.999072,0,384.471069,69.294279,0.23249,12.69,18.305859,7.151565
2023-11-29,264893.999072,0,0,264893.999072,0,384.096619,68.527337,0.231703,12.98,18.30422,7.151075
2023-11-30,264893.999072,0,0,264893.999072,0,383.130951,66.483727,0.231501,12.92,18.302563,7.150598
2023-12-01,264893.999072,0,0,264893.999072,0,384.224762,67.660171,0.225568,12.63,18.300818,7.15019
2023-12-04,264893.999072,0,0,264893.999072,0,380.657837,60.235087,0.225919,13.08,18.299213,7.149676
2023-12-05,264893.999072,0,0,264893.999072,0,381.613617,61.455698,0.225841,12.85,18.297538,7.149215
2023-12-06,264893.999072,0,0,264893.999072,0,379.406372,57.096899,0.224947,12.97,18.2959,7.148727
2023-12-07,264893.999072,0,0,264893.999072,0,384.70755,63.747348,0.223874,13.06,18.294292,7.148217
2023-12-08,264893.999072,0,0,264893.999072,0,386.422058,65.604372,0.22381,12.35,18.292466,7.147878
2023-12-11,264893.999072,0,0,264893.999072,0,389.722961,68.906715,0.223625,12.63,18.290728,7.147469
2023-12-12,264893.999072,0,0,264893.999072,0,392.826813,71.661852,0.223569,12.07,18.288818,7.147203
2023-12-13,264893.999072,0,0,264893.999072,0,397.82251,75.43477,0.223581,12.19,18.286947,7.146904
2023-12-14,264893.999072,0,0,264893.999072,0,397.4776,74.695346,0.223316,12.48,18.285166,7.146531
2023-12-15,264893.999072,0,0,264893.999072,0,399.399017,76.100768,0.223103,12.28,18.283324,7.146209
2023-12-18,264893.999072,0,0,264893.999072,0,401.914673,77.836412,0.219025,12.56,18.28157,7.145816
2023-12-19,264893.999072,0,0,264893.999072,0,403.968323,79.166553,0.218653,12.53,18.279807,7.14543
2023-12-20,264893.999072,0,0,264893.999072,0,397.965485,66.587079,0.218741,13.67,18.278395,7.144791
2023-12-21,264893.999072,0,0,264893.999072,0,402.595917,70.483256,0.219047,13.65,18.276977,7.144155
2023-12-22,264893.999072,0,0,264893.999072,0,403.198273,70.957686,0.218509,13.03,18.27537,7.143651
2023-12-26,264893.999072,0,0,264893.999072,0,405.666473,72.881161,0.216248,12.99,18.273753,7.143156
2023-12-27,264893.999072,0,0,264893.999072,0,406.492279,73.513233,0.216247,12.43,18.271965,7.142794
2023-12-28,264893.999072,0,0,264893.999072,0,406.294769,73.074544,0.215406,12.47,18.27019,7.142422
2023-12-29,264893.999072,0,0,264893.999072,0,404.536377,69.11991,0.214767,12.45,18.26841,7.142055
2024-01-02,264893.999072,0,0,264893.999072,0,397.690735,56.337306,0.214279,13.2,18.26686,7.141513
2024-01-03,264893.999072,0,0,264893.999072,0,393.482574,50.19238,0.21477,14.04,18.265568,7.140803
2024-01-04,264893.999072,0,0,264893.999072,0,391.457581,47.507066,0.214687,14.13,18.264305,7.140078
2024-01-05,264893.999072,0,0,264893.999072,0,391.921814,48.191382,0.214655,13.35,18.262804,7.139504
2024-01-08,264893.999072,0,0,264893.999072,0,400.022034,58.385421,0.214813,13.08,18.261221,7.138988
2024-01-09,264893.999072,0,0,264893.999072,0,400.812286,59.228284,0.212611,12.76,18.259542,7.138545
2024-01-10,264893.999072,0,0,264893.999072,0,403.528809,62.072106,0.212622,12.69,18.257843,7.138118
2024-01-11,264893.999072,0,0,264893.999072,0,404.368469,62.932722,0.212466,12.44,18.256068,7.137752
2024-01-12,264893.999072,0,0,264893.999072,0,404.575928,63.155175,0.211646,12.7,18.254373,7.137323
2024-01-16,264893.999072,0,0,264893.999072,0,404.536377,63.077455,0.211605,13.84,18.253027,7.136651
2024-01-17,264893.999072,0,0,264893.999072,0,402.254517,58.597057,0.211684,14.79,18.251972,7.135819
2024-01-18,264893.999072,0,0,264893.999072,0,407.964233,65.248633,0.212222,14.13,18.250716,7.135094
2024-01-19,264893.999072,0,0,264893.999072,0,416.054504,72.09055,0.212593,13.3,18.249208,7.134531
2024-01-22,264893.999072,0,0,264893.999072,0,416.597839,72.482388,0.212137,13.19,18.247667,7.13399
2024-01-23,264893.999072,0,0,264893.999072,0,418.326508,73.745348,0.209962,12.55,18.245933,7.133597
2024-01-24,264893.999072,0,0,264893.999072,0,420.64798,75.37957,0.208581,13.14,18.244379,7.133067
2024-01-25,264893.999072,0,0,264893.999072,0,421.161591,75.739371,0.208537,13.45,18.242921,7.132472
2024-01-26,264893.999072,0,0,264893.999072,0,418.652527,70.332051,0.208684,13.26,18.241405,7.131916
2024-01-29,264893.999072,0,0,264893.999072,0,422.939728,73.777047,0.207848,13.6,18.239994,7.131291
2024-01-30,264893.999072,0,0,264893.999072,0,420.12439,68.178324,0.207834,13.31,18.238495,7.130725
2024-01-31,264893.999072,0,0,264893.999072,0,411.895782,55.032999,0.207738,14.35,18.237314,7.129963
2024-02-01,264893.999072,0,0,264893.999072,0,416.746033,59.936401,0.207477,13.88,18.23599,7.129284
2024-02-02,264893.999072,0,0,264893.999072,0,423.789185,65.773001,0.206939,13.85,18.234658,7.128611
2024-02-05,264893.999072,0,0,264893.999072,0,423.236023,64.972414,0.202911,13.67,18.233273,7.127972
2024-02-06,264893.999072,0,0,264893.999072,0,422.386536,63.690308,0.201625,13.06,18.231703,7.12746
2024-02-07,264893.999072,0,0,264893.999072,0,426.732941,67.251122,0.201556,12.83,18.230064,7.126999
2024-02-08,264893.999072,0,0,264893.999072,0,427.523285,67.86819,0.200241,12.79,18.228414,7.126548
2024-02-09,264893.999072,0,0,264893.999072,0,431.731415,71.001278,0.199141,12.93,18.226807,7.126064
2024-02-12,264893.999072,0,0,264893.999072,0,430.042175,68.129446,0.198857,13.93,18.225505,7.125377
2024-02-13,264893.999072,0,0,264893.999072,0,423.334839,58.083531,0.199694,15.85,18.224785,7.124417
2024-02-14,264893.999072,0,0,264893.999072,0,427.947998,62.210736,0.199257,14.38,18.22362,7.123651
2024-02-15,264893.999072,0,0,264893.999072,0,429.222321,63.286129,0.199137,14.01,18.222344,7.12295
2024-02-16,264893.999072,0,0,264893.999072,0,425.330231,57.869414,0.199394,14.24,18.221138,7.122208
2024-02-20,264893.999072,0,0,264893.999072,0,422.119843,53.780467,0.198185,15.42,18.220291,7.121297
2024-02-21,264893.999072,0,0,264893.999072,0,420.430664,51.710132,0.19803,15.34,18.219419,7.120395
2024-02-22,264893.999072,0,0,264893.999072,0,432.738983,62.913327,0.198393,14.54,18.218306,7.119606
2024-02-23,264893.999072,0,0,264893.999072,0,431.464691,61.327,0.198466,13.75,18.216955,7.118953
2024-02-26,264893.999072,0,0,264893.999072,0,431.237457,61.031477,0.198297,13.74,18.215602,7.118302
2024-02-27,264893.999072,0,0,264893.999072,0,432.274719,61.933228,0.19705,13.43,18.214155,7.117712
2024-02-28,264893.999072,0,0,264893.999072,0,429.973053,58.68789,0.197116,13.84,18.212834,7.117043
2024-02-29,264893.999072,0,0,264893.999072,0,433.657623,62.110694,0.197261,13.4,18.21138,7.116459
2024-03-01,264893.999072,0,0,264893.999072,0,440.187195,67.283787,0.197559,13.11,18.20984,7.115936
2024-03-04,264893.999072,0,0,264893.999072,0,438.616547,64.985374,0.197503,13.49,18.208415,7.115335
2024-03-05,264893.999072,0,0,264893.999072,0,430.743561,54.867718,0.197621,14.46,18.207284,7.114559
2024-03-06,264893.999072,0,0,264893.999072,0,433.450226,57.327476,0.197702,14.5,18.206166,7.113777
2024-03-07,264893.999072,0,0,264893.999072,0,440.029205,62.655223,0.197656,14.44,18.20503,7.113004
2024-03-08,264893.999072,0,0,264893.999072,0,433.677399,55.45627,0.198566,14.74,18.203986,7.112186
2024-03-11,264893.999072,0,0,264893.999072,0,432.067261,53.769716,0.197341,15.22,18.203086,7.111303
2024-03-12,264893.999072,0,0,264893.999072,0,438.260956,58.942386,0.197001,13.84,18.201772,7.110634
2024-03-13,264893.999072,0,0,264893.999072,0,434.892456,55.317282,0.197208,13.75,18.200431,7.109983
2024-03-14,264893.999072,0,0,264893.999072,0,433.795959,54.149814,0.195634,14.4,18.199286,7.109218
2024-03-15,264893.999072,0,0,264893.999072,0,428.639496,48.920937,0.196256,14.41,18.198146,7.108451
2024-03-18,264893.999072,0,0,264893.999072,0,432.7276,52.811416,0.194263,14.33,18.196982,7.107698
2024-03-19,264893.999072,0,0,264893.999072,0,433.805786,53.81063,0.194124,13.82,18.195665,7.107034
2024-03-20,264893.999072,0,0,264893.999072,0,438.94931,58.342399,0.194503,13.04,18.194114,7.106527
2024-03-21,264893.999072,0,0,264893.999072,0,441.026459,60.047164,0.193942,12.92,18.192529,7.106047
2024-03-22,264893.999072,0,0,264893.999072,0,441.530914,60.470256,0.193081,13.06,18.190986,7.105536
2024-03-25,264893.999072,0,0,264893.999072,0,439.928528,58.356264,0.192783,13.19,18.189483,7.104997
2024-03-26,264893.999072,0,0,264893.999072,0,438.50412,56.466513,0.192847,13.24,18.187996,7.104447
2024-03-27,264893.999072,0,0,264893.999072,0,439.997742,58.002309,0.192601,12.78,18.186372,7.103998
2024-03-28,264893.999072,0,0,264893.999072,0,439.186676,56.829879,0.192468,13.01,18.184818,7.103498
2024-04-01,264893.999072,0,0,264893.999072,0,440.116455,57.880942,0.19143,13.65,18.183457,7.102866
2024-04-02,264893.999072,0,0,264893.999072,0,436.318146,52.280991,0.191569,14.61,18.182385,7.10207
2024-04-03,264893.999072,0,0,264893.999072,0,437.297455,53.529355,0.190702,14.33,18.18123,7.101318
2024-04-04,264893.999072,0,0,264893.999072,0,430.610809,44.893478,0.191702,16.35,18.180681,7.100323
2024-04-05,264893.999072,0,0,264893.999072,0,435.685089,51.312681,0.192031,16.030001,18.180036,7.099357
2024-04-08,264893.999072,0,0,264893.999072,0,435.813721,51.467019,0.191558,15.19,18.17914,7.098481
2024-04-09,264893.999072,0,0,264893.999072,0,437.426025,53.458524,0.19147,14.98,18.178182,7.097633
2024-04-10,264893.999072,0,0,264893.999072,0,433.60791,48.394169,0.19184,15.8,18.177469,7.09669
2024-04-11,264893.999072,0,0,264893.999072,0,440.53183,56.451138,0.192403,14.91,18.176491,7.095852
2024-04-12,264893.999072,0,0,264893.999072,0,433.508972,48.226688,0.19315,17.309999,18.176232,7.094805
2024-04-15,264893.999072,0,0,264893.999072,0,426.377319,41.598789,0.19312,19.23,18.176547,7.093767
2024-04-16,264893.999072,0,0,264893.999072,0,426.416931,41.64676,0.193088,18.4,18.176614,7.092707
2024-04-17,264893.999072,0,0,264893.999072,0,421.213989,37.311614,0.193767,18.209999,18.176624,7.091646
2024-04-18,264893.999072,0,0,264893.999072,0,418.810486,35.474568,0.193939,18,18.176571,7.090586
2024-04-19,264893.999072,0,0,264893.999072,0,410.14563,29.781747,0.195728,18.709999,18.17673,7.089532
2024-04-22,264893.999072,0,0,264893.999072,0,414.270294,35.119251,0.195738,16.940001,18.176361,7.088505
2024-04-23,264893.999072,0,0,264893.999072,0,420.452454,42.209782,0.196424,15.69,18.175618,7.087576
2024-04-24,264893.999072,0,0,264893.999072,0,421.876801,43.735443,0.196401,15.97,18.17496,7.08662
2024-04-25,264893.999072,0,0,264893.999072,0,419.839142,42.026123,0.195018,15.37,18.174122,7.085728
2024-04-26,264893.999072,0,0,264893.999072,0,426.318024,48.868843,0.195662,15.03,18.173184,7.084878
2024-04-29,264893.999072,0,0,264893.999072,0,428.04895,50.548196,0.193261,14.67,18.172139,7.084079
2024-04-30,264893.999072,0,0,264893.999072,0,419.977631,43.391515,0.194662,15.65,18.171387,7.083157
2024-05-01,264893.999072,0,0,264893.999072,0,416.940979,41.037435,0.194902,15.39,18.170558,7.082263
2024-05-02,264893.999072,0,0,264893.999072,0,422.262543,46.513741,0.195034,14.68,18.169517,7.081464
2024-05-03,264893.999072,0,0,264893.999072,0,430.749359,53.87187,0.196097,13.49,18.168123,7.080869
2024-05-06,264893.999072,0,0,264893.999072,0,435.467499,57.382042,0.196349,13.49,18.166729,7.080274
2024-05-07,264893.999072,0,0,264893.999072,0,435.536743,57.433238,0.194915,13.23,18.165259,7.079732
2024-05-08,264893.999072,0,0,264893.999072,0,435.279541,57.158578,0.194922,13,18.163721,7.079239
2024-05-09,264893.999072,0,0,264893.999072,0,436.229156,57.957994,0.19471,12.69,18.162092,7.078815
2024-05-10,264893.999072,0,0,264893.999072,0,437.257874,58.853716,0.194375,12.55,18.160422,7.078424
2024-05-13,264893.999072,0,0,264893.999072,0,438.266754,59.759207,0.194364,13.6,18.159066,7.077807
2024-05-14,264893.999072,0,0,264893.999072,0,441.085815,62.258528,0.194375,13.42,18.157657,7.077227
2024-05-15,264893.999072,0,0,264893.999072,0,447.980072,67.564277,0.195062,12.45,18.15596,7.076859
2024-05-16,264893.999072,0,0,264893.999072,0,447.070068,66.240569,0.195103,12.42,18.154256,7.076497
2024-05-17,264893.999072,0,0,264893.999072,0,446.852478,65.908066,0.194686,11.99,18.152424,7.076244
2024-05-20,264893.999072,0,0,264893.999072,0,449.968262,68.357439,0.193711,12.15,18.150642,7.075949
2024-05-21,264893.999072,0,0,264893.999072,0,450.848572,69.034357,0.193668,11.86,18.148774,7.075728
2024-05-22,264893.999072,0,0,264893.999072,0,450.759552,68.873902,0.193658,12.29,18.147035,7.075398
2024-05-23,264893.999072,0,0,264893.999072,0,448.731842,65.158832,0.19305,12.77,18.145439,7.074954
2024-05-24,264893.999072,0,0,264893.999072,0,452.97522,68.935177,0.193143,11.93,18.143595,7.074714
2024-05-28,264893.999072,0,0,264893.999072,0,454.686462,70.331725,0.191216,12.92,18.142046,7.074236
2024-05-29,264893.999072,0,0,264893.999072,0,451.481598,64.484805,0.189273,14.28,18.140901,7.0735
2024-05-30,264893.999072,0,0,264893.999072,0,446.644775,56.808934,0.189762,14.47,18.139813,7.072734
2024-05-31,264893.999072,0,0,264893.999072,0,445.813873,55.584878,0.18962,12.92,18.138267,7.072256
2024-06-03,264893.999072,0,0,264893.999072,0,448.207642,58.36798,0.189275,13.11,18.136777,7.071738
2024-06-04,264893.999072,0,0,264893.999072,0,449.434113,59.75929,0.189127,13.16,18.135304,7.071209
2024-06-05,264893.999072,0,0,264893.999072,0,458.494598,68.211114,0.190489,12.63,18.133674,7.070797
2024-06-06,264893.999072,0,0,264893.999072,0,458.336365,67.942728,0.190491,12.58,18.13203,7.070396
2024-06-07,264893.999072,0,0,264893.999072,0,457.930786,67.212737,0.189241,12.22,18.130281,7.070081
2024-06-10,264893.999072,0,0,264893.999072,0,459.780487,68.85619,0.188793,12.74,18.128687,7.069642
2024-06-11,264893.999072,0,0,264893.999072,0,462.935822,71.4822,0.18889,12.85,18.127126,7.06918
2024-06-12,264893.999072,0,0,264893.999072,0,468.999237,75.719083,0.188496,12.04,18.125327,7.068909
2024-06-13,264893.999072,0,0,264893.999072,0,471.54129,77.245423,0.188402,11.94,18.123499,7.068664
2024-06-14,264893.999072,0,0,264893.999072,0,473.984528,78.635517,0.188321,12.66,18.121885,7.068243
2024-06-17,264893.999072,0,0,264893.999072,0,479.790741,81.524147,0.188348,12.75,18.120298,7.067802
2024-06-18,264893.999072,0,0,264893.999072,0,479.939087,81.592626,0.188139,12.3,18.11858,7.067466
2024-06-20,264893.999072,0,0,264893.999072,0,476.239746,74.206302,0.188415,13.28,18.117152,7.066912
2024-06-21,264893.999072,0,0,264893.999072,0,474.963776,71.792199,0.187624,13.2,18.115701,7.066373
2024-06-24,264893.999072,0,0,264893.999072,0,469.556458,62.511125,0.187795,13.33,18.114289,7.065809
2024-06-25,264893.999072,0,0,264893.999072,0,474.926086,67.06449,0.187731,12.84,18.112734,7.065347
2024-06-26,264893.999072,0,0,264893.999072,0,475.906921,67.833047,0.186904,12.55,18.111094,7.064951
2024-06-27,264893.999072,0,0,264893.999072,0,477.135376,68.814594,0.185934,12.24,18.109363,7.064629
2024-06-28,264893.999072,0,0,264893.999072,0,474.6586,64.538637,0.186087,12.44,18.107693,7.064258
2024-07-01,264893.999072,0,0,264893.999072,0,477.442505,67.019285,0.186136,12.22,18.105959,7.06394
2024-07-02,264893.999072,0,0,264893.999072,0,482.455505,70.958877,0.185692,12.03,18.10417,7.063669
2024-07-03,264893.999072,0,0,264893.999072,0,486.477753,73.67594,0.185886,12.09,18.102399,7.063383
2024-07-05,264893.999072,0,0,264893.999072,0,491.550171,76.643654,0.18621,12.48,18.100745,7.063001
2024-07-08,264893.999072,0,0,264893.999072,0,492.719238,77.279421,0.185911,12.37,18.099059,7.062646
2024-07-09,264893.999072,0,0,264893.999072,0,493.145203,77.519535,0.18583,12.51,18.097415,7.062258
2024-07-10,264893.999072,0,0,264893.999072,0,498.286987,80.234863,0.186149,12.85,18.095872,7.061792
2024-07-11,264893.999072,0,0,264893.999072,0,487.359528,62.858117,0.188212,12.92,18.09435,7.061312
2024-07-12,264893.999072,0,0,264893.999072,0,490.222656,64.997139,0.187798,12.46,18.092695,7.060934
2024-07-15,264893.999072,0,0,264893.999072,0,491.540314,65.968496,0.186855,13.12,18.091234,7.060411
2024-07-16,264893.999072,0,0,264893.999072,0,491.728516,66.113144,0.18685,13.19,18.089794,7.059874
2024-07-17,264893.999072,0,0,264893.999072,0,477.293884,48.933791,0.190228,14.48,18.088735,7.059108
2024-07-18,264893.999072,0,0,264893.999072,0,475.035065,46.880857,0.190151,15.93,18.088101,7.058169
2024-07-19,264893.999072,0,0,264893.999072,0,470.824554,43.239334,0.190509,16.52,18.087641,7.057184
2024-07-22,264893.999072,0,0,264893.999072,0,477.838776,50.181676,0.189,14.91,18.086709,7.056358
2024-07-23,264893.999072,0,0,264893.999072,0,476.154572,48.643235,0.189017,14.72,18.085721,7.055559
2024-07-24,264893.999072,0,0,264893.999072,0,459.074738,36.441836,0.194307,18.040001,18.085708,7.054524
2024-07-25,264893.999072,0,0,264893.999072,0,454.012238,33.740349,0.194703,18.459999,18.085818,7.053493
2024-07-26,264893.999072,0,0,264893.999072,0,458.668579,38.272902,0.194967,16.389999,18.085321,7.052519
2024-07-29,264893.999072,0,0,264893.999072,0,459.589874,39.159699,0.194933,16.6,18.084886,7.051531
2024-07-30,264893.999072,0,0,264893.999072,0,453.279114,35.407305,0.194621,17.690001,18.08477,7.050502
2024-07-31,264893.999072,0,0,264893.999072,0,466.693329,47.026937,0.197589,16.360001,18.084265,7.049531
2024-08-01,264893.999072,0,0,264893.999072,0,455.389313,40.427093,0.199885,18.59,18.084413,7.048505
2024-08-02,264893.999072,0,0,264893.999072,0,444.580688,35.322504,0.200201,23.389999,18.085965,7.048057
2024-08-05,264893.999072,7275.601261,65.002313,257683.400124,1,431.324982,30.273875,0.203614,38.57,18.091957,7.055729
2024-08-06,265161.043261,14910.126524,151.58575,250402.502487,2,435.44635,33.458356,0.20379,27.709999,18.094769,7.056613
2024-08-07,264564.588563,14250.902083,88.816008,250402.502487,2,430.73056,31.675702,0.204048,27.85,18.097621,7.057553
2024-08-08,266342.910307,16230.81495,290.40713,250402.502487,2,443.906982,41.116035,0.206799,23.790001,18.099284,7.057192
2024-08-09,266617.83103,16542.245031,326.916489,250402.502487,2,446.225281,42.618285,0.206375,20.370001,18.099947,7.056268
2024-08-12,266768.415875,16653.942284,288.028896,250402.502487,2,447.186279,43.264443,0.206378,20.709999,18.10071,7.055378
2024-08-13,268107.035642,18378.235515,673.702361,250402.502487,2,458.282196,50.232842,0.208138,18.120001,18.100715,7.054347
2024-08-14,268135.562995,18376.480472,643.419964,250402.502487,2,458.430786,50.320838,0.207775,16.190001,18.100158,7.053393
2024-08-15,269257.626284,20221.155861,1366.032064,250402.502487,2,470.012207,56.741098,0.209296,15.23,18.09932,7.052534
2024-08-16,269326.035055,20288.223193,1364.690625,250402.502487,2,470.616516,57.052982,0.208821,14.8,18.098358,7.05173
2024-08-19,269849.043592,21240.727838,1794.186734,250402.502487,2,476.798584,60.213194,0.208802,14.65,18.097352,7.050947
2024-08-20,269838.36543,21071.201335,1635.338392,250402.502487,2,475.797974,59.450666,0.208819,15.88,18.096706,7.050021
2024-08-21,269985.402289,21390.490907,1807.591106,250402.502487,2,478.01709,60.641104,0.2081,16.27,18.096173,7.049062
2024-08-22,269573.887372,20210.436626,1039.051741,250402.502487,2,470.438202,54.73135,0.209091,17.549999,18.096014,7.048041
2024-08-23,269965.69244,20995.016994,1431.827041,250402.502487,2,475.540344,57.718676,0.208683,15.86,18.095363,7.047117
2024-08-26,269758.866669,20179.236804,822.872623,250402.502487,2,470.923615,54.231278,0.207301,16.15,18.094796,7.046169
2024-08-27,269924.443842,20386.880867,864.939513,250402.502487,2,472.330414,55.121114,0.207161,15.43,18.09402,7.04529
2024-08-28,269509.988613,19547.347794,439.861668,250402.502487,2,466.970703,51.048982,0.207559,17.110001,18.093734,7.044284
2024-08-29,269438.463163,19374.37718,338.416504,250402.502487,2,466.28714,50.536205,0.206092,15.65,18.093023,7.043382
2024-08-30,270061.153141,20252.716735,594.066081,250402.502487,2,471.844971,54.535006,0.206434,15,18.092123,7.042555
2024-09-03,268523.701434,18121.627603,0.428656,250402.502487,2,457.519318,44.539938,0.209913,20.719999,18.092887,7.041674
2024-09-04,268334.931593,17932.429666,76.107801,250478.609728,2,456.330444,43.822128,0.209941,21.32,18.093826,7.040865
2024-09-05,268392.56454,17986.763759,151.725813,250557.526594,2,456.7565,44.169382,0.20994,19.9,18.09435,7.039909
2024-09-06,266767.276928,16255.892963,46.14263,250557.526594,2,444.52124,37.080746,0.212294,22.379999,18.095596,7.039265
2024-09-09,267573.18218,17074.620412,58.964826,250557.526594,2,450.23761,41.781767,0.212568,19.450001,18.095989,7.03828
2024-09-10,268170.777614,17694.006732,80.755713,250557.526594,2,454.398651,45.002943,0.212805,19.08,18.096275,7.037278
2024-09-11,269594.748702,19226.968751,189.746643,250557.526594,2,464.266083,51.81192,0.213846,17.690001,18.096157,7.036259
2024-09-12,270216.418831,19916.288853,257.396617,250557.526594,2,468.823395,54.60716,0.213617,17.07,18.095859,7.03526
2024-09-13,270510.457307,20236.078592,283.147879,250557.526594,2,470.923615,55.877387,0.213631,16.559999,18.095413,7.034287
2024-09-16,270258.844817,19875.964034,174.645812,250557.526594,2,468.84317,54.257698,0.213554,17.139999,18.095136,7.033286
2024-09-17,270263.674007,19861.85954,155.712127,250557.526594,2,469.09082,54.427042,0.212426,17.610001,18.094996,7.032271
2024-09-18,269985.548978,19537.842024,109.819641,250557.526594,2,467.059875,52.703833,0.212523,18.23,18.095035,7.031252
2024-09-19,271689.909283,21466.952245,334.569557,250557.526594,2,478.86911,60.529243,0.214429,16.33,18.094523,7.030297
2024-09-20,271566.989755,21281.591377,272.128217,250557.526594,2,477.957703,59.708154,0.213636,16.15,18.09396,7.029356
2024-09-23,271760.296288,21407.007822,204.238128,250557.526594,2,479.224609,60.510069,0.21233,15.89,18.093322,7.028438
2024-09-24,272100.925428,21771.388571,227.989737,250557.526594,2,481.536194,61.996301,0.21237,15.39,18.092539,7.027571
2024-09-25,272186.792466,21832.024402,202.758531,250557.526594,2,481.982635,62.291476,0.212328,15.41,18.091763,7.026701
2024-09-26,272679.583641,22383.768873,261.711826,250557.526594,2,485.60379,64.687283,0.211543,15.37,18.090975,7.025837
2024-09-27,272347.908936,21939.128372,148.74603,250557.526594,2,482.905304,61.549007,0.2117,16.959999,18.090648,7.024847
2024-09-30,272608.243367,22116.07674,65.359967,250557.526594,2,484.214844,62.499806,0.211537,16.73,18.090254,7.023869
2024-10-01,271594.462475,21043.095573,6.159693,250557.526594,2,477.468567,54.96003,0.21233,19.26,18.090593,7.022881
2024-10-02,271690.42515,21134.887321,1.988765,250557.526594,2,478.14325,55.537716,0.212157,18.9,18.090827,7.021879
2024-10-03,271581.189383,21023.829325,0.166536,250557.526594,2,477.786072,55.134547,0.210948,20.49,18.09152,7.020983
2024-10-04,272486.320054,21928.840126,81.392499,250638.872427,2,483.470764,60.099188,0.210816,19.209999,18.091843,7.019994
2024-10-07,271674.033257,21075.00068,122.838831,250721.871407,2,478.292023,54.213647,0.211249,22.639999,18.093156,7.019406
2024-10-08,272737.541201,22217.820248,202.150454,250721.871407,2,485.435089,60.028204,0.21107,21.42,18.094117,7.01862
2024-10-09,273308.009235,22839.088468,252.95064,250721.871407,2,489.254761,62.752204,0.21117,20.860001,18.094915,7.017764
2024-10-10,273233.299641,22735.693397,224.265163,250721.871407,2,488.699188,62.089422,0.211124,20.93,18.095733,7.016917
2024-10-11,273349.904395,22847.57018,219.537192,250721.871407,2,489.463074,62.673183,0.211003,20.459999,18.096415,7.016019
2024-10-14,273985.306256,23502.436142,239.001292,250721.871407,2,493.570374,65.728913,0.211105,19.700001,18.096877,7.01506
2024-10-15,273004.385968,22402.64258,120.128019,250721.871407,2,486.97287,57.575496,0.211184,20.639999,18.09761,7.014182
2024-10-16,273005.956477,22390.537272,106.452202,250721.871407,2,487.03244,57.626607,0.210841,19.58,18.098037,7.013216
2024-10-17,273058.669008,22433.556545,96.758944,250721.871407,2,487.369751,57.935632,0.210774,19.110001,18.098329,7.012226
2024-10-18,273536.4934,22930.452438,115.830445,250721.871407,2,490.56427,60.847803,0.210158,18.030001,18.098309,7.011216
2024-10-21,273683.879116,23043.611883,81.604175,250721.871407,2,491.506775,61.6905,0.209767,18.370001,18.098388,7.010208
2024-10-22,273742.724373,23092.245958,71.392992,250721.871407,2,492.042542,62.188712,0.208843,18.200001,18.098417,7.009199
2024-10-23,272568.413274,21868.695573,22.153706,250721.871407,2,484.502533,51.94944,0.209804,19.24,18.098745,7.008217
2024-10-24,273193.897198,22501.769193,29.743403,250721.871407,2,488.431274,56.013355,0.20972,19.08,18.099028,7.007228
2024-10-25,273599.003687,22909.915471,32.783192,250721.871407,2,491.407562,58.852551,0.207433,20.33,18.099669,7.006322
2024-10-28,273554.391979,22844.407187,11.886616,250721.871407,2,491.486938,58.928691,0.205941,19.799999,18.100158,7.005374
2024-10-29,274336.682517,23633.244153,18.433042,250721.871407,2,496.20932,63.281866,0.206132,19.34,18.100515,7.004398
2024-10-30,273707.922047,22991.583231,5.532591,250721.871407,2,492.459229,58.022543,0.206086,20.35,18.101161,7.003495
2024-10-31,271737.320302,21015.563905,0.11501,250721.871407,2,480.028229,44.746739,0.208574,23.16,18.102614,7.003014
2024-11-01,272280.235135,21558.454064,0.090337,250721.871407,2,483.579895,48.380752,0.207822,21.879999,18.103699,7.002301
2024-11-04,271988.191012,21266.319606,77.566235,250799.437641,2,482.171143,47.058679,0.206901,21.98,18.104812,7.001603
2024-11-05,272952.711628,22270.946451,117.672464,250799.437641,2,488.322113,53.086673,0.206978,20.49,18.105497,7.000715
2024-11-06,275066.758553,24560.605575,374.419075,250880.572053,2,501.586548,62.897596,0.209221,16.27,18.10497,6.999779
2024-11-07,276204.534718,25918.626666,594.664001,250880.572053,2,509.483643,67.284254,0.209703,15.2,18.104137,6.998947
2024-11-08,276304.052969,26011.451323,587.970407,250880.572053,2,510.078918,67.595265,0.209701,14.94,18.103229,6.998149
2024-11-11,276312.670913,25922.287431,490.18857,250880.572053,2,509.781372,67.251121,0.209432,14.97,18.102331,6.997346
2024-11-12,276165.357994,25709.418543,424.632601,250880.572053,2,508.858612,66.126726,0.207945,14.71,18.101359,6.996579
2024-11-13,276086.892837,25585.127091,378.806307,250880.572053,2,508.203857,65.29255,0.207901,14.02,18.100189,6.995917
2024-11-14,275550.68294,24932.385306,262.274419,250880.572053,2,504.671997,60.834545,0.206722,14.31,18.099103,6.995209
2024-11-15,273750.526573,22952.593029,82.638509,250880.572053,2,492.647736,48.65471,0.20893,16.139999,18.098542,6.994286
2024-11-18,274302.626324,23500.176921,78.122649,250880.572053,2,496.070465,51.62379,0.209049,15.58,18.097821,6.993414
2024-11-19,274853.54585,24070.394784,97.420987,250880.572053,2,499.483276,54.45202,0.209163,16.35,18.097321,6.992475
2024-11-20,274799.300165,23998.812098,80.083986,250880.572053,2,499.195618,54.164579,0.20875,17.16,18.097053,6.991493
2024-11-21,275087.271476,24289.526181,82.826757,250880.572053,2,500.991272,55.735379,0.208608,16.870001,18.096702,6.990523
2024-11-22,275220.020625,24415.450062,76.00149,250880.572053,2,501.794891,56.454619,0.208578,15.24,18.095885,6.98969
2024-11-25,275358.24438,24520.072619,42.400291,250880.572053,2,502.588531,57.194354,0.208557,14.6,18.094886,6.988941
2024-11-26,275806.949583,24973.783475,47.405944,250880.572053,2,505.287048,59.701118,0.208607,14.1,18.093744,6.988268
2024-11-27,275154.544486,24291.125355,17.152922,250880.572053,2,501.308746,54.622547,0.208878,14.1,18.092603,6.987595
2024-11-29,275896.456635,25030.422813,14.53823,250880.572053,2,505.713654,58.801471,0.209068,13.51,18.091294,6.987026
2024-12-02,276837.27062,25959.567652,2.869084,250880.572053,2,511.219788,63.345549,0.209348,13.34,18.089937,6.98649
2024-12-03,277102.543953,26222.197711,0.22581,250880.572053,2,512.787354,64.544527,0.209351,13.3,18.08857,6.985961
2024-12-04,278203.832517,27323.267769,86.024222,250966.58897,2,519.126953,68.965784,0.209394,13.45,18.087246,6.985403
2024-12-05,277957.47637,27061.830947,70.943547,250966.58897,2,517.688354,66.926293,0.209443,13.54,18.085949,6.984829
2024-12-06,278742.585079,27869.388608,177.338526,251050.534997,2,522.321411,70.002952,0.209475,12.77,18.084432,6.984409
2024-12-09,278069.976499,27115.202704,95.761203,251050.534997,2,518.253845,64.343758,0.209205,14.19,18.083322,6.983723
2024-12-10,277773.561411,26796.133575,73.107161,251050.534997,2,516.487915,62.000309,0.209241,14.18,18.082209,6.983038
2024-12-11,279339.927692,28439.317836,149.925142,251050.534997,2,525.734253,68.474582,0.210002,13.58,18.080926,6.982456
2024-12-12,278778.968368,27828.764158,100.330788,251050.534997,2,522.341309,64.15508,0.210045,13.92,18.079741,6.981815
2024-12-13,279444.372018,28520.637009,126.799988,251050.534997,2,526.339539,66.811901,0.209734,13.81,18.078525,6.981192
2024-12-16,280735.311913,29862.794765,178.01785,251050.534997,2,533.919128,71.17388,0.210316,14.69,18.07756,6.980432
2024-12-17,280355.764285,29432.089342,126.860055,251050.534997,2,531.56781,68.18017,0.210376,15.87,18.076931,6.979537
2024-12-18,277200.218139,26164.212678,14.529537,251050.534997,2,512.390442,49.786671,0.215136,27.620001,18.079647,6.9804
2024-12-19,276802.837575,25760.550761,8.248184,251050.534997,2,510.108704,48.123174,0.215176,24.09,18.081357,6.980143
2024-12-20,277543.358264,26503.938068,11.114802,251050.534997,2,514.563232,51.528188,0.214522,18.360001,18.081436,6.979152
2024-12-23,278388.605604,27346.696561,8.625955,251050.534997,2,519.576477,55.100038,0.2144,16.780001,18.081066,6.978194
2024-12-24,279626.845987,28594.103966,17.792977,251050.534997,2,526.621826,59.605081,0.21492,14.27,18.079983,6.977498
2024-12-26,279551.850542,28508.666245,7.350701,251050.534997,2,526.263977,59.279739,0.214844,14.73,18.079031,6.976734
2024-12-27,278331.94368,27282.480133,1.071451,251050.534997,2,519.268372,53.169846,0.215536,15.95,18.078426,6.975835
2024-12-30,277116.795214,26066.266027,0.00581,251050.534997,2,512.362122,47.918919,0.216217,17.4,18.078233,6.974854
2024-12-31,276361.061519,25310.526663,0.000141,251050.534997,2,508.009796,44.908916,0.216423,17.35,18.078027,6.973874
2025-01-02,276139.256635,25088.721637,0,251050.534997,2,507.016113,44.225874,0.215366,17.93,18.077985,6.972884
2025-01-03,277574.014165,26523.479168,96.342345,251146.877343,2,515.313538,50.936371,0.215687,16.129999,18.077432,6.971972
2025-01-06,278565.500719,27536.56171,219.096227,251248.035236,2,521.235901,55.08977,0.215912,16.040001,18.076854,6.971067
2025-01-07,277082.591135,25934.845211,100.289313,251248.035236,2,511.934845,48.190164,0.217131,17.82,18.076781,6.970079
2025-01-08,277065.022678,25905.099912,88.11247,251248.035236,2,512.024292,48.257279,0.215872,17.700001,18.076674,6.969094
2025-01-10,275743.902555,24529.128014,33.260695,251248.035236,2,503.995239,42.886774,0.216805,19.540001,18.077089,6.968149
2025-01-13,275450.937761,24219.683577,16.781052,251248.035236,2,502.375488,41.874335,0.216747,19.190001,18.077404,6.967187
2025-01-14,275363.200432,24128.128697,12.963501,251248.035236,2,501.898499,41.563164,0.216753,18.709999,18.077584,6.966208
2025-01-15,277353.190879,26146.676765,41.521122,251248.035236,2,513.445374,51.046762,0.218338,16.120001,18.077029,6.965299
2025-01-16,276744.433542,25519.610421,23.212115,251248.035236,2,509.848145,48.410928,0.218544,16.6,18.076611,6.964357
2025-01-17,278219.446586,27022.417368,51.006018,251248.035236,2,518.453552,54.467902,0.219222,15.97,18.076015,6.963461
2025-01-21,278719.466718,27501.732252,30.30077,251248.035236,2,521.494324,56.415189,0.218733,15.06,18.075161,6.962661
2025-01-22,279848.77271,28653.852896,53.115422,251248.035236,2,528.162048,60.413179,0.218035,15.1,18.07432,6.961855
2025-01-23,280044.313162,28843.785061,47.507134,251248.035236,2,529.284912,61.060957,0.218039,15.02,18.073456,6.96106
2025-01-24,279528.883834,28304.336537,23.487939,251248.035236,2,526.293884,58.323201,0.218149,14.85,18.072545,6.960287
2025-01-27,276916.188422,25668.458752,0.305566,251248.035236,2,510.971069,46.757219,0.221116,17.9,18.072496,6.959303
2025-01-28,278233.824383,26986.524717,0.735571,251248.035236,2,518.523132,51.827712,0.221743,16.41,18.072026,6.958376
2025-01-29,278050.356592,26802.547389,0.226033,251248.035236,2,517.549316,51.151252,0.221616,16.559999,18.071599,6.957439
2025-01-30,278419.196038,27171.286462,0.12566,251248.035236,2,519.755249,52.658625,0.221369,15.84,18.070969,6.956557
2025-01-31,278272.163708,27024.151581,0.023108,251248.035236,2,519.000061,52.066284,0.221202,16.43,18.070505,6.95563
2025-02-03,277485.466733,26237.431497,108.361927,251356.397163,2,514.846375,48.813853,0.220065,18.620001,18.07066,6.954654
2025-02-04,278534.738857,27334.011886,155.670191,251356.397163,2,521.166382,53.566659,0.220101,17.209999,18.070418,6.953687
2025-02-05,278909.042318,27720.797036,273.752618,251461.9979,2,523.531372,55.241485,0.219314,15.77,18.069769,6.952814
2025-02-06,279350.47022,28195.724756,307.252436,251461.9979,2,526.263977,57.164047,0.219361,15.5,18.069044,6.951967
2025-02-07,278310.299601,27027.748472,179.446771,251461.9979,2,519.626099,51.38952,0.219937,16.540001,18.068613,6.951034
2025-02-10,279349.913513,28109.865527,221.949914,251461.9979,2,525.916199,55.932348,0.220059,15.81,18.067976,6.950157
2025-02-11,279156.624117,27878.341925,183.715708,251461.9979,2,524.664185,54.833894,0.220089,16.02,18.067399,6.949263
2025-02-12,279208.653293,27916.000113,169.34472,251461.9979,2,524.97229,55.067752,0.219823,15.89,18.066786,6.94838
2025-02-13,280445.197318,29264.091531,280.892112,251461.9979,2,532.524353,60.470463,0.220345,15.1,18.06595,6.94758
2025-02-14,280797.463068,29635.173619,299.708451,251461.9979,2,534.760193,61.929939,0.219474,14.77,18.065023,6.946821
2025-02-18,281052.573538,29805.812259,215.236622,251461.9979,2,535.972473,62.733359,0.219156,15.35,18.064258,6.945993
2025-02-19,281092.852779,29822.319032,191.464152,251461.9979,2,536.121643,62.837286,0.219143,15.27,18.063472,6.945173
2025-02-20,280727.254124,29396.783159,131.526935,251461.9979,2,533.845947,60.084399,0.2189,15.66,18.062796,6.944313
2025-02-21,278873.085215,27442.11052,31.023205,251461.9979,2,522.766357,48.860936,0.220236,18.209999,18.062837,6.943337
2025-02-24,277794.580382,26336.685952,4.103469,251461.9979,2,516.595276,43.937964,0.220689,18.98,18.063095,6.942378
2025-02-25,276601.974457,25140.523291,0.546733,251461.9979,2,510.086578,39.425998,0.218679,19.43,18.063479,6.941439
2025-02-26,276804.430555,25342.744949,0.312293,251461.9979,2,511.318756,40.668159,0.218646,19.1,18.063771,6.940486
2025-02-27,274438.847837,22976.85209,0.002153,251461.9979,2,497.118805,32.417796,0.221364,21.129999,18.064632,6.939701
2025-02-28,275781.063012,24319.070452,0.00534,251461.9979,2,504.969116,39.700863,0.222094,19.629999,18.065072,6.938776
2025-03-03,273924.23589,22462.23799,0,251461.9979,2,493.919067,34.126054,0.223653,22.780001,18.066395,6.938251
2025-03-04,273659.674399,22197.676499,0,251461.9979,2,492.428528,33.443856,0.223486,23.51,18.067923,6.937876
2025-03-05,274719.577415,23257.579515,107.692214,251569.690114,2,498.847839,39.091078,0.223313,21.93,18.069007,6.937204
2025-03-06,272576.263415,21042.237053,35.663752,251569.690114,2,485.124878,32.702899,0.225847,24.870001,18.070914,6.937166
2025-03-07,273114.135451,21586.857325,149.911414,251677.189541,2,488.69223,35.64699,0.224893,23.370001,18.0724,6.936761
2025-03-10,270322.516395,27392.71628,137.854867,243067.654982,3,469.752289,28.514543,0.229855,27.860001,18.075144,6.937724
2025-03-11,270038.017713,27084.412952,114.050221,243067.654982,3,468.629425,28.154875,0.22919,26.92,18.077623,6.938332
2025-03-12,271160.882514,28250.807545,157.580013,243067.654982,3,473.915924,32.473411,0.228871,24.23,18.079347,6.938124
2025-03-13,269357.737055,26362.658742,72.576669,243067.654982,3,465.389923,29.403664,0.229895,24.66,18.08119,6.938026
2025-03-14,271857.43698,28960.387228,170.60523,243067.654982,3,476.638641,37.762896,0.23103,21.77,18.082223,6.937329
2025-03-17,272521.213114,29618.824118,165.265985,243067.654982,3,479.729004,39.86944,0.230942,20.51,18.082903,6.936476
2025-03-18,270765.721953,27772.517017,74.450046,243067.654982,3,471.550903,36.361953,0.231879,21.700001,18.083915,6.935769
2025-03-19,272154.51356,29203.592449,116.733871,243067.654982,3,477.860901,40.697002,0.231924,19.9,18.084424,6.934865
2025-03-20,271779.065802,28800.6093,89.19848,243067.654982,3,476.24118,39.944803,0.231711,19.799999,18.084904,6.933954
2025-03-21,272122.758925,29146.011718,90.907775,243067.654982,3,477.811188,41.081561,0.231724,19.280001,18.085238,6.933013
2025-03-24,274508.200953,31606.475427,165.929456,243067.654982,3,488.296417,48.141464,0.232733,17.48,18.085068,6.932051
2025-03-25,275134.28359,32255.212086,188.583478,243067.654982,3,491.082947,49.860932,0.232762,17.15,18.084807,6.9311
2025-03-26,273157.062366,30158.192434,68.785049,243067.654982,3,482.046661,44.686516,0.233874,18.33,18.084876,6.930132
2025-03-27,272530.14169,29504.359821,41.873112,243067.654982,3,479.299988,43.218364,0.233938,18.690001,18.085045,6.929171
2025-03-28,269796.483818,26735.124469,6.295633,243067.654982,3,466.681061,37.175396,0.236138,21.65,18.08604,6.92846
2025-03-31,269740.852116,26674.86598,1.668845,243067.654982,3,466.661194,37.166585,0.236107,22.280001,18.087211,6.927847
2025-04-01,270576.352639,27510.640906,1.943249,243067.654982,3,470.422974,40.063341,0.236279,21.77,18.088239,6.927153
2025-04-02,271344.849685,28279.247518,2.052815,243067.654982,3,473.856323,42.661563,0.236418,21.51,18.089194,6.926422
2025-04-03,266289.735299,31943.603672,146.867105,234492.998733,4,448.489136,31.720438,0.245333,30.02,18.092522,6.928322
2025-04-04,260008.330911,34053.04585,333.946039,226289.231101,5,420.633972,24.338934,0.25714,45.310001,18.100112,6.94225
2025-04-07,260224.650124,51271.476606,761.401019,209714.574538,7,421.649048,25.023646,0.2565,46.98,18.108163,6.95801
2025-04-08,257180.230791,64615.611692,724.494138,193289.113237,9,414.055786,23.323291,0.257019,52.330002,18.117701,6.98046
2025-04-09,283451.068183,102254.491569,12364.518162,193561.094775,9,463.755249,48.154888,0.29091,33.619999,18.12202,6.984282
2025-04-10,277942.657441,90040.03697,5658.474304,193561.094775,9,444.03067,42.299956,0.295569,40.720001,18.128315,6.993486
2025-04-11,281154.89307,95401.048329,7807.250034,193561.094775,9,452.21109,45.271925,0.29618,37.560001,18.133726,7.000027
2025-04-14,282626.808472,97157.398416,8091.68472,193561.094775,9,455.276245,46.386234,0.295685,30.889999,18.137277,7.002288
2025-04-15,282886.707961,97320.376343,7994.763158,193561.094775,9,455.783783,46.580188,0.295043,30.120001,18.140612,7.004166
2025-04-16,278162.330879,88624.503831,4023.267728,193561.094775,9,442.040344,42.135121,0.296672,32.639999,18.144647,7.007367
2025-04-17,278274.11454,88516.455693,3803.435928,193561.094775,9,441.960724,42.11005,0.296673,29.65,18.147847,7.009019
2025-04-21,273765.612653,81632.81481,1428.296933,193561.094775,9,431.023651,38.70329,0.29784,33.82,18.152205,7.012915
2025-04-22,279633.792763,88957.809983,2885.111995,193561.094775,9,442.338898,43.771556,0.299363,30.57,18.155657,7.014996
2025-04-23,284028.467602,95402.937237,4935.564411,193561.094775,9,452.3703,47.885543,0.299459,28.450001,18.158519,7.016121
2025-04-24,288550.619167,104090.939731,9101.415339,193561.094775,9,465.098724,52.622273,0.301035,26.469999,18.160828,7.016513
2025-04-25,289969.470467,107513.428243,11105.052551,193561.094775,9,470.2836,54.438888,0.300811,24.84,18.162683,7.016422
2025-04-28,290853.788445,107232.650136,9939.956466,193561.094775,9,470.134369,54.374265,0.300792,25.15,18.164624,7.016413
2025-04-29,291726.427944,109304.990361,11139.657192,193561.094775,9,473.239319,55.556403,0.300815,24.17,18.166291,7.016153
2025-04-30,291965.11518,109113.409699,10709.389294,193561.094775,9,473.179626,55.526617,0.300284,24.700001,18.168104,7.016023
2025-05-01,293015.528608,113390.27947,13935.845637,193561.094775,9,479.35968,58.035139,0.300631,24.6,18.169889,7.015867
2025-05-02,293469.51579,118248.41948,18339.998466,193561.094775,9,486.47525,60.77827,0.300197,22.68,18.17114,7.015296
2025-05-05,293757.712464,116032.71787,12649.967367,190374.96196,9,483.589203,59.091091,0.300152,23.639999,18.172657,7.014914
2025-05-06,293081.447673,112808.299367,10101.813654,190374.96196,9,479.091003,56.460359,0.300033,24.76,18.174483,7.014799
2025-05-07,293272.945959,113911.907155,6844.101997,186205.140801,9,480.971863,57.316059,0.299151,23.549999,18.175973,7.014398
2025-05-08,295372.60527,117337.656668,2589.384034,180624.332636,9,485.937897,59.575097,0.29912,22.48,18.177165,7.013791
2025-05-09,295270.269932,117054.874656,2720.51699,180935.912265,9,485.619385,59.358107,0.299123,21.9,18.178197,7.013093
2025-05-12,306641.570966,131701.077065,5995.418364,180935.912265,9,505.403656,67.320291,0.302852,18.389999,18.178255,7.012123
2025-05-13,310409.657571,137380.262249,7906.516943,180935.912265,9,513.106445,69.800935,0.303348,18.219999,18.178267,7.011152
2025-05-14,311945.480803,139609.724524,8600.155987,180935.912265,9,516.181458,70.755305,0.303409,18.620001,18.178389,7.010185
2025-05-15,312427.807413,139972.196616,8480.301469,180935.912265,9,516.748657,70.937747,0.303403,17.83,18.178293,7.009217
2025-05-16,313588.001478,141581.693991,8929.604779,180935.912265,9,518.997864,71.691915,0.303356,17.24,18.178033,7.008265
2025-05-19,314565.140479,141697.758652,8068.530438,180935.912265,9,519.495422,71.865844,0.302827,18.139999,18.178023,7.007296
2025-05-20,314146.850793,140351.472467,7140.53394,180935.912265,9,517.763794,70.248167,0.302848,18.09,18.177998,7.006327
2025-05-21,311208.340942,135042.040154,4769.611477,180935.912265,9,510.568573,63.819826,0.30335,20.870001,18.178742,7.005501
2025-05-22,311927.14222,135673.017386,4681.787431,180935.912265,9,511.524017,64.287167,0.303256,20.280001,18.179323,7.00462
2025-05-23,309790.920623,132168.548529,3313.540171,180935.912265,9,506.786896,60.139382,0.303479,22.290001,18.180459,7.003985
2025-05-27,317110.221398,140935.425846,4761.116714,180935.912265,9,518.709229,66.07241,0.304707,18.959999,18.180674,7.00303
2025-05-28,316398.119612,139165.493944,3703.286597,180935.912265,9,516.410278,64.091407,0.304706,19.309999,18.180986,7.002088
2025-05-29,317261.491846,139833.862993,3508.283412,180935.912265,9,517.425415,64.596178,0.304524,19.18,18.181261,7.001141
2025-05-30,317250.924412,139165.973781,2850.961634,180935.912265,9,516.609375,63.819535,0.304509,18.57,18.181369,7.000178
2025-06-02,320805.503705,142032.218695,2162.627255,180935.912265,9,520.689636,66.019452,0.304499,18.360001,18.181418,6.999212
2025-06-03,323512.973151,145000.978977,2423.918092,180935.912265,9,524.759949,68.103014,0.304315,17.690001,18.181282,6.998252
2025-06-04,325064.704414,146044.696526,2969.993063,181990.000951,9,526.222839,68.842463,0.304311,17.610001,18.181125,6.997293
2025-06-05,323523.628397,143022.428545,1488.801098,181990.000951,9,522.261963,64.483614,0.304417,18.48,18.181207,6.99633
2025-06-06,327439.635089,146836.084224,2456.361306,183059.912172,9,527.36731,67.352929,0.304603,16.77,18.180818,6.995405
2025-06-09,328402.936209,147117.516745,2830.554776,184115.974239,9,528.143616,67.779193,0.303714,17.16,18.180537,6.994462
2025-06-10,330707.404938,149722.855233,3131.424533,184115.974239,9,531.636597,69.69643,0.303798,16.950001,18.180198,6.993528
2025-06-11,329715.532255,148308.398049,2708.840033,184115.974239,9,529.845215,67.478828,0.30383,17.26,18.179945,6.992582
2025-06-12,330617.282016,149192.437478,2691.129702,184115.974239,9,531.089294,68.234738,0.303809,18.02,18.179901,6.991619
2025-06-13,326463.024176,144134.900111,1787.850174,184115.974239,9,524.421631,60.163384,0.304127,20.82,18.180627,6.990794
2025-06-16,331548.36746,149490.656224,2058.263003,184115.974239,9,531.716309,65.036167,0.304176,19.110001,18.180883,6.989849
2025-06-17,328246.945791,145528.251457,1397.279905,184115.974239,9,526.531372,59.468144,0.304369,21.6,18.181823,6.989118
2025-06-18,328264.298719,145394.336542,1246.012062,184115.974239,9,526.441772,59.373545,0.304316,20.139999,18.182362,6.988232
2025-06-20,326892.096795,143613.585318,837.462761,184115.974239,9,524.292236,57.029713,0.304034,20.620001,18.183032,6.987388
2025-06-23,330888.847446,147549.979133,777.105925,184115.974239,9,529.683228,61.169819,0.304265,19.83,18.183484,6.986481
2025-06-24,336645.991499,153727.809562,1197.792301,184115.974239,9,537.783142,66.406906,0.304622,17.48,18.183291,6.985531
2025-06-25,337717.59399,154724.393959,1122.774208,184115.974239,9,539.157959,67.21515,0.304608,16.76,18.1829,6.984611
2025-06-26,341279.794467,158534.81258,1370.992352,184115.974239,9,544.19928,70.059816,0.304449,16.59,18.182463,6.983702
2025-06-27,342688.456204,159886.315085,1313.833119,184115.974239,9,546.062378,71.059227,0.304191,16.32,18.181952,6.982811
2025-06-30,345710.368024,162476.532912,882.139127,184115.974239,9,549.599243,72.908059,0.304268,16.73,18.181553,6.981894
2025-07-01,342559.525426,158842.179698,398.628511,184115.974239,9,544.966431,66.881058,0.304451,16.83,18.181182,6.980972
2025-07-02,345451.860495,161737.153363,401.267106,184115.974239,9,548.762329,69.132601,0.304469,16.639999,18.18076,6.980061
2025-07-03,349558.751746,149370.752712,441.981143,200629.980177,8,554.162231,72.044202,0.304605,16.379999,18.180266,6.979167
2025-07-07,346884.045175,146263.645144,1859.707936,202480.107967,8,549.987854,66.798664,0.304529,17.790001,18.180159,6.978213
2025-07-08,347117.243943,146410.095713,1772.959737,202480.107967,8,550.296692,66.990159,0.304385,16.809999,18.179784,6.977294
2025-07-09,349556.051296,149051.083832,3075.67433,203580.641794,8,554.1922,69.388471,0.304255,15.94,18.17917,6.976436
2025-07-10,349215.08684,148446.421672,2811.976626,203580.641794,8,553.395142,68.295113,0.304255,15.78,18.178513,6.975593
2025-07-11,348605.556884,147532.557716,2507.642625,203580.641794,8,552.14978,66.531147,0.304272,16.4,18.178026,6.9747
2025-07-14,350086.23175,148751.216028,2245.626071,203580.641794,8,554.152405,67.964082,0.304062,17.200001,18.177758,6.973764
2025-07-15,350383.027951,148911.616044,2109.229886,203580.641794,8,554.6604,68.334437,0.302841,17.379999,18.17754,6.972822
2025-07-16,350826.050764,149250.396003,2004.987033,203580.641794,8,555.228271,68.769087,0.302773,17.16,18.177261,6.971888
2025-07-17,353618.282245,152360.823054,2323.182602,203580.641794,8,559.721619,72.039501,0.302898,16.52,18.176808,6.970988
2025-07-18,353432.605186,151934.643234,2082.679842,203580.641794,8,559.183655,71.079808,0.302903,16.41,18.176325,6.970096
2025-07-21,355363.751896,153579.125321,1796.015219,203580.641794,8,562.082886,73.155359,0.300744,16.65,18.175908,6.969188
2025-07-22,353713.836618,151484.524982,1351.330158,203580.641794,8,559.173706,67.890198,0.300756,16.5,18.17545,6.968291
2025-07-23,355394.135554,153209.18052,1395.68676,203580.641794,8,561.724243,69.933331,0.300572,15.37,18.174683,6.967493
2025-07-24,356217.805801,153950.175774,1313.011766,203580.641794,8,562.919739,70.868985,0.300097,15.39,18.173922,6.966693
2025-07-25,357190.305098,136613.520266,1088.687673,221665.472504,7,564.274719,71.935005,0.300062,14.93,18.173037,6.965948
2025-07-28,358241.524685,137271.716877,695.664696,221665.472504,7,566.038208,73.304234,0.296709,15.03,18.172179,6.96519
2025-07-29,357811.937924,136652.648638,506.183218,221665.472504,7,565.161499,71.438243,0.296375,15.98,18.17158,6.964333
2025-07-30,358322.266014,137063.565332,406.771822,221665.472504,7,565.91864,72.098799,0.296162,15.48,18.170846,6.963525
2025-07-31,356620.202871,135161.736363,207.005996,221665.472504,7,562.919739,65.624939,0.296251,16.719999,18.17045,6.962616
2025-08-01,349949.001055,128311.958913,28.430362,221665.472504,7,551.830994,48.340617,0.296773,20.379999,18.171053,6.961762
2025-08-04,356023.735782,134365.802852,7.539574,221665.472504,7,562.013123,59.015126,0.295553,17.52,18.170875,6.960821
2025-08-05,353486.074627,114938.483564,0.549595,238548.140658,6,558.197327,54.472498,0.294126,17.85,18.170788,6.959874
2025-08-06,357089.680372,118541.754225,1001.312561,239549.238708,6,565.221252,60.499796,0.292932,16.77,18.170406,6.958964
2025-08-07,357884.635655,119336.600425,1001.203478,239549.238708,6,567.134094,61.976144,0.29052,16.57,18.16997,6.958066
2025-08-08,360505.026193,122144.246781,2172.917614,240533.697026,6,572.4245,65.785048,0.29051,15.15,18.169148,6.957297
2025-08-11,359963.645652,121105.157866,1675.20924,240533.697026,6,570.730774,63.588888,0.290194,16.25,18.168625,6.956421
2025-08-12,363202.240587,124809.854068,2141.310507,240533.697026,6,577.904053,68.400362,0.28841,14.73,18.167689,6.955706
2025-08-13,363427.904486,124929.77954,2035.57208,240533.697026,6,578.193054,68.580502,0.288367,14.49,18.166688,6.955024
2025-08-14,363324.002896,124653.409537,1863.103666,240533.697026,6,577.744812,67.933642,0.288372,14.83,18.165781,6.954295
2025-08-15,362174.755687,123143.930426,1502.871765,240533.697026,6,575.204163,64.235354,0.287051,15.09,18.164944,6.953534
2025-08-18,362315.266597,122919.118656,1137.549086,240533.697026,6,574.974976,63.897422,0.287054,14.99,18.164081,6.952786
2025-08-19,358512.487005,118602.504407,623.714428,240533.697026,6,567.17395,53.567386,0.286115,15.57,18.163376,6.951972
2025-08-20,356869.034581,116768.099041,432.761486,240533.697026,6,563.806519,49.823003,0.286227,15.69,18.162704,6.951147
2025-08-21,355542.853246,115310.814758,301.658538,240533.697026,6,561.196228,47.076031,0.285912,16.6,18.162279,6.95025
2025-08-22,360014.3977,119968.919118,488.218444,240533.697026,6,569.854004,55.783818,0.286433,14.22,18.161209,6.949609
2025-08-25,359278.055033,118980.142666,235.784659,240533.697026,6,568.210144,53.968152,0.286426,14.79,18.160293,6.948888
2025-08-26,360438.680703,120126.06612,221.082443,240533.697026,6,570.491638,56.103633,0.285748,14.62,18.159332,6.948189
2025-08-27,360901.667376,120547.338772,179.368421,240533.697026,6,571.368469,56.930598,0.285495,14.85,18.158434,6.94746
2025-08-28,362785.072736,122436.603038,185.227328,240533.697026,6,574.94519,60.222523,0.285291,14.43,18.157423,6.946789
2025-08-29,359304.177301,118829.743358,59.263084,240533.697026,6,568.289856,52.223826,0.285668,15.36,18.156664,6.945999
2025-09-02,356650.571286,116117.638537,0.764277,240533.697026,6,563.527588,47.374985,0.285506,17.17,18.156396,6.945076
2025-09-03,359012.129309,118478.81019,0.377907,240533.697026,6,567.96106,51.856471,0.28562,16.35,18.155907,6.944198
2025-09-04,361748.801263,121215.253242,0.149005,240533.697026,6,573.10199,56.484116,0.285482,15.3,18.155133,6.943416
2025-09-05,361979.993277,121446.299673,928.291292,241461.984896,6,573.928894,57.196799,0.282932,15.18,18.154327,6.942648
2025-09-08,363452.505612,122870.830565,1816.001066,242397.676113,6,576.728516,59.608731,0.28294,15.11,18.153502,6.941888
2025-09-09,364286.783463,123729.599582,1840.492232,242397.676113,6,578.362488,60.990358,0.282949,15.04,18.152659,6.941137
2025-09-10,364354.202418,123659.319654,1702.793349,242397.676113,6,578.551758,61.156105,0.28092,15.35,18.1519,6.94035
2025-09-11,365985.76724,125450.312353,1862.221227,242397.676113,6,581.919189,64.080325,0.280623,14.71,18.150969,6.939642
2025-09-12,367251.89854,65989.062999,994.022423,302256.857964,3,584.489624,66.173641,0.28048,14.76,18.150051,6.938927
2025-09-15,368546.581529,0,0,368546.581529,0,589.491089,69.854887,0.279541,15.69,18.149386,6.938106
2025-09-16,368546.581529,0,0,368546.581529,0,588.992981,69.048938,0.279347,16.360001,18.148902,6.93723
2025-09-17,368546.581529,0,0,368546.581529,0,587.817322,67.081698,0.279336,15.72,18.148245,6.936407
2025-09-18,368546.581529,0,0,368546.581529,0,593.117676,71.08187,0.27943,15.7,18.147584,6.935586
2025-09-19,368546.581529,0,0,368546.581529,0,597.13269,73.689999,0.279517,15.45,18.146855,6.934791
2025-09-22,368546.581529,0,0,368546.581529,0,600.667725,75.762689,0.279507,16.1,18.146302,6.933935
2025-09-23,368546.581529,0,0,368546.581529,0,596.677917,69.142066,0.278159,16.639999,18.145895,6.933043
2025-09-24,368546.581529,0,0,368546.581529,0,594.583252,65.886779,0.278189,16.18,18.145364,6.932182
2025-09-25,368546.581529,0,0,368546.581529,0,592.019836,62.03741,0.27825,16.74,18.144985,6.931284
2025-09-26,368546.581529,0,0,368546.581529,0,594.453552,64.17727,0.278237,15.29,18.144215,6.930508
2025-09-29,368546.581529,0,0,368546.581529,0,597.206543,66.479059,0.278274,16.120001,18.143669,6.929652
2025-09-30,368546.581529,0,0,368546.581529,0,598.842407,67.802944,0.278168,16.280001,18.143166,6.928785
2025-10-01,368546.581529,0,0,368546.581529,0,601.715027,70.040548,0.278101,16.290001,18.142666,6.927918
2025-10-02,368546.581529,0,0,368546.581529,0,604.188721,71.854511,0.27812,16.629999,18.142259,6.927028
2025-10-03,368546.581529,0,0,368546.581529,0,601.645264,67.339804,0.277608,16.65,18.141857,6.926138
2025-10-06,368546.581529,0,0,368546.581529,0,606.163696,70.844455,0.277719,16.370001,18.141379,6.925266
2025-10-07,368546.581529,0,0,368546.581529,0,602.971863,65.497713,0.277812,17.24,18.141137,6.924349
2025-10-08,368546.581529,0,0,368546.581529,0,609.884277,70.661775,0.277788,16.299999,18.140641,6.923482
2025-10-09,368546.581529,0,0,368546.581529,0,609.146118,69.466078,0.277443,16.43,18.14018,6.922607
2025-10-10,368546.581529,0,0,368546.581529,0,588.000061,45.640221,0.280333,21.66,18.141128,6.921916
2025-10-13,368546.581529,0,0,368546.581529,0,600.47821,55.368255,0.281257,19.030001,18.141367,6.921
2025-10-14,368546.581529,0,0,368546.581529,0,596.478394,52.146817,0.281391,20.809999,18.142084,6.920207
2025-10-15,368546.581529,0,0,368546.581529,0,600.687622,55.106975,0.281489,20.639999,18.142756,6.919398
2025-10-16,368546.581529,0,0,368546.581529,0,598.463318,53.23301,0.281394,25.309999,18.144683,6.919465
2025-10-17,368546.581529,0,0,368546.581529,0,602.393311,56.075162,0.280956,20.780001,18.145391,6.91867
2025-10-20,368546.581529,0,0,368546.581529,0,609.983887,61.004515,0.281304,18.23,18.145414,6.91774
2025-10-21,368546.581529,0,0,368546.581529,0,609.824402,60.85,0.281307,17.870001,18.14534,6.916812
2025-10-22,368546.581529,0,0,368546.581529,0,603.949341,55.293987,0.28151,18.6,18.145462,6.915888
2025-10-23,368546.581529,0,0,368546.581529,0,609.026428,58.79534,0.281652,17.299999,18.145235,6.914973
2025-10-24,368546.581529,0,0,368546.581529,0,615.529785,62.812964,0.281896,16.370001,18.144758,6.914106
2025-10-27,368546.581529,0,0,368546.581529,0,626.491882,68.405131,0.281922,15.79,18.144127,6.913285
2025-10-28,368546.581529,0,0,368546.581529,0,631.30957,70.504434,0.281907,16.42,18.143664,6.912416
2025-10-29,368546.581529,0,0,368546.581529,0,634.152344,71.699365,0.281872,16.92,18.143336,6.911517
2025-10-30,368546.581529,0,0,368546.581529,0,624.457031,62.412632,0.282559,16.91,18.143005,6.91062
2025-10-31,368546.581529,0,0,368546.581529,0,627.46936,63.973944,0.282407,17.440001,18.142817,6.909703
2025-11-03,368546.581529,0,0,368546.581529,0,630.47168,65.511603,0.282257,17.17,18.142556,6.908796
2025-11-04,368546.581529,0,0,368546.581529,0,617.674377,54.779032,0.281634,19,18.142786,6.907884
2025-11-05,368546.581529,0,0,368546.581529,0,621.694153,57.153514,0.281607,18.01,18.14275,6.906959
2025-11-06,368546.581529,0,0,368546.581529,0,610.113647,49.147112,0.28257,19.5,18.143114,6.90607
2025-11-07,368546.581529,0,0,368546.581529,0,608.188538,47.944715,0.282257,19.08,18.143365,6.905162
2025-11-10,368546.581529,0,0,368546.581529,0,621.644226,56.040165,0.281665,17.6,18.143219,6.904244
2025-11-11,368546.581529,0,0,368546.581529,0,619.988464,54.908565,0.281133,17.280001,18.142988,6.903335
2025-11-12,368546.581529,0,0,368546.581529,0,619.499695,54.558342,0.281139,17.51,18.142819,6.902419
2025-11-13,368546.581529,0,0,368546.581529,0,606.85199,46.324403,0.282305,20,18.143316,6.901563
2025-11-14,368546.581529,0,0,368546.581529,0,607.310791,46.63901,0.282289,19.83,18.143766,6.900695
2025-11-17,368546.581529,0,0,368546.581529,0,602.124023,43.532575,0.282499,22.379999,18.144898,6.90012
2025-11-18,368546.581529,0,0,368546.581529,0,594.792725,39.525235,0.282776,24.690001,18.146647,6.900027
2025-11-19,368546.581529,0,0,368546.581529,0,598.343689,42.295989,0.281267,23.66,18.14812,6.899694
2025-11-20,368546.581529,0,0,368546.581529,0,584.17981,35.340643,0.282727,26.42,18.150328,6.900097
2025-11-21,368546.581529,0,0,368546.581529,0,588.568604,38.704194,0.282748,23.43,18.151738,6.899715
2025-11-24,368546.581529,0,0,368546.581529,0,603.620178,48.582815,0.284281,20.52,18.15237,6.898902
2025-11-25,368546.581529,0,0,368546.581529,0,607.340698,50.697944,0.284334,18.559999,18.152479,6.897985
2025-11-26,368546.581529,0,0,368546.581529,0,612.707031,53.65904,0.284496,17.190001,18.152222,6.897082
2025-11-28,368546.581529,0,0,368546.581529,0,617.674377,56.276805,0.284628,16.35,18.151741,6.896225
2025-12-01,368546.581529,0,0,368546.581529,0,615.599609,54.882276,0.28462,17.24,18.151498,6.895322
2025-12-02,368546.581529,0,0,368546.581529,0,620.417358,57.51493,0.28455,16.59,18.151082,6.89445
2025-12-03,368546.581529,0,0,368546.581529,0,621.933533,58.338817,0.284398,16.08,18.15053,6.893614
2025-12-04,368546.581529,0,0,368546.581529,0,621.35498,57.877585,0.28415,15.78,18.149899,6.892804
2025-12-05,368546.581529,0,0,368546.581529,0,623.888489,59.391642,0.284164,15.41,18.149169,6.892031
2025-12-08,368546.581529,0,0,368546.581529,0,622.691589,58.325036,0.283843,16.66,18.148773,6.891156
2025-12-09,368546.581529,0,0,368546.581529,0,623.459595,58.835881,0.283813,16.93,18.148448,6.890267
2025-12-10,368546.581529,0,0,368546.581529,0,626.013062,60.566607,0.283671,15.77,18.147815,6.889459
2025-12-11,368546.581529,0,0,368546.581529,0,623.988281,58.467398,0.283525,14.85,18.146938,6.888753
2025-12-12,368546.581529,0,0,368546.581529,0,612.058716,47.927455,0.284501,15.74,18.146298,6.887948
2025-12-15,368546.581529,0,0,368546.581529,0,608.986511,45.645372,0.283837,16.5,18.14586,6.887084
2025-12-16,368546.581529,0,0,368546.581529,0,610.19342,46.718697,0.283714,16.48,18.145417,6.886222
2025-12-17,368546.581529,0,0,368546.581529,0,598.882263,38.954906,0.284533,17.620001,18.145278,6.885312
2025-12-18,368546.581529,0,0,368546.581529,0,607.560181,46.324631,0.284539,16.870001,18.144939,6.884429
2025-12-19,368546.581529,0,0,368546.581529,0,615.479919,52.017878,0.284867,14.91,18.14408,6.883716
2025-12-22,368546.581529,0,0,368546.581529,0,618.430237,53.976312,0.281337,14.08,18.143001,6.88312
2025-12-23,368546.581529,0,0,368546.581529,0,621.326538,55.880121,0.281306,14,18.141901,6.882538
2025-12-24,368546.581529,0,0,368546.581529,0,623.144287,57.080106,0.281157,13.47,18.140661,6.882045
2025-12-26,368546.581529,0,0,368546.581529,0,623.104309,57.043359,0.280952,13.6,18.139456,6.881529
2025-12-29,368546.581529,0,0,368546.581529,0,620.088135,54.207945,0.28061,14.2,18.138411,6.880915
2025-12-30,368546.581529,0,0,368546.581529,0,618.649902,52.858718,0.280629,14.33,18.137401,6.880282
2025-12-31,368546.581529,0,0,368546.581529,0,613.536377,48.259527,0.280328,14.95,18.136556,6.879565
2026-01-02,368546.581529,0,0,368546.581529,0,612.3479,47.230928,0.279834,14.51,18.135595,6.878907
2026-01-05,368546.581529,0,0,368546.581529,0,617.211731,51.762228,0.279745,14.9,18.134738,6.878197
2026-01-06,368546.581529,0,0,368546.581529,0,622.634888,56.271123,0.279889,14.75,18.133841,6.877506
2026-01-07,368546.581529,0,0,368546.581529,0,623.234192,56.752213,0.279272,15.38,18.133112,6.876741
2026-01-08,368546.581529,0,0,368546.581529,0,619.688599,53.034763,0.279082,15.45,18.132401,6.875969
2026-01-09,368546.581529,0,0,368546.581529,0,625.86084,58.171352,0.278388,14.49,18.131437,6.875314
2026-01-12,368546.581529,0,0,368546.581529,0,626.380188,58.58183,0.278387,15.12,18.13064,6.874579
2026-01-13,368546.581529,0,0,368546.581529,0,625.451355,57.495128,0.277682,15.98,18.130071,6.873758
2026-01-14,368546.581529,0,0,368546.581529,0,618.769775,50.270914,0.277988,16.75,18.129706,6.872886
2026-01-15,368546.581529,0,0,368546.581529,0,620.997009,52.417168,0.278,15.84,18.129101,6.872077
2026-01-16,368546.581529,0,0,368546.581529,0,620.477661,51.855163,0.276751,15.86,18.128501,6.871268
2026-01-20,368546.581529,0,0,368546.581529,0,607.29425,40.101335,0.277879,20.09,18.12902,6.870434
2026-01-21,368546.581529,0,0,368546.581529,0,615.503906,48.005035,0.277631,16.9,18.128695,6.869555
2026-01-22,368546.581529,0,0,368546.581529,0,619.978271,51.742438,0.277674,15.64,18.128038,6.868766
2026-01-23,368546.581529,0,0,368546.581529,0,621.935791,53.323209,0.277312,16.09,18.127499,6.867939
2026-01-26,368546.581529,0,0,368546.581529,0,624.672363,55.516941,0.277343,16.15,18.126977,6.867107
2026-01-27,368546.581529,0,0,368546.581529,0,630.335205,59.734209,0.277419,16.35,18.126508,6.866262
2026-01-28,368546.581529,0,0,368546.581529,0,632.422546,61.19461,0.275029,16.35,18.12604,6.865416
2026-01-29,368546.581529,0,0,368546.581529,0,628.637329,57.146889,0.274645,16.879999,18.125711,6.86454
2026-01-30,368546.581529,0,0,368546.581529,0,621.086853,50.037084,0.27506,17.440001,18.12553,6.863644
2026-02-02,368546.581529,0,0,368546.581529,0,625.351501,53.552081,0.275125,16.34,18.125059,6.8628
2026-02-03,368546.581529,0,0,368546.581529,0,615.743591,45.74404,0.275801,18,18.125026,6.861895
2026-02-04,368546.581529,0,0,368546.581529,0,604.987183,38.905013,0.276478,18.639999,18.125162,6.860996
2026-02-05,368546.581529,0,0,368546.581529,0,596.278198,34.418247,0.27672,21.77,18.126122,6.860347
2026-02-06,368546.581529,0,0,368546.581529,0,608.882263,44.410208,0.277759,20.370001,18.126713,6.85954
2026-02-09,368546.581529,0,0,368546.581529,0,613.546387,47.59226,0.277833,17.360001,18.126511,6.858648
2026-02-10,368546.581529,0,0,368546.581529,0,610.699951,45.866717,0.277443,17.790001,18.126423,6.857747
2026-02-11,368546.581529,0,0,368546.581529,0,612.337891,47.056273,0.277115,17.65,18.126297,6.856849
2026-02-12,368546.581529,0,0,368546.581529,0,599.883606,39.880243,0.278253,20.82,18.127006,6.856086
2026-02-13,368546.581529,0,0,368546.581529,0,601.161987,40.876911,0.278259,20.6,18.127657,6.855301
2026-02-17,368546.581529,0,0,368546.581529,0,600.542725,40.526425,0.277772,20.290001,18.128225,6.854489
2026-02-18,368546.581529,0,0,368546.581529,0,605.0271,44.25393,0.277862,19.620001,18.128617,6.853631
2026-02-19,368546.581529,0,0,368546.581529,0,602.710022,42.762574,0.277902,20.23,18.12917,6.852815
2026-02-20,368546.581529,0,0,368546.581529,0,608.043335,47.175308,0.278083,19.09,18.129422,6.851932
2026-02-23,368546.581529,0,0,368546.581529,0,600.652588,42.307625,0.278444,21.01,18.130179,6.851191
2026-02-24,368546.581529,0,0,368546.581529,0,607.104492,47.409171,0.27751,19.549999,18.130551,6.850329
2026-02-25,368546.581529,0,0,368546.581529,0,615.903381,53.454078,0.277594,17.93,18.130499,6.849431
2026-02-26,368546.581529,0,0,368546.581529,0,608.472778,48.395109,0.277557,18.629999,18.13063,6.848536
2026-02-27,368546.581529,0,0,368546.581529,0,606.525208,47.135931,0.277588,19.860001,18.131084,6.847695
2026-03-02,368546.581529,0,0,368546.581529,0,607.324219,47.736727,0.275406,21.440001,18.131952,6.847006
2026-03-03,368546.581529,0,0,368546.581529,0,600.822449,43.413082,0.275168,23.57,18.133378,6.846674
2026-03-04,368546.581529,0,0,368546.581529,0,609.980896,50.248685,0.274333,21.15,18.134169,6.845951
2026-03-05,368546.581529,0,0,368546.581529,0,608.143127,48.970342,0.274333,23.75,18.135641,6.845657
2026-03-06,368546.581529,0,0,368546.581529,0,598.99469,43.093126,0.274612,29.49,18.138616,6.847227
2026-03-09,368546.581529,0,0,368546.581529,0,606.994629,48.871743,0.272846,25.5,18.140545,6.847367
2026-03-10,368546.581529,0,0,368546.581529,0,607.004639,48.878738,0.272738,24.93,18.142323,6.847351
2026-03-11,368546.581529,0,0,368546.581529,0,606.924744,48.821325,0.268366,24.23,18.143917,6.847163
2026-03-12,368546.581529,0,0,368546.581529,0,596.507874,41.909312,0.269235,27.290001,18.146312,6.847866
2026-03-13,368546.581529,0,0,368546.581529,0,592.97229,39.847249,0.269077,27.190001,18.148678,6.848532
2026-03-16,368546.581529,0,0,368546.581529,0,599.623901,45.300154,0.268376,23.51,18.150081,6.848185
2026-03-17,368546.581529,0,0,368546.581529,0,602.550232,47.552715,0.266999,22.370001,18.151185,6.847629
2026-03-18,368546.581529,0,0,368546.581529,0,594.150879,42.183177,0.267518,25.09,18.152999,6.847653
2026-03-19,368546.581529,0,0,368546.581529,0,592.273193,41.066792,0.266678,24.059999,18.154544,6.847424
2026-03-20,368546.581529,0,0,368546.581529,0,581.326965,35.215694,0.267288,26.780001,18.156798,6.847949
2026-03-23,368546.581529,0,0,368546.581529,0,588,40.757176,0.267544,26.15,18.158887,6.848273
2026-03-24,368546.581529,0,0,368546.581529,0,583.97998,38.614315,0.267687,26.950001,18.161183,6.848852
2026-03-25,368546.581529,0,0,368546.581529,0,587.820007,41.764035,0.266591,25.33,18.163056,6.848937
2026-03-26,368546.581529,11957.495932,256.643707,356845.729305,1,573.789978,34.748647,0.26819,27.440001,18.165478,6.849683
2026-03-27,367889.651153,11179.801906,135.880058,356845.729305,1,562.580017,30.360437,0.268313,31.049999,18.168841,6.851952
2026-03-30,367632.735895,22533.663917,331.197669,345430.269647,2,558.280029,28.855145,0.268391,30.610001,18.172088,6.854005
2026-03-31,369870.843305,25219.018941,778.445283,345430.269647,2,577.179993,42.378277,0.269223,25.25,18.173934,6.854064
