eventDate,eventType,positionEntryDate,regime,quantity,underlying,shortCallStrike,shortCallExpiry,cashFlow
2014-10-13,sell_short_call,2014-10-13,sigma1_weekly_1lot,1,85.1699,94,2014-11-12,2.3941
2014-11-12,short_call_settlement,2014-10-13,sigma1_weekly_1lot,1,93.8739,94,2014-11-12,0
2014-11-12,sell_short_call,2014-10-13,sigma1_weekly_1lot,1,93.8739,103,2014-12-12,4.2593
2014-12-12,short_call_settlement,2014-10-13,sigma1_weekly_1lot,1,94.0663,103,2014-12-12,0
2014-12-12,sell_short_call,2014-10-13,sigma1_weekly_1lot,1,94.0663,103,2015-01-11,4.9061
2015-01-12,short_call_settlement,2014-10-13,sigma1_weekly_1lot,1,93.3868,103,2015-01-11,0
2015-01-12,sell_short_call,2014-10-13,sigma1_weekly_1lot,1,93.3868,103,2015-02-11,4.4749
2015-02-11,short_call_settlement,2014-10-13,sigma1_weekly_1lot,1,96.3572,103,2015-02-11,0
2015-02-11,sell_short_call,2014-10-13,sigma1_weekly_1lot,1,96.3572,106,2015-03-13,4.7052
2015-03-13,short_call_settlement,2014-10-13,sigma1_weekly_1lot,1,96.8722,106,2015-03-13,0
2015-03-13,sell_short_call,2014-10-13,sigma1_weekly_1lot,1,96.8722,107,2015-04-12,3.9892
2015-04-13,short_call_settlement,2014-10-13,sigma1_weekly_1lot,1,99.0674,107,2015-04-12,0
2015-04-13,sell_short_call,2014-10-13,sigma1_weekly_1lot,1,99.0674,109,2015-05-13,3.5156
2015-05-13,short_call_settlement,2014-10-13,sigma1_weekly_1lot,1,99.5467,109,2015-05-13,0
2015-05-13,sell_short_call,2014-10-13,sigma1_weekly_1lot,1,99.5467,110,2015-06-12,2.9116
2015-06-12,short_call_settlement,2014-10-13,sigma1_weekly_1lot,1,100.238,110,2015-06-12,0
2015-06-12,sell_short_call,2014-10-13,sigma1_weekly_1lot,1,100.238,110,2015-07-12,4.7473
2015-07-13,short_call_settlement,2014-10-13,sigma1_weekly_1lot,1,101.1984,110,2015-07-12,0
2015-07-13,sell_short_call,2014-10-13,sigma1_weekly_1lot,1,101.1984,111,2015-08-12,6.1694
2015-07-17,close_short_call,2014-10-13,sigma1_weekly_1lot,1,104.94,111,2015-08-12,-27.3789
2015-08-21,sell_short_call,2015-08-21,sigma1_weekly_1lot,1,94.6021,104,2015-09-20,7.7267
2015-08-24,sell_short_call,2015-08-24,sigma2_first_60d_1lot,1,90.9622,100,2015-09-23,8.8536
2015-08-25,sell_short_call,2015-08-25,sigma2_repeat_20d_2lot,2,90.6203,100,2015-09-24,14.8488
2015-09-21,short_call_settlement,2015-08-21,sigma1_weekly_1lot,1,97.8699,104,2015-09-20,0
2015-09-21,sell_short_call,2015-08-21,sigma1_weekly_1lot,1,97.8699,108,2015-10-21,14.2529
2015-09-23,short_call_settlement,2015-08-24,sigma2_first_60d_1lot,1,96.4808,100,2015-09-23,0
2015-09-23,sell_short_call,2015-08-24,sigma2_first_60d_1lot,1,96.4808,106,2015-10-23,16.7985
2015-09-24,short_call_settlement,2015-08-25,sigma2_repeat_20d_2lot,2,96.1288,100,2015-09-24,0
2015-09-24,sell_short_call,2015-08-25,sigma2_repeat_20d_2lot,2,96.1288,106,2015-10-24,28.9057
2015-09-28,sell_short_call,2015-09-28,sigma1_weekly_1lot,1,92.6004,102,2015-10-28,14.9014
2015-10-21,short_call_settlement,2015-08-21,sigma1_weekly_1lot,1,99.5739,108,2015-10-21,0
2015-10-21,sell_short_call,2015-08-21,sigma1_weekly_1lot,1,99.5739,110,2015-11-20,12.4713
2015-10-23,short_call_settlement,2015-08-24,sigma2_first_60d_1lot,1,104.4452,106,2015-10-23,0
2015-10-23,sell_short_call,2015-08-24,sigma2_first_60d_1lot,1,104.4452,115,2015-11-22,16.0292
2015-10-26,short_call_settlement,2015-08-25,sigma2_repeat_20d_2lot,2,104.51,106,2015-10-24,0
2015-10-26,sell_short_call,2015-08-25,sigma2_repeat_20d_2lot,2,104.51,115,2015-11-25,32.7127
2015-10-28,short_call_settlement,2015-09-28,sigma1_weekly_1lot,1,105.5935,102,2015-10-28,-359.3544
2015-10-28,sell_short_call,2015-09-28,sigma1_weekly_1lot,1,105.5935,116,2015-11-27,17.4181
2015-11-20,short_call_settlement,2015-08-21,sigma1_weekly_1lot,1,106.0195,110,2015-11-20,0
2015-11-20,sell_short_call,2015-08-21,sigma1_weekly_1lot,1,106.0195,117,2015-12-20,15.8856
2015-11-23,short_call_settlement,2015-08-24,sigma2_first_60d_1lot,1,105.7139,115,2015-11-22,0
2015-11-23,sell_short_call,2015-08-24,sigma2_first_60d_1lot,1,105.7139,116,2015-12-23,19.6647
2015-11-25,short_call_settlement,2015-08-25,sigma2_repeat_20d_2lot,2,105.7139,115,2015-11-25,0
2015-11-25,sell_short_call,2015-08-25,sigma2_repeat_20d_2lot,2,105.7139,116,2015-12-25,39.1777
2015-11-27,short_call_settlement,2015-09-28,sigma1_weekly_1lot,1,105.8621,116,2015-11-27,0
2015-11-27,sell_short_call,2015-09-28,sigma1_weekly_1lot,1,105.8621,116,2015-12-27,20.6109
2015-12-21,short_call_settlement,2015-08-21,sigma1_weekly_1lot,1,103.1571,117,2015-12-20,0
2015-12-21,sell_short_call,2015-08-21,sigma1_weekly_1lot,1,103.1571,113,2016-01-20,21.6518
2015-12-23,short_call_settlement,2015-08-24,sigma2_first_60d_1lot,1,104.6062,116,2015-12-23,0
2015-12-23,sell_short_call,2015-08-24,sigma2_first_60d_1lot,1,104.6062,115,2016-01-22,19.3505
2015-12-28,short_call_settlement,2015-08-25,sigma2_repeat_20d_2lot,2,104.5319,116,2015-12-25,0
2015-12-28,short_call_settlement,2015-09-28,sigma1_weekly_1lot,1,104.5319,116,2015-12-27,0
2015-12-28,sell_short_call,2015-08-25,sigma2_repeat_20d_2lot,2,104.5319,115,2016-01-27,37.5534
2015-12-28,sell_short_call,2015-09-28,sigma1_weekly_1lot,1,104.5319,115,2016-01-27,18.7767
2016-01-07,sell_short_call,2016-01-07,sigma1_weekly_1lot,1,97.4163,107,2016-02-06,20.3168
2016-01-11,sell_short_call,2016-01-11,sigma1_weekly_1lot,1,96.9148,107,2016-02-10,16.4076
2016-01-19,sell_short_call,2016-01-19,sigma1_weekly_1lot,1,93.8772,103,2016-02-18,23.0692
2016-01-20,short_call_settlement,2015-08-21,sigma1_weekly_1lot,1,93.5892,113,2016-01-20,0
2016-01-20,sell_short_call,2015-08-21,sigma1_weekly_1lot,1,93.5892,103,2016-02-19,20.6502
2016-01-22,short_call_settlement,2015-08-24,sigma2_first_60d_1lot,1,96.3946,115,2016-01-22,0
2016-01-22,sell_short_call,2015-08-24,sigma2_first_60d_1lot,1,96.3946,106,2016-02-21,22.4796
2016-01-27,short_call_settlement,2015-08-25,sigma2_repeat_20d_2lot,2,93.4313,115,2016-01-27,0
2016-01-27,short_call_settlement,2015-09-28,sigma1_weekly_1lot,1,93.4313,115,2016-01-27,0
2016-01-27,sell_short_call,2015-08-25,sigma2_repeat_20d_2lot,2,93.4313,103,2016-02-26,40.5969
2016-01-27,sell_short_call,2015-09-28,sigma1_weekly_1lot,1,93.4313,103,2016-02-26,20.2985
2016-02-05,sell_short_call,2016-02-05,sigma1_weekly_1lot,1,91.1461,100,2016-03-06,25.8947
2016-02-08,short_call_settlement,2016-01-07,sigma1_weekly_1lot,1,89.7527,107,2016-02-06,0
2016-02-08,sell_short_call,2016-01-07,sigma1_weekly_1lot,1,89.7527,99,2016-03-09,21.6714
2016-02-08,sell_short_call,2016-02-08,sigma1_weekly_1lot,1,89.7527,99,2016-03-09,21.6714
2016-02-10,short_call_settlement,2016-01-11,sigma1_weekly_1lot,1,89.8178,107,2016-02-10,0
2016-02-10,sell_short_call,2016-01-11,sigma1_weekly_1lot,1,89.8178,99,2016-03-11,21.9266
2016-02-18,short_call_settlement,2016-01-19,sigma1_weekly_1lot,1,94.128,103,2016-02-18,0
2016-02-18,sell_short_call,2016-01-19,sigma1_weekly_1lot,1,94.128,104,2016-03-19,22.632
2016-02-19,short_call_settlement,2015-08-21,sigma1_weekly_1lot,1,94.4066,103,2016-02-19,0
2016-02-19,sell_short_call,2015-08-21,sigma1_weekly_1lot,1,94.4066,104,2016-03-20,24.9435
2016-02-22,short_call_settlement,2015-08-24,sigma2_first_60d_1lot,1,95.9394,106,2016-02-21,0
2016-02-22,sell_short_call,2015-08-24,sigma2_first_60d_1lot,1,95.9394,106,2016-03-23,23.331
2016-02-26,short_call_settlement,2015-08-25,sigma2_repeat_20d_2lot,2,96.0787,103,2016-02-26,0
2016-02-26,short_call_settlement,2015-09-28,sigma1_weekly_1lot,1,96.0787,103,2016-02-26,0
2016-02-26,sell_short_call,2015-08-25,sigma2_repeat_20d_2lot,2,96.0787,106,2016-03-27,50.082
2016-02-26,sell_short_call,2015-09-28,sigma1_weekly_1lot,1,96.0787,106,2016-03-27,25.041
2016-03-07,short_call_settlement,2016-02-05,sigma1_weekly_1lot,1,97.5557,100,2016-03-06,0
2016-03-07,sell_short_call,2016-02-05,sigma1_weekly_1lot,1,97.5557,107,2016-04-06,31.8321
2016-03-09,short_call_settlement,2016-01-07,sigma1_weekly_1lot,1,97.3699,99,2016-03-09,0
2016-03-09,short_call_settlement,2016-02-08,sigma1_weekly_1lot,1,97.3699,99,2016-03-09,0
2016-03-09,sell_short_call,2016-01-07,sigma1_weekly_1lot,1,97.3699,107,2016-04-08,29.6193
2016-03-09,sell_short_call,2016-02-08,sigma1_weekly_1lot,1,97.3699,107,2016-04-08,29.6193
2016-03-11,short_call_settlement,2016-01-11,sigma1_weekly_1lot,1,98.9212,99,2016-03-11,0
2016-03-11,sell_short_call,2016-01-11,sigma1_weekly_1lot,1,98.9212,109,2016-04-10,27.9768
2016-03-21,short_call_settlement,2015-08-21,sigma1_weekly_1lot,1,100.4259,104,2016-03-20,0
2016-03-21,short_call_settlement,2016-01-19,sigma1_weekly_1lot,1,100.4259,104,2016-03-19,0
2016-03-21,sell_short_call,2015-08-21,sigma1_weekly_1lot,1,100.4259,110,2016-04-20,33.7374
2016-03-21,sell_short_call,2016-01-19,sigma1_weekly_1lot,1,100.4259,110,2016-04-20,33.7374
2016-03-23,short_call_settlement,2015-08-24,sigma2_first_60d_1lot,1,99.9041,106,2016-03-23,0
2016-03-23,sell_short_call,2015-08-24,sigma2_first_60d_1lot,1,99.9041,110,2016-04-22,28.691
2016-03-28,short_call_settlement,2015-08-25,sigma2_repeat_20d_2lot,2,99.7923,106,2016-03-27,0
2016-03-28,short_call_settlement,2015-09-28,sigma1_weekly_1lot,1,99.7923,106,2016-03-27,0
2016-03-28,sell_short_call,2015-08-25,sigma2_repeat_20d_2lot,2,99.7923,110,2016-04-27,53.8297
2016-03-28,sell_short_call,2015-09-28,sigma1_weekly_1lot,1,99.7923,110,2016-04-27,26.9148
2016-04-06,short_call_settlement,2016-02-05,sigma1_weekly_1lot,1,103.1091,107,2016-04-06,0
2016-04-06,sell_short_call,2016-02-05,sigma1_weekly_1lot,1,103.1091,113,2016-05-06,33.9363
2016-04-08,short_call_settlement,2016-01-07,sigma1_weekly_1lot,1,101.5532,107,2016-04-08,0
2016-04-08,short_call_settlement,2016-02-08,sigma1_weekly_1lot,1,101.5532,107,2016-04-08,0
2016-04-08,sell_short_call,2016-01-07,sigma1_weekly_1lot,1,101.5532,112,2016-05-08,27.6606
2016-04-08,sell_short_call,2016-02-08,sigma1_weekly_1lot,1,101.5532,112,2016-05-08,27.6606
2016-04-11,short_call_settlement,2016-01-11,sigma1_weekly_1lot,1,101.1805,109,2016-04-10,0
2016-04-11,sell_short_call,2016-01-11,sigma1_weekly_1lot,1,101.1805,111,2016-05-11,32.4569
2016-04-20,short_call_settlement,2015-08-21,sigma1_weekly_1lot,1,103.0811,110,2016-04-20,0
2016-04-20,short_call_settlement,2016-01-19,sigma1_weekly_1lot,1,103.0811,110,2016-04-20,0
2016-04-20,sell_short_call,2015-08-21,sigma1_weekly_1lot,1,103.0811,113,2016-05-20,33.4478
2016-04-20,sell_short_call,2016-01-19,sigma1_weekly_1lot,1,103.0811,113,2016-05-20,33.4478
2016-04-22,short_call_settlement,2015-08-24,sigma2_first_60d_1lot,1,101.5345,110,2016-04-22,0
2016-04-22,sell_short_call,2015-08-24,sigma2_first_60d_1lot,1,101.5345,112,2016-05-22,27.4243
2016-04-27,short_call_settlement,2015-08-25,sigma2_repeat_20d_2lot,2,100.2302,110,2016-04-27,0
2016-04-27,short_call_settlement,2015-09-28,sigma1_weekly_1lot,1,100.2302,110,2016-04-27,0
2016-04-27,sell_short_call,2015-08-25,sigma2_repeat_20d_2lot,2,100.2302,110,2016-05-27,63.0831
2016-04-27,sell_short_call,2015-09-28,sigma1_weekly_1lot,1,100.2302,110,2016-05-27,31.5416
2016-05-06,short_call_settlement,2016-02-05,sigma1_weekly_1lot,1,98.3669,113,2016-05-06,0
2016-05-06,sell_short_call,2016-02-05,sigma1_weekly_1lot,1,98.3669,108,2016-06-05,29.9767
2016-05-09,short_call_settlement,2016-01-07,sigma1_weekly_1lot,1,98.6463,112,2016-05-08,0
2016-05-09,short_call_settlement,2016-02-08,sigma1_weekly_1lot,1,98.6463,112,2016-05-08,0
2016-05-09,sell_short_call,2016-01-07,sigma1_weekly_1lot,1,98.6463,109,2016-06-08,24.4027
2016-05-09,sell_short_call,2016-02-08,sigma1_weekly_1lot,1,98.6463,109,2016-06-08,24.4027
2016-05-11,short_call_settlement,2016-01-11,sigma1_weekly_1lot,1,99.0936,111,2016-05-11,0
2016-05-11,sell_short_call,2016-01-11,sigma1_weekly_1lot,1,99.0936,109,2016-06-10,28.6273
2016-05-20,short_call_settlement,2015-08-21,sigma1_weekly_1lot,1,99.196,113,2016-05-20,0
2016-05-20,short_call_settlement,2016-01-19,sigma1_weekly_1lot,1,99.196,113,2016-05-20,0
2016-05-20,sell_short_call,2015-08-21,sigma1_weekly_1lot,1,99.196,109,2016-06-19,29.9474
2016-05-20,sell_short_call,2016-01-19,sigma1_weekly_1lot,1,99.196,109,2016-06-19,29.9474
2016-05-23,short_call_settlement,2015-08-24,sigma2_first_60d_1lot,1,99.0656,112,2016-05-22,0
2016-05-23,sell_short_call,2015-08-24,sigma2_first_60d_1lot,1,99.0656,109,2016-06-22,28.7138
2016-05-27,short_call_settlement,2015-08-25,sigma2_repeat_20d_2lot,2,102.606,110,2016-05-27,0
2016-05-27,short_call_settlement,2015-09-28,sigma1_weekly_1lot,1,102.606,110,2016-05-27,0
2016-05-27,sell_short_call,2015-08-25,sigma2_repeat_20d_2lot,2,102.606,113,2016-06-26,57.9398
2016-05-27,sell_short_call,2015-09-28,sigma1_weekly_1lot,1,102.606,113,2016-06-26,28.9699
2016-06-06,short_call_settlement,2016-02-05,sigma1_weekly_1lot,1,102.9134,108,2016-06-05,0
2016-06-06,sell_short_call,2016-02-05,sigma1_weekly_1lot,1,102.9134,113,2016-07-06,31.7985
2016-06-08,short_call_settlement,2016-01-07,sigma1_weekly_1lot,1,102.8296,109,2016-06-08,0
2016-06-08,short_call_settlement,2016-02-08,sigma1_weekly_1lot,1,102.8296,109,2016-06-08,0
2016-06-08,sell_short_call,2016-01-07,sigma1_weekly_1lot,1,102.8296,113,2016-07-08,30.8323
2016-06-08,sell_short_call,2016-02-08,sigma1_weekly_1lot,1,102.8296,113,2016-07-08,30.8323
2016-06-10,short_call_settlement,2016-01-11,sigma1_weekly_1lot,1,101.4973,109,2016-06-10,0
2016-06-10,sell_short_call,2016-01-11,sigma1_weekly_1lot,1,101.4973,112,2016-07-10,26.6547
2016-06-20,short_call_settlement,2015-08-21,sigma1_weekly_1lot,1,100.1048,109,2016-06-19,0
2016-06-20,short_call_settlement,2016-01-19,sigma1_weekly_1lot,1,100.1048,109,2016-06-19,0
2016-06-20,sell_short_call,2015-08-21,sigma1_weekly_1lot,1,100.1048,110,2016-07-20,29.8437
2016-06-20,sell_short_call,2016-01-19,sigma1_weekly_1lot,1,100.1048,110,2016-07-20,29.8437
2016-06-22,short_call_settlement,2015-08-24,sigma2_first_60d_1lot,1,100.1795,109,2016-06-22,0
2016-06-22,sell_short_call,2015-08-24,sigma2_first_60d_1lot,1,100.1795,110,2016-07-22,30.5051
2016-06-27,short_call_settlement,2015-08-25,sigma2_repeat_20d_2lot,2,95.49,113,2016-06-26,0
2016-06-27,short_call_settlement,2015-09-28,sigma1_weekly_1lot,1,95.49,113,2016-06-26,0
2016-06-27,sell_short_call,2015-08-25,sigma2_repeat_20d_2lot,2,95.49,105,2016-07-27,62.0586
2016-06-27,sell_short_call,2015-09-28,sigma1_weekly_1lot,1,95.49,105,2016-07-27,31.0293
2016-06-27,sell_short_call,2016-06-27,sigma1_weekly_1lot,1,95.49,105,2016-07-27,31.0293
2016-07-06,short_call_settlement,2016-02-05,sigma1_weekly_1lot,1,101.1697,113,2016-07-06,0
2016-07-06,sell_short_call,2016-02-05,sigma1_weekly_1lot,1,101.1697,111,2016-08-05,35.7199
2016-07-08,short_call_settlement,2016-01-07,sigma1_weekly_1lot,1,103.0381,113,2016-07-08,0
2016-07-08,short_call_settlement,2016-02-08,sigma1_weekly_1lot,1,103.0381,113,2016-07-08,0
2016-07-08,sell_short_call,2016-01-07,sigma1_weekly_1lot,1,103.0381,113,2016-08-07,36.7342
2016-07-08,sell_short_call,2016-02-08,sigma1_weekly_1lot,1,103.0381,113,2016-08-07,36.7342
2016-07-11,short_call_settlement,2016-01-11,sigma1_weekly_1lot,1,103.6266,112,2016-07-10,0
2016-07-11,sell_short_call,2016-01-11,sigma1_weekly_1lot,1,103.6266,114,2016-08-10,33.3984
2016-07-20,short_call_settlement,2015-08-21,sigma1_weekly_1lot,1,105.9714,110,2016-07-20,0
2016-07-20,short_call_settlement,2016-01-19,sigma1_weekly_1lot,1,105.9714,110,2016-07-20,0
2016-07-20,sell_short_call,2015-08-21,sigma1_weekly_1lot,1,105.9714,117,2016-08-19,29.9218
2016-07-20,sell_short_call,2016-01-19,sigma1_weekly_1lot,1,105.9714,117,2016-08-19,29.9218
2016-07-22,short_call_settlement,2015-08-24,sigma2_first_60d_1lot,1,106.1675,110,2016-07-22,0
2016-07-22,sell_short_call,2015-08-24,sigma2_first_60d_1lot,1,106.1675,117,2016-08-21,31.5351
2016-07-27,short_call_settlement,2015-08-25,sigma2_repeat_20d_2lot,2,107.0363,105,2016-07-27,-407.2556
2016-07-27,short_call_settlement,2015-09-28,sigma1_weekly_1lot,1,107.0363,105,2016-07-27,-203.6278
2016-07-27,short_call_settlement,2016-06-27,sigma1_weekly_1lot,1,107.0363,105,2016-07-27,-203.6278
2016-07-27,sell_short_call,2015-08-25,sigma2_repeat_20d_2lot,2,107.0363,118,2016-08-26,62.3004
2016-07-27,sell_short_call,2015-09-28,sigma1_weekly_1lot,1,107.0363,118,2016-08-26,31.1502
2016-07-27,sell_short_call,2016-06-27,sigma1_weekly_1lot,1,107.0363,118,2016-08-26,31.1502
2016-08-05,short_call_settlement,2016-02-05,sigma1_weekly_1lot,1,109.0914,111,2016-08-05,0
2016-08-05,sell_short_call,2016-02-05,sigma1_weekly_1lot,1,109.0914,120,2016-09-04,33.6915
2016-08-08,short_call_settlement,2016-01-07,sigma1_weekly_1lot,1,108.97,113,2016-08-07,0
2016-08-08,short_call_settlement,2016-02-08,sigma1_weekly_1lot,1,108.97,113,2016-08-07,0
2016-08-08,sell_short_call,2016-01-07,sigma1_weekly_1lot,1,108.97,120,2016-09-07,32.5296
2016-08-08,sell_short_call,2016-02-08,sigma1_weekly_1lot,1,108.97,120,2016-09-07,32.5296
2016-08-10,short_call_settlement,2016-01-11,sigma1_weekly_1lot,1,108.942,114,2016-08-10,0
2016-08-10,sell_short_call,2016-01-11,sigma1_weekly_1lot,1,108.942,120,2016-09-09,31.8251
2016-08-19,short_call_settlement,2015-08-21,sigma1_weekly_1lot,1,109.5398,117,2016-08-19,0
2016-08-19,short_call_settlement,2016-01-19,sigma1_weekly_1lot,1,109.5398,117,2016-08-19,0
2016-08-19,sell_short_call,2015-08-21,sigma1_weekly_1lot,1,109.5398,120,2016-09-18,36.2433
2016-08-19,sell_short_call,2016-01-19,sigma1_weekly_1lot,1,109.5398,120,2016-09-18,36.2433
2016-08-22,short_call_settlement,2015-08-24,sigma2_first_60d_1lot,1,109.6239,117,2016-08-21,0
2016-08-22,close_short_call,2015-08-21,sigma1_weekly_1lot,1,109.6239,120,2016-09-18,-27.0994
2016-08-22,sell_short_call,2015-08-24,sigma2_first_60d_1lot,1,109.6239,121,2016-09-21,25.724
2016-08-23,close_short_call,2015-08-24,sigma2_first_60d_1lot,1,109.8201,121,2016-09-21,-23.1536
2016-08-24,close_short_call,2015-08-25,sigma2_repeat_20d_2lot,2,109.1101,118,2016-08-26,-0.0001
2016-08-26,short_call_settlement,2015-09-28,sigma1_weekly_1lot,1,109.0914,118,2016-08-26,0
2016-08-26,short_call_settlement,2016-06-27,sigma1_weekly_1lot,1,109.0914,118,2016-08-26,0
2016-08-26,sell_short_call,2015-09-28,sigma1_weekly_1lot,1,109.0914,120,2016-09-25,21.898
2016-08-26,sell_short_call,2016-06-27,sigma1_weekly_1lot,1,109.0914,120,2016-09-25,21.898
2016-09-06,short_call_settlement,2016-02-05,sigma1_weekly_1lot,1,110.091,120,2016-09-04,0
2016-09-06,sell_short_call,2016-02-05,sigma1_weekly_1lot,1,110.091,121,2016-10-06,19.7293
2016-09-07,short_call_settlement,2016-01-07,sigma1_weekly_1lot,1,110.1564,120,2016-09-07,0
2016-09-07,short_call_settlement,2016-02-08,sigma1_weekly_1lot,1,110.1564,120,2016-09-07,0
2016-09-07,sell_short_call,2016-01-07,sigma1_weekly_1lot,1,110.1564,121,2016-10-07,19.1174
2016-09-07,sell_short_call,2016-02-08,sigma1_weekly_1lot,1,110.1564,121,2016-10-07,19.1174
2016-09-09,short_call_settlement,2016-01-11,sigma1_weekly_1lot,1,106.756,120,2016-09-09,0
2016-09-09,sell_short_call,2016-01-11,sigma1_weekly_1lot,1,106.756,117,2016-10-09,20.8557
2016-09-19,short_call_settlement,2016-01-19,sigma1_weekly_1lot,1,109.3648,120,2016-09-18,0
2016-09-19,sell_short_call,2016-01-19,sigma1_weekly_1lot,1,109.3648,120,2016-10-19,20.8185
2016-09-26,short_call_settlement,2015-09-28,sigma1_weekly_1lot,1,109.8892,120,2016-09-25,0
2016-09-26,short_call_settlement,2016-06-27,sigma1_weekly_1lot,1,109.8892,120,2016-09-25,0
2016-09-26,sell_short_call,2015-09-28,sigma1_weekly_1lot,1,109.8892,121,2016-10-26,18.2402
2016-09-26,sell_short_call,2016-06-27,sigma1_weekly_1lot,1,109.8892,121,2016-10-26,18.2402
2016-10-06,short_call_settlement,2016-02-05,sigma1_weekly_1lot,1,111.1909,121,2016-10-06,0
2016-10-06,sell_short_call,2016-02-05,sigma1_weekly_1lot,1,111.1909,122,2016-11-05,18.5431
2016-10-07,short_call_settlement,2016-01-07,sigma1_weekly_1lot,1,110.9475,121,2016-10-07,0
2016-10-07,short_call_settlement,2016-02-08,sigma1_weekly_1lot,1,110.9475,121,2016-10-07,0
2016-10-07,sell_short_call,2016-01-07,sigma1_weekly_1lot,1,110.9475,122,2016-11-06,16.9824
2016-10-07,sell_short_call,2016-02-08,sigma1_weekly_1lot,1,110.9475,122,2016-11-06,16.9824
2016-10-10,short_call_settlement,2016-01-11,sigma1_weekly_1lot,1,111.6498,117,2016-10-09,0
2016-10-10,sell_short_call,2016-01-11,sigma1_weekly_1lot,1,111.6498,123,2016-11-09,15.9101
2016-10-19,short_call_settlement,2016-01-19,sigma1_weekly_1lot,1,110.3668,120,2016-10-19,0
2016-10-19,sell_short_call,2016-01-19,sigma1_weekly_1lot,1,110.3668,121,2016-11-18,18.9046
2016-10-26,short_call_settlement,2015-09-28,sigma1_weekly_1lot,1,110.8632,121,2016-10-26,0
2016-10-26,short_call_settlement,2016-06-27,sigma1_weekly_1lot,1,110.8632,121,2016-10-26,0
2016-10-26,sell_short_call,2015-09-28,sigma1_weekly_1lot,1,110.8632,122,2016-11-25,15.1367
2016-10-26,sell_short_call,2016-06-27,sigma1_weekly_1lot,1,110.8632,122,2016-11-25,15.1367
2016-11-07,short_call_settlement,2016-01-07,sigma1_weekly_1lot,1,108.9621,122,2016-11-06,0
2016-11-07,short_call_settlement,2016-02-05,sigma1_weekly_1lot,1,108.9621,122,2016-11-05,0
2016-11-07,short_call_settlement,2016-02-08,sigma1_weekly_1lot,1,108.9621,122,2016-11-06,0
2016-11-07,sell_short_call,2016-01-07,sigma1_weekly_1lot,1,108.9621,120,2016-12-07,15.1973
2016-11-07,sell_short_call,2016-02-05,sigma1_weekly_1lot,1,108.9621,120,2016-12-07,15.1973
2016-11-07,sell_short_call,2016-02-08,sigma1_weekly_1lot,1,108.9621,120,2016-12-07,15.1973
2016-11-09,short_call_settlement,2016-01-11,sigma1_weekly_1lot,1,110.1795,123,2016-11-09,0
2016-11-09,sell_short_call,2016-01-11,sigma1_weekly_1lot,1,110.1795,121,2016-12-09,17.0903
2016-11-18,short_call_settlement,2016-01-19,sigma1_weekly_1lot,1,109.8705,121,2016-11-18,0
2016-11-18,sell_short_call,2016-01-19,sigma1_weekly_1lot,1,109.8705,121,2016-12-18,14.7431
2016-11-25,short_call_settlement,2015-09-28,sigma1_weekly_1lot,1,111.2565,122,2016-11-25,0
2016-11-25,short_call_settlement,2016-06-27,sigma1_weekly_1lot,1,111.2565,122,2016-11-25,0
2016-11-25,sell_short_call,2015-09-28,sigma1_weekly_1lot,1,111.2565,122,2016-12-25,17.8522
2016-11-25,sell_short_call,2016-06-27,sigma1_weekly_1lot,1,111.2565,122,2016-12-25,17.8522
2016-12-07,short_call_settlement,2016-01-07,sigma1_weekly_1lot,1,110.8444,120,2016-12-07,0
2016-12-07,short_call_settlement,2016-02-05,sigma1_weekly_1lot,1,110.8444,120,2016-12-07,0
2016-12-07,short_call_settlement,2016-02-08,sigma1_weekly_1lot,1,110.8444,120,2016-12-07,0
2016-12-07,sell_short_call,2016-01-07,sigma1_weekly_1lot,1,110.8444,122,2017-01-06,14.9672
2016-12-07,sell_short_call,2016-02-05,sigma1_weekly_1lot,1,110.8444,122,2017-01-06,14.9672
2016-12-07,sell_short_call,2016-02-08,sigma1_weekly_1lot,1,110.8444,122,2017-01-06,14.9672
2016-12-09,short_call_settlement,2016-01-11,sigma1_weekly_1lot,1,111.912,121,2016-12-09,0
2016-12-09,sell_short_call,2016-01-11,sigma1_weekly_1lot,1,111.912,123,2017-01-08,15.7368
2016-12-19,short_call_settlement,2016-01-19,sigma1_weekly_1lot,1,112.7972,121,2016-12-18,0
2016-12-19,sell_short_call,2016-01-19,sigma1_weekly_1lot,1,112.7972,124,2017-01-18,14.0644
2016-12-27,short_call_settlement,2015-09-28,sigma1_weekly_1lot,1,113.4829,122,2016-12-25,0
2016-12-27,short_call_settlement,2016-06-27,sigma1_weekly_1lot,1,113.4829,122,2016-12-25,0
2016-12-27,sell_short_call,2016-06-27,sigma1_weekly_1lot,1,113.4829,125,2017-01-26,12.8273
2017-01-06,short_call_settlement,2016-01-07,sigma1_weekly_1lot,1,114.5254,122,2017-01-06,0
2017-01-06,short_call_settlement,2016-02-05,sigma1_weekly_1lot,1,114.5254,122,2017-01-06,0
2017-01-06,short_call_settlement,2016-02-08,sigma1_weekly_1lot,1,114.5254,122,2017-01-06,0
2017-01-06,sell_short_call,2016-02-05,sigma1_weekly_1lot,1,114.5254,126,2017-02-05,11.4524
2017-01-06,sell_short_call,2016-02-08,sigma1_weekly_1lot,1,114.5254,126,2017-02-05,11.4524
2017-01-09,short_call_settlement,2016-01-11,sigma1_weekly_1lot,1,114.9011,123,2017-01-08,0
2017-01-09,sell_short_call,2016-01-11,sigma1_weekly_1lot,1,114.9011,126,2017-02-08,13.1844
2017-01-10,close_short_call,2016-01-11,sigma1_weekly_1lot,1,115.1548,126,2017-02-08,-13.3374
2017-01-18,short_call_settlement,2016-01-19,sigma1_weekly_1lot,1,115.568,124,2017-01-18,0
2017-01-24,close_short_call,2016-02-08,sigma1_weekly_1lot,1,116.6388,126,2017-02-05,-0.9736
2017-01-25,close_short_call,2016-02-05,sigma1_weekly_1lot,1,117.8129,126,2017-02-05,-1.804
2017-01-26,short_call_settlement,2016-06-27,sigma1_weekly_1lot,1,117.935,125,2017-01-26,0
2017-01-26,sell_short_call,2016-06-27,sigma1_weekly_1lot,1,117.935,130,2017-02-25,6.0553
2017-02-27,short_call_settlement,2016-06-27,sigma1_weekly_1lot,1,122.4998,130,2017-02-25,0
2017-02-27,sell_short_call,2016-06-27,sigma1_weekly_1lot,1,122.4998,135,2017-03-29,2.7955
2017-03-29,short_call_settlement,2016-06-27,sigma1_weekly_1lot,1,124.4771,135,2017-03-29,0
2017-03-29,sell_short_call,2016-06-27,sigma1_weekly_1lot,1,124.4771,137,2017-04-28,2.9613
2017-04-28,short_call_settlement,2016-06-27,sigma1_weekly_1lot,1,127.9973,137,2017-04-28,0
2018-02-05,sell_short_call,2018-02-05,sigma2_first_60d_1lot,1,149.8714,165,2018-03-07,3.4944
2018-02-08,sell_short_call,2018-02-08,sigma2_repeat_20d_2lot,2,145.4451,160,2018-03-10,8.3867
2018-03-07,short_call_settlement,2018-02-05,sigma2_first_60d_1lot,1,160.1175,165,2018-03-07,0
2018-03-07,sell_short_call,2018-02-05,sigma2_first_60d_1lot,1,160.1175,176,2018-04-06,7.2837
2018-03-12,short_call_settlement,2018-02-08,sigma2_repeat_20d_2lot,2,164.9989,160,2018-03-10,-999.7742
2018-03-12,sell_short_call,2018-02-08,sigma2_repeat_20d_2lot,2,164.9989,181,2018-04-11,17.787
2018-03-23,sell_short_call,2018-03-23,sigma1_weekly_1lot,1,150.4848,166,2018-04-22,8.0011
2018-04-06,short_call_settlement,2018-02-05,sigma2_first_60d_1lot,1,148.7,176,2018-04-06,0
2018-04-06,sell_short_call,2018-02-05,sigma2_first_60d_1lot,1,148.7,164,2018-05-06,14.2837
2018-04-11,short_call_settlement,2018-02-08,sigma2_repeat_20d_2lot,2,152.1653,181,2018-04-11,0
2018-04-11,sell_short_call,2018-02-08,sigma2_repeat_20d_2lot,2,152.1653,167,2018-05-11,38.1004
2018-04-23,short_call_settlement,2018-03-23,sigma1_weekly_1lot,1,153.6937,166,2018-04-22,0
2018-04-23,sell_short_call,2018-03-23,sigma1_weekly_1lot,1,153.6937,169,2018-05-23,19.1759
2018-05-07,short_call_settlement,2018-02-05,sigma2_first_60d_1lot,1,157.8235,164,2018-05-06,0
2018-05-07,sell_short_call,2018-02-05,sigma2_first_60d_1lot,1,157.8235,174,2018-06-06,19.6757
2018-05-11,short_call_settlement,2018-02-08,sigma2_repeat_20d_2lot,2,160.8804,167,2018-05-11,0
2018-05-11,sell_short_call,2018-02-08,sigma2_repeat_20d_2lot,2,160.8804,177,2018-06-10,44.3885
2018-05-23,short_call_settlement,2018-03-23,sigma1_weekly_1lot,1,161.0133,169,2018-05-23,0
2018-05-23,sell_short_call,2018-03-23,sigma1_weekly_1lot,1,161.0133,177,2018-06-22,21.9336
2018-06-06,short_call_settlement,2018-02-05,sigma2_first_60d_1lot,1,166.9564,174,2018-06-06,0
2018-06-06,sell_short_call,2018-02-05,sigma2_first_60d_1lot,1,166.9564,184,2018-07-06,20.7939
2018-06-11,short_call_settlement,2018-02-08,sigma2_repeat_20d_2lot,2,166.0545,177,2018-06-10,0
2018-06-11,sell_short_call,2018-02-08,sigma2_repeat_20d_2lot,2,166.0545,183,2018-07-11,39.1902
2018-06-22,short_call_settlement,2018-03-23,sigma1_weekly_1lot,1,166.8,177,2018-06-22,0
2018-06-22,sell_short_call,2018-03-23,sigma1_weekly_1lot,1,166.8,183,2018-07-22,23.0785
2018-07-06,short_call_settlement,2018-02-05,sigma2_first_60d_1lot,1,167.0759,184,2018-07-06,0
2018-07-06,sell_short_call,2018-02-05,sigma2_first_60d_1lot,1,167.0759,184,2018-08-05,19.9857
2018-07-11,short_call_settlement,2018-02-08,sigma2_repeat_20d_2lot,2,167.8466,183,2018-07-11,0
2018-07-11,sell_short_call,2018-02-08,sigma2_repeat_20d_2lot,2,167.8466,185,2018-08-10,38.6976
2018-07-23,short_call_settlement,2018-03-23,sigma1_weekly_1lot,1,170.834,183,2018-07-22,0
2018-07-23,sell_short_call,2018-03-23,sigma1_weekly_1lot,1,170.834,188,2018-08-22,21.2583
2018-08-06,short_call_settlement,2018-02-05,sigma2_first_60d_1lot,1,172.3372,184,2018-08-05,0
2018-08-06,sell_short_call,2018-02-05,sigma2_first_60d_1lot,1,172.3372,190,2018-09-05,21.7112
2018-08-10,short_call_settlement,2018-02-08,sigma2_repeat_20d_2lot,2,171.7473,185,2018-08-10,0
2018-08-10,sell_short_call,2018-02-08,sigma2_repeat_20d_2lot,2,171.7473,189,2018-09-09,44.7882
2018-08-22,short_call_settlement,2018-03-23,sigma1_weekly_1lot,1,172.2611,188,2018-08-22,0
2018-08-22,sell_short_call,2018-03-23,sigma1_weekly_1lot,1,172.2611,189,2018-09-21,24.0293
2018-09-05,short_call_settlement,2018-02-05,sigma2_first_60d_1lot,1,174.5349,190,2018-09-05,0
2018-09-05,sell_short_call,2018-02-05,sigma2_first_60d_1lot,1,174.5349,192,2018-10-05,22.0846
2018-09-10,short_call_settlement,2018-02-08,sigma2_repeat_20d_2lot,2,172.889,189,2018-09-09,0
2018-09-10,sell_short_call,2018-02-08,sigma2_repeat_20d_2lot,2,172.889,190,2018-10-10,45.7116
2018-09-21,short_call_settlement,2018-03-23,sigma1_weekly_1lot,1,174.7823,189,2018-09-21,0
2018-09-21,sell_short_call,2018-03-23,sigma1_weekly_1lot,1,174.7823,192,2018-10-21,24.2816
2018-10-05,short_call_settlement,2018-02-05,sigma2_first_60d_1lot,1,171.7038,192,2018-10-05,0
2018-10-05,sell_short_call,2018-02-05,sigma2_first_60d_1lot,1,171.7038,189,2018-11-04,22.6141
2018-10-10,short_call_settlement,2018-02-08,sigma2_repeat_20d_2lot,2,163.6785,190,2018-10-10,0
2018-10-10,sell_short_call,2018-02-08,sigma2_repeat_20d_2lot,2,163.6785,180,2018-11-09,53.2683
2018-10-10,sell_short_call,2018-10-10,sigma1_weekly_1lot,1,163.6785,180,2018-11-09,26.6342
2018-10-22,short_call_settlement,2018-03-23,sigma1_weekly_1lot,1,165.7563,192,2018-10-21,0
2018-10-22,sell_short_call,2018-03-23,sigma1_weekly_1lot,1,165.7563,182,2018-11-21,33.8972
2018-10-24,sell_short_call,2018-10-24,sigma1_weekly_1lot,1,157.5881,173,2018-11-23,37.2916
2018-10-29,sell_short_call,2018-10-29,sigma1_weekly_1lot,1,155.5771,171,2018-11-28,38.4556
2018-11-05,short_call_settlement,2018-02-05,sigma2_first_60d_1lot,1,161.0384,189,2018-11-04,0
2018-11-05,sell_short_call,2018-02-05,sigma2_first_60d_1lot,1,161.0384,177,2018-12-05,42.3406
2018-11-09,short_call_settlement,2018-02-08,sigma2_repeat_20d_2lot,2,163.4783,180,2018-11-09,0
2018-11-09,short_call_settlement,2018-10-10,sigma1_weekly_1lot,1,163.4783,180,2018-11-09,0
2018-11-09,sell_short_call,2018-02-08,sigma2_repeat_20d_2lot,2,163.4783,180,2018-12-09,86.9255
2018-11-09,sell_short_call,2018-10-10,sigma1_weekly_1lot,1,163.4783,180,2018-12-09,43.4628
2018-11-20,sell_short_call,2018-11-20,sigma1_weekly_1lot,1,151.6979,167,2018-12-20,46.1053
2018-11-21,short_call_settlement,2018-03-23,sigma1_weekly_1lot,1,152.8511,182,2018-11-21,0
2018-11-21,sell_short_call,2018-03-23,sigma1_weekly_1lot,1,152.8511,168,2018-12-21,48.6365
2018-11-23,short_call_settlement,2018-10-24,sigma1_weekly_1lot,1,151.7455,173,2018-11-23,0
2018-11-23,sell_short_call,2018-10-24,sigma1_weekly_1lot,1,151.7455,167,2018-12-23,46.5521
2018-11-28,short_call_settlement,2018-10-29,sigma1_weekly_1lot,1,160.7906,171,2018-11-28,0
2018-11-28,sell_short_call,2018-10-29,sigma1_weekly_1lot,1,160.7906,177,2018-12-28,52.4384
2018-12-06,short_call_settlement,2018-02-05,sigma2_first_60d_1lot,1,159.0654,177,2018-12-05,0
2018-12-06,sell_short_call,2018-02-05,sigma2_first_60d_1lot,1,159.0654,175,2019-01-05,56.0875
2018-12-10,short_call_settlement,2018-02-08,sigma2_repeat_20d_2lot,2,155.4245,180,2018-12-09,0
2018-12-10,short_call_settlement,2018-10-10,sigma1_weekly_1lot,1,155.4245,180,2018-12-09,0
2018-12-10,sell_short_call,2018-02-08,sigma2_repeat_20d_2lot,2,155.4245,171,2019-01-09,115.2228
2018-12-10,sell_short_call,2018-10-10,sigma1_weekly_1lot,1,155.4245,171,2019-01-09,57.6114
2018-12-19,sell_short_call,2018-12-19,sigma1_weekly_1lot,1,147.2849,162,2019-01-18,58.6397
2018-12-20,short_call_settlement,2018-11-20,sigma1_weekly_1lot,1,145.1499,167,2018-12-20,0
2018-12-20,sell_short_call,2018-11-20,sigma1_weekly_1lot,1,145.1499,160,2019-01-19,54.7889
2018-12-20,sell_short_call,2018-12-20,sigma2_first_60d_1lot,1,145.1499,160,2019-01-19,54.7889
2018-12-21,short_call_settlement,2018-03-23,sigma1_weekly_1lot,1,140.6512,168,2018-12-21,0
2018-12-21,sell_short_call,2018-03-23,sigma1_weekly_1lot,1,140.6512,155,2019-01-20,55.5364
2018-12-21,sell_short_call,2018-12-21,sigma2_repeat_20d_2lot,2,140.6512,155,2019-01-20,111.0727
2018-12-24,short_call_settlement,2018-10-24,sigma1_weekly_1lot,1,137.1634,167,2018-12-23,0
2018-12-24,sell_short_call,2018-10-24,sigma1_weekly_1lot,1,137.1634,151,2019-01-23,56.9919
2018-12-24,sell_short_call,2018-12-24,sigma2_repeat_20d_2lot,2,137.1634,151,2019-01-23,113.9839
2018-12-28,short_call_settlement,2018-10-29,sigma1_weekly_1lot,1,146.2152,177,2018-12-28,0
2018-12-28,sell_short_call,2018-10-29,sigma1_weekly_1lot,1,146.2152,161,2019-01-27,68.6598
2019-01-07,short_call_settlement,2018-02-05,sigma2_first_60d_1lot,1,151.1091,175,2019-01-05,0
2019-01-07,sell_short_call,2018-02-05,sigma2_first_60d_1lot,1,151.1091,166,2019-02-06,81.7249
2019-01-09,short_call_settlement,2018-02-08,sigma2_repeat_20d_2lot,2,153.7186,171,2019-01-09,0
2019-01-09,short_call_settlement,2018-10-10,sigma1_weekly_1lot,1,153.7186,171,2019-01-09,0
2019-01-09,sell_short_call,2018-02-08,sigma2_repeat_20d_2lot,2,153.7186,169,2019-02-08,163.2628
2019-01-09,sell_short_call,2018-10-10,sigma1_weekly_1lot,1,153.7186,169,2019-02-08,81.6314
2019-01-18,short_call_settlement,2018-12-19,sigma1_weekly_1lot,1,157.9529,162,2019-01-18,0
2019-01-18,sell_short_call,2018-12-19,sigma1_weekly_1lot,1,157.9529,174,2019-02-17,80.8911
2019-01-22,short_call_settlement,2018-03-23,sigma1_weekly_1lot,1,154.7891,155,2019-01-20,0
2019-01-22,short_call_settlement,2018-11-20,sigma1_weekly_1lot,1,154.7891,160,2019-01-19,0
2019-01-22,short_call_settlement,2018-12-20,sigma2_first_60d_1lot,1,154.7891,160,2019-01-19,0
2019-01-22,short_call_settlement,2018-12-21,sigma2_repeat_20d_2lot,2,154.7891,155,2019-01-20,0
2019-01-22,sell_short_call,2018-03-23,sigma1_weekly_1lot,1,154.7891,170,2019-02-21,86.3208
2019-01-22,sell_short_call,2018-11-20,sigma1_weekly_1lot,1,154.7891,170,2019-02-21,86.3208
2019-01-22,sell_short_call,2018-12-20,sigma2_first_60d_1lot,1,154.7891,170,2019-02-21,86.3208
2019-01-22,sell_short_call,2018-12-21,sigma2_repeat_20d_2lot,2,154.7891,170,2019-02-21,172.6415
2019-01-23,short_call_settlement,2018-10-24,sigma1_weekly_1lot,1,154.9898,151,2019-01-23,-398.9792
2019-01-23,short_call_settlement,2018-12-24,sigma2_repeat_20d_2lot,2,154.9898,151,2019-01-23,-797.9584
2019-01-23,sell_short_call,2018-10-24,sigma1_weekly_1lot,1,154.9898,170,2019-02-22,88.8679
2019-01-23,sell_short_call,2018-12-24,sigma2_repeat_20d_2lot,2,154.9898,170,2019-02-22,177.7358
2019-01-28,short_call_settlement,2018-10-29,sigma1_weekly_1lot,1,155.9074,161,2019-01-27,0
2019-01-28,sell_short_call,2018-10-29,sigma1_weekly_1lot,1,155.9074,171,2019-02-27,90.0613
2019-02-06,short_call_settlement,2018-02-05,sigma2_first_60d_1lot,1,162.9902,166,2019-02-06,0
2019-02-06,sell_short_call,2018-02-05,sigma2_first_60d_1lot,1,162.9902,179,2019-03-08,87.9417
2019-02-08,short_call_settlement,2018-02-08,sigma2_repeat_20d_2lot,2,161.1168,169,2019-02-08,0
2019-02-08,short_call_settlement,2018-10-10,sigma1_weekly_1lot,1,161.1168,169,2019-02-08,0
2019-02-08,sell_short_call,2018-02-08,sigma2_repeat_20d_2lot,2,161.1168,177,2019-03-10,169.1014
2019-02-08,sell_short_call,2018-10-10,sigma1_weekly_1lot,1,161.1168,177,2019-03-10,84.5507
2019-02-19,short_call_settlement,2018-12-19,sigma1_weekly_1lot,1,164.6725,174,2019-02-17,0
2019-02-19,sell_short_call,2018-12-19,sigma1_weekly_1lot,1,164.6725,181,2019-03-21,77.6628
2019-02-21,short_call_settlement,2018-03-23,sigma1_weekly_1lot,1,164.0416,170,2019-02-21,0
2019-02-21,short_call_settlement,2018-11-20,sigma1_weekly_1lot,1,164.0416,170,2019-02-21,0
2019-02-21,short_call_settlement,2018-12-20,sigma2_first_60d_1lot,1,164.0416,170,2019-02-21,0
2019-02-21,short_call_settlement,2018-12-21,sigma2_repeat_20d_2lot,2,164.0416,170,2019-02-21,0
2019-02-21,sell_short_call,2018-03-23,sigma1_weekly_1lot,1,164.0416,180,2019-03-23,80.7865
2019-02-21,sell_short_call,2018-11-20,sigma1_weekly_1lot,1,164.0416,180,2019-03-23,80.7865
2019-02-21,sell_short_call,2018-12-20,sigma2_first_60d_1lot,1,164.0416,180,2019-03-23,80.7865
2019-02-21,sell_short_call,2018-12-21,sigma2_repeat_20d_2lot,2,164.0416,180,2019-03-23,161.5731
2019-02-22,short_call_settlement,2018-10-24,sigma1_weekly_1lot,1,165.2556,170,2019-02-22,0
2019-02-22,short_call_settlement,2018-12-24,sigma2_repeat_20d_2lot,2,165.2556,170,2019-02-22,0
2019-02-22,sell_short_call,2018-10-24,sigma1_weekly_1lot,1,165.2556,182,2019-03-24,74.1397
2019-02-22,sell_short_call,2018-12-24,sigma2_repeat_20d_2lot,2,165.2556,182,2019-03-24,148.2793
2019-02-25,close_short_call,2018-02-05,sigma2_first_60d_1lot,1,165.8577,179,2019-03-08,-18.8659
2019-02-27,short_call_settlement,2018-10-29,sigma1_weekly_1lot,1,165.9247,171,2019-02-27,0
2019-02-27,sell_short_call,2018-10-29,sigma1_weekly_1lot,1,165.9247,183,2019-03-29,70.3102
2019-03-11,short_call_settlement,2018-02-08,sigma2_repeat_20d_2lot,2,167.0143,177,2019-03-10,0
2019-03-11,short_call_settlement,2018-10-10,sigma1_weekly_1lot,1,167.0143,177,2019-03-10,0
2019-03-11,sell_short_call,2018-02-08,sigma2_repeat_20d_2lot,2,167.0143,184,2019-04-10,145.3549
2019-03-11,sell_short_call,2018-10-10,sigma1_weekly_1lot,1,167.0143,184,2019-04-10,72.6774
2019-03-13,close_short_call,2018-02-08,sigma2_repeat_20d_2lot,2,169.1936,184,2019-04-10,-181.466
2019-03-21,short_call_settlement,2018-12-19,sigma1_weekly_1lot,1,174.8257,181,2019-03-21,0
2019-03-21,sell_short_call,2018-12-19,sigma1_weekly_1lot,1,174.8257,192,2019-04-20,80.758
2019-03-25,short_call_settlement,2018-03-23,sigma1_weekly_1lot,1,170.6602,180,2019-03-23,0
2019-03-25,short_call_settlement,2018-10-24,sigma1_weekly_1lot,1,170.6602,182,2019-03-24,0
2019-03-25,short_call_settlement,2018-11-20,sigma1_weekly_1lot,1,170.6602,180,2019-03-23,0
2019-03-25,short_call_settlement,2018-12-20,sigma2_first_60d_1lot,1,170.6602,180,2019-03-23,0
2019-03-25,short_call_settlement,2018-12-21,sigma2_repeat_20d_2lot,2,170.6602,180,2019-03-23,0
2019-03-25,short_call_settlement,2018-12-24,sigma2_repeat_20d_2lot,2,170.6602,182,2019-03-24,0
2019-03-25,sell_short_call,2018-10-24,sigma1_weekly_1lot,1,170.6602,188,2019-04-24,72.3467
2019-03-25,sell_short_call,2018-11-20,sigma1_weekly_1lot,1,170.6602,188,2019-04-24,72.3467
2019-03-25,sell_short_call,2018-12-20,sigma2_first_60d_1lot,1,170.6602,188,2019-04-24,72.3467
2019-03-25,sell_short_call,2018-12-21,sigma2_repeat_20d_2lot,2,170.6602,188,2019-04-24,144.6933
2019-03-25,sell_short_call,2018-12-24,sigma2_repeat_20d_2lot,2,170.6602,188,2019-04-24,144.6933
2019-03-29,short_call_settlement,2018-10-29,sigma1_weekly_1lot,1,172.0391,183,2019-03-29,0
2019-03-29,sell_short_call,2018-10-29,sigma1_weekly_1lot,1,172.0391,189,2019-04-28,69.8092
2019-04-10,short_call_settlement,2018-10-10,sigma1_weekly_1lot,1,177.6027,184,2019-04-10,0
2019-04-10,sell_short_call,2018-10-10,sigma1_weekly_1lot,1,177.6027,195,2019-05-10,66.3579
2019-04-22,short_call_settlement,2018-12-19,sigma1_weekly_1lot,1,179.9488,192,2019-04-20,0
2019-04-22,sell_short_call,2018-12-19,sigma1_weekly_1lot,1,179.9488,198,2019-05-22,61.2489
2019-04-24,short_call_settlement,2018-10-24,sigma1_weekly_1lot,1,181.6629,188,2019-04-24,0
2019-04-24,short_call_settlement,2018-11-20,sigma1_weekly_1lot,1,181.6629,188,2019-04-24,0
2019-04-24,short_call_settlement,2018-12-20,sigma2_first_60d_1lot,1,181.6629,188,2019-04-24,0
2019-04-24,short_call_settlement,2018-12-21,sigma2_repeat_20d_2lot,2,181.6629,188,2019-04-24,0
2019-04-24,short_call_settlement,2018-12-24,sigma2_repeat_20d_2lot,2,181.6629,188,2019-04-24,0
2019-04-24,sell_short_call,2018-10-24,sigma1_weekly_1lot,1,181.6629,200,2019-05-24,60.4752
2019-04-24,sell_short_call,2018-11-20,sigma1_weekly_1lot,1,181.6629,200,2019-05-24,60.4752
2019-04-24,sell_short_call,2018-12-20,sigma2_first_60d_1lot,1,181.6629,200,2019-05-24,60.4752
2019-04-24,sell_short_call,2018-12-21,sigma2_repeat_20d_2lot,2,181.6629,200,2019-05-24,120.9504
2019-04-24,sell_short_call,2018-12-24,sigma2_repeat_20d_2lot,2,181.6629,200,2019-05-24,120.9504
2019-04-29,short_call_settlement,2018-10-29,sigma1_weekly_1lot,1,182.9173,189,2019-04-28,0
2019-04-29,sell_short_call,2018-10-29,sigma1_weekly_1lot,1,182.9173,201,2019-05-29,61.9166
2019-05-10,short_call_settlement,2018-10-10,sigma1_weekly_1lot,1,177.1526,195,2019-05-10,0
2019-05-10,sell_short_call,2018-10-10,sigma1_weekly_1lot,1,177.1526,195,2019-06-09,57.3015
2019-05-22,short_call_settlement,2018-12-19,sigma1_weekly_1lot,1,173.3414,198,2019-05-22,0
2019-05-22,sell_short_call,2018-12-19,sigma1_weekly_1lot,1,173.3414,191,2019-06-21,59.045
2019-05-24,short_call_settlement,2018-10-24,sigma1_weekly_1lot,1,170.6027,200,2019-05-24,0
2019-05-24,short_call_settlement,2018-11-20,sigma1_weekly_1lot,1,170.6027,200,2019-05-24,0
2019-05-24,short_call_settlement,2018-12-20,sigma2_first_60d_1lot,1,170.6027,200,2019-05-24,0
2019-05-24,short_call_settlement,2018-12-21,sigma2_repeat_20d_2lot,2,170.6027,200,2019-05-24,0
2019-05-24,short_call_settlement,2018-12-24,sigma2_repeat_20d_2lot,2,170.6027,200,2019-05-24,0
2019-05-24,sell_short_call,2018-10-24,sigma1_weekly_1lot,1,170.6027,188,2019-06-23,58.3978
2019-05-24,sell_short_call,2018-11-20,sigma1_weekly_1lot,1,170.6027,188,2019-06-23,58.3978
2019-05-24,sell_short_call,2018-12-20,sigma2_first_60d_1lot,1,170.6027,188,2019-06-23,58.3978
2019-05-24,sell_short_call,2018-12-21,sigma2_repeat_20d_2lot,2,170.6027,188,2019-06-23,116.7957
2019-05-24,sell_short_call,2018-12-24,sigma2_repeat_20d_2lot,2,170.6027,188,2019-06-23,116.7957
2019-05-29,short_call_settlement,2018-10-29,sigma1_weekly_1lot,1,168.5631,201,2019-05-29,0
2019-05-29,sell_short_call,2018-10-29,sigma1_weekly_1lot,1,168.5631,185,2019-06-28,65.0253
2019-06-10,short_call_settlement,2018-10-10,sigma1_weekly_1lot,1,175.3811,195,2019-06-09,0
2019-06-10,sell_short_call,2018-10-10,sigma1_weekly_1lot,1,175.3811,193,2019-07-10,67.0429
2019-06-21,short_call_settlement,2018-12-19,sigma1_weekly_1lot,1,180.5712,191,2019-06-21,0
2019-06-21,sell_short_call,2018-12-19,sigma1_weekly_1lot,1,180.5712,199,2019-07-21,66.8759
2019-06-24,short_call_settlement,2018-10-24,sigma1_weekly_1lot,1,180.577,188,2019-06-23,0
2019-06-24,short_call_settlement,2018-11-20,sigma1_weekly_1lot,1,180.577,188,2019-06-23,0
2019-06-24,short_call_settlement,2018-12-20,sigma2_first_60d_1lot,1,180.577,188,2019-06-23,0
2019-06-24,short_call_settlement,2018-12-21,sigma2_repeat_20d_2lot,2,180.577,188,2019-06-23,0
2019-06-24,short_call_settlement,2018-12-24,sigma2_repeat_20d_2lot,2,180.577,188,2019-06-23,0
2019-06-24,sell_short_call,2018-10-24,sigma1_weekly_1lot,1,180.577,199,2019-07-24,66.7201
2019-06-24,sell_short_call,2018-11-20,sigma1_weekly_1lot,1,180.577,199,2019-07-24,66.7201
2019-06-24,sell_short_call,2018-12-20,sigma2_first_60d_1lot,1,180.577,199,2019-07-24,66.7201
2019-06-24,sell_short_call,2018-12-21,sigma2_repeat_20d_2lot,2,180.577,199,2019-07-24,133.4402
2019-06-24,sell_short_call,2018-12-24,sigma2_repeat_20d_2lot,2,180.577,199,2019-07-24,133.4402
2019-06-28,short_call_settlement,2018-10-29,sigma1_weekly_1lot,1,179.2142,185,2019-06-28,0
2019-06-28,sell_short_call,2018-10-29,sigma1_weekly_1lot,1,179.2142,197,2019-07-28,69.9054
2019-07-10,short_call_settlement,2018-10-10,sigma1_weekly_1lot,1,184.7996,193,2019-07-10,0
2019-07-10,sell_short_call,2018-10-10,sigma1_weekly_1lot,1,184.7996,203,2019-08-09,72.633
2019-07-22,short_call_settlement,2018-12-19,sigma1_weekly_1lot,1,184.7709,199,2019-07-21,0
2019-07-22,sell_short_call,2018-12-19,sigma1_weekly_1lot,1,184.7709,203,2019-08-21,71.8212
2019-07-24,short_call_settlement,2018-10-24,sigma1_weekly_1lot,1,187.2853,199,2019-07-24,0
2019-07-24,short_call_settlement,2018-11-20,sigma1_weekly_1lot,1,187.2853,199,2019-07-24,0
2019-07-24,short_call_settlement,2018-12-20,sigma2_first_60d_1lot,1,187.2853,199,2019-07-24,0
2019-07-24,short_call_settlement,2018-12-21,sigma2_repeat_20d_2lot,2,187.2853,199,2019-07-24,0
2019-07-24,short_call_settlement,2018-12-24,sigma2_repeat_20d_2lot,2,187.2853,199,2019-07-24,0
2019-07-24,sell_short_call,2018-10-24,sigma1_weekly_1lot,1,187.2853,206,2019-08-23,70.6902
2019-07-24,sell_short_call,2018-11-20,sigma1_weekly_1lot,1,187.2853,206,2019-08-23,70.6902
2019-07-24,sell_short_call,2018-12-20,sigma2_first_60d_1lot,1,187.2853,206,2019-08-23,70.6902
2019-07-24,sell_short_call,2018-12-21,sigma2_repeat_20d_2lot,2,187.2853,206,2019-08-23,141.3803
2019-07-24,sell_short_call,2018-12-24,sigma2_repeat_20d_2lot,2,187.2853,206,2019-08-23,141.3803
2019-07-29,short_call_settlement,2018-10-29,sigma1_weekly_1lot,1,186.7766,197,2019-07-28,0
2019-07-29,sell_short_call,2018-10-29,sigma1_weekly_1lot,1,186.7766,205,2019-08-28,74.1779
2019-08-05,sell_short_call,2019-08-05,sigma1_weekly_1lot,1,173.4464,191,2019-09-04,65.7096
2019-08-09,short_call_settlement,2018-10-10,sigma1_weekly_1lot,1,178.9742,203,2019-08-09,0
2019-08-09,sell_short_call,2018-10-10,sigma1_weekly_1lot,1,178.9742,197,2019-09-08,70.5764
2019-08-21,short_call_settlement,2018-12-19,sigma1_weekly_1lot,1,181.028,203,2019-08-21,0
2019-08-21,sell_short_call,2018-12-19,sigma1_weekly_1lot,1,181.028,199,2019-09-20,79.3326
2019-08-23,short_call_settlement,2018-10-24,sigma1_weekly_1lot,1,174.7324,206,2019-08-23,0
2019-08-23,short_call_settlement,2018-11-20,sigma1_weekly_1lot,1,174.7324,206,2019-08-23,0
2019-08-23,short_call_settlement,2018-12-20,sigma2_first_60d_1lot,1,174.7324,206,2019-08-23,0
2019-08-23,short_call_settlement,2018-12-21,sigma2_repeat_20d_2lot,2,174.7324,206,2019-08-23,0
2019-08-23,short_call_settlement,2018-12-24,sigma2_repeat_20d_2lot,2,174.7324,206,2019-08-23,0
2019-08-23,sell_short_call,2018-10-24,sigma1_weekly_1lot,1,174.7324,192,2019-09-22,80.2523
2019-08-23,sell_short_call,2018-11-20,sigma1_weekly_1lot,1,174.7324,192,2019-09-22,80.2523
2019-08-23,sell_short_call,2018-12-20,sigma2_first_60d_1lot,1,174.7324,192,2019-09-22,80.2523
2019-08-23,sell_short_call,2018-12-21,sigma2_repeat_20d_2lot,2,174.7324,192,2019-09-22,160.5046
2019-08-23,sell_short_call,2018-12-24,sigma2_repeat_20d_2lot,2,174.7324,192,2019-09-22,160.5046
2019-08-28,short_call_settlement,2018-10-29,sigma1_weekly_1lot,1,177.6307,205,2019-08-28,0
2019-08-28,sell_short_call,2018-10-29,sigma1_weekly_1lot,1,177.6307,195,2019-09-27,83.7651
2019-09-04,short_call_settlement,2019-08-05,sigma1_weekly_1lot,1,180.7401,191,2019-09-04,0
2019-09-04,sell_short_call,2019-08-05,sigma1_weekly_1lot,1,180.7401,199,2019-10-04,80.0116
2019-09-09,short_call_settlement,2018-10-10,sigma1_weekly_1lot,1,183.4849,197,2019-09-08,0
2019-09-09,sell_short_call,2018-10-10,sigma1_weekly_1lot,1,183.4849,202,2019-10-09,81.6121
2019-09-20,short_call_settlement,2018-12-19,sigma1_weekly_1lot,1,183.1106,199,2019-09-20,0
2019-09-20,sell_short_call,2018-12-19,sigma1_weekly_1lot,1,183.1106,201,2019-10-20,87.2462
2019-09-23,short_call_settlement,2018-10-24,sigma1_weekly_1lot,1,183.1913,192,2019-09-22,0
2019-09-23,short_call_settlement,2018-11-20,sigma1_weekly_1lot,1,183.1913,192,2019-09-22,0
2019-09-23,short_call_settlement,2018-12-20,sigma2_first_60d_1lot,1,183.1913,192,2019-09-22,0
2019-09-23,short_call_settlement,2018-12-21,sigma2_repeat_20d_2lot,2,183.1913,192,2019-09-22,0
2019-09-23,short_call_settlement,2018-12-24,sigma2_repeat_20d_2lot,2,183.1913,192,2019-09-22,0
2019-09-23,sell_short_call,2018-10-24,sigma1_weekly_1lot,1,183.1913,202,2019-10-23,77.243
2019-09-23,sell_short_call,2018-11-20,sigma1_weekly_1lot,1,183.1913,202,2019-10-23,77.243
2019-09-23,sell_short_call,2018-12-20,sigma2_first_60d_1lot,1,183.1913,202,2019-10-23,77.243
2019-09-23,sell_short_call,2018-12-21,sigma2_repeat_20d_2lot,2,183.1913,202,2019-10-23,154.486
2019-09-23,sell_short_call,2018-12-24,sigma2_repeat_20d_2lot,2,183.1913,202,2019-10-23,154.486
2019-09-27,short_call_settlement,2018-10-29,sigma1_weekly_1lot,1,179.8545,195,2019-09-27,0
2019-09-27,sell_short_call,2018-10-29,sigma1_weekly_1lot,1,179.8545,198,2019-10-27,80.3484
2019-10-04,short_call_settlement,2019-08-05,sigma1_weekly_1lot,1,181.5662,199,2019-10-04,0
2019-10-04,sell_short_call,2019-08-05,sigma1_weekly_1lot,1,181.5662,200,2019-11-03,81.8676
2019-10-09,short_call_settlement,2018-10-10,sigma1_weekly_1lot,1,180.0468,202,2019-10-09,0
2019-10-09,sell_short_call,2018-10-10,sigma1_weekly_1lot,1,180.0468,198,2019-11-08,84.0178
2019-10-10,close_short_call,2018-10-10,sigma1_weekly_1lot,1,181.4412,198,2019-11-08,-97.4597
2019-10-21,short_call_settlement,2018-12-19,sigma1_weekly_1lot,1,185.9705,201,2019-10-20,0
2019-10-21,sell_short_call,2018-12-19,sigma1_weekly_1lot,1,185.9705,205,2019-11-20,70.622
2019-10-23,short_call_settlement,2018-10-24,sigma1_weekly_1lot,1,184.8454,202,2019-10-23,0
2019-10-23,short_call_settlement,2018-11-20,sigma1_weekly_1lot,1,184.8454,202,2019-10-23,0
2019-10-23,short_call_settlement,2018-12-20,sigma2_first_60d_1lot,1,184.8454,202,2019-10-23,0
2019-10-23,short_call_settlement,2018-12-21,sigma2_repeat_20d_2lot,2,184.8454,202,2019-10-23,0
2019-10-23,short_call_settlement,2018-12-24,sigma2_repeat_20d_2lot,2,184.8454,202,2019-10-23,0
2019-10-23,sell_short_call,2018-10-24,sigma1_weekly_1lot,1,184.8454,203,2019-11-22,77.9038
2019-10-23,sell_short_call,2018-11-20,sigma1_weekly_1lot,1,184.8454,203,2019-11-22,77.9038
2019-10-23,sell_short_call,2018-12-20,sigma2_first_60d_1lot,1,184.8454,203,2019-11-22,77.9038
2019-10-23,sell_short_call,2018-12-21,sigma2_repeat_20d_2lot,2,184.8454,203,2019-11-22,155.8077
2019-10-23,sell_short_call,2018-12-24,sigma2_repeat_20d_2lot,2,184.8454,203,2019-11-22,155.8077
2019-10-24,close_short_call,2018-10-24,sigma1_weekly_1lot,1,186.6436,203,2019-11-22,-96.3392
2019-10-28,short_call_settlement,2018-10-29,sigma1_weekly_1lot,1,189.9901,198,2019-10-27,0
2019-10-28,sell_short_call,2018-10-29,sigma1_weekly_1lot,1,189.9901,209,2019-11-27,67.3953
2019-10-29,close_short_call,2018-10-29,sigma1_weekly_1lot,1,188.5188,209,2019-11-27,-48.0358
2019-11-01,close_short_call,2018-12-19,sigma1_weekly_1lot,1,191.2402,205,2019-11-20,-61.7313
2019-11-04,short_call_settlement,2019-08-05,sigma1_weekly_1lot,1,192.423,200,2019-11-03,0
2019-11-04,close_short_call,2018-12-24,sigma2_repeat_20d_2lot,2,192.423,203,2019-11-22,-197.6724
2019-11-04,close_short_call,2018-12-21,sigma2_repeat_20d_2lot,2,192.423,203,2019-11-22,-197.6724
2019-11-04,sell_short_call,2019-08-05,sigma1_weekly_1lot,1,192.423,212,2019-12-04,60.0225
2019-11-12,close_short_call,2018-11-20,sigma1_weekly_1lot,1,193.8078,203,2019-11-22,-50.5823
2019-11-22,short_call_settlement,2018-12-20,sigma2_first_60d_1lot,1,194.0867,203,2019-11-22,0
2019-11-22,sell_short_call,2018-12-20,sigma2_first_60d_1lot,1,194.0867,213,2019-12-22,55.1433
2019-11-27,close_short_call,2018-12-20,sigma2_first_60d_1lot,1,198.1352,213,2019-12-22,-76.2733
2019-12-04,short_call_settlement,2019-08-05,sigma1_weekly_1lot,1,194.6636,212,2019-12-04,0
2019-12-04,sell_short_call,2019-08-05,sigma1_weekly_1lot,1,194.6636,214,2020-01-03,48.3814
2020-01-03,short_call_settlement,2019-08-05,sigma1_weekly_1lot,1,206.4094,214,2020-01-03,0
2020-01-03,sell_short_call,2019-08-05,sigma1_weekly_1lot,1,206.4094,227,2020-02-02,22.2229
2020-02-03,short_call_settlement,2019-08-05,sigma1_weekly_1lot,1,214.3119,227,2020-02-02,0
2020-02-03,sell_short_call,2019-08-05,sigma1_weekly_1lot,1,214.3119,236,2020-03-04,16.4735
2020-02-25,sell_short_call,2020-02-25,sigma2_first_60d_1lot,1,207.5562,228,2020-03-26,24.9432
2020-02-27,sell_short_call,2020-02-27,sigma2_repeat_20d_2lot,2,198.1792,218,2020-03-28,57.3913
2020-02-28,sell_short_call,2020-02-28,sigma2_repeat_20d_2lot,2,198.3334,218,2020-03-29,59.1935
2020-03-04,short_call_settlement,2019-08-05,sigma1_weekly_1lot,1,210.3028,236,2020-03-04,0
2020-03-04,sell_short_call,2019-08-05,sigma1_weekly_1lot,1,210.3028,231,2020-04-03,46.4514
2020-03-09,sell_short_call,2020-03-09,sigma2_repeat_20d_2lot,2,186.5471,205,2020-04-08,115.1274
2020-03-12,sell_short_call,2020-03-12,sigma2_repeat_20d_2lot,2,170.8867,188,2020-04-11,172.7747
2020-03-16,sell_short_call,2020-03-16,sigma2_repeat_20d_2lot,2,163.1577,179,2020-04-15,300.0186
2020-03-26,short_call_settlement,2020-02-25,sigma2_first_60d_1lot,1,185.3319,228,2020-03-26,0
2020-03-26,sell_short_call,2020-02-25,sigma2_first_60d_1lot,1,185.3319,204,2020-04-25,205.3899
2020-03-30,short_call_settlement,2020-02-27,sigma2_repeat_20d_2lot,2,185.467,218,2020-03-28,0
2020-03-30,short_call_settlement,2020-02-28,sigma2_repeat_20d_2lot,2,185.467,218,2020-03-29,0
2020-03-30,sell_short_call,2020-02-27,sigma2_repeat_20d_2lot,2,185.467,204,2020-04-29,430.6826
2020-03-30,sell_short_call,2020-02-28,sigma2_repeat_20d_2lot,2,185.467,204,2020-04-29,430.6826
2020-04-03,short_call_settlement,2019-08-05,sigma1_weekly_1lot,1,177.0938,231,2020-04-03,0
2020-04-03,sell_short_call,2019-08-05,sigma1_weekly_1lot,1,177.0938,195,2020-05-03,208.5758
2020-04-08,short_call_settlement,2020-03-09,sigma2_repeat_20d_2lot,2,193.7051,205,2020-04-08,0
2020-04-08,sell_short_call,2020-03-09,sigma2_repeat_20d_2lot,2,193.7051,213,2020-05-08,498.1612
2020-04-13,short_call_settlement,2020-03-12,sigma2_repeat_20d_2lot,2,196.0809,188,2020-04-11,-1616.1835
2020-04-13,sell_short_call,2020-03-12,sigma2_repeat_20d_2lot,2,196.0809,216,2020-05-13,490.593
2020-04-15,short_call_settlement,2020-03-16,sigma2_repeat_20d_2lot,2,202.2618,179,2020-04-15,-4652.3651
2020-04-15,sell_short_call,2020-03-16,sigma2_repeat_20d_2lot,2,202.2618,222,2020-05-15,548.2619
2020-04-27,short_call_settlement,2020-02-25,sigma2_first_60d_1lot,1,208.182,204,2020-04-25,-418.2022
2020-04-27,sell_short_call,2020-02-25,sigma2_first_60d_1lot,1,208.182,229,2020-05-27,282.2258
2020-04-29,short_call_settlement,2020-02-27,sigma2_repeat_20d_2lot,2,211.5043,204,2020-04-29,-1500.8545
2020-04-29,short_call_settlement,2020-02-28,sigma2_repeat_20d_2lot,2,211.5043,204,2020-04-29,-1500.8545
2020-04-29,sell_short_call,2020-02-27,sigma2_repeat_20d_2lot,2,211.5043,233,2020-05-29,570.283
2020-04-29,sell_short_call,2020-02-28,sigma2_repeat_20d_2lot,2,211.5043,233,2020-05-29,570.283
2020-05-04,short_call_settlement,2019-08-05,sigma1_weekly_1lot,1,207.8536,195,2020-05-03,-1285.3638
2020-05-04,sell_short_call,2019-08-05,sigma1_weekly_1lot,1,207.8536,229,2020-06-03,282.0665
2020-05-08,short_call_settlement,2020-03-09,sigma2_repeat_20d_2lot,2,217.1637,213,2020-05-08,-832.7423
2020-05-08,sell_short_call,2020-03-09,sigma2_repeat_20d_2lot,2,217.1637,239,2020-06-07,598.7614
2020-05-13,short_call_settlement,2020-03-12,sigma2_repeat_20d_2lot,2,211.8326,216,2020-05-13,0
2020-05-13,sell_short_call,2020-03-12,sigma2_repeat_20d_2lot,2,211.8326,233,2020-06-12,584.6164
2020-05-15,short_call_settlement,2020-03-16,sigma2_repeat_20d_2lot,2,215.6282,222,2020-05-15,0
2020-05-15,sell_short_call,2020-03-16,sigma2_repeat_20d_2lot,2,215.6282,237,2020-06-14,600.9787
2020-05-27,short_call_settlement,2020-02-25,sigma2_first_60d_1lot,1,222.4078,229,2020-05-27,0
2020-05-27,sell_short_call,2020-02-25,sigma2_first_60d_1lot,1,222.4078,245,2020-06-26,299.5531
2020-05-29,short_call_settlement,2020-02-27,sigma2_repeat_20d_2lot,2,225.3728,233,2020-05-29,0
2020-05-29,short_call_settlement,2020-02-28,sigma2_repeat_20d_2lot,2,225.3728,233,2020-05-29,0
2020-05-29,sell_short_call,2020-02-27,sigma2_repeat_20d_2lot,2,225.3728,248,2020-06-28,617.7183
2020-05-29,sell_short_call,2020-02-28,sigma2_repeat_20d_2lot,2,225.3728,248,2020-06-28,617.7183
2020-06-03,short_call_settlement,2019-08-05,sigma1_weekly_1lot,1,228.5888,229,2020-06-03,0
2020-06-03,sell_short_call,2019-08-05,sigma1_weekly_1lot,1,228.5888,251,2020-07-03,318.1369
2020-06-05,close_short_call,2019-08-05,sigma1_weekly_1lot,1,231.4861,251,2020-07-03,-360.4275
2020-06-08,short_call_settlement,2020-03-09,sigma2_repeat_20d_2lot,2,233.2824,239,2020-06-07,0
2020-06-08,sell_short_call,2020-03-09,sigma2_repeat_20d_2lot,2,233.2824,257,2020-07-08,617.6893
2020-06-12,short_call_settlement,2020-03-12,sigma2_repeat_20d_2lot,2,227.8065,233,2020-06-12,0
2020-06-12,sell_short_call,2020-03-12,sigma2_repeat_20d_2lot,2,227.8065,251,2020-07-12,621.1126
2020-06-15,short_call_settlement,2020-03-16,sigma2_repeat_20d_2lot,2,230.5783,237,2020-06-14,0
2020-06-15,sell_short_call,2020-03-16,sigma2_repeat_20d_2lot,2,230.5783,254,2020-07-15,631.3588
2020-06-18,close_short_call,2020-03-12,sigma2_repeat_20d_2lot,2,235.919,251,2020-07-12,-852.4446
2020-06-22,close_short_call,2020-03-09,sigma2_repeat_20d_2lot,2,238.7092,257,2020-07-08,-436.9847
2020-06-26,short_call_settlement,2020-02-25,sigma2_first_60d_1lot,1,232.4014,245,2020-06-26,0
2020-06-26,sell_short_call,2020-02-25,sigma2_first_60d_1lot,1,232.4014,256,2020-07-26,321.7985
2020-06-29,short_call_settlement,2020-02-27,sigma2_repeat_20d_2lot,2,234.9361,248,2020-06-28,0
2020-06-29,short_call_settlement,2020-02-28,sigma2_repeat_20d_2lot,2,234.9361,248,2020-06-28,0
2020-06-29,sell_short_call,2020-02-27,sigma2_repeat_20d_2lot,2,234.9361,258,2020-07-29,681.834
2020-06-29,sell_short_call,2020-02-28,sigma2_repeat_20d_2lot,2,234.9361,258,2020-07-29,681.834
2020-07-06,close_short_call,2020-02-28,sigma2_repeat_20d_2lot,2,249.98,258,2020-07-29,-1372.3572
2020-07-06,close_short_call,2020-02-27,sigma2_repeat_20d_2lot,2,249.98,258,2020-07-29,-1372.3572
2020-07-10,close_short_call,2020-02-25,sigma2_first_60d_1lot,1,255.3784,256,2020-07-26,-842.1708
2020-07-14,close_short_call,2020-03-16,sigma2_repeat_20d_2lot,2,251.8956,254,2020-07-15,-248.6648
2021-03-04,sell_short_call,2021-03-04,sigma1_weekly_1lot,1,294.7355,324,2021-04-03,484.5549
2021-03-08,sell_short_call,2021-03-08,sigma1_weekly_1lot,1,290.7036,320,2021-04-07,467.8237
2021-04-05,short_call_settlement,2021-03-04,sigma1_weekly_1lot,1,321.2609,324,2021-04-03,0
2021-04-05,sell_short_call,2021-03-04,sigma1_weekly_1lot,1,321.2609,353,2021-05-05,227.3349
2021-04-07,short_call_settlement,2021-03-08,sigma1_weekly_1lot,1,321.814,320,2021-04-07,-181.3995
2021-04-07,sell_short_call,2021-03-08,sigma1_weekly_1lot,1,321.814,354,2021-05-07,197.8291
2021-05-05,short_call_settlement,2021-03-04,sigma1_weekly_1lot,1,319.3007,353,2021-05-05,0
2021-05-05,sell_short_call,2021-03-04,sigma1_weekly_1lot,1,319.3007,351,2021-06-04,167.3462
2021-05-07,short_call_settlement,2021-03-08,sigma1_weekly_1lot,1,324.3177,354,2021-05-07,0
2021-05-07,sell_short_call,2021-03-08,sigma1_weekly_1lot,1,324.3177,357,2021-06-06,164.0293
2021-05-12,sell_short_call,2021-05-12,sigma1_weekly_1lot,1,307.5196,338,2021-06-11,165.3499
2021-06-04,short_call_settlement,2021-03-04,sigma1_weekly_1lot,1,325.6763,351,2021-06-04,0
2021-06-04,sell_short_call,2021-03-04,sigma1_weekly_1lot,1,325.6763,358,2021-07-04,175.4706
2021-06-07,short_call_settlement,2021-03-08,sigma1_weekly_1lot,1,326.6469,357,2021-06-06,0
2021-06-07,sell_short_call,2021-03-08,sigma1_weekly_1lot,1,326.6469,359,2021-07-07,175.0605
2021-06-11,short_call_settlement,2021-05-12,sigma1_weekly_1lot,1,331.1496,338,2021-06-11,0
2021-06-11,sell_short_call,2021-05-12,sigma1_weekly_1lot,1,331.1496,364,2021-07-11,161.9228
2021-07-06,short_call_settlement,2021-03-04,sigma1_weekly_1lot,1,349.9447,358,2021-07-04,0
2021-07-06,sell_short_call,2021-03-04,sigma1_weekly_1lot,1,349.9447,385,2021-08-05,155.7627
2021-07-07,short_call_settlement,2021-03-08,sigma1_weekly_1lot,1,350.6831,359,2021-07-07,0
2021-07-07,sell_short_call,2021-03-08,sigma1_weekly_1lot,1,350.6831,386,2021-08-06,153.7458
2021-07-12,short_call_settlement,2021-05-12,sigma1_weekly_1lot,1,352.1113,364,2021-07-11,0
2021-07-12,sell_short_call,2021-05-12,sigma1_weekly_1lot,1,352.1113,387,2021-08-11,159.7265
2021-08-05,short_call_settlement,2021-03-04,sigma1_weekly_1lot,1,359.1551,385,2021-08-05,0
2021-08-05,sell_short_call,2021-03-04,sigma1_weekly_1lot,1,359.1551,395,2021-09-04,145.9213
2021-08-06,short_call_settlement,2021-03-08,sigma1_weekly_1lot,1,357.5811,386,2021-08-06,0
2021-08-06,sell_short_call,2021-03-08,sigma1_weekly_1lot,1,357.5811,393,2021-09-05,147.3957
2021-08-11,short_call_settlement,2021-05-12,sigma1_weekly_1lot,1,355.7935,387,2021-08-11,0
2021-08-11,sell_short_call,2021-05-12,sigma1_weekly_1lot,1,355.7935,391,2021-09-10,143.92
2021-09-07,short_call_settlement,2021-03-04,sigma1_weekly_1lot,1,371.2412,395,2021-09-04,0
2021-09-07,short_call_settlement,2021-03-08,sigma1_weekly_1lot,1,371.2412,393,2021-09-05,0
2021-09-07,sell_short_call,2021-03-04,sigma1_weekly_1lot,1,371.2412,408,2021-10-07,126.3615
2021-09-07,sell_short_call,2021-03-08,sigma1_weekly_1lot,1,371.2412,408,2021-10-07,126.3615
2021-09-10,short_call_settlement,2021-05-12,sigma1_weekly_1lot,1,365.8782,391,2021-09-10,0
2021-09-10,sell_short_call,2021-05-12,sigma1_weekly_1lot,1,365.8782,402,2021-10-10,105.5791
2021-10-07,short_call_settlement,2021-03-04,sigma1_weekly_1lot,1,353.0366,408,2021-10-07,0
2021-10-07,short_call_settlement,2021-03-08,sigma1_weekly_1lot,1,353.0366,408,2021-10-07,0
2021-10-07,sell_short_call,2021-03-04,sigma1_weekly_1lot,1,353.0366,388,2021-11-06,85.6803
2021-10-07,sell_short_call,2021-03-08,sigma1_weekly_1lot,1,353.0366,388,2021-11-06,85.6803
2021-10-11,short_call_settlement,2021-05-12,sigma1_weekly_1lot,1,348.5819,402,2021-10-10,0
2021-10-11,sell_short_call,2021-05-12,sigma1_weekly_1lot,1,348.5819,383,2021-11-10,84.8396
2021-11-08,short_call_settlement,2021-03-04,sigma1_weekly_1lot,1,387.1663,388,2021-11-06,0
2021-11-08,short_call_settlement,2021-03-08,sigma1_weekly_1lot,1,387.1663,388,2021-11-06,0
2021-11-08,sell_short_call,2021-03-04,sigma1_weekly_1lot,1,387.1663,426,2021-12-08,60.0501
2021-11-08,sell_short_call,2021-03-08,sigma1_weekly_1lot,1,387.1663,426,2021-12-08,60.0501
2021-11-10,short_call_settlement,2021-05-12,sigma1_weekly_1lot,1,378.8503,383,2021-11-10,0
2021-11-10,sell_short_call,2021-05-12,sigma1_weekly_1lot,1,378.8503,417,2021-12-10,55.5397
2021-12-08,short_call_settlement,2021-03-04,sigma1_weekly_1lot,1,388.6739,426,2021-12-08,0
2021-12-08,short_call_settlement,2021-03-08,sigma1_weekly_1lot,1,388.6739,426,2021-12-08,0
2021-12-08,sell_short_call,2021-03-04,sigma1_weekly_1lot,1,388.6739,428,2022-01-07,64.9446
2021-12-08,sell_short_call,2021-03-08,sigma1_weekly_1lot,1,388.6739,428,2022-01-07,64.9446
2021-12-10,short_call_settlement,2021-05-12,sigma1_weekly_1lot,1,387.1176,417,2021-12-10,0
2021-12-10,sell_short_call,2021-05-12,sigma1_weekly_1lot,1,387.1176,426,2022-01-09,65.195
2022-01-07,short_call_settlement,2021-03-04,sigma1_weekly_1lot,1,369.9362,428,2022-01-07,0
2022-01-07,short_call_settlement,2021-03-08,sigma1_weekly_1lot,1,369.9362,428,2022-01-07,0
2022-01-07,sell_short_call,2021-03-04,sigma1_weekly_1lot,1,369.9362,407,2022-02-06,75.1629
2022-01-07,sell_short_call,2021-03-08,sigma1_weekly_1lot,1,369.9362,407,2022-02-06,75.1629
2022-01-10,short_call_settlement,2021-05-12,sigma1_weekly_1lot,1,370.1797,426,2022-01-09,0
2022-01-10,sell_short_call,2021-05-12,sigma1_weekly_1lot,1,370.1797,407,2022-02-09,75.8232
2022-01-20,sell_short_call,2022-01-20,sigma1_weekly_1lot,1,352.2702,387,2022-02-19,79.1046
2022-01-24,sell_short_call,2022-01-24,sigma1_weekly_1lot,1,344.0701,378,2022-02-23,80.8271
2022-02-07,short_call_settlement,2021-03-04,sigma1_weekly_1lot,1,345.8523,407,2022-02-06,0
2022-02-07,short_call_settlement,2021-03-08,sigma1_weekly_1lot,1,345.8523,407,2022-02-06,0
2022-02-07,sell_short_call,2021-03-04,sigma1_weekly_1lot,1,345.8523,380,2022-03-09,92.1431
2022-02-07,sell_short_call,2021-03-08,sigma1_weekly_1lot,1,345.8523,380,2022-03-09,92.1431
2022-02-09,short_call_settlement,2021-05-12,sigma1_weekly_1lot,1,357.1493,407,2022-02-09,0
2022-02-09,sell_short_call,2021-05-12,sigma1_weekly_1lot,1,357.1493,393,2022-03-11,93.3122
2022-02-22,short_call_settlement,2022-01-20,sigma1_weekly_1lot,1,329.2477,387,2022-02-19,0
2022-02-22,sell_short_call,2022-01-20,sigma1_weekly_1lot,1,329.2477,362,2022-03-24,100.3298
2022-02-23,short_call_settlement,2022-01-24,sigma1_weekly_1lot,1,320.814,378,2022-02-23,0
2022-02-23,sell_short_call,2022-01-24,sigma1_weekly_1lot,1,320.814,353,2022-03-25,98.3363
2022-02-23,sell_short_call,2022-02-23,sigma1_weekly_1lot,1,320.814,353,2022-03-25,98.3363
2022-03-07,sell_short_call,2022-03-07,sigma2_first_60d_1lot,1,316.3731,348,2022-04-06,93.5786
2022-03-08,sell_short_call,2022-03-08,sigma2_repeat_20d_2lot,2,314.9026,346,2022-04-07,179.278
2022-03-09,short_call_settlement,2021-03-04,sigma1_weekly_1lot,1,326.2385,380,2022-03-09,0
2022-03-09,short_call_settlement,2021-03-08,sigma1_weekly_1lot,1,326.2385,380,2022-03-09,0
2022-03-09,sell_short_call,2021-03-04,sigma1_weekly_1lot,1,326.2385,359,2022-04-08,94.1958
2022-03-09,sell_short_call,2021-03-08,sigma1_weekly_1lot,1,326.2385,359,2022-04-08,94.1958
2022-03-11,short_call_settlement,2021-05-12,sigma1_weekly_1lot,1,315.925,393,2022-03-11,0
2022-03-11,sell_short_call,2021-05-12,sigma1_weekly_1lot,1,315.925,348,2022-04-10,88.4046
2022-03-24,short_call_settlement,2022-01-20,sigma1_weekly_1lot,1,350.6872,362,2022-03-24,0
2022-03-24,sell_short_call,2022-01-20,sigma1_weekly_1lot,1,350.6872,386,2022-04-23,112.7035
2022-03-25,short_call_settlement,2022-01-24,sigma1_weekly_1lot,1,350.3947,353,2022-03-25,0
2022-03-25,short_call_settlement,2022-02-23,sigma1_weekly_1lot,1,350.3947,353,2022-03-25,0
2022-03-25,sell_short_call,2022-01-24,sigma1_weekly_1lot,1,350.3947,385,2022-04-24,117.5723
2022-03-25,sell_short_call,2022-02-23,sigma1_weekly_1lot,1,350.3947,385,2022-04-24,117.5723
2022-04-06,short_call_settlement,2022-03-07,sigma2_first_60d_1lot,1,344.4565,348,2022-04-06,0
2022-04-06,sell_short_call,2022-03-07,sigma2_first_60d_1lot,1,344.4565,379,2022-05-06,117.1323
2022-04-07,short_call_settlement,2022-03-08,sigma2_repeat_20d_2lot,2,345.2756,346,2022-04-07,0
2022-04-07,sell_short_call,2022-03-08,sigma2_repeat_20d_2lot,2,345.2756,380,2022-05-07,232.7442
2022-04-08,short_call_settlement,2021-03-04,sigma1_weekly_1lot,1,340.4489,359,2022-04-08,0
2022-04-08,short_call_settlement,2021-03-08,sigma1_weekly_1lot,1,340.4489,359,2022-04-08,0
2022-04-08,sell_short_call,2021-03-04,sigma1_weekly_1lot,1,340.4489,374,2022-05-08,122.1084
2022-04-08,sell_short_call,2021-03-08,sigma1_weekly_1lot,1,340.4489,374,2022-05-08,122.1084
2022-04-11,short_call_settlement,2021-05-12,sigma1_weekly_1lot,1,332.3948,348,2022-04-10,0
2022-04-11,sell_short_call,2021-05-12,sigma1_weekly_1lot,1,332.3948,366,2022-05-11,113.6196
2022-04-25,short_call_settlement,2022-01-20,sigma1_weekly_1lot,1,321.3666,386,2022-04-23,0
2022-04-25,short_call_settlement,2022-01-24,sigma1_weekly_1lot,1,321.3666,385,2022-04-24,0
2022-04-25,short_call_settlement,2022-02-23,sigma1_weekly_1lot,1,321.3666,385,2022-04-24,0
2022-04-25,sell_short_call,2022-01-20,sigma1_weekly_1lot,1,321.3666,354,2022-05-25,118.2068
2022-04-25,sell_short_call,2022-01-24,sigma1_weekly_1lot,1,321.3666,354,2022-05-25,118.2068
2022-04-25,sell_short_call,2022-02-23,sigma1_weekly_1lot,1,321.3666,354,2022-05-25,118.2068
2022-04-27,sell_short_call,2022-04-27,sigma1_weekly_1lot,1,308.8661,340,2022-05-27,122.5031
2022-05-06,short_call_settlement,2022-03-07,sigma2_first_60d_1lot,1,301.5433,379,2022-05-06,0
2022-05-06,sell_short_call,2022-03-07,sigma2_first_60d_1lot,1,301.5433,332,2022-06-05,151.405
2022-05-09,short_call_settlement,2021-03-04,sigma1_weekly_1lot,1,289.7448,374,2022-05-08,0
2022-05-09,short_call_settlement,2021-03-08,sigma1_weekly_1lot,1,289.7448,374,2022-05-08,0
2022-05-09,short_call_settlement,2022-03-08,sigma2_repeat_20d_2lot,2,289.7448,380,2022-05-07,0
2022-05-09,sell_short_call,2021-03-04,sigma1_weekly_1lot,1,289.7448,319,2022-06-08,149.8069
2022-05-09,sell_short_call,2021-03-08,sigma1_weekly_1lot,1,289.7448,319,2022-06-08,149.8069
2022-05-09,sell_short_call,2022-03-08,sigma2_repeat_20d_2lot,2,289.7448,319,2022-06-08,299.6137
2022-05-09,sell_short_call,2022-05-09,sigma2_repeat_20d_2lot,2,289.7448,319,2022-06-08,299.6137
2022-05-11,short_call_settlement,2021-05-12,sigma1_weekly_1lot,1,284.567,366,2022-05-11,0
2022-05-11,sell_short_call,2021-05-12,sigma1_weekly_1lot,1,284.567,313,2022-06-10,152.2747
2022-05-11,sell_short_call,2022-05-11,sigma1_weekly_1lot,1,284.567,313,2022-06-10,152.2747
2022-05-25,short_call_settlement,2022-01-20,sigma1_weekly_1lot,1,284.0016,354,2022-05-25,0
2022-05-25,short_call_settlement,2022-01-24,sigma1_weekly_1lot,1,284.0016,354,2022-05-25,0
2022-05-25,short_call_settlement,2022-02-23,sigma1_weekly_1lot,1,284.0016,354,2022-05-25,0
2022-05-25,sell_short_call,2022-01-20,sigma1_weekly_1lot,1,284.0016,312,2022-06-24,176.1358
2022-05-25,sell_short_call,2022-01-24,sigma1_weekly_1lot,1,284.0016,312,2022-06-24,176.1358
2022-05-25,sell_short_call,2022-02-23,sigma1_weekly_1lot,1,284.0016,312,2022-06-24,176.1358
2022-05-27,short_call_settlement,2022-04-27,sigma1_weekly_1lot,1,301.397,340,2022-05-27,0
2022-05-27,sell_short_call,2022-04-27,sigma1_weekly_1lot,1,301.397,332,2022-06-26,184.3104
2022-06-06,short_call_settlement,2022-03-07,sigma2_first_60d_1lot,1,299.5639,332,2022-06-05,0
2022-06-06,sell_short_call,2022-03-07,sigma2_first_60d_1lot,1,299.5639,330,2022-07-06,188.0276
2022-06-08,short_call_settlement,2021-03-04,sigma1_weekly_1lot,1,299.9734,319,2022-06-08,0
2022-06-08,short_call_settlement,2021-03-08,sigma1_weekly_1lot,1,299.9734,319,2022-06-08,0
2022-06-08,short_call_settlement,2022-03-08,sigma2_repeat_20d_2lot,2,299.9734,319,2022-06-08,0
2022-06-08,short_call_settlement,2022-05-09,sigma2_repeat_20d_2lot,2,299.9734,319,2022-06-08,0
2022-06-08,sell_short_call,2021-03-04,sigma1_weekly_1lot,1,299.9734,330,2022-07-08,194.7208
2022-06-08,sell_short_call,2021-03-08,sigma1_weekly_1lot,1,299.9734,330,2022-07-08,194.7208
2022-06-08,sell_short_call,2022-03-08,sigma2_repeat_20d_2lot,2,299.9734,330,2022-07-08,389.4415
2022-06-08,sell_short_call,2022-05-09,sigma2_repeat_20d_2lot,2,299.9734,330,2022-07-08,389.4415
2022-06-10,short_call_settlement,2021-05-12,sigma1_weekly_1lot,1,281.6419,313,2022-06-10,0
2022-06-10,short_call_settlement,2022-05-11,sigma1_weekly_1lot,1,281.6419,313,2022-06-10,0
2022-06-10,sell_short_call,2021-05-12,sigma1_weekly_1lot,1,281.6419,310,2022-07-10,188.9305
2022-06-10,sell_short_call,2022-05-11,sigma1_weekly_1lot,1,281.6419,310,2022-07-10,188.9305
2022-06-14,sell_short_call,2022-06-14,sigma1_weekly_1lot,1,269.0341,296,2022-07-14,191.0584
2022-06-16,sell_short_call,2022-06-16,sigma2_repeat_20d_2lot,2,264.6268,291,2022-07-16,397.9413
2022-06-24,short_call_settlement,2022-01-20,sigma1_weekly_1lot,1,287.8203,312,2022-06-24,0
2022-06-24,short_call_settlement,2022-01-24,sigma1_weekly_1lot,1,287.8203,312,2022-06-24,0
2022-06-24,short_call_settlement,2022-02-23,sigma1_weekly_1lot,1,287.8203,312,2022-06-24,0
2022-06-24,sell_short_call,2022-01-20,sigma1_weekly_1lot,1,287.8203,317,2022-07-24,218.708
2022-06-24,sell_short_call,2022-01-24,sigma1_weekly_1lot,1,287.8203,317,2022-07-24,218.708
2022-06-24,sell_short_call,2022-02-23,sigma1_weekly_1lot,1,287.8203,317,2022-07-24,218.708
2022-06-27,short_call_settlement,2022-04-27,sigma1_weekly_1lot,1,285.7101,332,2022-06-26,0
2022-06-27,sell_short_call,2022-04-27,sigma1_weekly_1lot,1,285.7101,314,2022-07-27,227.045
2022-07-06,short_call_settlement,2022-03-07,sigma2_first_60d_1lot,1,282.1442,330,2022-07-06,0
2022-07-06,sell_short_call,2022-03-07,sigma2_first_60d_1lot,1,282.1442,310,2022-08-05,230.5332
2022-07-08,short_call_settlement,2021-03-04,sigma1_weekly_1lot,1,288.5433,330,2022-07-08,0
2022-07-08,short_call_settlement,2021-03-08,sigma1_weekly_1lot,1,288.5433,330,2022-07-08,0
2022-07-08,short_call_settlement,2022-03-08,sigma2_repeat_20d_2lot,2,288.5433,330,2022-07-08,0
2022-07-08,short_call_settlement,2022-05-09,sigma2_repeat_20d_2lot,2,288.5433,330,2022-07-08,0
2022-07-08,sell_short_call,2021-03-04,sigma1_weekly_1lot,1,288.5433,317,2022-08-07,238.3578
2022-07-08,sell_short_call,2021-03-08,sigma1_weekly_1lot,1,288.5433,317,2022-08-07,238.3578
2022-07-08,sell_short_call,2022-03-08,sigma2_repeat_20d_2lot,2,288.5433,317,2022-08-07,476.7156
2022-07-08,sell_short_call,2022-05-09,sigma2_repeat_20d_2lot,2,288.5433,317,2022-08-07,476.7156
2022-07-11,short_call_settlement,2021-05-12,sigma1_weekly_1lot,1,282.3787,310,2022-07-10,0
2022-07-11,short_call_settlement,2022-05-11,sigma1_weekly_1lot,1,282.3787,310,2022-07-10,0
2022-07-11,sell_short_call,2021-05-12,sigma1_weekly_1lot,1,282.3787,311,2022-08-10,223.6391
2022-07-11,sell_short_call,2022-05-11,sigma1_weekly_1lot,1,282.3787,311,2022-08-10,223.6391
2022-07-14,short_call_settlement,2022-06-14,sigma1_weekly_1lot,1,280.0633,296,2022-07-14,0
2022-07-14,sell_short_call,2022-06-14,sigma1_weekly_1lot,1,280.0633,308,2022-08-13,228.699
2022-07-18,short_call_settlement,2022-06-16,sigma2_repeat_20d_2lot,2,282.7304,291,2022-07-16,0
2022-07-18,sell_short_call,2022-06-16,sigma2_repeat_20d_2lot,2,282.7304,311,2022-08-17,462.726
2022-07-25,short_call_settlement,2022-01-20,sigma1_weekly_1lot,1,293.3499,317,2022-07-24,0
2022-07-25,short_call_settlement,2022-01-24,sigma1_weekly_1lot,1,293.3499,317,2022-07-24,0
2022-07-25,short_call_settlement,2022-02-23,sigma1_weekly_1lot,1,293.3499,317,2022-07-24,0
2022-07-25,sell_short_call,2022-01-20,sigma1_weekly_1lot,1,293.3499,323,2022-08-24,241.4259
2022-07-25,sell_short_call,2022-01-24,sigma1_weekly_1lot,1,293.3499,323,2022-08-24,241.4259
2022-07-25,sell_short_call,2022-02-23,sigma1_weekly_1lot,1,293.3499,323,2022-08-24,241.4259
2022-07-27,short_call_settlement,2022-04-27,sigma1_weekly_1lot,1,299.7391,314,2022-07-27,0
2022-07-27,sell_short_call,2022-04-27,sigma1_weekly_1lot,1,299.7391,330,2022-08-26,256.9635
2022-08-05,short_call_settlement,2022-03-07,sigma2_first_60d_1lot,1,314.3348,310,2022-08-05,-433.4839
2022-08-05,sell_short_call,2022-03-07,sigma2_first_60d_1lot,1,314.3348,346,2022-09-04,276.3705
2022-08-08,short_call_settlement,2021-03-04,sigma1_weekly_1lot,1,313.3188,317,2022-08-07,0
2022-08-08,short_call_settlement,2021-03-08,sigma1_weekly_1lot,1,313.3188,317,2022-08-07,0
2022-08-08,short_call_settlement,2022-03-08,sigma2_repeat_20d_2lot,2,313.3188,317,2022-08-07,0
2022-08-08,short_call_settlement,2022-05-09,sigma2_repeat_20d_2lot,2,313.3188,317,2022-08-07,0
2022-08-08,sell_short_call,2021-03-04,sigma1_weekly_1lot,1,313.3188,345,2022-09-07,273.633
2022-08-08,sell_short_call,2021-03-08,sigma1_weekly_1lot,1,313.3188,345,2022-09-07,273.633
2022-08-08,sell_short_call,2022-03-08,sigma2_repeat_20d_2lot,2,313.3188,345,2022-09-07,547.2659
2022-08-08,sell_short_call,2022-05-09,sigma2_repeat_20d_2lot,2,313.3188,345,2022-09-07,547.2659
2022-08-10,short_call_settlement,2021-05-12,sigma1_weekly_1lot,1,318.4185,311,2022-08-10,-741.8488
2022-08-10,short_call_settlement,2022-05-11,sigma1_weekly_1lot,1,318.4185,311,2022-08-10,-741.8488
2022-08-10,sell_short_call,2021-05-12,sigma1_weekly_1lot,1,318.4185,350,2022-09-09,292.124
2022-08-10,sell_short_call,2022-05-11,sigma1_weekly_1lot,1,318.4185,350,2022-09-09,292.124
2022-08-15,short_call_settlement,2022-06-14,sigma1_weekly_1lot,1,325.3841,308,2022-08-13,-1738.4094
2022-08-15,sell_short_call,2022-06-14,sigma1_weekly_1lot,1,325.3841,358,2022-09-14,295.5239
2022-08-17,short_call_settlement,2022-06-16,sigma2_repeat_20d_2lot,2,320.9195,311,2022-08-17,-1983.8928
2022-08-17,sell_short_call,2022-06-16,sigma2_repeat_20d_2lot,2,320.9195,353,2022-09-16,586.247
2022-08-24,short_call_settlement,2022-01-20,sigma1_weekly_1lot,1,307.7501,323,2022-08-24,0
2022-08-24,short_call_settlement,2022-01-24,sigma1_weekly_1lot,1,307.7501,323,2022-08-24,0
2022-08-24,short_call_settlement,2022-02-23,sigma1_weekly_1lot,1,307.7501,323,2022-08-24,0
2022-08-24,sell_short_call,2022-01-20,sigma1_weekly_1lot,1,307.7501,339,2022-09-23,276.477
2022-08-24,sell_short_call,2022-01-24,sigma1_weekly_1lot,1,307.7501,339,2022-09-23,276.477
2022-08-24,sell_short_call,2022-02-23,sigma1_weekly_1lot,1,307.7501,339,2022-09-23,276.477
2022-08-26,short_call_settlement,2022-04-27,sigma1_weekly_1lot,1,300.3547,330,2022-08-26,0
2022-08-26,sell_short_call,2022-04-27,sigma1_weekly_1lot,1,300.3547,330,2022-09-25,292.9985
2022-09-06,short_call_settlement,2022-03-07,sigma2_first_60d_1lot,1,286.2962,346,2022-09-04,0
2022-09-06,close_short_call,2021-03-04,sigma1_weekly_1lot,1,286.2962,345,2022-09-07,0
2022-09-06,sell_short_call,2022-03-07,sigma2_first_60d_1lot,1,286.2962,315,2022-10-06,272.801
2022-09-06,sell_short_call,2022-09-06,sigma1_weekly_1lot,1,286.2962,315,2022-10-06,272.801
2022-09-07,short_call_settlement,2021-03-08,sigma1_weekly_1lot,1,292.0798,345,2022-09-07,0
2022-09-07,short_call_settlement,2022-03-08,sigma2_repeat_20d_2lot,2,292.0798,345,2022-09-07,0
2022-09-07,short_call_settlement,2022-05-09,sigma2_repeat_20d_2lot,2,292.0798,345,2022-09-07,0
2022-09-07,sell_short_call,2021-03-08,sigma1_weekly_1lot,1,292.0798,321,2022-10-07,286.2319
2022-09-07,sell_short_call,2022-03-08,sigma2_repeat_20d_2lot,2,292.0798,321,2022-10-07,572.4637
2022-09-07,sell_short_call,2022-05-09,sigma2_repeat_20d_2lot,2,292.0798,321,2022-10-07,572.4637
2022-09-09,short_call_settlement,2021-05-12,sigma1_weekly_1lot,1,300.0127,350,2022-09-09,0
2022-09-09,short_call_settlement,2022-05-11,sigma1_weekly_1lot,1,300.0127,350,2022-09-09,0
2022-09-09,close_short_call,2021-03-08,sigma1_weekly_1lot,1,300.0127,321,2022-10-07,-436.4297
2022-09-09,sell_short_call,2021-05-12,sigma1_weekly_1lot,1,300.0127,330,2022-10-09,292.0099
2022-09-09,sell_short_call,2022-05-11,sigma1_weekly_1lot,1,300.0127,330,2022-10-09,292.0099
2022-09-14,short_call_settlement,2022-06-14,sigma1_weekly_1lot,1,289.2076,358,2022-09-14,0
2022-09-14,sell_short_call,2022-06-14,sigma1_weekly_1lot,1,289.2076,318,2022-10-14,298.644
2022-09-16,short_call_settlement,2022-06-16,sigma2_repeat_20d_2lot,2,282.6522,353,2022-09-16,0
2022-09-16,sell_short_call,2022-06-16,sigma2_repeat_20d_2lot,2,282.6522,311,2022-10-16,578.6954
2022-09-21,sell_short_call,2022-09-21,sigma1_weekly_1lot,1,277.5228,305,2022-10-21,289.5772
2022-09-23,short_call_settlement,2022-01-20,sigma1_weekly_1lot,1,269.6442,339,2022-09-23,0
2022-09-23,short_call_settlement,2022-01-24,sigma1_weekly_1lot,1,269.6442,339,2022-09-23,0
2022-09-23,short_call_settlement,2022-02-23,sigma1_weekly_1lot,1,269.6442,339,2022-09-23,0
2022-09-23,sell_short_call,2022-01-20,sigma1_weekly_1lot,1,269.6442,297,2022-10-23,271.1091
2022-09-23,sell_short_call,2022-01-24,sigma1_weekly_1lot,1,269.6442,297,2022-10-23,271.1091
2022-09-23,sell_short_call,2022-02-23,sigma1_weekly_1lot,1,269.6442,297,2022-10-23,271.1091
2022-09-26,short_call_settlement,2022-04-27,sigma1_weekly_1lot,1,268.5284,330,2022-09-25,0
2022-09-26,sell_short_call,2022-04-27,sigma1_weekly_1lot,1,268.5284,295,2022-10-26,282.8029
2022-09-26,sell_short_call,2022-09-26,sigma1_weekly_1lot,1,268.5284,295,2022-10-26,282.8029
2022-10-06,short_call_settlement,2022-03-07,sigma2_first_60d_1lot,1,273.8038,315,2022-10-06,0
2022-10-06,short_call_settlement,2022-09-06,sigma1_weekly_1lot,1,273.8038,315,2022-10-06,0
2022-10-06,sell_short_call,2022-03-07,sigma2_first_60d_1lot,1,273.8038,301,2022-11-05,292.0101
2022-10-06,sell_short_call,2022-09-06,sigma1_weekly_1lot,1,273.8038,301,2022-11-05,292.0101
2022-10-07,short_call_settlement,2022-03-08,sigma2_repeat_20d_2lot,2,263.3707,321,2022-10-07,0
2022-10-07,short_call_settlement,2022-05-09,sigma2_repeat_20d_2lot,2,263.3707,321,2022-10-07,0
2022-10-07,sell_short_call,2022-03-08,sigma2_repeat_20d_2lot,2,263.3707,290,2022-11-06,557.1265
2022-10-07,sell_short_call,2022-05-09,sigma2_repeat_20d_2lot,2,263.3707,290,2022-11-06,557.1265
2022-10-10,short_call_settlement,2021-05-12,sigma1_weekly_1lot,1,260.7379,330,2022-10-09,0
2022-10-10,short_call_settlement,2022-05-11,sigma1_weekly_1lot,1,260.7379,330,2022-10-09,0
2022-10-10,sell_short_call,2021-05-12,sigma1_weekly_1lot,1,260.7379,287,2022-11-09,277.7381
2022-10-10,sell_short_call,2022-05-11,sigma1_weekly_1lot,1,260.7379,287,2022-11-09,277.7381
2022-10-10,sell_short_call,2022-10-10,sigma1_weekly_1lot,1,260.7379,287,2022-11-09,277.7381
2022-10-11,sell_short_call,2022-10-11,sigma2_first_60d_1lot,1,257.1558,283,2022-11-10,275.3661
2022-10-12,sell_short_call,2022-10-12,sigma2_repeat_20d_2lot,2,257.0678,283,2022-11-11,547.246
2022-10-14,short_call_settlement,2022-06-14,sigma1_weekly_1lot,1,255.1886,318,2022-10-14,0
2022-10-14,sell_short_call,2022-06-14,sigma1_weekly_1lot,1,255.1886,281,2022-11-13,274.4723
2022-10-17,short_call_settlement,2022-06-16,sigma2_repeat_20d_2lot,2,263.6154,311,2022-10-16,0
2022-10-17,sell_short_call,2022-06-16,sigma2_repeat_20d_2lot,2,263.6154,290,2022-11-16,585.669
2022-10-21,short_call_settlement,2022-09-21,sigma1_weekly_1lot,1,269.5561,305,2022-10-21,0
2022-10-21,sell_short_call,2022-09-21,sigma1_weekly_1lot,1,269.5561,297,2022-11-20,293.408
2022-10-24,short_call_settlement,2022-01-20,sigma1_weekly_1lot,1,272.5216,297,2022-10-23,0
2022-10-24,short_call_settlement,2022-01-24,sigma1_weekly_1lot,1,272.5216,297,2022-10-23,0
2022-10-24,short_call_settlement,2022-02-23,sigma1_weekly_1lot,1,272.5216,297,2022-10-23,0
2022-10-24,sell_short_call,2022-01-20,sigma1_weekly_1lot,1,272.5216,300,2022-11-23,301.5887
2022-10-24,sell_short_call,2022-01-24,sigma1_weekly_1lot,1,272.5216,300,2022-11-23,301.5887
2022-10-24,sell_short_call,2022-02-23,sigma1_weekly_1lot,1,272.5216,300,2022-11-23,301.5887
2022-10-26,short_call_settlement,2022-04-27,sigma1_weekly_1lot,1,272.0126,295,2022-10-26,0
2022-10-26,short_call_settlement,2022-09-26,sigma1_weekly_1lot,1,272.0126,295,2022-10-26,0
2022-10-26,sell_short_call,2022-04-27,sigma1_weekly_1lot,1,272.0126,299,2022-11-25,311.9877
2022-10-26,sell_short_call,2022-09-26,sigma1_weekly_1lot,1,272.0126,299,2022-11-25,311.9877
2022-11-07,short_call_settlement,2022-03-07,sigma2_first_60d_1lot,1,261.8928,301,2022-11-05,0
2022-11-07,short_call_settlement,2022-03-08,sigma2_repeat_20d_2lot,2,261.8928,290,2022-11-06,0
2022-11-07,short_call_settlement,2022-05-09,sigma2_repeat_20d_2lot,2,261.8928,290,2022-11-06,0
2022-11-07,short_call_settlement,2022-09-06,sigma1_weekly_1lot,1,261.8928,301,2022-11-05,0
2022-11-07,sell_short_call,2022-03-07,sigma2_first_60d_1lot,1,261.8928,288,2022-12-07,309.8006
2022-11-07,sell_short_call,2022-03-08,sigma2_repeat_20d_2lot,2,261.8928,288,2022-12-07,619.6012
2022-11-07,sell_short_call,2022-05-09,sigma2_repeat_20d_2lot,2,261.8928,288,2022-12-07,619.6012
2022-11-07,sell_short_call,2022-09-06,sigma1_weekly_1lot,1,261.8928,288,2022-12-07,309.8006
2022-11-09,short_call_settlement,2021-05-12,sigma1_weekly_1lot,1,257.7137,287,2022-11-09,0
2022-11-09,short_call_settlement,2022-05-11,sigma1_weekly_1lot,1,257.7137,287,2022-11-09,0
2022-11-09,short_call_settlement,2022-10-10,sigma1_weekly_1lot,1,257.7137,287,2022-11-09,0
2022-11-09,sell_short_call,2021-05-12,sigma1_weekly_1lot,1,257.7137,283,2022-12-09,314.2841
2022-11-09,sell_short_call,2022-05-11,sigma1_weekly_1lot,1,257.7137,283,2022-12-09,314.2841
2022-11-09,sell_short_call,2022-10-10,sigma1_weekly_1lot,1,257.7137,283,2022-12-09,314.2841
2022-11-10,short_call_settlement,2022-10-11,sigma2_first_60d_1lot,1,276.73,283,2022-11-10,0
2022-11-10,sell_short_call,2022-10-11,sigma2_first_60d_1lot,1,276.73,304,2022-12-10,357.8932
2022-11-11,short_call_settlement,2022-10-12,sigma2_repeat_20d_2lot,2,281.8291,283,2022-11-11,0
2022-11-11,sell_short_call,2022-10-12,sigma2_repeat_20d_2lot,2,281.8291,310,2022-12-11,717.4935
2022-11-14,short_call_settlement,2022-06-14,sigma1_weekly_1lot,1,279.3628,281,2022-11-13,0
2022-11-14,close_short_call,2021-05-12,sigma1_weekly_1lot,1,279.3628,283,2022-12-09,-975.5079
2022-11-14,sell_short_call,2022-06-14,sigma1_weekly_1lot,1,279.3628,307,2022-12-14,360.557
2022-11-16,short_call_settlement,2022-06-16,sigma2_repeat_20d_2lot,2,279.3628,290,2022-11-16,0
2022-11-16,sell_short_call,2022-06-16,sigma2_repeat_20d_2lot,2,279.3628,307,2022-12-16,723.8653
2022-11-21,short_call_settlement,2022-09-21,sigma1_weekly_1lot,1,275.8884,297,2022-11-20,0
2022-11-21,sell_short_call,2022-09-21,sigma1_weekly_1lot,1,275.8884,303,2022-12-21,360.3703
2022-11-23,short_call_settlement,2022-01-20,sigma1_weekly_1lot,1,282.6708,300,2022-11-23,0
2022-11-23,short_call_settlement,2022-01-24,sigma1_weekly_1lot,1,282.6708,300,2022-11-23,0
2022-11-23,short_call_settlement,2022-02-23,sigma1_weekly_1lot,1,282.6708,300,2022-11-23,0
2022-11-23,sell_short_call,2022-01-20,sigma1_weekly_1lot,1,282.6708,311,2022-12-23,360.1582
2022-11-23,sell_short_call,2022-01-24,sigma1_weekly_1lot,1,282.6708,311,2022-12-23,360.1582
2022-11-23,sell_short_call,2022-02-23,sigma1_weekly_1lot,1,282.6708,311,2022-12-23,360.1582
2022-11-25,short_call_settlement,2022-04-27,sigma1_weekly_1lot,1,280.8113,299,2022-11-25,0
2022-11-25,short_call_settlement,2022-09-26,sigma1_weekly_1lot,1,280.8113,299,2022-11-25,0
2022-11-25,sell_short_call,2022-04-27,sigma1_weekly_1lot,1,280.8113,309,2022-12-25,356.9867
2022-11-25,sell_short_call,2022-09-26,sigma1_weekly_1lot,1,280.8113,309,2022-12-25,356.9867
2022-12-07,short_call_settlement,2022-03-07,sigma2_first_60d_1lot,1,274.5573,288,2022-12-07,0
2022-12-07,short_call_settlement,2022-03-08,sigma2_repeat_20d_2lot,2,274.5573,288,2022-12-07,0
2022-12-07,short_call_settlement,2022-05-09,sigma2_repeat_20d_2lot,2,274.5573,288,2022-12-07,0
2022-12-07,short_call_settlement,2022-09-06,sigma1_weekly_1lot,1,274.5573,288,2022-12-07,0
2022-12-07,sell_short_call,2022-03-07,sigma2_first_60d_1lot,1,274.5573,302,2023-01-06,352.6125
2022-12-07,sell_short_call,2022-03-08,sigma2_repeat_20d_2lot,2,274.5573,302,2023-01-06,705.225
2022-12-07,sell_short_call,2022-05-09,sigma2_repeat_20d_2lot,2,274.5573,302,2023-01-06,705.225
2022-12-07,sell_short_call,2022-09-06,sigma1_weekly_1lot,1,274.5573,302,2023-01-06,352.6125
2022-12-09,short_call_settlement,2022-05-11,sigma1_weekly_1lot,1,276.0352,283,2022-12-09,0
2022-12-09,short_call_settlement,2022-10-10,sigma1_weekly_1lot,1,276.0352,283,2022-12-09,0
2022-12-09,sell_short_call,2022-05-11,sigma1_weekly_1lot,1,276.0352,304,2023-01-08,347.5886
2022-12-09,sell_short_call,2022-10-10,sigma1_weekly_1lot,1,276.0352,304,2023-01-08,347.5886
2022-12-12,short_call_settlement,2022-10-11,sigma2_first_60d_1lot,1,279.4998,304,2022-12-10,0
2022-12-12,short_call_settlement,2022-10-12,sigma2_repeat_20d_2lot,2,279.4998,310,2022-12-11,0
2022-12-12,sell_short_call,2022-10-11,sigma2_first_60d_1lot,1,279.4998,307,2023-01-11,367.1851
2022-12-12,sell_short_call,2022-10-12,sigma2_repeat_20d_2lot,2,279.4998,307,2023-01-11,734.3702
2022-12-14,short_call_settlement,2022-06-14,sigma1_weekly_1lot,1,280.41,307,2022-12-14,0
2022-12-14,sell_short_call,2022-06-14,sigma1_weekly_1lot,1,280.41,308,2023-01-13,368.0168
2022-12-16,short_call_settlement,2022-06-16,sigma2_repeat_20d_2lot,2,268.411,307,2022-12-16,0
2022-12-16,sell_short_call,2022-06-16,sigma2_repeat_20d_2lot,2,268.411,295,2023-01-15,697.571
2022-12-21,short_call_settlement,2022-09-21,sigma1_weekly_1lot,1,268.2688,303,2022-12-21,0
2022-12-21,sell_short_call,2022-09-21,sigma1_weekly_1lot,1,268.2688,295,2023-01-20,344.7563
2022-12-23,short_call_settlement,2022-01-20,sigma1_weekly_1lot,1,262.2942,311,2022-12-23,0
2022-12-23,short_call_settlement,2022-01-24,sigma1_weekly_1lot,1,262.2942,311,2022-12-23,0
2022-12-23,short_call_settlement,2022-02-23,sigma1_weekly_1lot,1,262.2942,311,2022-12-23,0
2022-12-23,sell_short_call,2022-01-20,sigma1_weekly_1lot,1,262.2942,289,2023-01-22,327.891
2022-12-23,sell_short_call,2022-01-24,sigma1_weekly_1lot,1,262.2942,289,2023-01-22,327.891
2022-12-23,sell_short_call,2022-02-23,sigma1_weekly_1lot,1,262.2942,289,2023-01-22,327.891
2022-12-27,short_call_settlement,2022-04-27,sigma1_weekly_1lot,1,258.5857,309,2022-12-25,0
2022-12-27,short_call_settlement,2022-09-26,sigma1_weekly_1lot,1,258.5857,309,2022-12-25,0
2022-12-27,sell_short_call,2022-04-27,sigma1_weekly_1lot,1,258.5857,284,2023-01-26,339.396
2022-12-27,sell_short_call,2022-09-26,sigma1_weekly_1lot,1,258.5857,284,2023-01-26,339.396
2023-01-06,short_call_settlement,2022-03-07,sigma2_first_60d_1lot,1,263.7068,302,2023-01-06,0
2023-01-06,short_call_settlement,2022-03-08,sigma2_repeat_20d_2lot,2,263.7068,302,2023-01-06,0
2023-01-06,short_call_settlement,2022-05-09,sigma2_repeat_20d_2lot,2,263.7068,302,2023-01-06,0
2023-01-06,short_call_settlement,2022-09-06,sigma1_weekly_1lot,1,263.7068,302,2023-01-06,0
2023-01-06,sell_short_call,2022-03-07,sigma2_first_60d_1lot,1,263.7068,290,2023-02-05,342.1196
2023-01-06,sell_short_call,2022-03-08,sigma2_repeat_20d_2lot,2,263.7068,290,2023-02-05,684.2392
2023-01-06,sell_short_call,2022-05-09,sigma2_repeat_20d_2lot,2,263.7068,290,2023-02-05,684.2392
2023-01-06,sell_short_call,2022-09-06,sigma1_weekly_1lot,1,263.7068,290,2023-02-05,342.1196
2023-01-09,short_call_settlement,2022-05-11,sigma1_weekly_1lot,1,265.4139,304,2023-01-08,0
2023-01-09,short_call_settlement,2022-10-10,sigma1_weekly_1lot,1,265.4139,304,2023-01-08,0
2023-01-09,sell_short_call,2022-05-11,sigma1_weekly_1lot,1,265.4139,292,2023-02-08,342.3195
2023-01-09,sell_short_call,2022-10-10,sigma1_weekly_1lot,1,265.4139,292,2023-02-08,342.3195
2023-01-11,short_call_settlement,2022-10-11,sigma2_first_60d_1lot,1,272.2911,307,2023-01-11,0
2023-01-11,short_call_settlement,2022-10-12,sigma2_repeat_20d_2lot,2,272.2911,307,2023-01-11,0
2023-01-11,sell_short_call,2022-10-11,sigma2_first_60d_1lot,1,272.2911,300,2023-02-10,344.7014
2023-01-11,sell_short_call,2022-10-12,sigma2_repeat_20d_2lot,2,272.2911,300,2023-02-10,689.4028
2023-01-13,short_call_settlement,2022-06-14,sigma1_weekly_1lot,1,275.6463,308,2023-01-13,0
2023-01-13,sell_short_call,2022-06-14,sigma1_weekly_1lot,1,275.6463,303,2023-02-12,360.9879
2023-01-17,short_call_settlement,2022-06-16,sigma2_repeat_20d_2lot,2,276.2055,295,2023-01-15,0
2023-01-17,sell_short_call,2022-06-16,sigma2_repeat_20d_2lot,2,276.2055,304,2023-02-16,704.2168
2023-01-20,short_call_settlement,2022-09-21,sigma1_weekly_1lot,1,277.3238,295,2023-01-20,0
2023-01-20,sell_short_call,2022-09-21,sigma1_weekly_1lot,1,277.3238,305,2023-02-19,358.98
2023-01-23,short_call_settlement,2022-01-20,sigma1_weekly_1lot,1,283.4849,289,2023-01-22,0
2023-01-23,short_call_settlement,2022-01-24,sigma1_weekly_1lot,1,283.4849,289,2023-01-22,0
2023-01-23,short_call_settlement,2022-02-23,sigma1_weekly_1lot,1,283.4849,289,2023-01-22,0
2023-01-23,sell_short_call,2022-01-20,sigma1_weekly_1lot,1,283.4849,312,2023-02-22,364.5061
2023-01-23,sell_short_call,2022-01-24,sigma1_weekly_1lot,1,283.4849,312,2023-02-22,364.5061
2023-01-23,sell_short_call,2022-02-23,sigma1_weekly_1lot,1,283.4849,312,2023-02-22,364.5061
2023-01-26,short_call_settlement,2022-04-27,sigma1_weekly_1lot,1,287.7819,284,2023-01-26,-378.186
2023-01-26,short_call_settlement,2022-09-26,sigma1_weekly_1lot,1,287.7819,284,2023-01-26,-378.186
2023-01-26,sell_short_call,2022-04-27,sigma1_weekly_1lot,1,287.7819,317,2023-02-25,361.098
2023-01-26,sell_short_call,2022-09-26,sigma1_weekly_1lot,1,287.7819,317,2023-02-25,361.098
2023-02-06,short_call_settlement,2022-03-07,sigma2_first_60d_1lot,1,297.8376,290,2023-02-05,-783.7646
2023-02-06,short_call_settlement,2022-03-08,sigma2_repeat_20d_2lot,2,297.8376,290,2023-02-05,-1567.5293
2023-02-06,short_call_settlement,2022-05-09,sigma2_repeat_20d_2lot,2,297.8376,290,2023-02-05,-1567.5293
2023-02-06,short_call_settlement,2022-09-06,sigma1_weekly_1lot,1,297.8376,290,2023-02-05,-783.7646
2023-02-06,sell_short_call,2022-03-07,sigma2_first_60d_1lot,1,297.8376,328,2023-03-08,370.2535
2023-02-06,sell_short_call,2022-03-08,sigma2_repeat_20d_2lot,2,297.8376,328,2023-03-08,740.5071
2023-02-06,sell_short_call,2022-05-09,sigma2_repeat_20d_2lot,2,297.8376,328,2023-03-08,740.5071
2023-02-06,sell_short_call,2022-09-06,sigma1_weekly_1lot,1,297.8376,328,2023-03-08,370.2535
2023-02-08,short_call_settlement,2022-05-11,sigma1_weekly_1lot,1,298.6029,292,2023-02-08,-660.2905
2023-02-08,short_call_settlement,2022-10-10,sigma1_weekly_1lot,1,298.6029,292,2023-02-08,-660.2905
2023-02-08,sell_short_call,2022-05-11,sigma1_weekly_1lot,1,298.6029,328,2023-03-10,389.1182
2023-02-08,sell_short_call,2022-10-10,sigma1_weekly_1lot,1,298.6029,328,2023-03-10,389.1182
2023-02-10,short_call_settlement,2022-10-11,sigma2_first_60d_1lot,1,294.0214,300,2023-02-10,0
2023-02-10,short_call_settlement,2022-10-12,sigma2_repeat_20d_2lot,2,294.0214,300,2023-02-10,0
2023-02-10,sell_short_call,2022-10-11,sigma2_first_60d_1lot,1,294.0214,323,2023-03-12,380.1648
2023-02-10,sell_short_call,2022-10-12,sigma2_repeat_20d_2lot,2,294.0214,323,2023-03-12,760.3296
2023-02-13,short_call_settlement,2022-06-14,sigma1_weekly_1lot,1,298.7304,303,2023-02-12,0
2023-02-13,sell_short_call,2022-06-14,sigma1_weekly_1lot,1,298.7304,329,2023-03-15,370.0939
2023-02-16,short_call_settlement,2022-06-16,sigma2_repeat_20d_2lot,2,297.5532,304,2023-02-16,0
2023-02-16,sell_short_call,2022-06-16,sigma2_repeat_20d_2lot,2,297.5532,327,2023-03-18,751.8619
2023-02-21,short_call_settlement,2022-09-21,sigma1_weekly_1lot,1,288.4588,305,2023-02-19,0
2023-02-21,sell_short_call,2022-09-21,sigma1_weekly_1lot,1,288.4588,317,2023-03-23,363.2185
2023-02-22,short_call_settlement,2022-01-20,sigma1_weekly_1lot,1,288.6746,312,2023-02-22,0
2023-02-22,short_call_settlement,2022-01-24,sigma1_weekly_1lot,1,288.6746,312,2023-02-22,0
2023-02-22,short_call_settlement,2022-02-23,sigma1_weekly_1lot,1,288.6746,312,2023-02-22,0
2023-02-22,sell_short_call,2022-01-20,sigma1_weekly_1lot,1,288.6746,318,2023-03-24,349.1816
2023-02-22,sell_short_call,2022-01-24,sigma1_weekly_1lot,1,288.6746,318,2023-03-24,349.1816
2023-02-22,sell_short_call,2022-02-23,sigma1_weekly_1lot,1,288.6746,318,2023-03-24,349.1816
2023-02-27,short_call_settlement,2022-04-27,sigma1_weekly_1lot,1,288.3705,317,2023-02-25,0
2023-02-27,short_call_settlement,2022-09-26,sigma1_weekly_1lot,1,288.3705,317,2023-02-25,0
2023-02-27,sell_short_call,2022-04-27,sigma1_weekly_1lot,1,288.3705,317,2023-03-29,354.1192
2023-02-27,sell_short_call,2022-09-26,sigma1_weekly_1lot,1,288.3705,317,2023-03-29,354.1192
2023-03-08,short_call_settlement,2022-03-07,sigma2_first_60d_1lot,1,292.1771,328,2023-03-08,0
2023-03-08,short_call_settlement,2022-03-08,sigma2_repeat_20d_2lot,2,292.1771,328,2023-03-08,0
2023-03-08,short_call_settlement,2022-05-09,sigma2_repeat_20d_2lot,2,292.1771,328,2023-03-08,0
2023-03-08,short_call_settlement,2022-09-06,sigma1_weekly_1lot,1,292.1771,328,2023-03-08,0
2023-03-08,sell_short_call,2022-03-07,sigma2_first_60d_1lot,1,292.1771,321,2023-04-07,353.6773
2023-03-08,sell_short_call,2022-03-08,sigma2_repeat_20d_2lot,2,292.1771,321,2023-04-07,707.3546
2023-03-08,sell_short_call,2022-05-09,sigma2_repeat_20d_2lot,2,292.1771,321,2023-04-07,707.3546
2023-03-08,sell_short_call,2022-09-06,sigma1_weekly_1lot,1,292.1771,321,2023-04-07,353.6773
2023-03-10,short_call_settlement,2022-05-11,sigma1_weekly_1lot,1,283.0826,328,2023-03-10,0
2023-03-10,short_call_settlement,2022-10-10,sigma1_weekly_1lot,1,283.0826,328,2023-03-10,0
2023-03-10,sell_short_call,2022-05-11,sigma1_weekly_1lot,1,283.0826,311,2023-04-09,339.0849
2023-03-10,sell_short_call,2022-10-10,sigma1_weekly_1lot,1,283.0826,311,2023-04-09,339.0849
2023-03-13,short_call_settlement,2022-10-11,sigma2_first_60d_1lot,1,285.1821,323,2023-03-12,0
2023-03-13,short_call_settlement,2022-10-12,sigma2_repeat_20d_2lot,2,285.1821,323,2023-03-12,0
2023-03-13,sell_short_call,2022-10-11,sigma2_first_60d_1lot,1,285.1821,314,2023-04-12,329.095
2023-03-13,sell_short_call,2022-10-12,sigma2_repeat_20d_2lot,2,285.1821,314,2023-04-12,658.1899
2023-03-15,short_call_settlement,2022-06-14,sigma1_weekly_1lot,1,293.2659,329,2023-03-15,0
2023-03-15,sell_short_call,2022-06-14,sigma1_weekly_1lot,1,293.2659,323,2023-04-14,335.6638
2023-03-20,short_call_settlement,2022-06-16,sigma2_repeat_20d_2lot,2,300.6373,327,2023-03-18,0
2023-03-20,sell_short_call,2022-06-16,sigma2_repeat_20d_2lot,2,300.6373,331,2023-04-19,675.6903
2023-03-23,short_call_settlement,2022-09-21,sigma1_weekly_1lot,1,304.3513,317,2023-03-23,0
2023-03-23,sell_short_call,2022-09-21,sigma1_weekly_1lot,1,304.3513,335,2023-04-22,342.139
2023-03-24,short_call_settlement,2022-01-20,sigma1_weekly_1lot,1,305.4716,318,2023-03-24,0
2023-03-24,short_call_settlement,2022-01-24,sigma1_weekly_1lot,1,305.4716,318,2023-03-24,0
2023-03-24,short_call_settlement,2022-02-23,sigma1_weekly_1lot,1,305.4716,318,2023-03-24,0
2023-03-24,sell_short_call,2022-01-20,sigma1_weekly_1lot,1,305.4716,336,2023-04-23,346.5694
2023-03-24,sell_short_call,2022-01-24,sigma1_weekly_1lot,1,305.4716,336,2023-04-23,346.5694
2023-03-24,sell_short_call,2022-02-23,sigma1_weekly_1lot,1,305.4716,336,2023-04-23,346.5694
2023-03-29,short_call_settlement,2022-04-27,sigma1_weekly_1lot,1,307.2697,317,2023-03-29,0
2023-03-29,short_call_settlement,2022-09-26,sigma1_weekly_1lot,1,307.2697,317,2023-03-29,0
2023-03-29,sell_short_call,2022-04-27,sigma1_weekly_1lot,1,307.2697,338,2023-04-28,346.508
2023-03-29,sell_short_call,2022-09-26,sigma1_weekly_1lot,1,307.2697,338,2023-04-28,346.508
2023-04-10,short_call_settlement,2022-03-07,sigma2_first_60d_1lot,1,312.3299,321,2023-04-07,0
2023-04-10,short_call_settlement,2022-03-08,sigma2_repeat_20d_2lot,2,312.3299,321,2023-04-07,0
2023-04-10,short_call_settlement,2022-05-09,sigma2_repeat_20d_2lot,2,312.3299,321,2023-04-07,0
2023-04-10,short_call_settlement,2022-05-11,sigma1_weekly_1lot,1,312.3299,311,2023-04-09,-132.9895
2023-04-10,short_call_settlement,2022-09-06,sigma1_weekly_1lot,1,312.3299,321,2023-04-07,0
2023-04-10,short_call_settlement,2022-10-10,sigma1_weekly_1lot,1,312.3299,311,2023-04-09,-132.9895
2023-04-10,sell_short_call,2022-03-07,sigma2_first_60d_1lot,1,312.3299,344,2023-05-10,337.8148
2023-04-10,sell_short_call,2022-03-08,sigma2_repeat_20d_2lot,2,312.3299,344,2023-05-10,675.6297
2023-04-10,sell_short_call,2022-05-09,sigma2_repeat_20d_2lot,2,312.3299,344,2023-05-10,675.6297
2023-04-10,sell_short_call,2022-05-11,sigma1_weekly_1lot,1,312.3299,344,2023-05-10,337.8148
2023-04-10,sell_short_call,2022-09-06,sigma1_weekly_1lot,1,312.3299,344,2023-05-10,337.8148
2023-04-10,sell_short_call,2022-10-10,sigma1_weekly_1lot,1,312.3299,344,2023-05-10,337.8148
2023-04-12,short_call_settlement,2022-10-11,sigma2_first_60d_1lot,1,307.5841,314,2023-04-12,0
2023-04-12,short_call_settlement,2022-10-12,sigma2_repeat_20d_2lot,2,307.5841,314,2023-04-12,0
2023-04-12,sell_short_call,2022-10-11,sigma2_first_60d_1lot,1,307.5841,338,2023-05-12,345.5075
2023-04-12,sell_short_call,2022-10-12,sigma2_repeat_20d_2lot,2,307.5841,338,2023-05-12,691.0149
2023-04-14,short_call_settlement,2022-06-14,sigma1_weekly_1lot,1,313.0177,323,2023-04-14,0
2023-04-14,sell_short_call,2022-06-14,sigma1_weekly_1lot,1,313.0177,344,2023-05-14,350.1812
2023-04-19,short_call_settlement,2022-06-16,sigma2_repeat_20d_2lot,2,313.1552,331,2023-04-19,0
2023-04-19,sell_short_call,2022-06-16,sigma2_repeat_20d_2lot,2,313.1552,344,2023-05-19,696.4234
2023-04-24,short_call_settlement,2022-01-20,sigma1_weekly_1lot,1,310.4434,336,2023-04-23,0
2023-04-24,short_call_settlement,2022-01-24,sigma1_weekly_1lot,1,310.4434,336,2023-04-23,0
2023-04-24,short_call_settlement,2022-02-23,sigma1_weekly_1lot,1,310.4434,336,2023-04-23,0
2023-04-24,short_call_settlement,2022-09-21,sigma1_weekly_1lot,1,310.4434,335,2023-04-22,0
2023-04-24,sell_short_call,2022-01-20,sigma1_weekly_1lot,1,310.4434,341,2023-05-24,340.1466
2023-04-24,sell_short_call,2022-01-24,sigma1_weekly_1lot,1,310.4434,341,2023-05-24,340.1466
2023-04-24,sell_short_call,2022-02-23,sigma1_weekly_1lot,1,310.4434,341,2023-05-24,340.1466
2023-04-24,sell_short_call,2022-09-21,sigma1_weekly_1lot,1,310.4434,341,2023-05-24,340.1466
2023-04-28,short_call_settlement,2022-04-27,sigma1_weekly_1lot,1,316.9381,338,2023-04-28,0
2023-04-28,short_call_settlement,2022-09-26,sigma1_weekly_1lot,1,316.9381,338,2023-04-28,0
2023-04-28,sell_short_call,2022-04-27,sigma1_weekly_1lot,1,316.9381,349,2023-05-28,326.6543
2023-04-28,sell_short_call,2022-09-26,sigma1_weekly_1lot,1,316.9381,349,2023-05-28,326.6543
2023-05-10,short_call_settlement,2022-03-07,sigma2_first_60d_1lot,1,319.4732,344,2023-05-10,0
2023-05-10,short_call_settlement,2022-03-08,sigma2_repeat_20d_2lot,2,319.4732,344,2023-05-10,0
2023-05-10,short_call_settlement,2022-05-09,sigma2_repeat_20d_2lot,2,319.4732,344,2023-05-10,0
2023-05-10,short_call_settlement,2022-05-11,sigma1_weekly_1lot,1,319.4732,344,2023-05-10,0
2023-05-10,short_call_settlement,2022-09-06,sigma1_weekly_1lot,1,319.4732,344,2023-05-10,0
2023-05-10,short_call_settlement,2022-10-10,sigma1_weekly_1lot,1,319.4732,344,2023-05-10,0
2023-05-10,sell_short_call,2022-03-07,sigma2_first_60d_1lot,1,319.4732,351,2023-06-09,298.7262
2023-05-10,sell_short_call,2022-03-08,sigma2_repeat_20d_2lot,2,319.4732,351,2023-06-09,597.4525
2023-05-10,sell_short_call,2022-05-09,sigma2_repeat_20d_2lot,2,319.4732,351,2023-06-09,597.4525
2023-05-10,sell_short_call,2022-05-11,sigma1_weekly_1lot,1,319.4732,351,2023-06-09,298.7262
2023-05-10,sell_short_call,2022-09-06,sigma1_weekly_1lot,1,319.4732,351,2023-06-09,298.7262
2023-05-10,sell_short_call,2022-10-10,sigma1_weekly_1lot,1,319.4732,351,2023-06-09,298.7262
2023-05-12,short_call_settlement,2022-10-11,sigma2_first_60d_1lot,1,319.3651,338,2023-05-12,0
2023-05-12,short_call_settlement,2022-10-12,sigma2_repeat_20d_2lot,2,319.3651,338,2023-05-12,0
2023-05-12,sell_short_call,2022-10-11,sigma2_first_60d_1lot,1,319.3651,351,2023-06-11,291.301
2023-05-12,sell_short_call,2022-10-12,sigma2_repeat_20d_2lot,2,319.3651,351,2023-06-11,582.6021
2023-05-15,short_call_settlement,2022-06-14,sigma1_weekly_1lot,1,321.0944,344,2023-05-14,0
2023-05-15,sell_short_call,2022-06-14,sigma1_weekly_1lot,1,321.0944,353,2023-06-14,291.4033
2023-05-17,close_short_call,2022-05-11,sigma1_weekly_1lot,1,325.349,351,2023-06-09,-290.8678
2023-05-18,close_short_call,2022-04-27,sigma1_weekly_1lot,1,331.3917,349,2023-05-28,-178.8004
2023-05-19,short_call_settlement,2022-06-16,sigma2_repeat_20d_2lot,2,330.6451,344,2023-05-19,0
2023-05-19,sell_short_call,2022-06-16,sigma2_repeat_20d_2lot,2,330.6451,364,2023-06-18,540.1494
2023-05-24,short_call_settlement,2022-01-20,sigma1_weekly_1lot,1,325.8697,341,2023-05-24,0
2023-05-24,short_call_settlement,2022-01-24,sigma1_weekly_1lot,1,325.8697,341,2023-05-24,0
2023-05-24,short_call_settlement,2022-02-23,sigma1_weekly_1lot,1,325.8697,341,2023-05-24,0
2023-05-24,short_call_settlement,2022-09-21,sigma1_weekly_1lot,1,325.8697,341,2023-05-24,0
2023-05-24,sell_short_call,2022-01-20,sigma1_weekly_1lot,1,325.8697,358,2023-06-23,276.8482
2023-05-24,sell_short_call,2022-01-24,sigma1_weekly_1lot,1,325.8697,358,2023-06-23,276.8482
2023-05-24,sell_short_call,2022-02-23,sigma1_weekly_1lot,1,325.8697,358,2023-06-23,276.8482
2023-05-24,sell_short_call,2022-09-21,sigma1_weekly_1lot,1,325.8697,358,2023-06-23,276.8482
2023-05-26,close_short_call,2022-05-09,sigma2_repeat_20d_2lot,2,342.3278,351,2023-06-09,-1067.1657
2023-05-26,close_short_call,2022-02-23,sigma1_weekly_1lot,1,342.3278,358,2023-06-23,-658.7733
2023-05-26,close_short_call,2022-01-24,sigma1_weekly_1lot,1,342.3278,358,2023-06-23,-658.7733
2023-05-30,short_call_settlement,2022-09-26,sigma1_weekly_1lot,1,343.8803,349,2023-05-28,0
2023-05-30,sell_short_call,2022-09-26,sigma1_weekly_1lot,1,343.8803,378,2023-06-29,287.7533
2023-06-07,close_short_call,2022-03-07,sigma2_first_60d_1lot,1,342.7404,351,2023-06-09,-69.6185
2023-06-08,close_short_call,2022-03-08,sigma2_repeat_20d_2lot,2,346.995,351,2023-06-09,-174.6688
2023-06-09,short_call_settlement,2022-09-06,sigma1_weekly_1lot,1,348.3215,351,2023-06-09,0
2023-06-09,short_call_settlement,2022-10-10,sigma1_weekly_1lot,1,348.3215,351,2023-06-09,0
2023-06-09,close_short_call,2022-01-20,sigma1_weekly_1lot,1,348.3215,358,2023-06-23,-499.2937
2023-06-09,sell_short_call,2022-09-06,sigma1_weekly_1lot,1,348.3215,383,2023-07-09,278.6125
2023-06-09,sell_short_call,2022-10-10,sigma1_weekly_1lot,1,348.3215,383,2023-07-09,278.6125
2023-06-12,short_call_settlement,2022-10-11,sigma2_first_60d_1lot,1,354.207,351,2023-06-11,-320.7031
2023-06-12,short_call_settlement,2022-10-12,sigma2_repeat_20d_2lot,2,354.207,351,2023-06-11,-641.4063
2023-06-12,sell_short_call,2022-10-11,sigma2_first_60d_1lot,1,354.207,390,2023-07-12,272.7214
2023-06-12,sell_short_call,2022-10-12,sigma2_repeat_20d_2lot,2,354.207,390,2023-07-12,545.4428
2023-06-13,close_short_call,2022-10-10,sigma1_weekly_1lot,1,356.9288,383,2023-07-09,-371.5076
2023-06-14,short_call_settlement,2022-06-14,sigma1_weekly_1lot,1,359.5227,353,2023-06-14,-652.2736
2023-06-15,close_short_call,2022-09-26,sigma1_weekly_1lot,1,363.8068,378,2023-06-29,-378.2051
2023-06-16,close_short_call,2022-06-16,sigma2_repeat_20d_2lot,2,361.5174,364,2023-06-18,-452.3213
2023-06-23,short_call_settlement,2022-09-21,sigma1_weekly_1lot,1,356.71,358,2023-06-23,0
2023-06-23,sell_short_call,2022-09-21,sigma1_weekly_1lot,1,356.71,392,2023-07-23,250.3893
2023-07-10,short_call_settlement,2022-09-06,sigma1_weekly_1lot,1,360.4686,383,2023-07-09,0
2023-07-10,sell_short_call,2022-09-06,sigma1_weekly_1lot,1,360.4686,397,2023-08-09,227.1101
2023-07-12,short_call_settlement,2022-10-11,sigma2_first_60d_1lot,1,366.8247,390,2023-07-12,0
2023-07-12,short_call_settlement,2022-10-12,sigma2_repeat_20d_2lot,2,366.8247,390,2023-07-12,0
2023-07-13,close_short_call,2022-09-21,sigma1_weekly_1lot,1,373.0529,392,2023-07-23,-163.9817
2023-08-09,short_call_settlement,2022-09-06,sigma1_weekly_1lot,1,361.9936,397,2023-08-09,0
2023-08-09,sell_short_call,2022-09-06,sigma1_weekly_1lot,1,361.9936,398,2023-09-08,215.969
2023-09-06,close_short_call,2022-09-06,sigma1_weekly_1lot,1,368.7139,398,2023-09-08,-0.0283
2024-08-05,sell_short_call,2024-08-05,sigma2_first_60d_1lot,1,431.325,474,2024-09-04,65.0023
2024-08-06,sell_short_call,2024-08-06,sigma1_weekly_1lot,1,435.4464,479,2024-09-05,63.3712
2024-09-04,short_call_settlement,2024-08-05,sigma2_first_60d_1lot,1,456.3304,474,2024-09-04,0
2024-09-04,sell_short_call,2024-08-05,sigma2_first_60d_1lot,1,456.3304,502,2024-10-04,76.1072
2024-09-05,short_call_settlement,2024-08-06,sigma1_weekly_1lot,1,456.7565,479,2024-09-05,0
2024-09-05,sell_short_call,2024-08-06,sigma1_weekly_1lot,1,456.7565,502,2024-10-05,78.9169
2024-10-04,short_call_settlement,2024-08-05,sigma2_first_60d_1lot,1,483.4708,502,2024-10-04,0
2024-10-04,sell_short_call,2024-08-05,sigma2_first_60d_1lot,1,483.4708,532,2024-11-03,81.3458
2024-10-07,short_call_settlement,2024-08-06,sigma1_weekly_1lot,1,478.292,502,2024-10-05,0
2024-10-07,sell_short_call,2024-08-06,sigma1_weekly_1lot,1,478.292,526,2024-11-06,82.999
2024-11-04,short_call_settlement,2024-08-05,sigma2_first_60d_1lot,1,482.1711,532,2024-11-03,0
2024-11-04,sell_short_call,2024-08-05,sigma2_first_60d_1lot,1,482.1711,530,2024-12-04,77.5662
2024-11-06,short_call_settlement,2024-08-06,sigma1_weekly_1lot,1,501.5865,526,2024-11-06,0
2024-11-06,sell_short_call,2024-08-06,sigma1_weekly_1lot,1,501.5865,552,2024-12-06,81.1344
2024-12-04,short_call_settlement,2024-08-05,sigma2_first_60d_1lot,1,519.127,530,2024-12-04,0
2024-12-04,sell_short_call,2024-08-05,sigma2_first_60d_1lot,1,519.127,571,2025-01-03,86.0169
2024-12-06,short_call_settlement,2024-08-06,sigma1_weekly_1lot,1,522.3214,552,2024-12-06,0
2024-12-06,sell_short_call,2024-08-06,sigma1_weekly_1lot,1,522.3214,575,2025-01-05,83.946
2025-01-03,short_call_settlement,2024-08-05,sigma2_first_60d_1lot,1,515.3135,571,2025-01-03,0
2025-01-03,sell_short_call,2024-08-05,sigma2_first_60d_1lot,1,515.3135,567,2025-02-02,96.3423
2025-01-06,short_call_settlement,2024-08-06,sigma1_weekly_1lot,1,521.2359,575,2025-01-05,0
2025-01-06,sell_short_call,2024-08-06,sigma1_weekly_1lot,1,521.2359,573,2025-02-05,101.1579
2025-02-03,short_call_settlement,2024-08-05,sigma2_first_60d_1lot,1,514.8464,567,2025-02-02,0
2025-02-03,sell_short_call,2024-08-05,sigma2_first_60d_1lot,1,514.8464,566,2025-03-05,108.3619
2025-02-05,short_call_settlement,2024-08-06,sigma1_weekly_1lot,1,523.5314,573,2025-02-05,0
2025-02-05,sell_short_call,2024-08-06,sigma1_weekly_1lot,1,523.5314,576,2025-03-07,105.6007
2025-03-05,short_call_settlement,2024-08-05,sigma2_first_60d_1lot,1,498.8478,566,2025-03-05,0
2025-03-05,sell_short_call,2024-08-05,sigma2_first_60d_1lot,1,498.8478,549,2025-04-04,107.6922
2025-03-07,short_call_settlement,2024-08-06,sigma1_weekly_1lot,1,488.6922,576,2025-03-07,0
2025-03-07,sell_short_call,2024-08-06,sigma1_weekly_1lot,1,488.6922,538,2025-04-06,107.4994
2025-03-10,sell_short_call,2025-03-10,sigma1_weekly_1lot,1,469.7523,517,2025-04-09,114.3563
2025-04-03,sell_short_call,2025-04-03,sigma1_weekly_1lot,1,448.4891,493,2025-05-03,146.8661
2025-04-04,short_call_settlement,2024-08-05,sigma2_first_60d_1lot,1,420.634,549,2025-04-04,0
2025-04-04,sell_short_call,2024-08-05,sigma2_first_60d_1lot,1,420.634,463,2025-05-04,157.9113
2025-04-04,sell_short_call,2025-04-04,sigma2_first_60d_1lot,1,420.634,463,2025-05-04,157.9113
2025-04-07,short_call_settlement,2024-08-06,sigma1_weekly_1lot,1,421.649,538,2025-04-06,0
2025-04-07,sell_short_call,2024-08-06,sigma1_weekly_1lot,1,421.649,464,2025-05-07,157.9694
2025-04-07,sell_short_call,2025-04-07,sigma2_repeat_20d_2lot,2,421.649,464,2025-05-07,315.9388
2025-04-08,sell_short_call,2025-04-08,sigma2_repeat_20d_2lot,2,414.0558,455,2025-05-08,325.1461
2025-04-09,short_call_settlement,2025-03-10,sigma1_weekly_1lot,1,463.7552,517,2025-04-09,0
2025-04-09,sell_short_call,2025-03-10,sigma1_weekly_1lot,1,463.7552,510,2025-05-09,271.9815
2025-05-05,short_call_settlement,2024-08-05,sigma2_first_60d_1lot,1,483.5892,463,2025-05-04,-2058.9203
2025-05-05,short_call_settlement,2025-04-03,sigma1_weekly_1lot,1,483.5892,493,2025-05-03,0
2025-05-05,short_call_settlement,2025-04-04,sigma2_first_60d_1lot,1,483.5892,463,2025-05-04,-2058.9203
2025-05-05,sell_short_call,2024-08-05,sigma2_first_60d_1lot,1,483.5892,532,2025-06-04,310.5693
2025-05-05,sell_short_call,2025-04-03,sigma1_weekly_1lot,1,483.5892,532,2025-06-04,310.5693
2025-05-05,sell_short_call,2025-04-04,sigma2_first_60d_1lot,1,483.5892,532,2025-06-04,310.5693
2025-05-07,short_call_settlement,2024-08-06,sigma1_weekly_1lot,1,480.9719,464,2025-05-07,-1697.1863
2025-05-07,short_call_settlement,2025-04-07,sigma2_repeat_20d_2lot,2,480.9719,464,2025-05-07,-3394.3726
2025-05-07,sell_short_call,2024-08-06,sigma1_weekly_1lot,1,480.9719,529,2025-06-06,307.2459
2025-05-07,sell_short_call,2025-04-07,sigma2_repeat_20d_2lot,2,480.9719,529,2025-06-06,614.4918
2025-05-08,short_call_settlement,2025-04-08,sigma2_repeat_20d_2lot,2,485.9379,455,2025-05-08,-6187.5793
2025-05-08,sell_short_call,2025-04-08,sigma2_repeat_20d_2lot,2,485.9379,535,2025-06-07,606.7712
2025-05-09,short_call_settlement,2025-03-10,sigma1_weekly_1lot,1,485.6194,510,2025-05-09,0
2025-05-09,sell_short_call,2025-03-10,sigma1_weekly_1lot,1,485.6194,534,2025-06-08,311.5796
2025-06-04,short_call_settlement,2024-08-05,sigma2_first_60d_1lot,1,526.2228,532,2025-06-04,0
2025-06-04,short_call_settlement,2025-04-03,sigma1_weekly_1lot,1,526.2228,532,2025-06-04,0
2025-06-04,short_call_settlement,2025-04-04,sigma2_first_60d_1lot,1,526.2228,532,2025-06-04,0
2025-06-04,sell_short_call,2024-08-05,sigma2_first_60d_1lot,1,526.2228,579,2025-07-04,351.3629
2025-06-04,sell_short_call,2025-04-03,sigma1_weekly_1lot,1,526.2228,579,2025-07-04,351.3629
2025-06-04,sell_short_call,2025-04-04,sigma2_first_60d_1lot,1,526.2228,579,2025-07-04,351.3629
2025-06-06,short_call_settlement,2024-08-06,sigma1_weekly_1lot,1,527.3673,529,2025-06-06,0
2025-06-06,short_call_settlement,2025-04-07,sigma2_repeat_20d_2lot,2,527.3673,529,2025-06-06,0
2025-06-06,sell_short_call,2024-08-06,sigma1_weekly_1lot,1,527.3673,580,2025-07-06,356.6371
2025-06-06,sell_short_call,2025-04-07,sigma2_repeat_20d_2lot,2,527.3673,580,2025-07-06,713.2741
2025-06-09,short_call_settlement,2025-03-10,sigma1_weekly_1lot,1,528.1436,534,2025-06-08,0
2025-06-09,short_call_settlement,2025-04-08,sigma2_repeat_20d_2lot,2,528.1436,535,2025-06-07,0
2025-06-09,sell_short_call,2025-03-10,sigma1_weekly_1lot,1,528.1436,581,2025-07-09,352.0207
2025-06-09,sell_short_call,2025-04-08,sigma2_repeat_20d_2lot,2,528.1436,581,2025-07-09,704.0414
2025-07-03,close_short_call,2024-08-06,sigma1_weekly_1lot,1,554.1622,580,2025-07-06,-32.9306
2025-07-07,short_call_settlement,2024-08-05,sigma2_first_60d_1lot,1,549.9879,579,2025-07-04,0
2025-07-07,short_call_settlement,2025-04-03,sigma1_weekly_1lot,1,549.9879,579,2025-07-04,0
2025-07-07,short_call_settlement,2025-04-04,sigma2_first_60d_1lot,1,549.9879,579,2025-07-04,0
2025-07-07,short_call_settlement,2025-04-07,sigma2_repeat_20d_2lot,2,549.9879,580,2025-07-06,0
2025-07-07,sell_short_call,2024-08-05,sigma2_first_60d_1lot,1,549.9879,605,2025-08-06,370.0256
2025-07-07,sell_short_call,2025-04-03,sigma1_weekly_1lot,1,549.9879,605,2025-08-06,370.0256
2025-07-07,sell_short_call,2025-04-04,sigma2_first_60d_1lot,1,549.9879,605,2025-08-06,370.0256
2025-07-07,sell_short_call,2025-04-07,sigma2_repeat_20d_2lot,2,549.9879,605,2025-08-06,740.0511
2025-07-09,short_call_settlement,2025-03-10,sigma1_weekly_1lot,1,554.1922,581,2025-07-09,0
2025-07-09,short_call_settlement,2025-04-08,sigma2_repeat_20d_2lot,2,554.1922,581,2025-07-09,0
2025-07-09,sell_short_call,2025-03-10,sigma1_weekly_1lot,1,554.1922,610,2025-08-08,366.8446
2025-07-09,sell_short_call,2025-04-08,sigma2_repeat_20d_2lot,2,554.1922,610,2025-08-08,733.6892
2025-07-25,close_short_call,2025-04-03,sigma1_weekly_1lot,1,564.2747,605,2025-08-06,-156.2695
2025-08-05,close_short_call,2024-08-05,sigma2_first_60d_1lot,1,558.1973,605,2025-08-06,0
2025-08-06,short_call_settlement,2025-04-04,sigma2_first_60d_1lot,1,565.2213,605,2025-08-06,0
2025-08-06,short_call_settlement,2025-04-07,sigma2_repeat_20d_2lot,2,565.2213,605,2025-08-06,0
2025-08-06,sell_short_call,2025-04-04,sigma2_first_60d_1lot,1,565.2213,622,2025-09-05,333.6994
2025-08-06,sell_short_call,2025-04-07,sigma2_repeat_20d_2lot,2,565.2213,622,2025-09-05,667.3987
2025-08-08,short_call_settlement,2025-03-10,sigma1_weekly_1lot,1,572.4245,610,2025-08-08,0
2025-08-08,short_call_settlement,2025-04-08,sigma2_repeat_20d_2lot,2,572.4245,610,2025-08-08,0
2025-08-08,sell_short_call,2025-03-10,sigma1_weekly_1lot,1,572.4245,630,2025-09-07,328.1528
2025-08-08,sell_short_call,2025-04-08,sigma2_repeat_20d_2lot,2,572.4245,630,2025-09-07,656.3055
2025-09-05,short_call_settlement,2025-04-04,sigma2_first_60d_1lot,1,573.9289,622,2025-09-05,0
2025-09-05,short_call_settlement,2025-04-07,sigma2_repeat_20d_2lot,2,573.9289,622,2025-09-05,0
2025-09-05,sell_short_call,2025-04-04,sigma2_first_60d_1lot,1,573.9289,631,2025-10-05,309.4293
2025-09-05,sell_short_call,2025-04-07,sigma2_repeat_20d_2lot,2,573.9289,631,2025-10-05,618.8586
2025-09-08,short_call_settlement,2025-03-10,sigma1_weekly_1lot,1,576.7285,630,2025-09-07,0
2025-09-08,short_call_settlement,2025-04-08,sigma2_repeat_20d_2lot,2,576.7285,630,2025-09-07,0
2025-09-08,sell_short_call,2025-03-10,sigma1_weekly_1lot,1,576.7285,634,2025-10-08,311.8971
2025-09-08,sell_short_call,2025-04-08,sigma2_repeat_20d_2lot,2,576.7285,634,2025-10-08,623.7941
2025-09-12,close_short_call,2025-04-07,sigma2_repeat_20d_2lot,2,584.4896,631,2025-10-05,-632.4115
2025-09-12,close_short_call,2025-03-10,sigma1_weekly_1lot,1,584.4896,634,2025-10-08,-338.9083
2025-09-15,close_short_call,2025-04-08,sigma2_repeat_20d_2lot,2,589.4911,634,2025-10-08,-699.1705
2025-09-15,close_short_call,2025-04-04,sigma2_first_60d_1lot,1,589.4911,631,2025-10-05,-322.5383
2026-03-26,sell_short_call,2026-03-26,sigma1_weekly_1lot,1,573.79,631,2026-04-25,256.6437
2026-03-30,sell_short_call,2026-03-30,sigma1_weekly_1lot,1,558.28,614,2026-04-29,249.7532
