date,equity,openValue,availableCash,openContracts,qqqAdjClose,qqqRsi,qqqIv,vixClose,vixMean,vixStd,vixThreshold
2012-01-03,20000,0,20000,0,50.312565,56.593482,0.285384,22.969999,24.197707,8.12406,
2012-01-04,20000,0,20000,0,50.524769,57.817085,0.285423,22.219999,24.189921,8.108938,
2012-01-05,20000,0,20000,0,50.940365,60.184324,0.285412,21.48,24.179294,8.094739,
2012-01-06,20000,0,20000,0,51.117226,61.182658,0.285416,20.629999,24.16543,8.081897,
2012-01-09,20000,0,20000,0,50.949211,59.652451,0.285443,21.07,24.153385,8.068407,
2012-01-10,20000,0,20000,0,51.320572,61.919488,0.285538,20.690001,24.139961,8.055581,
2012-01-11,20000,0,20000,0,51.426689,62.56674,0.285543,21.049999,24.128031,8.042246,
2012-01-12,20000,0,20000,0,51.630058,63.835381,0.285458,20.469999,24.113961,8.029911,
2012-01-13,20000,0,20000,0,51.44437,61.7767,0.285493,20.91,24.101686,8.016907,
2012-01-17,20000,0,20000,0,51.913017,64.857131,0.285562,22.200001,24.094427,8.002397,
2012-01-18,20000,0,20000,0,52.602711,68.837397,0.285973,20.889999,24.082243,7.989554,
2012-01-19,20000,0,20000,0,52.929886,70.541865,0.285719,19.870001,24.066288,7.978563,
2012-01-20,20000,0,20000,0,52.850288,69.545253,0.285589,18.280001,24.044453,7.971367,
2012-01-23,20000,0,20000,0,52.867989,69.647943,0.285428,18.67,24.024248,7.963134,
2012-01-24,20000,0,20000,0,52.770718,68.285266,0.284981,18.91,24.005094,7.954311,
2012-01-25,20000,0,20000,0,53.433899,72.268949,0.285355,18.309999,23.983843,7.94702,
2012-01-26,20000,0,20000,0,53.248196,69.631398,0.285328,18.57,23.963717,7.939044,
2012-01-27,20000,0,20000,0,53.407364,70.621104,0.285259,18.530001,23.943593,7.931171,
2012-01-30,20000,0,20000,0,53.451576,70.904749,0.283542,19.4,23.926827,7.92128,
2012-01-31,20000,0,20000,0,53.522297,71.380726,0.283494,19.440001,23.910331,7.91133,
2012-02-01,20000,0,20000,0,53.955582,74.16889,0.282796,18.549999,23.890696,7.903435,
2012-02-02,20000,0,20000,0,54.123581,75.178619,0.282807,17.98,23.869124,7.897024,
2012-02-03,20000,0,20000,0,54.866329,79.073369,0.283253,17.1,23.844509,7.893162,
2012-02-06,20000,0,20000,0,54.82214,78.286321,0.283186,17.76,23.822464,7.887306,
2012-02-07,20000,0,20000,0,54.937057,78.875188,0.283145,17.65,23.80018,7.881734,
2012-02-08,20000,0,20000,0,55.228874,80.333712,0.283109,18.16,23.779892,7.874764,
2012-02-09,20000,0,20000,0,55.62677,82.144005,0.283217,18.629999,23.761434,7.866632,
2012-02-10,20000,0,20000,0,55.237713,74.885413,0.283352,20.790001,23.750821,7.854529,
2012-02-13,20000,0,20000,0,55.750561,77.684652,0.283434,19.040001,23.734057,7.845525,
2012-02-14,20000,0,20000,0,55.892036,78.399886,0.283435,19.540001,23.719184,7.835534,
2012-02-15,20000,0,20000,0,55.502972,71.603138,0.283564,21.139999,23.710071,7.823131,
2012-02-16,20000,0,20000,0,56.263416,75.985341,0.283917,19.219999,23.694261,7.813841,
2012-02-17,20000,0,20000,0,56.086552,73.1576,0.283947,17.780001,23.673509,7.807936,
2012-02-21,20000,0,20000,0,56.245728,74.092066,0.283946,18.190001,23.654336,7.800967,
2012-02-22,20000,0,20000,0,55.989304,69.872072,0.281743,18.190001,23.635296,7.793994,
2012-02-23,20000,0,20000,0,56.360676,72.330081,0.281643,16.799999,23.611562,7.790822,
2012-02-24,20000,0,20000,0,56.555195,73.547442,0.281606,17.309999,23.589758,7.786113,
2012-02-27,20000,0,20000,0,56.634796,74.050574,0.281153,18.190001,23.571138,7.779096,
2012-02-28,20000,0,20000,0,57.209534,77.393869,0.281384,17.959999,23.551856,7.772635,
2012-02-29,20000,0,20000,0,56.953129,72.882469,0.280728,18.43,23.534315,7.765056,
2012-03-01,20000,0,20000,0,57.404064,75.578639,0.28081,17.26,23.512901,7.76041,
2012-03-02,20000,0,20000,0,57.359871,74.793784,0.279875,17.290001,23.491735,7.755652,
2012-03-05,20000,0,20000,0,56.767414,65.042289,0.280097,18.049999,23.473288,7.74893,
2012-03-06,20000,0,20000,0,56.210358,57.456943,0.279866,20.870001,23.464493,7.737265,
2012-03-07,20000,0,20000,0,56.643631,61.242921,0.279967,19.07,23.449697,7.728392,
2012-03-08,20000,0,20000,0,57.253746,65.851392,0.280098,17.950001,23.431242,7.721945,
2012-03-09,20000,0,20000,0,57.492474,67.480769,0.279444,17.110001,23.4101,7.717641,
2012-03-12,20000,0,20000,0,57.51902,67.665527,0.279363,15.64,23.3842,7.717773,
2012-03-13,20000,0,20000,0,58.588924,74.061784,0.280135,14.8,23.355681,7.72077,
2012-03-14,20000,0,20000,0,58.792324,75.071382,0.279571,15.31,23.32904,7.721826,
2012-03-15,20000,0,20000,0,58.960316,75.905539,0.277928,15.42,23.302937,7.722409,
2012-03-16,20000,0,20000,0,58.918701,75.233947,0.277753,14.47,23.273882,7.726282,
2012-03-19,20000,0,20000,0,59.334946,77.388917,0.277828,15.04,23.246885,7.727959,
2012-03-20,20000,0,20000,0,59.441257,77.917426,0.27696,15.58,23.22183,7.727719,
2012-03-21,20000,0,20000,0,59.450119,77.963662,0.276943,15.13,23.195472,7.728892,
2012-03-22,20000,0,20000,0,59.326126,75.57911,0.276905,15.57,23.170714,7.728517,
2012-03-23,20000,0,20000,0,59.290684,74.874162,0.276164,14.82,23.143689,7.730571,
2012-03-26,20000,0,20000,0,60.326977,80.57827,0.276877,14.26,23.115032,7.734527,
2012-03-27,20000,0,20000,0,60.415558,80.975842,0.276777,15.59,23.090836,7.733822,
2012-03-28,20000,0,20000,0,60.176418,76.427308,0.276627,15.47,23.06641,7.733423,
2012-03-29,20000,0,20000,0,59.946125,72.220149,0.276639,15.48,23.042172,7.732918,
2012-03-30,20000,0,20000,0,59.830978,70.141087,0.276655,15.5,23.018153,7.732279,
2012-04-02,20000,0,20000,0,60.450966,74.412346,0.276896,15.64,22.99473,7.731141,
2012-04-03,20000,0,20000,0,60.43327,74.086579,0.276856,15.66,22.971519,7.72988,
2012-04-04,20000,0,20000,0,59.609547,60.75388,0.277371,16.440001,22.950915,7.726353,
2012-04-05,20000,0,20000,0,59.981533,63.91229,0.277443,16.700001,22.931258,7.722117,
2012-04-09,20000,0,20000,0,59.529831,57.826608,0.277615,18.809999,22.918339,7.713418,
2012-04-10,20000,0,20000,0,58.573242,47.509399,0.278278,20.389999,22.910437,7.702615,
2012-04-11,20000,0,20000,0,58.856689,50.336883,0.278282,20.02,22.901433,7.692262,
2012-04-12,20000,0,20000,0,59.529831,56.350268,0.278428,17.200001,22.883727,7.686841,
2012-04-13,20000,0,20000,0,58.626381,47.957191,0.278933,19.549999,22.873406,7.677137,
2012-04-16,20000,0,20000,0,57.97094,42.958166,0.279283,19.549999,22.863148,7.667467,
2012-04-17,20000,0,20000,0,59.148972,52.534836,0.280248,18.459999,22.8496,7.65952,
2012-04-18,20000,0,20000,0,58.998394,51.348155,0.280118,18.639999,22.836687,7.65128,
2012-04-19,20000,0,20000,0,58.334087,46.371573,0.280411,18.360001,22.822997,7.643546,
2012-04-20,20000,0,20000,0,58.174664,45.238434,0.279215,17.440001,22.806585,7.637635,
2012-04-23,20000,0,20000,0,57.643211,41.589926,0.279315,18.969999,22.794924,7.628917,
2012-04-24,20000,0,20000,0,57.333229,39.584573,0.279392,18.1,22.780697,7.621697,
2012-04-25,20000,0,20000,0,58.856689,51.867913,0.281034,16.82,22.762689,7.617189,
2012-04-26,20000,0,20000,0,59.202114,54.144414,0.281006,16.24,22.743042,7.614094,
2012-04-27,20000,0,20000,0,59.556408,56.421105,0.281071,16.32,22.723754,7.610762,
2012-04-30,20000,0,20000,0,59.131275,53.019431,0.281219,17.15,22.707066,7.605443,
2012-05-01,20000,0,20000,0,59.22868,53.708076,0.281207,16.6,22.688836,7.601376,
2012-05-02,20000,0,20000,0,59.396992,54.937257,0.281148,16.879999,22.671548,7.596635,
2012-05-03,20000,0,20000,0,58.76812,49.634235,0.281459,17.559999,22.65638,7.590431,
2012-05-04,20000,0,20000,0,57.306656,39.976561,0.283056,19.16,22.646035,7.581546,
2012-05-07,20000,0,20000,0,57.359806,40.43052,0.283036,18.940001,22.635103,7.572998,
2012-05-08,20000,0,20000,0,57.147213,39.154931,0.283052,19.049999,22.624559,7.564319,
2012-05-09,20000,0,20000,0,56.970078,38.076965,0.282916,20.08,22.617097,7.554444,
2012-05-10,20000,0,20000,0,56.854931,37.356984,0.28278,18.83,22.606023,7.546138,
2012-05-11,20000,0,20000,0,56.846069,37.298533,0.282702,19.889999,22.598105,7.536525,
2012-05-14,20000,0,20000,0,56.314629,33.875314,0.28256,21.870001,22.595988,7.525633,
2012-05-15,20000,0,20000,0,56.128624,32.742626,0.281779,21.969999,22.594174,7.514762,
2012-05-16,20000,0,20000,0,55.747765,30.494244,0.281898,22.27,22.593237,7.503883,
2012-05-17,20000,0,20000,0,54.569744,24.817625,0.28294,24.49,22.598703,7.493724,
2012-05-18,20000,0,20000,0,53.861172,22.147055,0.283374,25.1,22.605891,7.484119,
2012-05-21,20000,0,20000,0,55.366905,37.530691,0.285111,22.01,22.604183,7.473426,
2012-05-22,20000,0,20000,0,55.304905,37.204695,0.28453,22.48,22.603829,7.462715,
2012-05-23,20000,0,20000,0,55.411198,38.195841,0.284426,22.33,22.603048,7.452061,
2012-05-24,20000,0,20000,0,55.048058,36.099477,0.284519,21.540001,22.600028,7.441653,
2012-05-25,20000,0,20000,0,54.97718,35.687772,0.284442,21.76,22.597649,7.43121,
2012-05-29,20000,0,20000,0,55.676914,42.642603,0.284768,21.030001,22.59322,7.421144,
2012-05-30,20000,0,20000,0,55.207485,39.552395,0.284338,24.139999,22.597577,7.41111,
2012-05-31,20000,0,20000,0,54.96833,38.039957,0.283123,24.059999,22.601685,7.40107,
2012-06-01,20000,0,20000,0,53.506886,30.391903,0.285006,26.66,22.613053,7.393788,
2012-06-04,20000,0,20000,0,53.914295,34.354238,0.284535,26.120001,22.622849,7.385752,
2012-06-05,20000,0,20000,0,54.135738,36.471033,0.284384,24.68,22.628579,7.376228,
2012-06-06,20000,0,20000,0,55.375755,46.813489,0.285622,22.16,22.627278,7.365989,
2012-06-07,20000,0,20000,0,55.154331,45.392414,0.285523,21.719999,22.624765,7.355906,
2012-06-08,20000,0,20000,0,55.685764,49.365271,0.285727,21.23,22.620912,7.346077,
2012-06-11,20000,0,20000,0,54.746895,43.36306,0.28586,23.559999,22.623499,7.336089,
2012-06-12,20000,0,20000,0,55.411198,48.165422,0.286194,22.09,22.622033,7.326031,
2012-06-13,20000,0,20000,0,55.030315,45.769144,0.285958,24.27,22.626548,7.316469,
2012-06-14,20000,0,20000,0,55.234066,47.280159,0.285001,21.68,22.623962,7.306607,
2012-06-15,20000,0,20000,0,55.920296,52.118994,0.285298,21.110001,22.619836,7.297046,
2012-06-18,20000,0,20000,0,56.444061,55.477876,0.285451,18.32,22.608152,7.290545,
2012-06-19,20000,0,20000,0,57.02998,58.947305,0.285634,18.379999,22.596694,7.283959,
2012-06-20,20000,0,20000,0,57.07439,59.206786,0.284564,17.24,22.582216,7.279411,
2012-06-21,20000,0,20000,0,55.65395,48.62131,0.286094,20.08,22.575472,7.270728,
2012-06-22,20000,0,20000,0,56.239895,52.401799,0.286151,18.110001,22.563468,7.264613,
2012-06-25,20000,0,20000,0,55.156811,45.707,0.286338,20.379999,22.557614,7.255723,
2012-06-26,20000,0,20000,0,55.503048,47.994377,0.285827,19.719999,22.550027,7.247475,
2012-06-27,20000,0,20000,0,55.840374,50.195885,0.285393,19.450001,22.54176,7.23955,
2012-06-28,20000,0,20000,0,55.218967,46.306983,0.285704,19.709999,22.534229,7.231366,
2012-06-29,20000,0,20000,0,56.958992,56.475486,0.287647,17.08,22.519761,7.227204,
2012-07-02,20000,0,20000,0,57.127644,57.319192,0.287135,16.799999,22.50463,7.223606,
2012-07-03,20000,0,20000,0,57.607037,59.70998,0.28724,16.66,22.489208,7.220289,
2012-07-05,20000,0,20000,0,57.642551,59.889236,0.287221,17.5,22.476079,7.215298,
2012-07-06,20000,0,20000,0,56.923477,54.593078,0.287205,17.1,22.461968,7.21106,
2012-07-09,20000,0,20000,0,56.816929,53.833414,0.287194,17.98,22.450236,7.20524,
2012-07-10,20000,0,20000,0,56.257637,49.907621,0.286581,18.719999,22.440496,7.198327,
2012-07-11,20000,0,20000,0,55.946915,47.821142,0.286508,17.950001,22.428802,7.192575,
2012-07-12,20000,0,20000,0,55.423145,44.447876,0.286713,18.33,22.418156,7.18624,
2012-07-13,20000,0,20000,0,56.266533,50.502481,0.286891,16.74,22.403446,7.182718,
2012-07-16,20000,0,20000,0,56.10672,49.403693,0.286504,17.110001,22.389767,7.178453,
2012-07-17,20000,0,20000,0,56.399685,51.487435,0.286478,16.48,22.374536,7.175448,
2012-07-18,20000,0,20000,0,57.163174,56.51374,0.285673,16.16,22.35856,7.173119,
2012-07-19,20000,0,20000,0,57.793457,60.181473,0.285899,15.45,22.340846,7.172429,
2012-07-20,20000,0,20000,0,57.02998,54.216331,0.286277,16.27,22.32532,7.169804,
2012-07-23,20000,0,20000,0,56.337536,49.430815,0.286424,18.620001,22.315867,7.163075,
2012-07-24,20000,0,20000,0,55.893646,46.591704,0.28658,20.469999,22.31117,7.154538,
2012-07-25,20000,0,20000,0,55.520805,44.290635,0.286688,19.34,22.303629,7.146998,
2012-07-26,20000,0,20000,0,56.257637,49.589375,0.285336,17.530001,22.291544,7.141962,
2012-07-27,20000,0,20000,0,57.589287,57.463658,0.286665,16.700001,22.277424,7.138448,
2012-07-30,20000,0,20000,0,57.544907,57.143298,0.286634,18.030001,22.266725,7.132616,
2012-07-31,20000,0,20000,0,57.527142,57.006295,0.286569,18.93,22.258342,7.12559,
2012-08-01,20000,0,20000,0,57.358463,55.642196,0.284868,18.959999,22.250075,7.118548,
2012-08-02,20000,0,20000,0,57.154274,53.95896,0.284706,17.57,22.238375,7.113472,
2012-08-03,20000,0,20000,0,58.237362,60.7428,0.279581,15.64,22.22192,7.112212,
2012-08-06,20000,0,20000,0,58.68124,63.139826,0.279568,15.95,22.206318,7.110222,
2012-08-07,20000,0,20000,0,59.169495,65.626102,0.26923,15.99,22.190893,7.108122,
2012-08-08,20000,0,20000,0,59.142887,65.367343,0.263477,15.32,22.173886,7.107522,
2012-08-09,20000,0,20000,0,59.320438,66.321619,0.25841,15.28,22.156864,7.106981,
2012-08-10,20000,0,20000,0,59.355919,66.520148,0.253413,14.74,22.138596,7.107739,
2012-08-13,20000,0,20000,0,59.497974,67.350013,0.253242,13.7,22.117862,7.111293,
2012-08-14,20000,0,20000,0,59.524632,67.512746,0.252703,14.85,22.100049,7.111659,
2012-08-15,20000,0,20000,0,59.675533,68.470762,0.252458,14.63,22.081785,7.112536,
2012-08-16,20000,0,20000,0,60.385719,72.570371,0.252661,14.29,22.06278,7.114251,
2012-08-17,20000,0,20000,0,60.652065,73.938978,0.24501,13.45,22.041825,7.118259,
2012-08-20,20000,0,20000,0,60.740852,74.397573,0.24389,14.02,22.022354,7.12057,
2012-08-21,20000,0,20000,0,60.501163,70.776724,0.243954,15.02,22.005399,7.120265,
2012-08-22,20000,0,20000,0,60.749722,72.283191,0.239379,15.11,21.988744,7.119709,
2012-08-23,20000,0,20000,0,60.252575,65.059148,0.239502,15.96,21.974217,7.117261,
2012-08-24,20000,0,20000,0,60.62545,67.669056,0.23865,15.18,21.957885,7.116481,
2012-08-27,20000,0,20000,0,60.723083,68.335981,0.236945,16.35,21.944436,7.113226,
2012-08-28,20000,0,20000,0,60.723083,68.335981,0.234798,16.49,21.931388,7.109699,
2012-08-29,20000,0,20000,0,60.723083,68.335981,0.234702,17.059999,21.919761,7.105176,
2012-08-30,20000,0,20000,0,60.110531,58.826989,0.235074,17.83,21.910024,7.099497,
2012-08-31,20000,0,20000,0,60.510017,62.492592,0.234867,17.469999,21.899477,7.094342,
2012-09-04,20000,0,20000,0,60.447876,61.574269,0.232993,17.98,21.89019,7.088479,
2012-09-05,20000,0,20000,0,60.385719,60.614786,0.233004,17.74,21.880378,7.082951,
2012-09-06,20000,0,20000,0,61.726273,71.081222,0.232576,15.6,21.865566,7.081145,
2012-09-07,20000,0,20000,0,61.637501,69.759188,0.232498,14.38,21.847953,7.082104,
2012-09-10,20000,0,20000,0,60.847378,59.20447,0.231378,16.280001,21.834883,7.078909,
2012-09-11,20000,0,20000,0,60.749722,58.035696,0.230972,16.41,21.822178,7.075468,
2012-09-12,20000,0,20000,0,60.92728,59.597447,0.230509,15.8,21.808107,7.07317,
2012-09-13,20000,0,20000,0,61.752914,65.944214,0.23045,14.05,21.790023,7.074825,
2012-09-14,20000,0,20000,0,62.303333,69.395775,0.230053,14.51,21.773093,7.07529,
2012-09-17,20000,0,20000,0,62.329964,69.556538,0.229841,14.59,21.756427,7.075523,
2012-09-18,20000,0,20000,0,62.383175,69.896812,0.22984,14.18,21.738889,7.076704,
2012-09-19,20000,0,20000,0,62.498631,70.663021,0.229754,13.88,21.720739,7.078591,
2012-09-20,20000,0,20000,0,62.436459,69.635177,0.228688,14.07,21.703111,7.079944,
2012-09-21,20000,0,20000,0,62.454288,69.770977,0.224987,13.98,21.685356,7.081471,
2012-09-24,20000,0,20000,0,62.089252,63.508701,0.224851,14.15,21.668073,7.082526,
2012-09-25,20000,0,20000,0,61.216766,51.589966,0.225229,15.43,21.653799,7.08069,
2012-09-26,20000,0,20000,0,60.718227,46.248948,0.225208,16.809999,21.64274,7.07637,
2012-09-27,20000,0,20000,0,61.555096,54.722803,0.224924,14.84,21.627244,7.07574,
2012-09-28,20000,0,20000,0,61.0476,49.614648,0.224658,15.73,21.613841,7.073266,
2012-10-01,20000,0,20000,0,60.958588,48.755008,0.222288,16.32,21.601837,7.06972,
2012-10-02,20000,0,20000,0,61.136639,50.598849,0.219877,15.71,21.588507,7.067258,
2012-10-03,20000,0,20000,0,61.528393,54.479733,0.218759,15.43,21.574605,7.065321,
2012-10-04,20000,0,20000,0,61.742035,56.487289,0.216828,14.55,21.558784,7.065211,
2012-10-05,20000,0,20000,0,61.412678,52.633483,0.216146,14.33,21.542539,7.065565,
2012-10-08,20000,0,20000,0,60.851749,46.77988,0.216297,15.11,21.528117,7.064191,
2012-10-09,20000,0,20000,0,59.881336,38.750647,0.213572,16.370001,21.516577,7.060484,
2012-10-10,20000,0,20000,0,59.578632,36.638158,0.213564,16.290001,21.504911,7.056903,
2012-10-11,20000,0,20000,0,59.391659,35.356045,0.213553,15.59,21.491737,7.054548,
2012-10-12,20000,0,20000,0,59.364956,35.166773,0.213314,16.139999,21.479844,7.051202,
2012-10-15,20000,0,20000,0,59.801201,40.747463,0.212396,15.27,21.466075,7.04943,
2012-10-16,20000,0,20000,0,60.646992,49.774263,0.212104,15.22,21.452257,7.047737,
2012-10-17,20000,0,20000,0,60.611359,49.432587,0.21165,15.07,21.438168,7.04632,
2012-10-18,20000,0,20000,0,59.908043,43.138191,0.210777,15.03,21.424053,7.044961,
2012-10-19,20000,0,20000,0,58.474648,33.715573,0.212784,17.059999,21.414462,7.040171,
2012-10-22,20000,0,20000,0,58.777348,36.852449,0.212377,16.620001,21.403947,7.036013,
2012-10-23,20000,0,20000,0,58.216454,33.67254,0.211361,18.83,21.398315,7.029326,
2012-10-24,20000,0,20000,0,58.011707,32.567808,0.209993,18.33,21.391616,7.023094,
2012-10-25,20000,0,20000,0,58.011707,32.567808,0.209983,18.120001,21.384488,7.017085,
2012-10-26,20000,0,20000,0,58.18087,34.623053,0.207533,17.809999,21.376717,7.011418,
2012-10-31,20000,0,20000,0,57.824753,32.385276,0.20768,18.6,21.370694,7.004986,
2012-11-01,20000,0,20000,0,58.643826,41.715994,0.207263,16.690001,21.360563,7.000772,
2012-11-02,20000,0,20000,0,58.020603,37.478043,0.205156,17.59,21.352419,6.995387,
2012-11-05,20000,0,20000,0,58.403442,41.415316,0.205063,18.42,21.346099,6.989154,
2012-11-06,20000,0,20000,0,58.510269,42.503378,0.203661,17.58,21.338,6.983803,
2012-11-07,20000,0,20000,0,57.130318,33.776601,0.205644,19.08,21.333154,6.977073,
2012-11-08,20000,0,20000,0,56.231113,29.522885,0.206418,18.49,21.327066,6.970825,
2012-11-09,20000,0,20000,0,56.471489,31.988643,0.20604,18.610001,21.321261,6.96449,
2012-11-12,20000,0,20000,0,56.462585,31.944063,0.201392,16.68,21.311365,6.960346,
2012-11-13,20000,0,20000,0,56.070869,29.965419,0.201587,16.65,21.301447,6.956245,
2012-11-14,20000,0,20000,0,55.412041,26.942659,0.200923,17.92,21.294267,6.950587,
2012-11-15,20000,0,20000,0,55.225071,26.136871,0.200817,17.99,21.287267,6.94487,
2012-11-16,20000,0,20000,0,55.465469,29.074048,0.200459,16.41,21.276956,6.941133,
2012-11-19,20000,0,20000,0,56.783089,42.55694,0.20133,15.24,21.264219,6.939334,
2012-11-20,20000,0,20000,0,56.800888,42.715362,0.199209,15.08,21.2512,6.937816,
2012-11-21,20000,0,20000,0,56.916637,43.800804,0.198965,15.31,21.238718,6.935857,
2012-11-23,20000,0,20000,0,57.780231,51.226365,0.198262,15.14,21.225933,6.934192,
2012-11-26,20000,0,20000,0,58.029514,53.150653,0.198284,15.5,21.213954,6.931869,
2012-11-27,20000,0,20000,0,57.833649,51.433605,0.196306,15.92,21.202902,6.928838,
2012-11-28,20000,0,20000,0,58.332222,55.384664,0.196254,15.51,21.191042,6.926477,
2012-11-29,20000,0,20000,0,58.679432,57.950263,0.192207,15.06,21.178295,6.924903,
2012-11-30,20000,0,20000,0,58.581501,56.955426,0.192045,15.87,21.167282,6.921925,
2012-12-03,20000,0,20000,0,58.465778,55.737756,0.187249,16.639999,21.157909,6.917809,
2012-12-04,20000,0,20000,0,58.430138,55.345303,0.187104,17.120001,21.149566,6.913081,
2012-12-05,20000,0,20000,0,57.780231,48.622308,0.187594,16.459999,21.139897,6.909217,
2012-12-06,20000,0,20000,0,58.154137,52.218458,0.187317,16.58,21.130514,6.905189,
2012-12-07,20000,0,20000,0,57.806942,48.802581,0.187439,15.9,21.119774,6.902152,
2012-12-10,20000,0,20000,0,57.976101,50.501515,0.187459,16.049999,21.109385,6.898881,
2012-12-11,20000,0,20000,0,58.732826,57.323968,0.186853,15.57,21.098057,6.89636,
2012-12-12,20000,0,20000,0,58.608215,55.956241,0.18598,15.95,21.087551,6.893229,
2012-12-13,20000,0,20000,0,58.145264,51.080067,0.185713,16.559999,21.07833,6.889222,
2012-12-14,20000,0,20000,0,57.593281,45.939708,0.185583,17,21.070041,6.884659,
2012-12-17,20000,0,20000,0,58.35894,53.004409,0.185144,16.34,21.060446,6.880957,
2012-12-18,20000,0,20000,0,59.249233,59.613396,0.185899,15.57,21.049332,6.878412,
2012-12-19,20000,0,20000,0,58.991035,57.105221,0.185929,17.360001,21.041879,6.873447,
2012-12-20,20000,0,20000,0,58.991035,57.105221,0.185487,17.67,21.035081,6.868169,
2012-12-21,20000,0,20000,0,58.370609,51.112205,0.182808,17.84,21.028652,6.862739,
2012-12-24,20000,0,20000,0,58.254242,50.051218,0.181934,17.84,21.022249,6.85732,
2012-12-26,20000,0,20000,0,57.743958,45.582814,0.182048,19.48,21.019158,6.85078,
2012-12-27,20000,0,20000,0,57.654419,44.826581,0.181814,19.469999,21.01606,6.844263,
2012-12-28,20000,0,20000,0,57.099361,40.356821,0.182192,22.719999,21.019461,6.837839,
2012-12-31,20000,0,20000,0,58.307941,51.659509,0.183235,18.02,21.013486,6.832323,
2013-01-02,20000,0,20000,0,60.161137,63.181297,0.186723,14.68,21.000895,6.831354,
2013-01-03,20000,0,20000,0,59.847797,60.5533,0.18681,14.56,20.988115,6.830587,
2013-01-04,20000,0,20000,0,59.650822,58.894872,0.185578,13.83,20.973941,6.831238,
2013-01-07,20000,0,20000,0,59.668728,59.00479,0.18553,13.79,20.959743,6.83194,
2013-01-08,20000,0,20000,0,59.552364,57.920852,0.185334,13.62,20.945266,6.832965,
2013-01-09,20000,0,20000,0,59.776161,59.46322,0.18534,13.81,20.93122,6.83356,
2013-01-10,20000,0,20000,0,60.134281,61.871621,0.185391,13.49,20.916601,6.834794,
2013-01-11,20000,0,20000,0,60.214844,62.412638,0.185222,13.36,20.901784,6.83627,
2013-01-14,20000,0,20000,0,59.946278,59.387401,0.185315,13.52,20.887339,6.837367,
2013-01-15,20000,0,20000,0,59.650822,56.162198,0.18539,13.55,20.873008,6.838366,
2013-01-16,20000,0,20000,0,59.89257,58.164212,0.185368,13.42,20.85848,6.839605,
2013-01-17,20000,0,20000,0,60.17902,60.467964,0.185156,13.57,20.8443,6.840494,
2013-01-18,20000,0,20000,0,60.044743,58.832487,0.184562,12.46,20.828019,6.843816,
2013-01-22,20000,0,20000,0,60.143238,59.69366,0.18444,12.43,20.811744,6.847157,
2013-01-23,20000,0,20000,0,60.510258,62.815136,0.184545,12.46,20.79559,6.850373,
2013-01-24,20000,0,20000,0,59.677715,52.821973,0.185351,12.69,20.779942,6.853005,
2013-01-25,20000,0,20000,0,59.982075,55.602712,0.185412,12.89,20.76474,6.855141,
2013-01-28,20000,0,20000,0,60.116379,56.812381,0.184862,13.57,20.750904,6.855798,
2013-01-29,20000,0,20000,0,60.125328,56.896658,0.184801,13.31,20.736622,6.856956,
2013-01-30,20000,0,20000,0,59.999977,55.26977,0.184802,14.32,20.724329,6.856127,
2013-01-31,20000,0,20000,0,59.865719,53.505098,0.18483,14.28,20.712008,6.85535,
2013-02-01,20000,0,20000,0,60.57296,60.635197,0.185324,12.9,20.697099,6.857291,
2013-02-04,20000,0,20000,0,59.516537,48.637086,0.186363,14.67,20.685619,6.855792,
2013-02-05,20000,0,20000,0,60.393894,56.360226,0.187117,13.72,20.672376,6.85599,
2013-02-06,20000,0,20000,0,60.196922,54.38316,0.186492,13.41,20.658596,6.856772,
2013-02-07,20000,0,20000,0,60.250656,54.848477,0.186488,13.5,20.645038,6.857344,
2013-02-08,20000,0,20000,0,60.868378,59.911121,0.186849,13.02,20.630624,6.858864,
2013-02-11,20000,0,20000,0,60.886307,60.051131,0.186757,12.94,20.616113,6.860516,
2013-02-12,20000,0,20000,0,60.635647,57.051196,0.186655,12.64,20.601092,6.862775,
2013-02-13,20000,0,20000,0,60.850479,58.944254,0.186483,12.98,20.586767,6.864267,
2013-02-14,20000,0,20000,0,60.832554,58.711719,0.186179,12.66,20.571895,6.866402,
2013-02-15,20000,0,20000,0,60.653534,56.322008,0.186202,12.46,20.556704,6.868934,
2013-02-19,20000,0,20000,0,61.092182,60.558212,0.186175,12.31,20.54129,6.871755,
2013-02-20,20000,0,20000,0,60.15218,49.482677,0.186463,14.68,20.530354,6.869996,
2013-02-21,20000,0,20000,0,59.507595,43.594761,0.186888,15.22,20.520466,6.867409,
2013-02-22,20000,0,20000,0,60.107441,49.604364,0.187232,14.17,20.508662,6.866472,
2013-02-25,20000,0,20000,0,59.364342,43.431049,0.187763,18.99,20.505844,6.8604,
2013-02-26,20000,0,20000,0,59.588169,45.626078,0.187655,16.870001,20.499111,6.855818,
2013-02-27,20000,0,20000,0,60.196922,51.175098,0.187994,14.73,20.488447,6.853957,
2013-02-28,20000,0,20000,0,60.071575,50.042636,0.18801,15.51,20.479262,6.850957,
2013-03-01,20000,0,20000,0,60.322285,52.315549,0.187695,15.36,20.469834,6.848159,
2013-03-04,20000,0,20000,0,60.590843,54.693467,0.187677,14.01,20.45796,6.847454,
2013-03-05,20000,0,20000,0,61.486103,61.5729,0.188252,13.48,20.445156,6.847684,
2013-03-06,20000,0,20000,0,61.333927,59.907739,0.188277,13.53,20.432491,6.847797,
2013-03-07,20000,0,20000,0,61.495068,61.107182,0.18786,13.06,20.419013,6.848781,
2013-03-08,20000,0,20000,0,61.566681,61.656201,0.187461,12.59,20.404726,6.850686,
2013-03-11,20000,0,20000,0,61.745724,63.060182,0.187279,11.56,20.388616,6.854834,
2013-03-12,20000,0,20000,0,61.521908,60.097786,0.186922,12.27,20.373855,6.857332,
2013-03-13,20000,0,20000,0,61.441334,59.022815,0.186873,11.83,20.358348,6.860757,
2013-03-14,20000,0,20000,0,61.647255,60.945465,0.186909,11.3,20.341938,6.865363,
2013-03-15,20000,0,20000,0,61.475876,58.485941,0.18566,11.3,20.325588,6.86991,
2013-03-18,20000,0,20000,0,61.34127,56.555425,0.18564,13.36,20.313014,6.870073,
2013-03-19,20000,0,20000,0,61.224606,54.865062,0.185628,14.39,20.302342,6.868473,
2013-03-20,20000,0,20000,0,61.655331,59.659047,0.185807,12.67,20.288615,6.869912,
2013-03-21,20000,0,20000,0,60.955418,50.308196,0.186142,13.99,20.277307,6.868918,
2013-03-22,20000,0,20000,0,61.547657,56.518555,0.186485,13.57,20.265287,6.86862,
2013-03-25,20000,0,20000,0,61.323318,53.776863,0.18654,13.74,20.253614,6.86801,
2013-03-26,20000,0,20000,0,61.655331,57.094121,0.186628,12.77,20.24025,6.869148,
2013-03-27,20000,0,20000,0,61.736073,57.885672,0.186631,13.15,20.227611,6.869537,
2013-03-28,20000,0,20000,0,61.888626,59.409361,0.185504,12.7,20.214217,6.870754,
2013-04-01,20000,0,20000,0,61.466881,53.632317,0.185683,13.58,20.202433,6.87033,
2013-04-02,20000,0,20000,0,61.95145,58.612145,0.185853,12.78,20.189273,6.871337,
2013-04-03,20000,0,20000,0,61.38615,51.64387,0.186127,14.21,20.17869,6.86985,
2013-04-04,20000,0,20000,0,61.404076,51.839395,0.186111,13.89,20.167579,6.868856,
2013-04-05,20000,0,20000,0,60.892593,46.110172,0.18598,13.92,20.156561,6.867799,
2013-04-08,20000,0,20000,0,61.215652,49.878074,0.186086,13.19,20.144296,6.867963,
2013-04-09,20000,0,20000,0,61.628407,54.276769,0.185515,12.84,20.131459,6.868744,
2013-04-10,20000,0,20000,0,62.830822,64.147751,0.186798,12.36,20.117825,6.870421,
2013-04-11,20000,0,20000,0,62.803894,63.815487,0.186567,12.24,20.104028,6.872303,
2013-04-12,20000,0,20000,0,62.759026,63.227819,0.18552,12.06,20.089965,6.874516,
2013-04-15,20000,0,20000,0,61.520702,49.640841,0.187014,17.27,20.085044,6.869514,
2013-04-16,20000,0,20000,0,62.337292,56.308402,0.187183,13.96,20.074373,6.868277,
2013-04-17,20000,0,20000,0,61.116943,46.417516,0.187795,16.51,20.068174,6.863901,
2013-04-18,20000,0,20000,0,60.273457,41.050208,0.188055,17.559999,20.063819,6.858726,
2013-04-19,20000,0,20000,0,61.098988,47.454221,0.187216,14.97,20.054991,6.85605,
2013-04-22,20000,0,20000,0,61.727127,51.749389,0.187579,14.39,20.04519,6.854158,
2013-04-23,20000,0,20000,0,62.319347,55.447079,0.187401,13.48,20.033851,6.853659,
2013-04-24,20000,0,20000,0,62.292419,55.239786,0.187368,13.61,20.022776,6.852931,
2013-04-25,20000,0,20000,0,62.62442,57.356577,0.187118,13.62,20.011756,6.852171,
2013-04-26,20000,0,20000,0,62.427029,55.670848,0.187038,13.61,20.000756,6.851413,
2013-04-29,20000,0,20000,0,63.001331,59.408799,0.18473,13.71,19.989966,6.85048,
2013-04-30,20000,0,20000,0,63.458958,62.147788,0.184798,13.52,19.978887,6.849837,
2013-05-01,20000,0,20000,0,63.162842,59.356761,0.184766,14.49,19.969504,6.847731,
2013-05-02,20000,0,20000,0,63.961456,64.046414,0.18514,13.59,19.958618,6.846949,
2013-05-03,20000,0,20000,0,64.715218,67.820509,0.185639,12.85,19.946508,6.847394,
2013-05-06,20000,0,20000,0,64.966461,68.989018,0.185663,12.66,19.934116,6.848154,
2013-05-07,20000,0,20000,0,64.930588,68.605949,0.185193,12.83,19.922054,6.848587,
2013-05-08,20000,0,20000,0,65.244659,70.167743,0.182685,12.66,19.909746,6.849299,
2013-05-09,20000,0,20000,0,65.1549,69.10958,0.182698,13.13,19.898274,6.849172,
2013-05-10,20000,0,20000,0,65.549728,71.169183,0.182748,12.59,19.885929,6.849964,
2013-05-13,20000,0,20000,0,65.630486,71.586477,0.182697,12.55,19.873558,6.850803,
2013-05-14,20000,0,20000,0,65.971466,73.341011,0.182754,12.77,19.861599,6.851226,
2013-05-15,20000,0,20000,0,66.106064,74.02291,0.18276,12.81,19.849748,6.851558,
2013-05-16,20000,0,20000,0,66.034271,72.951059,0.182375,13.07,19.838372,6.851429,
2013-05-17,20000,0,20000,0,66.671402,76.239284,0.182629,12.45,19.825997,6.852354,
2013-05-20,20000,0,20000,0,66.572685,74.723575,0.182425,13.02,19.814615,6.852267,
2013-05-21,20000,0,20000,0,66.644478,75.111114,0.180479,13.37,19.803856,6.851597,
2013-05-22,20000,0,20000,0,66.061172,66.226598,0.180076,13.82,19.793883,6.850233,
2013-05-23,20000,0,20000,0,65.908661,64.091958,0.177203,14.07,19.784359,6.848503,
2013-05-24,20000,0,20000,0,65.872765,63.572568,0.177196,13.99,19.774734,6.846877,
2013-05-28,20000,0,20000,0,66.303482,67.025555,0.177328,14.48,19.765954,6.844585,
2013-05-29,20000,0,20000,0,65.989433,62.382355,0.177233,14.83,19.757781,6.841856,
2013-05-30,20000,0,20000,0,66.339363,65.269426,0.177301,14.53,19.74914,6.839493,
2013-05-31,20000,0,20000,0,65.729195,57.04779,0.177122,16.299999,19.743449,6.835274,
2013-06-03,20000,0,20000,0,65.84584,58.133513,0.176785,16.280001,19.737743,6.831079,
2013-06-04,20000,0,20000,0,65.504883,53.848766,0.176823,16.27,19.732039,6.826898,
2013-06-05,20000,0,20000,0,64.652412,44.931818,0.174458,17.5,19.728374,6.821881,
2013-06-06,20000,0,20000,0,64.966461,48.326586,0.174334,16.629999,19.723295,6.817432,
2013-06-07,20000,0,20000,0,65.854828,56.496435,0.174968,15.14,19.715794,6.814365,
2013-06-10,20000,0,20000,0,65.881721,56.719526,0.172973,15.44,19.708807,6.81098,
2013-06-11,20000,0,20000,0,65.226669,49.994563,0.173357,17.07,19.704502,6.806248,
2013-06-12,20000,0,20000,0,64.472908,43.590036,0.173647,18.59,19.702687,6.800842,
2013-06-13,20000,0,20000,0,65.289497,50.924724,0.172944,16.41,19.697333,6.796599,
2013-06-14,20000,0,20000,0,64.858788,47.422259,0.172622,17.15,19.693198,6.791847,
2013-06-17,20000,0,20000,0,65.486908,52.547848,0.172721,16.799999,19.688509,6.787331,
2013-06-18,20000,0,20000,0,66.025307,56.465463,0.172918,16.610001,19.683527,6.782959,
2013-06-19,20000,0,20000,0,65.289497,50.347716,0.172936,16.639999,19.678611,6.778573,
2013-06-20,20000,0,20000,0,63.737114,40.402115,0.175132,20.49,19.679919,6.773174,
2013-06-21,20000,0,20000,0,63.398647,38.611235,0.174867,18.9,19.678663,6.767782,
2013-06-24,20000,0,20000,0,62.768555,35.460042,0.175312,20.110001,19.679357,6.762352,
2013-06-25,20000,0,20000,0,63.227665,39.344486,0.172775,18.469999,19.677416,6.757088,
2013-06-26,20000,0,20000,0,63.794735,43.8405,0.172656,17.209999,19.673462,6.752385,
2013-06-27,20000,0,20000,0,64.064774,45.897109,0.171031,16.860001,19.66896,6.747911,
2013-06-28,20000,0,20000,0,64.154816,46.59934,0.170898,16.860001,19.664473,6.743445,
2013-07-01,20000,0,20000,0,64.550858,49.692296,0.170903,16.370001,19.659218,6.739341,
2013-07-02,20000,0,20000,0,64.577873,49.905442,0.170314,16.440001,19.654092,6.73519,
2013-07-03,20000,0,20000,0,64.838936,52.020918,0.166382,16.200001,19.648601,6.731234,
2013-07-05,20000,0,20000,0,65.33403,55.830424,0.166574,14.89,19.641048,6.728553,
2013-07-08,20000,0,20000,0,65.397034,56.30587,0.166309,14.78,19.633344,6.725995,
2013-07-09,20000,0,20000,0,65.793098,59.273702,0.166441,14.35,19.624984,6.723949,
2013-07-10,20000,0,20000,0,66.171204,61.93202,0.165809,14.21,19.61643,6.722073,
2013-07-11,20000,0,20000,0,67.485397,69.406662,0.167352,14.01,19.607587,6.720451,
2013-07-12,20000,0,20000,0,67.782463,70.802252,0.166925,13.84,19.598504,6.719048,
2013-07-15,20000,0,20000,0,67.935509,71.522992,0.166763,13.79,19.589371,6.717705,
2013-07-16,20000,0,20000,0,67.84549,70.42187,0.166331,14.42,19.581256,6.715546,
2013-07-17,20000,0,20000,0,68.016525,71.32516,0.16545,13.78,19.572163,6.714202,
2013-07-18,20000,0,20000,0,67.84549,69.054089,0.16544,13.77,19.563083,6.712864,
2013-07-19,20000,0,20000,0,67.143372,60.533125,0.165893,12.54,19.552109,6.713351,
2013-07-22,20000,0,20000,0,67.3414,61.958912,0.165203,12.29,19.54078,6.714234,
2013-07-23,20000,0,20000,0,66.846306,56.466563,0.165013,12.66,19.530062,6.714489,
2013-07-24,20000,0,20000,0,67.062317,58.207278,0.164194,13.18,19.520187,6.713929,
2013-07-25,20000,0,20000,0,67.485397,61.457937,0.163599,12.97,19.510016,6.71367,
2013-07-26,20000,0,20000,0,67.84549,64.022851,0.163361,12.72,19.499488,6.713781,
2013-07-29,20000,0,20000,0,67.71946,62.456249,0.163144,13.39,19.490031,6.712879,
2013-07-30,20000,0,20000,0,68.079529,65.084906,0.162552,13.39,19.480603,6.711967,
2013-07-31,20000,0,20000,0,68.205551,65.98263,0.160254,13.45,19.471296,6.710961,
2013-08-01,20000,0,20000,0,68.898682,70.47856,0.160643,12.94,19.461233,6.71068,
2013-08-02,20000,0,20000,0,69.285759,72.652297,0.160746,11.98,19.449723,6.711925,
2013-08-05,20000,0,20000,0,69.330772,72.902178,0.160685,11.84,19.438034,6.713389,
2013-08-06,20000,0,20000,0,68.91671,66.851146,0.160805,12.72,19.42773,6.713388,
2013-08-07,20000,0,20000,0,68.790642,65.079976,0.159359,12.98,19.417856,6.712981,
2013-08-08,20000,0,20000,0,69.132729,67.589294,0.159225,12.73,19.40763,6.712935,
2013-08-09,20000,0,20000,0,68.853676,63.57593,0.159058,13.41,19.398473,6.711893,
2013-08-12,20000,0,20000,0,69.015701,64.879901,0.159066,12.81,19.38843,6.711699,
2013-08-13,20000,0,20000,0,69.402763,67.841694,0.159153,12.31,19.377656,6.712265,
2013-08-14,20000,0,20000,0,69.141716,63.926075,0.15924,13.04,19.368024,6.711703,
2013-08-15,20000,0,20000,0,67.971489,49.995472,0.160631,14.73,19.360986,6.709034,
2013-08-16,20000,0,20000,0,67.944504,49.726369,0.160635,14.37,19.353424,6.706757,
2013-08-19,20000,0,20000,0,67.827469,48.506912,0.160639,15.1,19.346989,6.703715,
2013-08-20,20000,0,20000,0,68.124542,51.74197,0.160128,14.91,19.340287,6.700862,
2013-08-21,20000,0,20000,0,67.890511,49.12367,0.160127,15.94,19.335158,6.697101,
2013-08-22,20000,0,20000,0,68.55661,55.955233,0.160512,14.76,19.328268,6.694404,
2013-08-23,20000,0,20000,0,69.015701,59.947156,0.160594,13.98,19.320226,6.692575,
2013-08-26,20000,0,20000,0,69.051712,60.251473,0.160536,14.99,19.313724,6.689646,
2013-08-27,20000,0,20000,0,67.638443,45.606272,0.162204,16.77,19.30991,6.685347,
2013-08-28,20000,0,20000,0,67.899475,48.114833,0.162109,16.49,19.305689,6.681225,
2013-08-29,20000,0,20000,0,68.376579,52.432873,0.162294,16.809999,19.301958,6.676919,
2013-08-30,20000,0,20000,0,67.935509,48.420918,0.162507,17.01,19.298537,6.672515,
2013-09-03,20000,0,20000,0,68.322563,51.899115,0.162627,16.610001,19.294531,6.668341,
2013-09-04,20000,0,20000,0,69.051712,57.687742,0.162578,15.88,19.289449,6.664672,
2013-09-05,20000,0,20000,0,69.168739,58.549933,0.162419,15.77,19.28422,6.661093,
2013-09-06,20000,0,20000,0,69.249763,59.170267,0.16241,15.85,19.279125,6.657457,
2013-09-09,20000,0,20000,0,70.059921,64.836927,0.162943,15.63,19.273719,6.653999,
2013-09-10,20000,0,20000,0,70.401947,66.923999,0.160982,14.53,19.266701,6.651571,
2013-09-11,20000,0,20000,0,70.266891,65.276424,0.160991,13.82,19.258656,6.649945,
2013-09-12,20000,0,20000,0,70.221916,64.705144,0.160184,14.29,19.251327,6.647771,
2013-09-13,20000,0,20000,0,70.266891,65.034689,0.160162,14.16,19.243829,6.645739,
2013-09-16,20000,0,20000,0,70.077896,62.398138,0.160185,14.38,19.236676,6.643463,
2013-09-17,20000,0,20000,0,70.545982,66.067316,0.1596,14.53,19.229765,6.641025,
2013-09-18,20000,0,20000,0,71.392143,71.484276,0.159872,13.59,19.221496,6.639661,
2013-09-19,20000,0,20000,0,71.563156,72.441798,0.159887,13.16,19.212621,6.638844,
2013-09-20,20000,0,20000,0,71.317574,68.865611,0.159958,13.12,19.203713,6.638071,
2013-09-23,20000,0,20000,0,71.173141,66.777694,0.15998,14.31,19.196569,6.635852,
2013-09-24,20000,0,20000,0,71.173141,66.777694,0.159971,14.08,19.189111,6.633883,
2013-09-25,20000,0,20000,0,70.929352,63.036388,0.160041,14.01,19.181572,6.63199,
2013-09-26,20000,0,20000,0,71.480095,67.470329,0.16009,14.06,19.174128,6.630038,
2013-09-27,20000,0,20000,0,71.389824,66.071346,0.159122,15.46,19.168737,6.626728,
2013-09-30,20000,0,20000,0,71.218285,63.381887,0.158812,16.6,19.165014,6.62264,
2013-10-01,20000,0,20000,0,71.940575,69.08768,0.158443,15.54,19.159768,6.619276,
2013-10-02,20000,0,20000,0,71.913452,68.655071,0.158084,16.6,19.156069,6.6152,
2013-10-03,20000,0,20000,0,71.07383,56.798237,0.158763,17.67,19.153925,6.61066,
2013-10-04,20000,0,20000,0,71.687752,61.969976,0.159029,16.74,19.150447,6.606524,
2013-10-07,20000,0,20000,0,71.091866,55.07794,0.159241,19.41,19.15082,6.60177,
2013-10-08,20000,0,20000,0,69.719513,43.170028,0.161011,20.34,19.152529,6.597172,
2013-10-09,20000,0,20000,0,69.502823,41.639227,0.160916,19.6,19.153171,6.592453,
2013-10-10,20000,0,20000,0,70.97451,53.658266,0.162355,16.48,19.149341,6.588499,
2013-10-11,20000,0,20000,0,71.534279,57.263439,0.161336,15.72,19.144435,6.585056,
2013-10-14,20000,0,20000,0,72.039886,60.269948,0.161364,16.07,19.140043,6.58137,
2013-10-15,20000,0,20000,0,71.76001,57.84412,0.161392,18.66,19.139358,6.576692,
2013-10-16,20000,0,20000,0,72.572563,62.556164,0.161877,14.71,19.133048,6.574125,
2013-10-17,20000,0,20000,0,72.987869,64.726377,0.161795,13.48,19.125007,6.5729,
2013-10-18,20000,0,20000,0,74.170647,70.050323,0.162053,13.04,19.116364,6.572226,
2013-10-21,20000,0,20000,0,74.333153,70.704559,0.162053,13.16,19.107915,6.571387,
2013-10-22,20000,0,20000,0,74.441521,71.157038,0.161356,13.33,19.099731,6.570324,
2013-10-23,20000,0,20000,0,73.990067,66.54581,0.158727,13.42,19.091697,6.569143,
2013-10-24,20000,0,20000,0,74.315109,68.14636,0.1587,13.2,19.083376,6.568229,
2013-10-25,20000,0,20000,0,74.847839,70.626762,0.158366,13.09,19.074922,6.567447,
2013-10-28,20000,0,20000,0,74.86586,70.709849,0.158275,13.31,19.066803,6.566379,
2013-10-29,20000,0,20000,0,74.992241,71.322506,0.158272,13.41,19.058847,6.565182,
2013-10-30,20000,0,20000,0,74.920067,70.416657,0.158274,13.65,19.05125,6.563694,
2013-10-31,20000,0,20000,0,74.748482,68.199021,0.15809,13.75,19.043815,6.562087,
2013-11-01,20000,0,20000,0,74.766518,68.311988,0.157309,13.28,19.035742,6.561031,
2013-11-04,20000,0,20000,0,74.874924,69.024242,0.156683,12.93,19.027203,6.560409,
2013-11-05,20000,0,20000,0,74.956131,69.575917,0.156539,13.27,19.019162,6.55935,
2013-11-06,20000,0,20000,0,74.93808,69.280546,0.156543,12.67,19.010307,6.559055,
2013-11-07,20000,0,20000,0,73.529671,51.065056,0.155526,13.91,19.003203,6.557243,
2013-11-08,20000,0,20000,0,74.522751,59.208989,0.154904,12.9,18.994715,6.556627,
2013-11-11,20000,0,20000,0,74.405418,57.981208,0.15489,12.53,18.985736,6.556493,
2013-11-12,20000,0,20000,0,74.522751,58.899054,0.154884,12.82,18.977184,6.555961,
2013-11-13,20000,0,20000,0,75.425629,65.198712,0.155133,12.52,18.968241,6.555819,
2013-11-14,20000,0,20000,0,75.660385,66.630846,0.154357,12.37,18.959115,6.555872,
2013-11-15,20000,0,20000,0,75.804817,67.516536,0.154259,12.19,18.949765,6.556165,
2013-11-18,20000,0,20000,0,75.064499,58.888598,0.154784,13.1,18.941697,6.555237,
2013-11-19,20000,0,20000,0,74.847839,56.608657,0.152515,13.39,18.93405,6.553954,
2013-11-20,20000,0,20000,0,74.667229,54.707197,0.15257,13.4,18.926437,6.552654,
2013-11-21,20000,0,20000,0,75.425629,60.679752,0.15295,12.66,18.91783,6.552263,
2013-11-22,20000,0,20000,0,75.831924,63.459671,0.152113,12.26,18.908697,6.552403,
2013-11-25,20000,0,20000,0,76.012512,64.655765,0.152071,12.79,18.900315,6.551822,
2013-11-26,20000,0,20000,0,76.409782,67.199411,0.152057,12.81,18.891984,6.551207,
2013-11-27,20000,0,20000,0,76.942444,70.287097,0.151953,12.98,18.883907,6.55037,
2013-11-29,20000,0,20000,0,77.402901,72.681163,0.151955,13.7,18.876835,6.548694,
2013-12-02,20000,0,20000,0,77.177208,69.716077,0.151995,14.23,18.870504,6.546473,
2013-12-03,20000,0,20000,0,77.114006,68.868781,0.151968,14.55,18.864626,6.543953,
2013-12-04,20000,0,20000,0,77.186226,69.327517,0.151954,14.7,18.858967,6.541301,
2013-12-05,20000,0,20000,0,77.086922,67.84707,0.151259,15.08,18.85384,6.538337,
2013-12-06,20000,0,20000,0,77.646675,71.536726,0.151302,13.79,18.846978,6.536559,
2013-12-09,20000,0,20000,0,77.962708,73.393154,0.151097,13.49,18.839729,6.5351,
2013-12-10,20000,0,20000,0,77.908516,72.519712,0.151099,13.91,18.833068,6.533191,
2013-12-11,20000,0,20000,0,76.906334,58.6247,0.151375,15.42,18.828462,6.529979,
2013-12-12,20000,0,20000,0,76.707695,56.321257,0.15139,15.54,18.82403,6.526688,
2013-12-13,20000,0,20000,0,76.608391,55.154538,0.151028,15.76,18.819906,6.523257,
2013-12-16,20000,0,20000,0,77.032745,59.057662,0.150576,16.030001,18.816156,6.519668,
2013-12-17,20000,0,20000,0,76.879272,57.121331,0.15,16.209999,18.812658,6.515985,
2013-12-18,20000,0,20000,0,77.773094,64.434928,0.15,13.8,18.805938,6.514196,
2013-12-19,20000,0,20000,0,77.556412,61.687996,0.15,14.15,18.799705,6.512057,
2013-12-20,20000,0,20000,0,78.346237,67.180286,0.15,13.79,18.793008,6.510274,
2013-12-23,20000,0,20000,0,79.170464,71.734156,0.15,13.04,18.785327,6.509316,
2013-12-24,20000,0,20000,0,79.206665,71.918458,0.15,12.48,18.77692,6.509042,
2013-12-26,20000,0,20000,0,79.469315,73.279731,0.15,12.33,18.768336,6.508954,
2013-12-27,20000,0,20000,0,79.270088,70.48849,0.15,12.46,18.759947,6.508686,
2013-12-30,20000,0,20000,0,79.152328,68.819854,0.15,13.56,18.753041,6.507117,
2013-12-31,20000,0,20000,0,79.668594,71.954367,0.15,13.72,18.746366,6.505377,
2014-01-02,20000,0,20000,0,79.043617,63.616803,0.15,14.23,18.740384,6.503139,
2014-01-03,20000,0,20000,0,78.473022,57.110337,0.15,13.76,18.733796,6.501355,
2014-01-06,20000,0,20000,0,78.18322,54.084766,0.15,13.55,18.726948,6.499785,
2014-01-07,20000,0,20000,0,78.907791,59.816707,0.15,12.92,18.719288,6.498914,
2014-01-08,20000,0,20000,0,79.079872,61.060011,0.15,12.87,18.711581,6.498095,
2014-01-09,20000,0,20000,0,78.817177,58.104416,0.15,12.89,18.703921,6.497246,
2014-01-10,20000,0,20000,0,79.070786,60.111793,0.15,12.14,18.695296,6.497328,
2014-01-13,20000,0,20000,0,77.902412,48.566612,0.15,13.28,18.688189,6.496021,
2014-01-14,20000,0,20000,0,79.387833,59.275596,0.15,12.28,18.67979,6.495901,
2014-01-15,20000,0,20000,0,80.03994,62.925128,0.15,12.28,18.671414,6.49577,
2014-01-16,20000,0,20000,0,80.048996,62.974752,0.15,12.53,18.663386,6.495314,
2014-01-17,20000,0,20000,0,79.59613,58.740669,0.15,12.44,18.655261,6.494961,
2014-01-21,20000,0,20000,0,80.202988,62.389884,0.15,12.87,18.647718,6.494081,
2014-01-22,20000,0,20000,0,80.411301,63.580643,0.15,12.84,18.640156,6.493229,
2014-01-23,20000,0,20000,0,80.139565,60.873189,0.15,13.77,18.633823,6.491376,
2014-01-24,20000,0,20000,0,78.563599,48.084515,0.15,18.139999,18.633182,6.487178,
2014-01-27,20000,0,20000,0,77.80275,43.349514,0.15,17.42,18.631608,6.483112,
2014-01-28,20000,0,20000,0,77.7575,43.077825,0.15,15.8,18.62794,6.479707,
2014-01-29,20000,0,20000,0,76.924202,38.315393,0.15,17.35,18.626287,6.475673,
2014-01-30,20000,0,20000,0,78.346237,48.731799,0.15,17.290001,18.624561,6.471661,
2014-01-31,20000,0,20000,0,78.137878,47.467007,0.15,18.41,18.624284,6.467483,
2014-02-03,20000,0,20000,0,76.344521,38.262171,0.152016,21.440001,18.627912,6.4641,
2014-02-04,20000,0,20000,0,76.906097,42.051754,0.150563,19.110001,18.628533,6.459957,
2014-02-05,20000,0,20000,0,76.706818,41.08794,0.15,19.950001,18.630231,6.455972,
2014-02-06,20000,0,20000,0,77.685036,47.454459,0.150299,17.23,18.628434,6.452017,
2014-02-07,20000,0,20000,0,79.070786,54.891351,0.151624,15.29,18.624154,6.448982,
2014-02-10,20000,0,20000,0,79.523659,57.03168,0.151329,15.26,18.619846,6.445971,
2014-02-11,20000,0,20000,0,80.429398,61.0157,0.151826,14.51,18.614591,6.443519,
2014-02-12,20000,0,20000,0,80.583359,61.666348,0.151698,14.3,18.60908,6.441244,
2014-02-13,20000,0,20000,0,81.181168,64.167119,0.151857,14.14,18.60338,6.439108,
2014-02-14,20000,0,20000,0,81.344215,64.840824,0.151851,13.57,18.596968,6.437507,
2014-02-18,20000,0,20000,0,81.742752,66.49883,0.151836,13.87,18.590954,6.435614,
2014-02-19,20000,0,20000,0,81.181168,62.057881,0.15197,15.5,18.587027,6.432463,
2014-02-20,20000,0,20000,0,81.561577,63.820448,0.150701,14.79,18.582208,6.429798,
2014-02-21,20000,0,20000,0,81.452866,62.920894,0.15004,14.68,18.577262,6.427218,
2014-02-24,20000,0,20000,0,81.887619,65.042943,0.15,14.23,18.571759,6.425006,
2014-02-25,20000,0,20000,0,81.79705,64.218416,0.15,13.67,18.565563,6.423303,
2014-02-26,20000,0,20000,0,81.724632,63.524984,0.15,14.35,18.56024,6.420989,
2014-02-27,20000,0,20000,0,82.254845,66.386796,0.15,14.04,18.55454,6.418941,
2014-02-28,20000,0,20000,0,82.163902,65.438422,0.15,14,18.548804,6.416929,
2014-03-03,20000,0,20000,0,81.554543,59.323169,0.15,16,18.545597,6.413524,
2014-03-04,20000,0,20000,0,82.591354,65.270137,0.15,14.1,18.540013,6.411425,
2014-03-05,20000,0,20000,0,82.818726,66.42926,0.15,13.89,18.534178,6.409514,
2014-03-06,20000,0,20000,0,82.745972,65.67395,0.15,14.21,18.528759,6.40732,
2014-03-07,20000,0,20000,0,82.336731,61.44202,0.15,14.11,18.523229,6.405212,
2014-03-10,20000,0,20000,0,82.409462,61.911765,0.15,14.2,18.517825,6.403027,
2014-03-11,20000,0,20000,0,82.054756,58.188549,0.15,14.8,18.513184,6.400372,
2014-03-12,20000,0,20000,0,82.363991,60.423105,0.15,14.47,18.508142,6.397969,
2014-03-13,20000,0,20000,0,81.199821,49.662487,0.15,16.219999,18.505293,6.394489,
2014-03-14,20000,0,20000,0,80.645042,45.503676,0.150189,17.82,18.50444,6.390552,
2014-03-17,20000,0,20000,0,81.354439,51.138276,0.1504,15.64,18.500882,6.387374,
2014-03-18,20000,0,20000,0,82.336731,57.665478,0.150913,14.52,18.495943,6.384945,
2014-03-19,20000,0,20000,0,81.891075,54.132355,0.151075,15.12,18.49176,6.38209,
2014-03-20,20000,0,20000,0,82.118401,55.625857,0.150923,14.52,18.486844,6.379665,
2014-03-21,20000,0,20000,0,81.130287,48.268722,0.151009,15,18.482534,6.376894,
2014-03-24,20000,0,20000,0,80.419266,43.781447,0.151126,15.09,18.478346,6.374066,
2014-03-25,20000,0,20000,0,80.683609,45.798863,0.151042,14.02,18.472848,6.372054,
2014-03-26,20000,0,20000,0,79.644394,39.758443,0.15189,14.93,18.468485,6.369338,
2014-03-27,20000,0,20000,0,79.197708,37.470808,0.152098,14.62,18.463752,6.366846,
2014-03-28,20000,0,20000,0,79.352699,38.786915,0.152092,14.41,18.458771,6.364515,
2014-03-31,20000,0,20000,0,79.917908,43.460466,0.151975,13.88,18.453153,6.362626,
2014-04-01,20000,0,20000,0,81.321716,53.048621,0.153024,13.1,18.446593,6.361482,
2014-04-02,20000,0,20000,0,81.531334,54.295003,0.152535,13.09,18.440037,6.360344,
2014-04-03,20000,0,20000,0,80.884148,49.89134,0.152922,13.37,18.433839,6.358922,
2014-04-04,20000,0,20000,0,78.732826,38.665105,0.156178,13.96,18.428376,6.356957,
2014-04-07,20000,0,20000,0,77.985352,35.66251,0.156605,15.57,18.42489,6.353859,
2014-04-08,20000,0,20000,0,78.705467,40.459619,0.156764,14.89,18.420585,6.351181,
2014-04-09,20000,0,20000,0,80.054634,48.245562,0.156395,13.82,18.414988,6.34934,
2014-04-10,20000,0,20000,0,77.575127,38.326272,0.161155,15.89,18.41192,6.346087,
2014-04-11,20000,0,20000,0,76.672668,35.467983,0.161846,17.030001,18.410243,6.342413,
2014-04-14,20000,0,20000,0,77.27433,38.747739,0.160125,16.110001,18.407455,6.33907,
2014-04-15,20000,0,20000,0,77.529564,40.137662,0.159467,15.61,18.404068,6.335974,
2014-04-16,20000,0,20000,0,78.559624,45.511473,0.158202,14.18,18.39896,6.333841,
2014-04-17,20000,0,20000,0,78.577858,45.604562,0.157184,13.36,18.392874,6.332432,
2014-04-21,20000,0,20000,0,79.161263,48.628581,0.156643,13.25,18.386671,6.331127,
2014-04-22,20000,0,20000,0,79.79026,51.743466,0.156471,13.19,18.38041,6.329878,
2014-04-23,20000,0,20000,0,79.088371,48.229201,0.156577,13.27,18.37426,6.328548,
2014-04-24,20000,0,20000,0,79.844963,52.012616,0.156906,13.32,18.368185,6.327165,
2014-04-25,20000,0,20000,0,78.568756,45.91701,0.158153,14.06,18.363013,6.325124,
2014-04-28,20000,0,20000,0,78.824005,47.248598,0.158102,13.97,18.357746,6.323156,
2014-04-29,20000,0,20000,0,79.452972,50.483826,0.158017,13.71,18.35218,6.32141,
2014-04-30,20000,0,20000,0,79.662643,51.550556,0.157848,13.41,18.346268,6.319936,
2014-05-01,20000,0,20000,0,79.899666,52.788751,0.157724,13.25,18.340179,6.318611,
2014-05-02,20000,0,20000,0,79.753799,51.90953,0.157134,12.91,18.333699,6.317621,
2014-05-05,20000,0,20000,0,80.173119,54.267589,0.156679,13.29,18.327688,6.316251,
2014-05-06,20000,0,20000,0,79.133911,47.987499,0.157521,13.8,18.322298,6.314418,
2014-05-07,20000,0,20000,0,78.906029,46.710951,0.157574,13.4,18.316445,6.312941,
2014-05-08,20000,0,20000,0,78.833107,46.286629,0.157511,13.43,18.310641,6.311433,
2014-05-09,20000,0,20000,0,79.124817,48.309492,0.15753,12.92,18.304247,6.310416,
2014-05-12,20000,0,20000,0,80.428345,56.24022,0.15851,12.23,18.29705,6.310137,
2014-05-13,20000,0,20000,0,80.483063,56.541639,0.158509,12.13,18.289751,6.309965,
2014-05-14,20000,0,20000,0,80.063721,53.500238,0.158586,12.17,18.282518,6.309739,
2014-05-15,20000,0,20000,0,79.434746,49.223367,0.158918,13.17,18.276482,6.308455,
2014-05-16,20000,0,20000,0,79.95433,52.594724,0.159054,12.44,18.269599,6.307915,
2014-05-19,20000,0,20000,0,80.510399,55.964496,0.158872,12.42,18.262709,6.307391,
2014-05-20,20000,0,20000,0,80.218697,53.803851,0.158936,12.96,18.256471,6.306298,
2014-05-21,20000,0,20000,0,80.984413,58.349576,0.159283,11.91,18.249013,6.306341,
2014-05-22,20000,0,20000,0,81.339928,60.302711,0.158924,12.03,18.241714,6.306235,
2014-05-23,20000,0,20000,0,81.932457,63.384579,0.159065,11.36,18.233646,6.306936,
2014-05-27,20000,0,20000,0,82.953445,67.995242,0.159655,11.51,18.225773,6.307436,
2014-05-28,20000,0,20000,0,82.698204,65.765709,0.159584,11.68,18.218117,6.307716,
2014-05-29,20000,0,20000,0,83.226891,68.099013,0.159575,11.57,18.21035,6.30812,
2014-05-30,20000,0,20000,0,83.235992,68.139274,0.159491,11.4,18.202404,6.308725,
2014-06-02,20000,0,20000,0,83.153976,67.314866,0.159039,11.58,18.194685,6.309095,
2014-06-03,20000,0,20000,0,83.1175,66.927036,0.159045,11.87,18.187322,6.309109,
2014-06-04,20000,0,20000,0,83.427429,68.583297,0.158909,12.08,18.180221,6.308874,
2014-06-05,20000,0,20000,0,84.129372,72.00302,0.15825,11.68,18.172671,6.309095,
2014-06-06,20000,0,20000,0,84.61248,74.093148,0.158284,10.73,18.164037,6.310524,
2014-06-09,20000,0,20000,0,84.548683,73.314765,0.157577,11.15,18.15591,6.31138,
2014-06-10,20000,0,20000,0,84.694542,73.987606,0.157577,10.99,18.147616,6.312432,
2014-06-11,20000,0,20000,0,84.676292,73.737092,0.157027,11.6,18.140046,6.312705,
2014-06-12,20000,0,20000,0,83.910561,63.952561,0.156761,12.56,18.133603,6.311904,
2014-06-13,20000,0,20000,0,84.156708,65.535725,0.15616,12.18,18.126736,6.311498,
2014-06-16,20000,0,20000,0,84.22963,66.011964,0.15589,12.65,18.120426,6.310595,
2014-06-17,20000,0,20000,0,84.275192,66.325076,0.155546,12.06,18.113452,6.310309,
2014-06-18,20000,0,20000,0,84.749214,69.475672,0.155404,10.61,18.104828,6.311806,
2014-06-19,20000,0,20000,0,84.694542,68.677578,0.154721,10.62,18.096234,6.313273,
2014-06-20,20000,0,20000,0,84.794167,69.368104,0.151738,10.85,18.087924,6.314418,
2014-06-23,20000,0,20000,0,84.812439,69.500912,0.151543,10.98,18.079782,6.31538,
2014-06-24,20000,0,20000,0,84.730179,68.070089,0.150969,12.13,18.072975,6.31497,
2014-06-25,20000,0,20000,0,85.269447,72.121979,0.150919,11.59,18.065566,6.31516,
2014-06-26,20000,0,20000,0,85.315132,72.441041,0.150632,11.63,18.058219,6.315295,
2014-06-27,20000,0,20000,0,85.689919,74.971735,0.150637,11.26,18.050467,6.315862,
2014-06-30,20000,0,20000,0,85.836159,75.901627,0.150638,11.57,18.043087,6.316048,
2014-07-01,20000,0,20000,0,86.777626,80.837617,0.150974,11.15,18.035245,6.31673,
2014-07-02,20000,0,20000,0,86.923843,81.472341,0.150972,10.82,18.027045,6.31782,
2014-07-03,20000,0,20000,0,87.47229,83.658794,0.151058,10.32,18.018297,6.319566,
2014-07-07,20000,0,20000,0,87.207176,78.816834,0.150944,11.33,18.010714,6.319992,
2014-07-08,20000,0,20000,0,86.156059,63.19893,0.151782,11.98,18.003884,6.319668,
2014-07-09,20000,0,20000,0,86.795891,67.429747,0.151855,11.65,17.996697,6.319702,
2014-07-10,20000,0,20000,0,86.521675,64.03214,0.151838,12.59,17.990588,6.318741,
2014-07-11,20000,0,20000,0,87.079224,67.606175,0.150316,12.08,17.983916,6.318291,
2014-07-14,20000,0,20000,0,87.60022,70.55095,0.150379,11.82,17.976967,6.318115,
2014-07-15,20000,0,20000,0,87.298607,66.766948,0.150467,11.96,17.970191,6.31778,
2014-07-16,20000,0,20000,0,87.645943,68.839642,0.150483,11,17.962351,6.318548,
2014-07-17,20000,0,20000,0,86.485115,56.219721,0.151453,14.54,17.958506,6.316035,
2014-07-18,20000,0,20000,0,87.856171,64.498043,0.152428,12.06,17.951886,6.315578,
2014-07-21,20000,0,20000,0,87.746483,63.46414,0.151831,12.81,17.946121,6.314381,
2014-07-22,20000,0,20000,0,88.304016,66.411426,0.151946,12.24,17.939731,6.313728,
2014-07-23,20000,0,20000,0,88.87075,69.136865,0.151737,11.52,17.93255,6.313844,
2014-07-24,20000,0,20000,0,88.77018,68.081146,0.15174,11.84,17.925743,6.313597,
2014-07-25,20000,0,20000,0,88.422836,64.422275,0.151731,12.69,17.9199,6.312493,
2014-07-28,20000,0,20000,0,88.450264,64.584133,0.151647,12.56,17.913924,6.311507,
2014-07-29,20000,0,20000,0,88.294876,62.839906,0.151645,13.28,17.908764,6.309883,
2014-07-30,20000,0,20000,0,88.642204,65.108242,0.151598,13.33,17.903671,6.308217,
2014-07-31,20000,0,20000,0,86.850754,48.622248,0.153767,16.950001,17.902611,6.304788,
2014-08-01,20000,0,20000,0,86.530823,46.364374,0.153471,17.030001,17.901643,6.301351,
2014-08-04,20000,0,20000,0,87.124939,50.922121,0.153533,15.12,17.898559,6.298534,
2014-08-05,20000,0,20000,0,86.45771,46.176373,0.153879,16.870001,17.89742,6.295135,
2014-08-06,20000,0,20000,0,86.393715,45.736106,0.153669,16.370001,17.89573,6.291854,
2014-08-07,20000,0,20000,0,86.119514,43.808753,0.153712,16.66,17.894365,6.288507,
2014-08-08,20000,0,20000,0,86.741043,49.049883,0.153821,15.77,17.89202,6.285428,
2014-08-11,20000,0,20000,0,87.252884,52.942516,0.153821,14.23,17.887982,6.283135,
2014-08-12,20000,0,20000,0,87.216339,52.63332,0.15382,14.13,17.883844,6.280908,
2014-08-13,20000,0,20000,0,88.139511,59.127221,0.15415,12.9,17.878361,6.279625,
2014-08-14,20000,0,20000,0,88.596535,61.911229,0.154128,12.42,17.872363,6.278778,
2014-08-15,20000,0,20000,0,89.026108,64.367973,0.152653,13.15,17.867179,6.277277,
2014-08-18,20000,0,20000,0,89.711632,67.923619,0.152847,12.32,17.861096,6.276519,
2014-08-19,20000,0,20000,0,90.214325,70.266694,0.152904,12.21,17.854907,6.275864,
2014-08-20,20000,0,20000,0,90.214325,70.266694,0.15286,11.78,17.84826,6.275644,
2014-08-21,20000,0,20000,0,90.397163,71.155482,0.152765,11.76,17.841607,6.275439,
2014-08-22,20000,0,20000,0,90.534248,71.835261,0.152412,11.47,17.834651,6.275541,
2014-08-25,20000,0,20000,0,90.854164,73.410153,0.152292,11.7,17.827961,6.275385,
2014-08-26,20000,0,20000,0,90.945549,73.859805,0.152291,11.63,17.821209,6.275298,
2014-08-27,20000,0,20000,0,90.963852,73.954804,0.150019,11.78,17.814635,6.275044,
2014-08-28,20000,0,20000,0,90.863304,72.39821,0.15001,12.05,17.80837,6.274508,
2014-08-29,20000,0,20000,0,91.201477,74.353404,0.15,12.09,17.802161,6.273927,
2014-09-02,20000,0,20000,0,91.466545,75.800389,0.15,12.25,17.796139,6.273186,
2014-09-03,20000,0,20000,0,90.927284,67.461356,0.15,12.36,17.790249,6.272335,
2014-09-04,20000,0,20000,0,90.845001,66.263473,0.15,12.64,17.784675,6.271226,
2014-09-05,20000,0,20000,0,91.302025,69.502649,0.15,12.09,17.778519,6.270628,
2014-09-08,20000,0,20000,0,91.475685,70.655588,0.15,12.66,17.772991,6.269494,
2014-09-09,20000,0,20000,0,90.717056,59.986837,0.15,13.5,17.768382,6.267679,
2014-09-10,20000,0,20000,0,91.466545,65.525287,0.15,12.88,17.763114,6.266353,
2014-09-11,20000,0,20000,0,91.393394,64.585652,0.15,12.8,17.757772,6.265092,
2014-09-12,20000,0,20000,0,90.927284,58.799633,0.15,13.31,17.752989,6.263417,
2014-09-15,20000,0,20000,0,90.049797,49.76158,0.150172,14.12,17.749087,6.261181,
2014-09-16,20000,0,20000,0,90.835892,56.249455,0.15039,12.73,17.743702,6.259977,
2014-09-17,20000,0,20000,0,90.972992,57.285526,0.150238,12.65,17.738242,6.25884,
2014-09-18,20000,0,20000,0,91.658516,62.116408,0.15,12.03,17.732131,6.258273,
2014-09-19,20000,0,20000,0,91.6017,61.49564,0.15,12.11,17.726118,6.257623,
2014-09-22,20000,0,20000,0,90.749634,52.94948,0.150289,13.69,17.721806,6.255667,
2014-09-23,20000,0,20000,0,90.502243,50.744472,0.150312,14.93,17.718826,6.25299,
2014-09-24,20000,0,20000,0,91.473419,58.117998,0.150759,13.27,17.714083,6.25134,
2014-09-25,20000,0,20000,0,89.54937,44.049097,0.153016,15.64,17.711874,6.248373,
2014-09-26,20000,0,20000,0,90.502243,50.44681,0.153238,14.85,17.70883,6.245743,
2014-09-29,20000,0,20000,0,90.383163,49.68226,0.153239,15.98,17.706993,6.242674,
2014-09-30,20000,0,20000,0,90.511421,50.551533,0.153187,16.309999,17.70551,6.239522,
2014-10-01,20000,0,20000,0,89.063805,41.778624,0.154153,16.709999,17.704454,6.236294,
2014-10-02,20000,0,20000,0,89.063805,41.778624,0.154149,16.16,17.702818,6.233189,
2014-10-03,20000,0,20000,0,89.943375,48.122759,0.153774,14.55,17.699481,6.230731,
2014-10-06,20000,0,20000,0,89.750961,46.918328,0.15354,15.46,17.697114,6.227859,
2014-10-07,20000,0,20000,0,88.477432,39.815353,0.154222,17.200001,17.696589,6.224587,
2014-10-08,20000,0,20000,0,90.199905,50.68889,0.153839,15.11,17.693861,6.221867,
2014-10-09,20000,0,20000,0,88.743149,43.526498,0.155157,18.76,17.694984,6.218681,
2014-10-10,20000,0,20000,0,86.52594,35.341255,0.156467,21.24,17.698716,6.216468,
2014-10-13,20000,1184.981736,18815.018264,1,85.169952,31.44647,0.157493,24.639999,17.706015,6.217271,23.923286
2014-10-14,19999.046366,1184.028102,18815.018264,1,85.179138,31.501542,0.157308,22.790001,17.711355,6.216186,
2014-10-15,19960.058009,1145.039745,18815.018264,1,84.62941,29.950857,0.157447,25.27,17.719286,6.217743,23.937029
2014-10-16,19921.068828,1106.050564,18815.018264,1,84.098022,28.490882,0.157146,25.200001,17.727128,6.219197,23.946325
2014-10-17,20000.254971,1185.236707,18815.018264,1,85.206619,35.549351,0.157744,21.99,17.731592,6.217468,
2014-10-20,20088.813531,1273.795268,18815.018264,1,86.480125,42.563129,0.157575,18.57,17.732469,6.214271,
2014-10-21,20269.582102,1454.563839,18815.018264,1,88.752312,52.496145,0.160469,16.08,17.730742,6.211249,
2014-10-22,20234.369004,1419.350741,18815.018264,1,88.294212,50.596336,0.160621,17.870001,17.730887,6.208005,
2014-10-23,20338.299241,1523.280978,18815.018264,1,89.622719,55.613124,0.161321,16.530001,17.729635,6.204885,
2014-10-24,20395.5525,1580.534236,18815.018264,1,90.355667,58.138772,0.161506,16.110001,17.727948,6.20187,
2014-10-27,20397.346356,1582.328092,18815.018264,1,90.419815,58.362079,0.161324,16.040001,17.726191,6.198878,
2014-10-28,20508.752385,1693.734122,18815.018264,1,91.784927,62.897922,0.162224,14.39,17.722723,6.196585,
2014-10-29,20480.892112,1665.873849,18815.018264,1,91.445946,61.117483,0.162311,15.15,17.720052,6.193919,
2014-10-30,20495.474627,1680.456363,18815.018264,1,91.638336,61.778766,0.162305,14.52,17.716732,6.19156,
2014-10-31,20599.845297,1784.827033,18815.018264,1,92.90271,65.885096,0.162998,14.03,17.712912,6.189485,
2014-11-03,20619.912912,1804.894648,18815.018264,1,93.177551,66.722041,0.163015,14.73,17.709824,6.187022,
2014-11-04,20593.681473,1778.663209,18815.018264,1,92.866051,64.782183,0.163092,14.89,17.706908,6.184484,
2014-11-05,20593.571243,1778.552979,18815.018264,1,92.875214,64.814589,0.163095,14.17,17.703254,6.18233,
2014-11-06,20616.880594,1801.86233,18815.018264,1,93.168427,65.896021,0.163113,13.67,17.699092,6.180494,
2014-11-07,20603.383947,1788.365683,18815.018264,1,93.085953,65.288182,0.161367,13.12,17.694371,6.179054,
2014-11-10,20625.880401,1810.862137,18815.018264,1,93.415764,66.614424,0.160697,12.67,17.689197,6.177972,
2014-11-11,20649.39705,1834.378786,18815.018264,1,93.708969,67.792552,0.160691,12.92,17.68429,6.176685,
2014-11-12,20662.30538,1847.287116,18815.018264,1,93.873863,68.466497,0.160692,13.02,17.679496,6.175317,
2014-11-13,20693.632833,1878.614569,18815.018264,1,94.277008,70.113101,0.160185,13.79,17.675503,6.173401,
2014-11-14,20717.486275,1902.468011,18815.018264,1,94.570175,71.28727,0.160185,13.31,17.671026,6.171815,
2014-11-17,20691.165925,1876.147661,18815.018264,1,94.286186,68.480621,0.160248,13.99,17.667254,6.169775,
2014-11-18,20748.961179,1933.942915,18815.018264,1,94.991638,71.484033,0.159924,13.86,17.663357,6.167816,
2014-11-19,20711.822815,1896.804551,18815.018264,1,94.560997,67.270059,0.159993,13.96,17.659571,6.165796,
2014-11-20,20746.696033,1931.677769,18815.018264,1,94.982483,69.184758,0.159998,13.58,17.655403,6.164022,
2014-11-21,20760.294588,1945.276325,18815.018264,1,95.165726,70.006271,0.159622,12.9,17.650551,6.162745,
2014-11-24,20821.650666,2006.632402,18815.018264,1,95.907852,73.130508,0.159744,12.62,17.645423,6.161694,
2014-11-25,20833.396896,2018.378632,18815.018264,1,96.054413,73.712854,0.159736,12.25,17.639929,6.160959,
2014-11-26,20886.610779,2071.592515,18815.018264,1,96.677452,76.085662,0.159792,12.07,17.634262,6.160383,
2014-11-28,20923.722953,2108.70469,18815.018264,1,97.126404,77.651129,0.15969,13.33,17.629888,6.158778,
2014-12-01,20827.413719,2012.395456,18815.018264,1,96.026962,66.219043,0.160255,14.16,17.626365,6.15664,
2014-12-02,20859.72661,2044.708346,18815.018264,1,96.411766,67.995058,0.160234,12.85,17.621521,6.155394,
2014-12-03,20873.927298,2058.909034,18815.018264,1,96.585815,68.794207,0.160225,12.5,17.616332,6.154431,
2014-12-04,20869.128372,2054.110108,18815.018264,1,96.540031,68.311006,0.160233,12.38,17.611032,6.153568,
2014-12-05,20869.016837,2053.998573,18815.018264,1,96.549187,68.358866,0.160214,11.89,17.605248,6.153143,
2014-12-08,20807.411426,1992.393162,18815.018264,1,95.862015,60.921629,0.160321,14.21,17.601818,6.150978,
2014-12-09,20832.540089,2017.521826,18815.018264,1,96.164368,62.837454,0.160298,15.35,17.599546,6.148287,
2014-12-10,20706.167683,1891.149419,18815.018264,1,94.652634,49.714103,0.161533,18.530001,17.600484,6.145255,
2014-12-11,20741.029687,1926.011423,18815.018264,1,95.101578,52.862533,0.160753,20.08,17.602981,6.142661,
2014-12-12,20654.405385,1839.387121,18815.018264,1,94.066277,45.748955,0.161323,21.08,17.606479,6.140557,
2014-12-15,20572.623661,1757.605397,18815.018264,1,93.095108,40.274035,0.161862,20.42,17.609307,6.138116,
2014-12-16,20453.742146,1638.723882,18815.018264,1,91.6017,33.612606,0.163031,23.57,17.615291,6.137937,
2014-12-17,20593.185611,1778.167347,18815.018264,1,93.26918,44.625871,0.164322,19.440001,17.617121,6.135127,
2014-12-18,20786.086842,1971.068578,18815.018264,1,95.513847,55.361269,0.166127,16.809999,17.616313,6.132103,
2014-12-19,20821.023552,2006.005288,18815.018264,1,95.934128,57.040619,0.166125,16.49,17.615185,6.129134,
2014-12-22,20837.792262,2022.773998,18815.018264,1,96.173225,58.008477,0.16576,15.25,17.61282,6.126522,
2014-12-23,20806.826905,1991.808641,18815.018264,1,95.83297,56.072421,0.165433,14.8,17.61001,6.124103,
2014-12-24,20813.025832,1998.007568,18815.018264,1,95.915749,56.453208,0.165432,14.37,17.606776,6.121899,
2014-12-26,20870.152792,2055.134528,18815.018264,1,96.596252,59.556938,0.165578,14.5,17.603679,6.11963,
2014-12-29,20865.817101,2050.798837,18815.018264,1,96.577843,59.433525,0.165535,15.06,17.601145,6.117105,
2014-12-30,20810.265564,1995.2473,18815.018264,1,95.934128,55.131628,0.165755,15.92,17.599473,6.114288,
2014-12-31,20726.873756,1911.855492,18815.018264,1,94.950142,49.261879,0.166141,19.200001,17.601064,6.111454,
2015-01-02,20700.271911,1885.253647,18815.018264,1,94.665077,47.678163,0.16588,17.790001,17.601251,6.108418,
2015-01-05,20584.309525,1769.291261,18815.018264,1,93.276443,40.797518,0.166647,19.92,17.603552,6.105821,
2015-01-06,20483.947941,1668.929678,18815.018264,1,92.025757,35.788034,0.167433,21.120001,17.607037,6.103796,
2015-01-07,20580.762599,1765.744335,18815.018264,1,93.212082,42.944471,0.167754,19.309999,17.608723,6.101006,
2015-01-08,20732.810456,1917.792192,18815.018264,1,94.996132,51.668194,0.169176,17.01,17.608131,6.098014,
2015-01-09,20679.970703,1864.95244,18815.018264,1,94.370811,48.848907,0.169335,17.549999,17.608073,6.094998,
2015-01-12,20597.305965,1782.287701,18815.018264,1,93.386841,44.714366,0.169839,19.6,17.610039,6.092307,
2015-01-13,20590.814423,1775.796159,18815.018264,1,93.359215,44.600228,0.168808,20.559999,17.612949,6.090004,
2015-01-14,20543.577636,1728.559372,18815.018264,1,92.844215,42.426079,0.167546,21.48,17.616759,6.08821,
2015-01-15,20446.913476,1631.895213,18815.018264,1,91.639526,37.785899,0.168099,22.389999,17.621457,6.087053,
2015-01-16,20534.757176,1719.738912,18815.018264,1,92.715492,43.707766,0.168628,20.950001,17.62473,6.084952,
2015-01-20,20591.639923,1776.62166,18815.018264,1,93.451172,47.394771,0.168687,19.889999,17.626955,6.082374,
2015-01-21,20629.940054,1814.92179,18815.018264,1,93.929382,49.700986,0.168565,18.85,17.628155,6.079506,
2015-01-22,20779.09443,1964.076167,18815.018264,1,95.66745,57.067894,0.169884,16.4,17.626951,6.076644,
2015-01-23,20796.009922,1980.991658,18815.018264,1,95.878967,57.876458,0.169822,16.66,17.626004,6.07374,
2015-01-26,20778.68745,1963.669186,18815.018264,1,95.76857,57.270199,0.16802,15.52,17.623943,6.071122,
2015-01-27,20577.903895,1762.885632,18815.018264,1,93.285652,45.680423,0.170668,17.219999,17.623548,6.068164,
2015-01-28,20538.309249,1723.290985,18815.018264,1,92.807442,43.840241,0.170805,20.440001,17.626299,6.065836,
2015-01-29,20609.853052,1794.834788,18815.018264,1,93.699455,48.044587,0.170573,18.76,17.627405,6.062977,
2015-01-30,20546.000139,1730.981875,18815.018264,1,92.972992,45.084353,0.169567,20.969999,17.630663,6.060917,
2015-02-02,20610.584518,1795.566254,18815.018264,1,93.782249,48.86412,0.169789,19.43,17.632415,6.058223,
2015-02-03,20678.432084,1863.41382,18815.018264,1,94.683449,52.76325,0.167649,17.33,17.632121,6.05528,
2015-02-04,20670.062506,1855.044243,18815.018264,1,94.600716,52.36847,0.16748,18.33,17.632799,6.052374,
2015-02-05,20738.982355,1923.964091,18815.018264,1,95.419128,55.884799,0.16769,16.85,17.632039,6.049481,
2015-02-06,20687.835434,1872.81717,18815.018264,1,94.839783,52.907241,0.167291,17.290001,17.631707,6.046553,
2015-02-09,20656.077882,1841.059618,18815.018264,1,94.536331,51.36356,0.166116,18.549999,17.632597,6.043688,
2015-02-10,20782.65388,1967.635616,18815.018264,1,96.007706,57.793932,0.166948,17.23,17.632207,6.040772,
2015-02-11,20810.571192,1995.552928,18815.018264,1,96.357147,59.174451,0.166498,16.959999,17.631557,6.037883,
2015-02-12,20908.395435,2093.377171,18815.018264,1,97.47908,63.322504,0.167001,15.34,17.629343,6.035383,
2015-02-13,20981.119299,2166.101036,18815.018264,1,98.315941,66.090141,0.167074,14.69,17.626506,6.033158,
2015-02-17,20985.689826,2170.671562,18815.018264,1,98.407867,66.390159,0.167067,15.8,17.624744,6.030512,
2015-02-18,20996.817921,2181.799657,18815.018264,1,98.545845,66.864046,0.166995,15.45,17.622649,6.027982,
2015-02-19,21038.705738,2223.687475,18815.018264,1,99.033241,68.550888,0.166816,15.29,17.620404,6.025512,
2015-02-20,21097.067556,2282.049292,18815.018264,1,99.695343,70.730679,0.1669,14.3,17.617212,6.023492,
2015-02-23,21103.469116,2288.450852,18815.018264,1,99.796501,71.06071,0.16688,14.56,17.614275,6.021341,
2015-02-24,21108.990411,2293.972147,18815.018264,1,99.870094,71.314124,0.166792,13.69,17.610509,6.019676,
2015-02-25,21085.958307,2270.940043,18815.018264,1,99.621788,69.114993,0.166823,13.84,17.606894,6.017919,
2015-02-26,21130.59006,2315.571796,18815.018264,1,100.127586,71.071899,0.166889,13.91,17.603352,6.016122,
2015-02-27,21090.078266,2275.060002,18815.018264,1,99.686157,67.077362,0.166867,13.34,17.599273,6.014686,
2015-03-02,21169.10535,2354.087086,18815.018264,1,100.587379,70.698269,0.167144,13.04,17.594914,6.01346,
2015-03-03,21125.625221,2310.606957,18815.018264,1,100.118355,66.593372,0.166979,13.86,17.591347,6.011693,
2015-03-04,21088.919097,2273.900833,18815.018264,1,99.732132,63.332405,0.166464,14.23,17.588139,6.009718,
2015-03-05,21103.695604,2288.677341,18815.018264,1,99.906853,64.186783,0.16645,14.04,17.584757,6.007849,
2015-03-06,21003.293504,2188.27524,18815.018264,1,98.775757,55.217035,0.167075,15.2,17.582486,6.005436,
2015-03-09,21025.710613,2210.692349,18815.018264,1,99.060829,56.85355,0.166956,15.06,17.580086,6.00308,
2015-03-10,20866.816266,2051.798002,18815.018264,1,97.221581,45.341068,0.168583,16.690001,17.57924,6.000286,
2015-03-11,20817.404732,2002.386468,18815.018264,1,96.660645,42.513605,0.168655,16.870001,17.578566,5.997473,
2015-03-12,20871.889356,2056.871092,18815.018264,1,97.295189,46.572462,0.168763,15.42,17.576518,5.994994,
2015-03-13,20831.989807,2016.971543,18815.018264,1,96.872139,44.325446,0.167916,16,17.575024,5.992346,
2015-03-16,20939.652218,2124.633954,18815.018264,1,98.122826,51.738827,0.168297,15.61,17.573163,5.98981,
2015-03-17,20951.879111,2136.860847,18815.018264,1,98.279144,52.588573,0.168025,15.66,17.571353,5.987263,
2015-03-18,21036.211257,2221.192993,18815.018264,1,99.244751,57.559592,0.16783,13.97,17.567949,5.985454,
2015-03-19,21048.091473,2233.073209,18815.018264,1,99.391899,58.277505,0.167668,14.07,17.564646,5.98359,
2015-03-20,21105.145056,2290.126792,18815.018264,1,100.035248,61.355423,0.16779,13.02,17.560358,5.982393,
2015-03-23,21083.603075,2268.584811,18815.018264,1,99.841675,59.923025,0.167103,13.41,17.556447,5.980928,
2015-03-24,21049.777585,2234.759321,18815.018264,1,99.482239,57.250326,0.166786,13.62,17.55274,5.979329,
2015-03-25,20853.499142,2038.480878,18815.018264,1,97.205528,43.895286,0.169226,15.44,17.550753,5.976864,
2015-03-26,20821.85003,2006.831766,18815.018264,1,96.873718,42.344918,0.168495,15.8,17.549107,5.974294,
2015-03-27,20854.325383,2039.307119,18815.018264,1,97.260849,44.794825,0.168361,15.07,17.546779,5.971969,
2015-03-30,20950.769423,2135.751159,18815.018264,1,98.376144,51.225045,0.168835,14.51,17.543931,5.969889,
2015-03-31,20859.314159,2044.295896,18815.018264,1,97.334587,45.85353,0.169228,15.29,17.541818,5.967487,
2015-04-01,20811.610118,1996.591854,18815.018264,1,96.827652,43.464597,0.168189,15.11,17.539541,5.965154,
2015-04-02,20816.272615,2001.254352,18815.018264,1,96.892166,43.865417,0.168173,14.67,17.536857,5.963007,
2015-04-06,20881.746463,2066.728199,18815.018264,1,97.68486,48.679917,0.168086,14.74,17.534243,5.96083,
2015-04-07,20858.257346,2043.239083,18815.018264,1,97.518944,47.756659,0.164767,14.78,17.531671,5.958639,
2015-04-08,20925.280368,2110.262104,18815.018264,1,98.293198,52.302818,0.164507,13.98,17.528358,5.956844,
2015-04-09,20979.087865,2164.069601,18815.018264,1,98.910736,55.619979,0.164331,13.09,17.524222,5.955606,
2015-04-10,21012.216669,2197.198405,18815.018264,1,99.316284,57.700499,0.163231,12.58,17.519618,5.954742,
2015-04-13,20977.370254,2162.35199,18815.018264,1,99.067421,55.966629,0.158574,13.94,17.516288,5.95297,
2015-04-14,20949.328818,2134.310554,18815.018264,1,98.781693,53.961694,0.157907,13.67,17.512714,5.951356,
2015-04-15,21004.170044,2189.15178,18815.018264,1,99.399246,57.505046,0.15782,12.84,17.508375,5.950294,
2015-04-16,20990.780902,2175.762638,18815.018264,1,99.261002,56.457496,0.157821,12.6,17.503822,5.949409,
2015-04-17,20851.911223,2036.892959,18815.018264,1,97.712517,46.286441,0.158399,13.89,17.500473,5.947667,
2015-04-20,20982.829497,2167.811233,18815.018264,1,99.17804,54.619168,0.159288,13.3,17.496583,5.946284,
2015-04-21,21020.121129,2205.102865,18815.018264,1,99.602036,56.711495,0.159149,13.25,17.492655,5.944933,
2015-04-22,21068.544952,2253.526688,18815.018264,1,100.145844,59.303203,0.159019,12.71,17.488235,5.943962,
2015-04-23,21101.526136,2286.507872,18815.018264,1,100.523781,61.048604,0.158622,12.48,17.48361,5.943163,
2015-04-24,21227.118916,0,21227.118916,0,101.887917,66.614284,0.159002,12.29,17.478819,5.942513,
2015-04-27,21227.118916,0,21227.118916,0,101.629837,64.729852,0.157723,13.12,17.474802,5.941245,
2015-04-28,21227.118916,0,21227.118916,0,101.427086,63.216847,0.157741,12.41,17.470138,5.940495,
2015-04-29,21227.118916,0,21227.118916,0,100.791039,58.590149,0.15776,13.39,17.466385,5.939049,
2015-04-30,21227.118916,0,21227.118916,0,99.205681,48.96983,0.159029,14.55,17.463704,5.936974,
2015-05-01,21227.118916,0,21227.118916,0,100.514542,55.470571,0.159686,12.7,17.45933,5.936001,
2015-05-04,21227.118916,0,21227.118916,0,100.68045,56.231696,0.159654,12.85,17.455101,5.934917,
2015-05-05,21227.118916,0,21227.118916,0,99.039787,47.572126,0.16092,14.31,17.452218,5.932958,
2015-05-06,21227.118916,0,21227.118916,0,98.357681,44.503616,0.160322,15.15,17.45011,5.930648,
2015-05-07,21227.118916,0,21227.118916,0,98.947617,47.648751,0.160375,15.13,17.447987,5.928347,
2015-05-08,21227.118916,0,21227.118916,0,100.182732,53.580257,0.160953,12.86,17.443793,5.927258,
2015-05-11,21227.118916,0,21227.118916,0,99.795593,51.606535,0.161023,13.85,17.440511,5.925544,
2015-05-12,21227.118916,0,21227.118916,0,99.343925,49.323699,0.160079,13.86,17.437245,5.923825,
2015-05-13,21227.118916,0,21227.118916,0,99.54673,50.384971,0.160085,13.76,17.433892,5.922162,
2015-05-14,21227.118916,0,21227.118916,0,101.003082,57.300394,0.160755,12.74,17.429617,5.921157,
2015-05-15,21227.118916,0,21227.118916,0,101.003082,57.300394,0.160409,12.38,17.425023,5.92042,
2015-05-18,21227.118916,0,21227.118916,0,101.445496,59.299064,0.160322,12.73,17.420755,5.919419,
2015-05-19,21227.118916,0,21227.118916,0,101.334892,58.561073,0.160178,12.85,17.416603,5.918331,
2015-05-20,21227.118916,0,21227.118916,0,101.399414,58.882552,0.160084,12.88,17.412486,5.917221,
2015-05-21,21227.118916,0,21227.118916,0,101.924812,61.501655,0.159833,12.11,17.407679,5.91669,
2015-05-22,21227.118916,0,21227.118916,0,101.823402,60.697986,0.159795,12.13,17.402899,5.91614,
2015-05-26,21227.118916,0,21227.118916,0,100.652809,52.215887,0.160306,14.06,17.399873,5.914315,
2015-05-27,21227.118916,0,21227.118916,0,102.27507,60.461904,0.16074,13.27,17.396139,5.912942,
2015-05-28,21227.118916,0,21227.118916,0,102.044624,58.906801,0.160714,13.31,17.392448,5.911544,
2015-05-29,21227.118916,0,21227.118916,0,101.436295,54.89306,0.160782,13.84,17.389242,5.909838,
2015-06-01,21227.118916,0,21227.118916,0,101.777298,56.675133,0.160809,13.97,17.386159,5.908062,
2015-06-02,21227.118916,0,21227.118916,0,101.45472,54.482332,0.160866,14.24,17.383324,5.906153,
2015-06-03,21227.118916,0,21227.118916,0,101.758896,56.203109,0.160881,13.66,17.379973,5.904549,
2015-06-04,21227.118916,0,21227.118916,0,100.984619,50.92552,0.16116,14.71,17.377572,5.902434,
2015-06-05,21227.118916,0,21227.118916,0,100.744965,49.379911,0.160941,14.21,17.374726,5.900543,
2015-06-08,21227.118916,0,21227.118916,0,99.72184,43.33328,0.161359,15.29,17.372855,5.898223,
2015-06-09,21227.118916,0,21227.118916,0,99.555954,42.426165,0.161375,14.47,17.370251,5.896216,
2015-06-10,21227.118916,0,21227.118916,0,100.920105,51.430335,0.162118,13.22,17.366532,5.89488,
2015-06-11,21227.118916,0,21227.118916,0,101.067589,52.298922,0.162117,12.85,17.362489,5.893788,
2015-06-12,21227.118916,0,21227.118916,0,100.238037,47.187317,0.162046,13.78,17.359284,5.892123,
2015-06-15,21227.118916,0,21227.118916,0,99.740265,44.384057,0.162167,15.39,17.357525,5.889782,
2015-06-16,21227.118916,0,21227.118916,0,100.284111,48.017555,0.162268,14.81,17.35525,5.887642,
2015-06-17,21227.118916,0,21227.118916,0,100.560631,49.812918,0.162286,14.5,17.352703,5.885631,
2015-06-18,21227.118916,0,21227.118916,0,102.026176,58.077179,0.16302,13.19,17.348993,5.884317,
2015-06-19,21227.118916,0,21227.118916,0,101.521767,54.736332,0.163155,13.96,17.345975,5.882564,
2015-06-22,21227.118916,0,21227.118916,0,102.270088,58.546159,0.163348,12.74,17.341877,5.881549,
2015-06-23,21227.118916,0,21227.118916,0,102.353226,58.959456,0.163347,12.11,17.337227,5.881001,
2015-06-24,21227.118916,0,21227.118916,0,101.826614,55.204946,0.163488,13.26,17.333606,5.879642,
2015-06-25,21227.118916,0,21227.118916,0,101.623398,53.781675,0.16338,14.01,17.330657,5.877865,
2015-06-26,21227.118916,0,21227.118916,0,100.948975,49.244118,0.163618,14.02,17.327722,5.876083,
2015-06-29,21227.118916,0,21227.118916,0,98.565453,37.274696,0.166188,18.85,17.32907,5.873653,
2015-06-30,21227.118916,0,21227.118916,0,98.916504,39.603158,0.166221,18.23,17.329867,5.871112,
2015-07-01,21227.118916,0,21227.118916,0,99.701775,44.560817,0.16599,16.09,17.328771,5.868629,
2015-07-02,21227.118916,0,21227.118916,0,99.7295,44.733308,0.165985,16.790001,17.328295,5.866056,
2015-07-06,21227.118916,0,21227.118916,0,99.49852,43.518501,0.165876,17.01,17.328014,5.863472,
2015-07-07,21227.118916,0,21227.118916,0,99.747963,45.24776,0.165838,16.09,17.326922,5.860999,
2015-07-08,21227.118916,0,21227.118916,0,98.011154,36.7996,0.166565,19.66,17.328978,5.858824,
2015-07-09,21227.118916,0,21227.118916,0,97.955719,36.564935,0.166363,19.969999,17.331303,5.856767,
2015-07-10,21227.118916,0,21227.118916,0,99.45237,46.48665,0.167234,16.83,17.330862,5.854207,
2015-07-13,21227.118916,0,21227.118916,0,101.198433,55.275415,0.168307,13.9,17.327847,5.852516,
2015-07-14,21227.118916,0,21227.118916,0,101.863594,58.098639,0.168335,13.37,17.324372,5.851119,
2015-07-15,21227.118916,0,21227.118916,0,101.974434,58.567981,0.168266,13.23,17.320781,5.849807,
2015-07-16,21227.118916,0,21227.118916,0,103.41568,64.185523,0.168987,12.11,17.316214,5.849275,
2015-07-17,21227.118916,0,21227.118916,0,104.940002,68.976503,0.168972,11.95,17.311515,5.848868,
2015-07-20,21227.118916,0,21227.118916,0,105.300293,69.99809,0.16804,12.25,17.307087,5.848223,
2015-07-21,21227.118916,0,21227.118916,0,105.235641,69.555475,0.168031,12.22,17.30264,5.847599,
2015-07-22,21227.118916,0,21227.118916,0,104.0439,61.798278,0.16852,12.12,17.298114,5.847049,
2015-07-23,21227.118916,0,21227.118916,0,103.655846,59.472417,0.168459,12.64,17.294049,5.846114,
2015-07-24,21227.118916,0,21227.118916,0,102.639618,53.765583,0.168914,13.74,17.29095,5.844505,
2015-07-27,21227.118916,0,21227.118916,0,101.789665,49.488276,0.169166,15.6,17.289477,5.84217,
2015-07-28,21227.118916,0,21227.118916,0,102.667351,53.59382,0.169439,13.44,17.286127,5.840729,
2015-07-29,21227.118916,0,21227.118916,0,103.055351,55.322618,0.169458,12.5,17.281965,5.839893,
2015-07-30,21227.118916,0,21227.118916,0,103.544998,57.475608,0.169484,12.13,17.277489,5.839328,
2015-07-31,21227.118916,0,21227.118916,0,103.424896,56.753178,0.167594,12.12,17.273012,5.838768,
2015-08-03,21227.118916,0,21227.118916,0,103.101547,54.757624,0.167574,12.56,17.268925,5.837884,
2015-08-04,21227.118916,0,21227.118916,0,102.907547,53.541223,0.167438,13,17.265225,5.836705,
2015-08-05,21227.118916,0,21227.118916,0,103.702049,57.686806,0.167347,12.51,17.261108,5.835853,
2015-08-06,21227.118916,0,21227.118916,0,102.039093,48.026902,0.168561,13.77,17.258088,5.83423,
2015-08-07,21227.118916,0,21227.118916,0,101.909767,47.362667,0.168514,13.39,17.254745,5.832814,
2015-08-10,21227.118916,0,21227.118916,0,103.073845,53.585298,0.168821,12.23,17.250406,5.832163,
2015-08-11,21227.118916,0,21227.118916,0,101.752708,46.82034,0.169488,13.71,17.247351,5.830571,
2015-08-12,21227.118916,0,21227.118916,0,102.103783,48.67467,0.169517,13.61,17.244216,5.829034,
2015-08-13,21227.118916,0,21227.118916,0,101.937485,47.824003,0.169118,13.49,17.240982,5.827562,
2015-08-14,21227.118916,0,21227.118916,0,102.094551,48.735292,0.169031,12.83,17.237186,5.826489,
2015-08-17,21227.118916,0,21227.118916,0,102.944504,53.471207,0.169208,13.02,17.23356,5.825294,
2015-08-18,21227.118916,0,21227.118916,0,102.417908,50.366674,0.16913,13.79,17.230601,5.823664,
2015-08-19,21227.118916,0,21227.118916,0,101.743507,46.632539,0.169235,15.25,17.228901,5.821451,
2015-08-20,21227.118916,0,21227.118916,0,98.925766,34.967636,0.17267,19.139999,17.23054,5.819221,
2015-08-21,21227.118916,1429.468511,19797.650405,1,94.60215,24.74088,0.180924,28.030001,17.239794,5.82531,23.065104
2015-08-24,21009.785157,4072.091754,16937.693403,3,90.962166,19.555528,0.186996,40.740002,17.259914,5.863274,28.986462
2015-08-25,20937.410742,6811.976232,14125.43451,5,90.620331,19.149623,0.187003,36.02,17.275962,5.886392,29.048746
2015-08-26,22761.916571,8636.482061,14125.43451,5,95.184158,37.732543,0.196079,30.32,17.287111,5.896219,29.079548
2015-08-27,23714.247451,9588.812941,14125.43451,5,97.595428,44.933948,0.198332,26.1,17.294637,5.899322,23.193959
2015-08-28,23701.863159,9576.428648,14125.43451,5,97.57692,44.89103,0.198325,26.049999,17.302108,5.902346,23.204454
2015-08-31,23237.955681,9112.521171,14125.43451,5,96.366699,42.062114,0.198872,28.43,17.311594,5.908767,23.220362
2015-09-01,22207.199811,8081.7653,14125.43451,5,93.354958,35.984729,0.20251,31.4,17.323595,5.920543,29.164681
2015-09-02,23219.385973,9093.951463,14125.43451,5,95.987892,43.649986,0.205094,26.09,17.331055,5.923545,23.2546
2015-09-03,23041.222297,8915.787787,14125.43451,5,95.516724,42.66543,0.205183,25.610001,17.338095,5.925943,23.264038
2015-09-04,22629.387773,8503.953263,14125.43451,5,94.380386,40.304284,0.205618,27.799999,17.346984,5.931267,23.278251
2015-09-08,23650.681745,9525.247235,14125.43451,5,97.041107,47.614565,0.208272,24.9,17.353396,5.93283,23.286225
2015-09-09,23241.701772,9116.267261,14125.43451,5,95.950943,45.173646,0.208479,26.23,17.360925,5.935943,23.296868
2015-09-10,23630.551324,9505.116814,14125.43451,5,96.994911,47.926664,0.208646,24.370001,17.366864,5.936933,23.303797
2015-09-11,23829.983803,9704.549293,14125.43451,5,97.530724,49.332892,0.208738,23.200001,17.371804,5.936843,
2015-09-14,23700.516268,9575.081758,14125.43451,5,97.235077,48.553765,0.208676,24.25,17.377623,5.937701,23.315323
2015-09-15,24134.383022,10008.948512,14125.43451,5,98.380692,51.734715,0.208779,22.540001,17.381986,5.937086,
2015-09-16,24340.015576,10214.581065,14125.43451,5,98.934982,53.241151,0.208634,21.35,17.385338,5.935696,
2015-09-17,24348.880797,10223.446286,14125.43451,5,98.971909,53.345621,0.20863,21.139999,17.388506,5.934192,
2015-09-18,23814.728956,9689.294446,14125.43451,5,97.56427,48.863799,0.209189,22.280001,17.392631,5.933388,
2015-09-21,23915.54786,9790.113349,14125.43451,5,97.869873,49.848915,0.209215,20.139999,17.394945,5.931422,
2015-09-22,23368.033288,9242.598778,14125.43451,5,96.406654,45.344675,0.209706,22.440001,17.399192,5.930729,
2015-09-23,23389.696489,9264.261979,14125.43451,5,96.480743,45.612649,0.209677,22.129999,17.403171,5.92982,
2015-09-24,23246.1705,9120.735989,14125.43451,5,96.128853,44.496744,0.209352,23.469999,17.408269,5.929934,23.338203
2015-09-25,22910.855746,8785.421236,14125.43451,5,95.313828,41.937606,0.208018,23.620001,17.413484,5.930174,23.343659
2015-09-28,21976.529827,9445.917294,12530.612533,6,92.600395,34.76824,0.210558,27.629999,17.422055,5.935066,23.357121
2015-09-29,21771.186177,9240.573644,12530.612533,6,92.118828,33.668173,0.210648,26.83,17.429941,5.938825,23.368767
2015-09-30,22710.383076,10179.770543,12530.612533,6,94.239601,42.323049,0.212394,24.5,17.435863,5.939861,23.375723
2015-10-01,22866.320915,10335.708383,12530.612533,6,94.665581,43.906238,0.211549,22.549999,17.440142,5.939216,
2015-10-02,23616.209931,11085.597398,12530.612533,6,96.323303,49.693369,0.212543,20.940001,17.443069,5.937593,
2015-10-05,24227.688506,11697.075973,12530.612533,6,97.703186,53.952042,0.212893,19.540001,17.44482,5.935419,
2015-10-06,24012.641314,11482.028781,12530.612533,6,97.240143,52.350516,0.21296,19.4,17.446452,5.933208,
2015-10-07,24255.557821,11724.945288,12530.612533,6,97.823578,54.195489,0.212338,18.4,17.447248,5.930796,
2015-10-08,24397.791516,11867.178983,12530.612533,6,98.212532,55.43435,0.211161,17.42,17.447225,5.928322,
2015-10-09,24574.113947,12043.501414,12530.612533,6,98.657066,56.870118,0.210268,17.08,17.446919,5.925861,
2015-10-12,24610.434752,12079.822219,12530.612533,6,98.897873,57.66577,0.207984,16.17,17.445857,5.923508,
2015-10-13,24289.463453,11758.850921,12530.612533,6,98.25885,54.777865,0.207226,17.67,17.446043,5.921047,
2015-10-14,24210.846034,11680.233501,12530.612533,6,98.101418,54.059574,0.207242,18.030001,17.446528,5.918609,
2015-10-15,24970.660918,12440.048385,12530.612533,6,99.712807,59.861205,0.207924,16.049999,17.445369,5.916288,
2015-10-16,25157.695555,12627.083022,12530.612533,6,100.12957,61.225096,0.207798,15.05,17.443383,5.914234,
2015-10-19,25400.290893,12869.67836,12530.612533,6,100.703743,63.086082,0.207349,14.98,17.441342,5.912207,
2015-10-20,25133.573725,12602.961192,12530.612533,6,100.185104,60.272135,0.206761,15.75,17.439942,5.909958,
2015-10-21,24788.391048,12257.778515,12530.612533,6,99.573891,57.04292,0.204646,16.700001,17.43933,5.907549,
2015-10-22,25778.075476,13247.462943,12530.612533,6,101.602066,63.945841,0.205893,14.45,17.43686,5.905731,
2015-10-23,27205.870826,14675.258293,12530.612533,6,104.445183,70.984659,0.207724,14.46,17.434401,5.90391,
2015-10-26,27214.679262,14684.066729,12530.612533,6,104.509995,71.12306,0.207526,15.29,17.432632,5.901793,
2015-10-27,27314.611251,14783.998718,12530.612533,6,104.722992,71.60246,0.207533,15.43,17.430981,5.899638,
2015-10-28,27733.722647,15203.110114,12530.612533,6,105.593544,73.536223,0.207015,14.33,17.428427,5.897877,
2015-10-29,27642.481196,15111.868663,12530.612533,6,105.426826,72.517776,0.206968,14.61,17.426107,5.896002,
2015-10-30,27400.866333,14870.2538,12530.612533,6,104.954521,69.577865,0.207048,15.07,17.424169,5.893963,
2015-11-02,27974.415973,15443.80344,12530.612533,6,106.139931,72.582227,0.206842,14.15,17.421479,5.892286,
2015-11-03,28156.27541,15625.662877,12530.612533,6,106.510368,73.464142,0.206852,14.54,17.419113,5.890444,
2015-11-04,28153.603716,15622.991183,12530.612533,6,106.51963,73.487105,0.2068,15.51,17.417547,5.888279,
2015-11-05,28002.21634,15471.603807,12530.612533,6,106.232536,71.423907,0.206836,15.05,17.415607,5.886253,
2015-11-06,28032.981276,15502.368743,12530.612533,6,106.306633,71.645173,0.206812,14.33,17.413079,5.884503,
2015-11-09,27452.51047,14921.897937,12530.612533,6,105.176804,63.563194,0.207243,16.52,17.412349,5.882148,
2015-11-10,27311.477967,14780.865434,12530.612533,6,104.908211,61.779017,0.207242,15.29,17.410613,5.880054,
2015-11-11,27239.910091,14709.297558,12530.612533,6,104.778587,60.890722,0.207227,16.059999,17.40951,5.877777,
2015-11-12,26734.581131,14203.968598,12530.612533,6,103.759895,54.284731,0.207582,18.370001,17.410294,5.875439,
2015-11-13,25762.828359,13232.215827,12530.612533,6,101.722435,44.00235,0.208942,20.08,17.412471,5.873536,
2015-11-16,26469.367829,13938.755296,12530.612533,6,103.185654,51.157499,0.209589,18.16,17.413081,5.871178,
2015-11-17,26493.818621,13963.206089,12530.612533,6,103.250511,51.453601,0.20955,18.84,17.414243,5.868927,
2015-11-18,27491.940909,14961.328376,12530.612533,6,105.232368,59.527766,0.210572,16.85,17.413784,5.866559,
2015-11-19,27520.812842,14990.200309,12530.612533,6,105.306442,59.796905,0.210488,16.99,17.413439,5.864184,
2015-11-20,27874.733948,15344.121416,12530.612533,6,106.019539,62.389851,0.21057,15.47,17.41186,5.862061,
2015-11-23,27701.882003,15171.26947,12530.612533,6,105.713936,60.586405,0.2106,15.62,17.410406,5.859902,
2015-11-24,27645.065848,15114.453315,12530.612533,6,105.6213,60.020045,0.210419,15.93,17.409205,5.857675,
2015-11-25,27685.130385,15154.517852,12530.612533,6,105.713936,60.418514,0.210415,15.19,17.407407,5.85564,
2015-11-27,27744.296498,15213.683965,12530.612533,6,105.862083,61.086476,0.210291,15.12,17.405555,5.853629,
2015-11-30,27588.829374,15058.216841,12530.612533,6,105.593544,59.138307,0.210256,16.129999,17.404523,5.851371,
2015-12-01,28113.202621,15582.590088,12530.612533,6,106.6493,63.999373,0.210096,14.67,17.402312,5.84952,
2015-12-02,27775.513773,15244.90124,12530.612533,6,105.99176,59.270105,0.210201,15.91,17.401107,5.847309,
2015-12-03,26891.109896,14360.497363,12530.612533,6,104.195145,48.684274,0.211236,18.110001,17.401679,5.844982,
2015-12-04,28142.241156,15611.628623,12530.612533,6,106.630768,59.29755,0.212999,14.81,17.399589,5.843086,
2015-12-07,27880.594297,15349.981765,12530.612533,6,106.149185,56.796259,0.21308,15.84,17.398332,5.840897,
2015-12-08,27874.842639,15344.230106,12530.612533,6,106.158463,56.834034,0.212888,17.6,17.398494,5.838546,
2015-12-09,27077.780042,14547.167509,12530.612533,6,104.547058,48.845373,0.213693,19.610001,17.400274,5.836533,
2015-12-10,27288.996749,14758.384216,12530.612533,6,105.019348,51.018507,0.21286,19.34,17.401833,5.834444,
2015-12-11,26130.519451,13599.906918,12530.612533,6,102.602242,41.339362,0.214685,24.389999,17.407446,5.83546,23.242906
2015-12-14,26484.400653,13953.78812,12530.612533,6,103.380173,44.958691,0.214432,22.73,17.411717,5.835064,
2015-12-15,26781.426054,14250.813521,12530.612533,6,104.009888,47.768037,0.214148,20.950001,17.414555,5.833583,
2015-12-16,27539.483832,15008.871299,12530.612533,6,105.55648,53.98064,0.213895,17.860001,17.414912,5.831257,
2015-12-17,26761.799027,14231.186494,12530.612533,6,104.019173,47.883917,0.213633,18.940001,17.416133,5.82908,
2015-12-18,25768.292525,13237.679992,12530.612533,6,102.023857,41.355249,0.213089,20.700001,17.41876,5.827486,
2015-12-21,26306.631861,13776.019329,12530.612533,6,103.157135,45.869507,0.213425,18.700001,17.419784,5.825268,
2015-12-22,26635.644999,14105.032466,12530.612533,6,103.835243,48.427631,0.213541,16.6,17.419129,5.822985,
2015-12-23,27013.331348,14482.718815,12530.612533,6,104.606216,51.248559,0.21366,15.57,17.417654,5.820893,
2015-12-24,26997.440444,14466.827911,12530.612533,6,104.587685,51.176098,0.21366,15.74,17.416316,5.818763,
2015-12-28,26939.871535,14409.259002,12530.612533,6,104.531929,50.942719,0.213509,16.91,17.415912,5.81646,
2015-12-29,27773.348953,15242.73642,12530.612533,6,106.176117,57.14864,0.214295,16.08,17.414849,5.814264,
2015-12-30,27288.14288,14757.530347,12530.612533,6,105.219322,52.950787,0.214426,17.290001,17.414749,5.811951,
2015-12-31,26634.051366,14103.438833,12530.612533,6,103.909554,47.777085,0.214602,18.209999,17.415382,5.809681,
2016-01-04,25571.741219,13041.128686,12530.612533,6,101.717278,40.622549,0.216137,20.700001,17.41799,5.80811,
2016-01-05,25463.770878,12933.158345,12530.612533,6,101.540787,40.101908,0.215389,19.34,17.419516,5.806055,
2016-01-06,24984.905314,12454.292781,12530.612533,6,100.56543,37.259816,0.215081,20.59,17.42203,5.804437,
2016-01-07,23585.752139,12800.419364,10785.332775,7,97.416351,29.893444,0.217991,24.99,17.428027,5.806045,23.234072
2016-01-08,23135.708873,12350.376098,10785.332775,7,96.6175,28.361613,0.217043,27.01,17.435614,5.810004,23.245617
2016-01-11,23261.80175,14181.510129,9080.291622,8,96.914726,29.80293,0.216924,24.299999,17.441044,5.810912,23.251956
2016-01-12,23921.92883,14841.637208,9080.291622,8,98.038773,35.119257,0.216979,22.469999,17.44502,5.810333,
2016-01-13,22080.436091,13000.144469,9080.291622,8,94.657471,28.200425,0.221073,25.219999,17.451161,5.812145,23.263306
2016-01-14,23274.484963,14194.193341,9080.291622,8,96.673248,36.262154,0.222402,23.950001,17.45629,5.812717,23.269008
2016-01-15,21647.726193,12567.434572,9080.291622,8,93.672806,30.731058,0.225077,27.02,17.463833,5.816627,23.28046
2016-01-19,21709.050331,14322.565854,7386.484476,9,93.877182,31.497525,0.224659,26.049999,17.470599,5.819327,23.289925
2016-01-20,21512.216114,14125.731638,7386.484476,9,93.589211,30.977405,0.22449,27.59,17.478567,5.82396,23.302527
2016-01-21,21556.384312,14169.899836,7386.484476,9,93.682091,31.37104,0.224409,26.690001,17.485814,5.827397,23.313212
2016-01-22,23336.161626,15949.677149,7386.484476,9,96.394554,41.808338,0.225945,22.34,17.489631,5.826694,
2016-01-25,22408.134954,15021.650478,7386.484476,9,94.964005,38.484145,0.226643,24.15,17.494863,5.827394,23.322257
2016-01-26,22955.445361,15568.960885,7386.484476,9,95.818619,41.477762,0.226896,22.5,17.498791,5.826792,
2016-01-27,21426.688381,14040.203905,7386.484476,9,93.43129,36.180935,0.226725,23.110001,17.503192,5.826625,
2016-01-28,22263.932729,14877.448253,7386.484476,9,94.750351,40.68787,0.227262,22.42,17.507045,5.825965,
2016-01-29,23569.431331,16182.946854,7386.484476,9,96.728973,46.761387,0.228319,20.200001,17.509154,5.82417,
2016-02-01,23701.110677,16314.626201,7386.484476,9,96.989082,47.522151,0.228141,19.98,17.511088,5.822299,
2016-02-02,22381.806825,14995.322349,7386.484476,9,94.889687,42.271701,0.229437,21.98,17.514582,5.821362,
2016-02-03,22074.853641,14688.369165,7386.484476,9,94.434525,41.208672,0.229223,21.65,17.517813,5.820234,
2016-02-04,22058.106278,14671.621802,7386.484476,9,94.425247,41.185937,0.229221,21.84,17.521187,5.819213,
2016-02-05,20185.739816,14503.02947,5682.710346,10,91.146141,34.038025,0.232871,23.379999,17.525757,5.819242,23.344999
2016-02-08,19268.638161,15249.325514,4019.312647,11,89.752747,31.533605,0.23348,26,17.532362,5.821781,23.354143
2016-02-09,19057.90395,15038.591302,4019.312647,11,89.474068,31.041676,0.233479,26.540001,17.539377,5.824939,23.364316
2016-02-10,19254.87034,15235.557692,4019.312647,11,89.817764,32.441473,0.232767,26.290001,17.546187,5.827785,23.373972
2016-02-11,19147.347728,15128.035081,4019.312647,11,89.687706,32.175309,0.232724,28.139999,17.554425,5.833002,23.387427
2016-02-12,20132.658806,16113.346159,4019.312647,11,91.053215,37.93302,0.233023,25.4,17.560521,5.834834,23.395354
2016-02-16,21672.206952,17652.894305,4019.312647,11,93.106133,45.432902,0.234355,24.110001,17.565606,5.835421,23.401026
2016-02-17,23360.789194,19341.476547,4019.312647,11,95.214821,51.86667,0.235917,22.309999,17.569286,5.834652,
2016-02-18,22518.900332,18499.587685,4019.312647,11,94.127991,48.680813,0.236303,21.639999,17.572442,5.833489,
2016-02-19,22718.733212,18699.420565,4019.312647,11,94.406631,49.536631,0.236253,20.530001,17.574733,5.831809,
2016-02-22,23912.515147,19893.2025,4019.312647,11,95.939377,54.073683,0.236919,19.379999,17.57613,5.829766,
2016-02-23,22698.088136,18678.775489,4019.312647,11,94.360191,49.168736,0.237735,20.98,17.578763,5.828278,
2016-02-24,23400.396844,19381.084197,4019.312647,11,95.261253,51.852406,0.238019,20.719999,17.58119,5.826678,
2016-02-25,24142.427332,20123.114685,4019.312647,11,96.199486,54.543534,0.238304,19.110001,17.582371,5.824581,
2016-02-26,24029.117004,20009.804356,4019.312647,11,96.07872,54.124192,0.238225,19.809999,17.58409,5.822661,
2016-02-29,23314.253054,19294.940406,4019.312647,11,95.214821,51.097754,0.238408,20.549999,17.586376,5.820997,
2016-03-01,25880.588159,21861.275512,4019.312647,11,98.271004,59.685881,0.241192,17.700001,17.586464,5.818753,
2016-03-02,25894.589596,21875.276948,4019.312647,11,98.308136,59.778305,0.241129,17.09,17.586082,5.816528,
2016-03-03,25727.091732,21707.779084,4019.312647,11,98.122345,59.048849,0.241096,16.700001,17.5854,5.81434,
2016-03-04,25743.403234,21724.090587,4019.312647,11,98.159492,59.156167,0.241087,16.860001,17.584842,5.812138,
2016-03-07,25197.515735,21178.203088,4019.312647,11,97.555717,56.561643,0.240814,17.35,17.584662,5.809908,
2016-03-08,24539.206783,20519.894135,4019.312647,11,96.747543,53.19831,0.240992,18.67,17.585495,5.807754,
2016-03-09,24985.870353,20966.557705,4019.312647,11,97.369904,55.397818,0.240066,18.34,17.586074,5.805563,
2016-03-10,24847.621992,20828.309345,4019.312647,11,97.221291,54.736304,0.239972,18.049999,17.586429,5.80335,
2016-03-11,26259.715104,22240.402456,4019.312647,11,98.921242,60.540737,0.240744,16.5,17.585597,5.801204,
2016-03-14,26354.889475,22335.576827,4019.312647,11,99.088455,61.06957,0.240693,16.92,17.585088,5.799012,
2016-03-15,26288.90214,22269.589493,4019.312647,11,99.05127,60.874185,0.240204,16.84,17.584518,5.79683,
2016-03-16,27021.898757,23002.58611,4019.312647,11,99.933746,63.831576,0.24043,14.99,17.582536,5.795057,
2016-03-17,26949.13383,22929.821182,4019.312647,11,99.878029,63.505193,0.240147,14.44,17.580137,5.793494,
2016-03-18,27066.928319,23047.615672,4019.312647,11,100.034515,64.061005,0.240147,14.02,17.577422,5.792117,
2016-03-21,27352.368166,23333.055519,4019.312647,11,100.42585,65.476999,0.240068,13.79,17.574535,5.790851,
2016-03-22,27599.815905,23580.503257,4019.312647,11,100.733292,66.590684,0.240084,14.17,17.571942,5.789407,
2016-03-23,26892.934495,22873.621848,4019.312647,11,99.904121,60.885937,0.240251,14.94,17.569939,5.787657,
2016-03-24,26833.05789,22813.745242,4019.312647,11,99.932076,61.007218,0.238625,14.74,17.567787,5.785981,
2016-03-28,26659.249013,22639.936366,4019.312647,11,99.79232,60.005469,0.238594,15.24,17.566018,5.784136,
2016-03-29,28034.959756,24015.647109,4019.312647,11,101.394791,66.747729,0.239303,13.82,17.563174,5.782859,
2016-03-30,28432.640187,24413.32754,4019.312647,11,101.888596,68.509443,0.238987,13.56,17.560137,5.781715,
2016-03-31,28276.189382,24256.876735,4019.312647,11,101.739517,67.349354,0.238642,13.95,17.5574,5.780376,
2016-04-01,29208.791893,25189.479246,4019.312647,11,102.820259,71.16178,0.238878,13.1,17.554023,5.779487,
2016-04-04,28829.126487,24809.81384,4019.312647,11,102.428978,68.063125,0.238927,14.12,17.551423,5.77807,
2016-04-05,27967.138819,23947.826172,4019.312647,11,101.441368,60.859726,0.23903,15.42,17.549811,5.77618,
2016-04-06,29429.896586,25410.583938,4019.312647,11,103.109077,67.176924,0.239804,14.09,17.547196,5.774778,
2016-04-07,28150.655129,24131.342482,4019.312647,11,101.627716,58.192451,0.24027,16.16,17.546148,5.772721,
2016-04-08,28068.198853,24048.886206,4019.312647,11,101.553192,57.773828,0.240159,15.36,17.544498,5.770853,
2016-04-11,27707.07474,23687.762093,4019.312647,11,101.180504,55.618992,0.240153,16.26,17.543529,5.768783,
2016-04-12,28429.200038,24409.887391,4019.312647,11,102.028351,59.334871,0.240337,14.85,17.5415,5.767081,
2016-04-13,29568.464155,25549.151508,4019.312647,11,103.33271,64.288636,0.240783,13.84,17.538712,5.765803,
2016-04-14,29558.373367,25539.06072,4019.312647,11,103.341995,64.321955,0.240673,13.72,17.535839,5.764583,
2016-04-15,29316.690048,25297.377401,4019.312647,11,103.081169,62.556315,0.240687,13.62,17.532895,5.763414,
2016-04-18,29730.427383,25711.114736,4019.312647,11,103.630821,64.752137,0.240005,13.35,17.529752,5.762388,
2016-04-19,29139.569646,25120.256999,4019.312647,11,102.997276,60.358433,0.239474,13.24,17.526532,5.761422,
2016-04-20,29197.160517,25177.84787,4019.312647,11,103.081169,60.73834,0.239424,13.28,17.523346,5.760433,
2016-04-21,29188.047739,25168.735092,4019.312647,11,103.090439,60.783063,0.239339,13.95,17.520667,5.759103,
2016-04-22,27850.949808,23831.637161,4019.312647,11,101.534546,50.404738,0.240002,13.22,17.517446,5.758147,
2016-04-25,27786.855407,23767.542759,4019.312647,11,101.534546,50.404738,0.239455,14.08,17.514873,5.756759,
2016-04-26,27351.824255,23332.511607,4019.312647,11,101.040756,47.424318,0.239508,13.96,17.512214,5.755425,
2016-04-27,26656.52882,22637.216173,4019.312647,11,100.230202,42.93629,0.23969,13.77,17.509417,5.754182,
2016-04-28,25640.827934,21621.515287,4019.312647,11,99.018997,37.261671,0.240014,15.22,17.507707,5.752371,
2016-04-29,25166.526687,21147.214039,4019.312647,11,98.497284,35.109224,0.239343,15.7,17.506358,5.750435,
2016-05-02,25887.629438,21868.316791,4019.312647,11,99.42894,41.59724,0.239091,14.68,17.504251,5.748807,
2016-05-03,25117.529261,21098.216613,4019.312647,11,98.506577,37.590108,0.239341,15.6,17.502832,5.746898,
2016-05-04,24553.935557,20534.62291,4019.312647,11,97.873047,35.089767,0.238655,16.049999,17.50175,5.744893,
2016-05-05,24510.879058,20491.566411,4019.312647,11,97.8451,34.979237,0.238512,15.91,17.500565,5.742918,
2016-05-06,24924.070816,20904.758169,4019.312647,11,98.366837,38.85175,0.238489,14.72,17.498498,5.741282,
2016-05-09,25093.916054,21074.603407,4019.312647,11,98.646355,40.883151,0.238044,14.57,17.496322,5.739702,
2016-05-10,26230.29622,22210.983573,4019.312647,11,99.997284,49.59812,0.238562,13.63,17.493452,5.738537,
2016-05-11,25466.16954,21446.856892,4019.312647,11,99.093559,44.836305,0.23875,14.69,17.491372,5.736915,
2016-05-12,25090.256466,21070.943819,4019.312647,11,98.655655,42.697188,0.238796,14.41,17.489088,5.7354,
2016-05-13,24750.844507,20731.531859,4019.312647,11,98.292282,40.951247,0.23819,15.04,17.487274,5.733661,
2016-05-16,25749.755607,21730.442959,4019.312647,11,99.522125,48.610504,0.238665,14.68,17.485196,5.732046,
2016-05-17,24715.492378,20696.179731,4019.312647,11,98.273674,42.573496,0.23908,15.57,17.48378,5.730161,
2016-05-18,24994.92876,20975.616112,4019.312647,11,98.627693,44.671845,0.239118,15.95,17.482646,5.728193,
2016-05-19,24561.48206,20542.169413,4019.312647,11,98.115295,42.264668,0.239195,16.33,17.481795,5.726162,
2016-05-20,25453.331862,21434.019215,4019.312647,11,99.196014,48.560602,0.239481,15.2,17.480111,5.724382,
2016-05-23,25301.743147,21282.4305,4019.312647,11,99.065582,47.881951,0.239483,15.82,17.478886,5.722447,
2016-05-24,26994.435436,22975.122789,4019.312647,11,101.050095,57.592783,0.240274,14.42,17.476632,5.720939,
2016-05-25,27580.656572,23561.343924,4019.312647,11,101.776787,60.495447,0.239659,13.9,17.473999,5.719655,
2016-05-26,27824.86604,23805.553392,4019.312647,11,102.074883,61.65491,0.23967,13.43,17.471023,5.718601,
2016-05-27,28271.715591,24252.402943,4019.312647,11,102.60601,63.699251,0.239641,13.12,17.467824,5.717714,
2016-05-31,28385.078493,24365.765845,4019.312647,11,102.801643,64.451043,0.239619,14.19,17.465415,5.716302,
2016-06-01,28377.805917,24358.493269,4019.312647,11,102.810928,64.488633,0.239587,14.2,17.463018,5.714886,
2016-06-02,28550.957717,24531.64507,4019.312647,11,103.025215,65.398016,0.239574,13.63,17.460205,5.713731,
2016-06-03,28108.43359,24089.120943,4019.312647,11,102.540756,61.559856,0.239464,13.47,17.45728,5.712657,
2016-06-06,28392.569514,24373.256867,4019.312647,11,102.913437,63.342192,0.239484,13.65,17.454491,5.711492,
2016-06-07,28138.478983,24119.166335,4019.312647,11,102.65255,61.202866,0.239184,14.05,17.451999,5.710142,
2016-06-08,28279.178329,24259.865682,4019.312647,11,102.829597,62.137445,0.239182,14.08,17.449532,5.70878,
2016-06-09,28097.532569,24078.219921,4019.312647,11,102.661873,60.646997,0.238639,14.64,17.447478,5.707198,
2016-06-10,27086.290658,23066.97801,4019.312647,11,101.497276,51.42363,0.23903,17.030001,17.447173,5.705122,
2016-06-13,26316.330607,22297.01796,4019.312647,11,100.64946,45.945478,0.239037,20.969999,17.449745,5.703832,
2016-06-14,26298.934391,22279.621743,4019.312647,11,100.64946,45.945478,0.238961,20.5,17.451969,5.702345,
2016-06-15,26036.131953,22016.819305,4019.312647,11,100.360619,44.089663,0.238898,20.139999,17.453929,5.700727,
2016-06-16,26275.628531,22256.315884,4019.312647,11,100.658768,46.492189,0.238901,19.370001,17.455324,5.698884,
2016-06-17,25254.084473,21234.771825,4019.312647,11,99.478928,39.296054,0.238681,19.41,17.456747,5.697052,
2016-06-20,25740.092017,21720.779369,4019.312647,11,100.10479,44.227556,0.238731,18.370001,17.457411,5.695032,
2016-06-21,25989.985575,21970.672928,4019.312647,11,100.422432,46.598702,0.238596,18.48,17.458154,5.693028,
2016-06-22,25769.672501,21750.359854,4019.312647,11,100.179527,45.022364,0.238611,21.17,17.46085,5.691837,
2016-06-23,26999.36911,22980.056463,4019.312647,11,101.60878,54.726877,0.239143,17.25,17.460697,5.689773,
2016-06-24,23684.447594,19665.134946,4019.312647,11,97.423744,35.157398,0.244399,25.76,17.466715,5.692097,23.158813
2016-06-27,22140.203431,19970.306705,2169.896726,12,95.490036,29.846703,0.245439,23.85,17.471341,5.692627,23.163968
2016-06-28,23930.626806,21760.730079,2169.896726,12,97.582588,40.347728,0.245176,18.75,17.472266,5.690668,
2016-06-29,25500.95269,23331.055963,2169.896726,12,99.31076,47.356242,0.246047,16.639999,17.471664,5.688652,
2016-06-30,26544.304461,24374.407734,2169.896726,12,100.459793,51.441281,0.246252,15.63,17.470333,5.686809,
2016-07-01,26997.816019,24827.919292,2169.896726,12,100.964272,53.159832,0.246324,14.77,17.468382,5.685216,
2016-07-05,26367.326624,24197.429898,2169.896726,12,100.347694,50.793722,0.246419,15.58,17.467018,5.683388,
2016-07-06,27119.458092,24949.561365,2169.896726,12,101.169724,53.749375,0.246594,14.96,17.465209,5.681735,
2016-07-07,27344.417304,25174.520578,2169.896726,12,101.468681,54.812439,0.245702,14.76,17.463259,5.680149,
2016-07-08,28838.313349,26668.416622,2169.896726,12,103.038086,60.008974,0.246378,13.2,17.460187,5.679254,
2016-07-11,29330.224495,27160.327768,2169.896726,12,103.626595,61.783758,0.245808,13.54,17.457365,5.678183,
2016-07-12,29786.14108,27616.244353,2169.896726,12,104.149727,63.341175,0.245,13.55,17.454554,5.677106,
2016-07-13,29522.405254,27352.508528,2169.896726,12,103.897499,62.028627,0.244896,13.04,17.45138,5.676297,
2016-07-14,30199.367869,28029.471142,2169.896726,12,104.607491,64.272881,0.245026,12.82,17.448053,5.675614,
2016-07-15,29997.633252,27827.736526,2169.896726,12,104.439308,63.318204,0.244459,12.67,17.444623,5.675019,
2016-07-18,30604.654988,28434.758262,2169.896726,12,105.1306,65.58123,0.243955,12.44,17.441033,5.674565,
2016-07-19,30214.618681,28044.721955,2169.896726,12,104.747597,63.252897,0.243959,11.97,17.437111,5.674421,
2016-07-20,31415.760558,29245.863832,2169.896726,12,105.971352,67.253349,0.244357,11.77,17.433052,5.674414,
2016-07-21,31146.092276,28976.19555,2169.896726,12,105.728447,65.723899,0.243986,12.74,17.429692,5.673771,
2016-07-22,31564.594182,29394.697456,2169.896726,12,106.167511,67.176937,0.243992,12.02,17.425823,5.673585,
2016-07-25,31515.605612,29345.708886,2169.896726,12,106.176849,67.208777,0.243698,12.87,17.422566,5.672863,
2016-07-26,31612.579937,29442.683211,2169.896726,12,106.298325,67.648409,0.243488,13.05,17.419443,5.672039,
2016-07-27,32329.875794,30159.979067,2169.896726,12,107.036278,70.2572,0.243413,12.83,17.416167,5.671339,
2016-07-28,32688.748893,30518.852167,2169.896726,12,107.409935,71.509954,0.243407,12.72,17.412817,5.670702,
2016-07-29,32906.307104,30736.410377,2169.896726,12,107.643494,72.295447,0.243357,11.87,17.408867,5.67061,
2016-08-01,33437.87632,31267.979594,2169.896726,12,108.213303,74.16676,0.243429,12.44,17.405328,5.67014,
2016-08-02,32598.137705,30428.240978,2169.896726,12,107.391273,67.122933,0.243577,13.37,17.402456,5.669142,
2016-08-03,32940.531542,30770.634816,2169.896726,12,107.746254,68.513604,0.243594,12.86,17.399225,5.668419,
2016-08-04,33231.184015,31061.287289,2169.896726,12,108.054504,69.711695,0.243447,12.42,17.395686,5.667958,
2016-08-05,34251.643369,32081.746642,2169.896726,12,109.091438,73.381053,0.242909,11.39,17.39142,5.668203,
2016-08-08,34081.349913,31911.453187,2169.896726,12,108.970016,72.276861,0.242907,11.5,17.387239,5.668363,
2016-08-09,34311.873576,32141.97685,2169.896726,12,109.222237,73.179663,0.242552,11.66,17.383177,5.668404,
2016-08-10,33992.935338,31823.038612,2169.896726,12,108.941971,70.434849,0.24206,12.05,17.379398,5.668172,
2016-08-11,34456.776942,32286.880215,2169.896726,12,109.409065,72.299628,0.242078,11.68,17.375361,5.668193,
2016-08-12,34517.881064,32347.984338,2169.896726,12,109.483795,72.59742,0.242068,11.55,17.371239,5.668304,
2016-08-15,34954.509225,32784.612499,2169.896726,12,109.950867,74.446484,0.24211,11.81,17.367306,5.668227,
2016-08-16,34310.937169,32141.040442,2169.896726,12,109.343658,68.020506,0.242018,12.64,17.363965,5.667616,
2016-08-17,34494.661314,32324.764588,2169.896726,12,109.539864,68.953054,0.241939,12.19,17.360311,5.667281,
2016-08-18,34503.472275,32333.575548,2169.896726,12,109.567871,69.09161,0.241797,11.43,17.356126,5.66747,
2016-08-19,34379.416316,32209.519589,2169.896726,12,109.539864,68.761139,0.239369,11.34,17.351883,5.667722,
2016-08-22,34219.804627,29703.582497,4516.222129,11,109.623894,69.236571,0.233122,12.27,17.348302,5.667329,
2016-08-23,34250.352345,24386.180162,9864.172183,9,109.820091,70.370437,0.228136,12.38,17.344803,5.666866,
2016-08-24,33690.033724,18604.562792,15085.470931,7,109.110123,61.532307,0.228237,13.45,17.342062,5.665812,
2016-08-25,33419.305127,18333.834196,15085.470931,7,108.932663,59.520071,0.220678,13.63,17.339451,5.664673,
2016-08-26,33466.479123,18381.008191,15085.470931,7,109.091438,60.756616,0.218702,13.65,17.336859,5.663526,
2016-08-29,33532.16879,18446.697858,15085.470931,7,109.240936,61.935649,0.218703,12.94,17.333771,5.662734,
2016-08-30,33300.016832,18214.5459,15085.470931,7,108.885933,57.516548,0.218194,13.12,17.330814,5.661846,
2016-08-31,33154.999353,18069.528422,15085.470931,7,108.773827,56.153986,0.214719,13.42,17.328072,5.660807,
2016-09-01,33267.271769,18181.800838,15085.470931,7,109.054085,58.782771,0.212217,13.48,17.325375,5.659738,
2016-09-02,33473.376757,18387.905826,15085.470931,7,109.409065,61.898753,0.212141,11.98,17.321632,5.659523,
2016-09-06,33849.793881,18764.32295,15085.470931,7,110.090996,67.051842,0.211713,12.02,17.317922,5.659279,
2016-09-07,33834.980743,18749.509811,15085.470931,7,110.156395,67.505733,0.209164,11.94,17.314161,5.659086,
2016-09-08,33425.874738,18340.403806,15085.470931,7,109.511841,58.894464,0.208822,12.51,17.310804,5.658532,
2016-09-09,31794.601428,16709.130496,15085.470931,7,106.756035,37.102272,0.21077,17.5,17.310936,5.656557,
2016-09-12,32937.664077,17852.193145,15085.470931,7,108.671074,50.742275,0.211714,15.16,17.309435,5.654867,
2016-09-13,32349.537262,17264.066331,15085.470931,7,107.699539,45.367174,0.211974,17.85,17.309812,5.652911,
2016-09-14,32642.957655,17557.486724,15085.470931,7,108.213303,48.475456,0.211602,18.139999,17.31039,5.650983,
2016-09-15,33669.02124,18583.550308,15085.470931,7,109.894836,57.082074,0.212279,16.299999,17.309687,5.649076,
2016-09-16,33629.045537,18543.574605,15085.470931,7,109.842384,56.763559,0.212281,15.37,17.308337,5.647341,
2016-09-19,33301.189046,18215.718114,15085.470931,7,109.364761,53.818662,0.211617,15.53,17.3071,5.64557,
2016-09-20,33418.624746,18333.153815,15085.470931,7,109.570801,54.905522,0.211599,15.92,17.306136,5.643725,
2016-09-21,34062.176402,18976.705471,15085.470931,7,110.647774,60.180731,0.211066,13.3,17.303354,5.642752,
2016-09-22,34602.574001,19517.10307,15085.470931,7,111.528076,63.898274,0.211251,12.02,17.299688,5.642509,
2016-09-23,34155.679572,19070.208641,15085.470931,7,110.81636,59.094637,0.211357,12.29,17.296214,5.642093,
2016-09-26,33561.213769,18475.742837,15085.470931,7,109.889206,53.45678,0.21135,14.5,17.294276,5.640617,
2016-09-27,34175.778897,16431.781353,17743.997543,6,110.975548,58.457759,0.20864,13.1,17.291371,5.639742,
2016-09-28,34266.524189,16522.526645,17743.997543,6,111.162857,59.270377,0.208521,12.39,17.287979,5.639263,
2016-09-29,33811.242136,16067.244593,17743.997543,6,110.357452,54.347535,0.207046,14.02,17.285719,5.637967,
2016-09-30,34242.495782,16498.498239,17743.997543,6,111.181564,58.175482,0.207155,13.29,17.282958,5.636996,
2016-10-03,34123.591749,16379.594206,17743.997543,6,111.022377,57.178152,0.206187,13.57,17.280394,5.635892,
2016-10-04,34017.825969,16273.828426,17743.997543,6,110.853798,56.081675,0.205544,13.63,17.277874,5.634762,
2016-10-05,34219.422345,16475.424802,17743.997543,6,111.247131,58.100595,0.205478,12.99,17.274917,5.633942,
2016-10-06,34181.440664,16437.44312,17743.997543,6,111.190948,57.692632,0.205377,12.84,17.271861,5.633203,
2016-10-07,34045.074764,16301.077221,17743.997543,6,110.947472,55.862021,0.20536,13.48,17.269249,5.63214,
2016-10-10,34400.761466,16656.763923,17743.997543,6,111.649841,59.82253,0.205422,13.38,17.266573,5.631125,
2016-10-11,33559.813236,15815.815693,17743.997543,6,110.057777,49.073586,0.20618,15.36,17.265261,5.629409,
2016-10-12,33501.290379,15757.292835,17743.997543,6,109.964172,48.521561,0.206018,15.91,17.26433,5.627585,
2016-10-13,33288.211088,15544.213545,17743.997543,6,109.570801,46.171012,0.20606,16.690001,17.263935,5.625671,
2016-10-14,33336.825118,15592.827575,17743.997543,6,109.701912,47.091007,0.205176,16.120001,17.26315,5.623819,
2016-10-17,33158.840758,15414.843215,17743.997543,6,109.402237,45.189902,0.205158,16.209999,17.262428,5.621956,
2016-10-18,33668.384829,15924.387286,17743.997543,6,110.376183,51.97566,0.205312,15.28,17.261069,5.620267,
2016-10-19,33655.173494,15911.17595,17743.997543,6,110.366806,51.909029,0.205205,14.41,17.259116,5.618836,
2016-10-20,33576.97178,15832.974236,17743.997543,6,110.235687,50.925882,0.205064,13.75,17.256715,5.617662,
2016-10-21,33769.309939,16025.312396,17743.997543,6,110.647774,53.882209,0.203718,13.34,17.254036,5.616673,
2016-10-24,34431.67833,16687.680787,17743.997543,6,111.977608,61.865954,0.201545,13.02,17.251141,5.615843,
2016-10-25,34234.167268,16490.169725,17743.997543,6,111.621742,58.926144,0.201587,13.46,17.248552,5.614798,
2016-10-26,33823.267662,16079.270119,17743.997543,6,110.863182,53.130516,0.201754,14.24,17.246498,5.61343,
2016-10-27,33544.737857,15800.740314,17743.997543,6,110.357452,49.6261,0.201602,15.36,17.245211,5.61173,
2016-10-28,33172.243079,15428.245536,17743.997543,6,109.664444,45.224134,0.201741,16.190001,17.244492,5.609884,
2016-10-31,33096.758499,15352.760955,17743.997543,6,109.56144,44.591014,0.201668,17.059999,17.244366,5.607973,
2016-11-01,32652.155342,14908.157798,17743.997543,6,108.737289,39.791068,0.201438,18.559999,17.245262,5.606168,
2016-11-02,32192.788938,14448.791395,17743.997543,6,107.866364,35.448501,0.201632,19.32,17.246673,5.604521,
2016-11-03,31643.291732,13899.294188,17743.997543,6,106.808121,31.018798,0.201983,22.08,17.249959,5.604031,
2016-11-04,31444.095816,13700.098272,17743.997543,6,106.433502,29.60828,0.202001,22.51,17.253533,5.603804,
2016-11-07,32767.720027,15023.722484,17743.997543,6,108.962044,47.095227,0.203954,18.709999,17.254521,5.602028,
2016-11-08,33132.331659,15388.334115,17743.997543,6,109.673828,50.800467,0.203683,18.74,17.255529,5.60026,
2016-11-09,33394.457608,15650.460065,17743.997543,6,110.179535,53.302813,0.203726,14.38,17.25358,5.598861,
2016-11-10,32463.834101,14719.836557,17743.997543,6,108.400192,44.690047,0.204676,14.74,17.251877,5.597345,
2016-11-11,32476.173491,14732.175947,17743.997543,6,108.446999,44.942072,0.204328,14.17,17.24979,5.596023,
2016-11-14,31869.037466,14125.039922,17743.997543,6,107.351288,40.311413,0.203286,14.48,17.247916,5.594592,
2016-11-15,32638.907803,14894.910259,17743.997543,6,108.84034,48.132758,0.203236,13.37,17.245294,5.593608,
2016-11-16,32974.715181,15230.717638,17743.997543,6,109.486542,51.125801,0.203351,13.72,17.242912,5.592468,
2016-11-17,33375.591045,15631.593501,17743.997543,6,110.282539,54.601108,0.202267,13.35,17.240284,5.591493,
2016-11-18,33150.26917,15406.271627,17743.997543,6,109.870491,52.519241,0.202321,12.85,17.237321,5.590768,
2016-11-21,33743.737878,15999.740334,17743.997543,6,111.013016,57.372602,0.202536,12.42,17.234073,5.590282,
2016-11-22,33918.350842,16174.353299,17743.997543,6,111.350151,58.713681,0.202531,12.41,17.230822,5.589799,
2016-11-23,33670.974056,15926.976513,17743.997543,6,110.900635,56.17597,0.202591,12.43,17.227589,5.589304,
2016-11-25,33849.430839,16105.433296,17743.997543,6,111.2565,57.733458,0.202622,12.34,17.2243,5.58886,
2016-11-28,33693.9247,15949.927156,17743.997543,6,111.003685,56.20522,0.202638,13.15,17.22156,5.587979,
2016-11-29,33894.104034,16150.10649,17743.997543,6,111.387581,58.022311,0.202649,12.9,17.218656,5.587223,
2016-11-30,33167.185856,15423.188313,17743.997543,6,110.039055,50.150726,0.202852,13.33,17.216044,5.586254,
2016-12-01,32169.561018,14425.563475,17743.997543,6,108.137985,41.585603,0.203804,14.07,17.213933,5.584972,
2016-12-02,32260.325441,14516.327897,17743.997543,6,108.353325,42.777756,0.202763,14.12,17.211858,5.583673,
2016-12-05,32660.95716,14916.959617,17743.997543,6,109.196175,47.310363,0.20108,12.14,17.208458,5.583344,
2016-12-06,32792.743992,15048.746448,17743.997543,6,109.45842,48.672666,0.201021,11.79,17.204829,5.583234,
2016-12-07,33535.004291,15791.006748,17743.997543,6,110.844429,55.25707,0.201577,12.22,17.201493,5.582854,
2016-12-08,33623.403476,15879.405933,17743.997543,6,111.041107,56.117341,0.200722,12.64,17.198441,5.582232,
2016-12-09,34090.066048,16346.068504,17743.997543,6,111.912041,59.803023,0.200863,11.75,17.194799,5.582142,
2016-12-12,33772.53601,16028.538466,17743.997543,6,111.406334,56.818903,0.198937,12.64,17.191757,5.581518,
2016-12-13,34536.097457,16792.099914,17743.997543,6,112.811104,62.427501,0.199288,12.72,17.188772,5.58085,
2016-12-14,34400.388515,16656.390972,17743.997543,6,112.576973,61.005283,0.199189,13.19,17.186104,5.579942,
2016-12-15,34482.793887,16738.796344,17743.997543,6,112.754929,61.719137,0.198434,12.79,17.183173,5.579236,
2016-12-16,34238.765953,16494.76841,17743.997543,6,112.336914,58.987469,0.197676,12.2,17.179853,5.578858,
2016-12-19,34456.698026,16712.700482,17743.997543,6,112.797173,61.032526,0.1963,11.71,17.176212,5.578785,
2016-12-20,34684.369013,16940.371469,17743.997543,6,113.22924,62.902635,0.195925,11.45,17.172402,5.578883,
2016-12-21,34629.990505,16885.992962,17743.997543,6,113.144699,62.272889,0.195787,11.27,17.168477,5.579104,
2016-12-22,34446.085175,16702.087632,17743.997543,6,112.825356,59.836015,0.195639,11.43,17.164664,5.57921,
2016-12-23,34481.2081,16737.210556,17743.997543,6,112.900497,60.230377,0.195639,11.44,17.160863,5.579306,
2016-12-27,34778.778804,17034.78126,17743.997543,6,113.482834,63.242545,0.195722,11.99,17.157432,5.579044,
2016-12-28,34278.350196,16534.352652,17743.997543,6,112.599907,56.282149,0.195095,12.95,17.154642,5.578245,
2016-12-29,34180.801852,16436.804308,17743.997543,6,112.440247,55.101169,0.194785,13.37,17.152134,5.577246,
2016-12-30,33539.076873,15795.079329,17743.997543,6,111.284943,47.357536,0.194594,14.04,17.150073,5.575973,
2017-01-03,34043.586084,16299.588541,17743.997543,6,112.280586,53.431454,0.193119,12.85,17.147227,5.575224,
2017-01-04,34375.343932,16631.346389,17743.997543,6,112.891106,56.728429,0.193196,11.85,17.143724,5.575043,
2017-01-05,34720.67059,16976.673046,17743.997543,6,113.529816,59.925008,0.192915,11.67,17.140106,5.574976,
2017-01-06,35235.837433,17491.83989,17743.997543,6,114.525444,64.346448,0.189202,11.32,17.136262,5.57514,
2017-01-09,35426.874986,15043.856208,20383.018778,5,114.901154,65.876423,0.188925,11.56,17.132581,5.57514,
2017-01-10,35541.431361,12492.722503,23048.708858,4,115.154762,66.908691,0.188912,11.49,17.128859,5.575183,
2017-01-11,35652.958564,9256.523699,26396.434865,3,115.464714,68.175788,0.188475,11.26,17.12499,5.575381,
2017-01-12,35578.692205,9182.257339,26396.434865,3,115.286247,66.594602,0.18351,11.54,17.121311,5.575386,
2017-01-13,35681.694471,9285.259606,26396.434865,3,115.680733,68.342392,0.181904,11.23,17.117433,5.575598,
2017-01-17,35555.817714,9159.382848,26396.434865,3,115.333229,65.110643,0.177768,11.87,17.11398,5.575388,
2017-01-18,35620.204738,6266.571277,29353.633461,2,115.568047,66.271297,0.177767,12.48,17.110934,5.57482,
2017-01-19,35607.554977,6253.921515,29353.633461,2,115.511673,65.70617,0.177712,12.78,17.108088,5.574092,
2017-01-20,35654.038668,6300.405207,29353.633461,2,115.765289,67.066802,0.177719,11.54,17.104432,5.574087,
2017-01-23,35658.693656,6305.060194,29353.633461,2,115.859215,67.579818,0.174557,11.77,17.100932,5.573932,
2017-01-24,35804.070975,6450.437514,29353.633461,2,116.638786,71.542194,0.173677,11.07,17.096977,5.574243,
2017-01-25,36028.182531,3216.097092,32812.085439,1,117.812881,76.250156,0.173753,10.81,17.092857,5.574739,
2017-01-26,36034.584271,3222.498832,32812.085439,1,117.93499,76.682218,0.170895,10.63,17.088625,5.575365,
2017-01-27,36054.069385,3241.983946,32812.085439,1,118.160408,77.496117,0.17017,10.58,17.084365,5.576026,
2017-01-30,35961.985833,3149.900394,32812.085439,1,117.239944,67.183924,0.168808,11.88,17.080961,5.57579,
2017-01-31,35938.84718,3126.761741,32812.085439,1,117.005119,64.814379,0.168825,11.99,17.077634,5.575486,
2017-02-01,36011.808345,3199.722905,32812.085439,1,117.812881,68.880298,0.166767,11.81,17.074193,5.575289,
2017-02-02,36000.904341,3188.818902,32812.085439,1,117.709541,67.800857,0.166641,11.93,17.070836,5.575017,
2017-02-03,36032.292401,3220.206962,32812.085439,1,118.047707,69.48604,0.166654,10.97,17.066856,5.575375,
2017-02-06,36035.825257,3223.739818,32812.085439,1,118.188568,70.185997,0.160836,11.37,17.063142,5.575454,
2017-02-07,36075.13546,3263.050021,32812.085439,1,118.620659,72.286086,0.159642,11.29,17.059381,5.575584,
2017-02-08,36093.202734,3281.117294,32812.085439,1,118.817924,73.21375,0.159562,11.45,17.055729,5.575605,
2017-02-09,36134.026084,3321.940644,32812.085439,1,119.249947,75.173695,0.159557,10.88,17.051711,5.576015,
2017-02-10,36171.290211,3359.204772,32812.085439,1,119.644455,76.840183,0.159548,10.85,17.047679,5.576443,
2017-02-13,36233.480078,3421.394639,32812.085439,1,120.320747,79.393774,0.158752,11.07,17.043795,5.576712,
2017-02-14,36269.991578,3457.906139,32812.085439,1,120.724632,80.758258,0.156711,10.74,17.039701,5.577214,
2017-02-15,36337.023814,3524.938375,32812.085439,1,121.438477,82.911992,0.154697,11.97,17.036411,5.576899,
2017-02-16,36331.978369,3519.89293,32812.085439,1,121.400925,82.389557,0.153977,11.76,17.03299,5.576708,
2017-02-17,36382.591334,3570.505895,32812.085439,1,121.926888,83.918045,0.15401,11.49,17.029397,5.576685,
2017-02-21,36437.524061,3625.438622,32812.085439,1,122.528046,85.470313,0.153007,11.57,17.025861,5.576608,
2017-02-22,36440.349241,3628.263802,32812.085439,1,122.574989,85.587302,0.151539,11.74,17.02244,5.576424,
2017-02-23,36394.264863,3582.179424,32812.085439,1,122.114754,78.881471,0.151303,11.71,17.019004,5.576256,
2017-02-24,36416.256526,3604.171086,32812.085439,1,122.349571,79.75311,0.150934,11.47,17.015417,5.576237,
2017-02-27,36428.620301,3616.534862,32812.085439,1,122.499863,80.313173,0.150911,12.09,17.012235,5.57584,
2017-02-28,36390.699796,3578.614357,32812.085439,1,122.124146,74.746675,0.150509,12.92,17.009593,5.575009,
2017-03-01,36520.678258,0,36520.678258,0,123.457954,80.036576,0.15,12.54,17.00671,5.574365,
2017-03-02,36520.678258,0,36520.678258,0,122.838005,72.441,0.15,11.81,17.003359,5.574129,
2017-03-03,36520.678258,0,36520.678258,0,123.063446,73.428528,0.15,10.96,16.999465,5.574443,
2017-03-06,36520.678258,0,36520.678258,0,122.791023,70.15699,0.15,11.24,16.995757,5.574563,
2017-03-07,36520.678258,0,36520.678258,0,122.584366,67.693087,0.15,11.45,16.992188,5.574543,
2017-03-08,36520.678258,0,36520.678258,0,122.80043,68.922004,0.15,11.86,16.988887,5.574269,
2017-03-09,36520.678258,0,36520.678258,0,122.894356,69.465754,0.15,12.3,16.985874,5.573744,
2017-03-10,36520.678258,0,36520.678258,0,123.410957,72.333002,0.15,11.66,16.982453,5.573587,
2017-03-13,36520.678258,0,36520.678258,0,123.617569,73.408488,0.15,11.35,16.978838,5.573624,
2017-03-14,36520.678258,0,36520.678258,0,123.317009,69.194664,0.15,12.3,16.975837,5.573095,
2017-03-15,36520.678258,0,36520.678258,0,124.077827,73.362895,0.15,11.63,16.97241,5.572951,
2017-03-16,36520.678258,0,36520.678258,0,123.993294,72.19404,0.15,11.21,16.968719,5.573073,
2017-03-17,36520.678258,0,36520.678258,0,123.949974,71.564789,0.15,11.28,16.965077,5.573147,
2017-03-20,36520.678258,0,36520.678258,0,124.062973,72.244379,0.15,11.34,16.961478,5.573179,
2017-03-21,36520.678258,0,36520.678258,0,122.180466,50.563575,0.15,12.47,16.958606,5.572553,
2017-03-22,36520.678258,0,36520.678258,0,123.008759,56.718286,0.15,12.81,16.955955,5.571758,
2017-03-23,36520.678258,0,36520.678258,0,122.698158,54.003205,0.15,13.12,16.953506,5.570821,
2017-03-24,36520.678258,0,36520.678258,0,122.952301,55.864883,0.15,12.96,16.950957,5.569956,
2017-03-27,36520.678258,0,36520.678258,0,123.150002,57.312303,0.15,12.5,16.948119,5.569313,
2017-03-28,36520.678258,0,36520.678258,0,123.902946,62.373406,0.15,11.53,16.944665,5.569217,
2017-03-29,36520.678258,0,36520.678258,0,124.477104,65.711815,0.15,11.42,16.941146,5.569187,
2017-03-30,36520.678258,0,36520.678258,0,124.684174,66.854023,0.15,11.54,16.937708,5.569081,
2017-03-31,36520.678258,0,36520.678258,0,124.599449,65.88691,0.15,12.37,16.934803,5.5685,
2017-04-03,36520.678258,0,36520.678258,0,124.524139,64.986992,0.15,12.38,16.931907,5.567913,
2017-04-04,36520.678258,0,36520.678258,0,124.72184,66.28872,0.15,11.79,16.92864,5.567652,
2017-04-05,36520.678258,0,36520.678258,0,124.213531,60.101694,0.15,12.89,16.926076,5.566813,
2017-04-06,36520.678258,0,36520.678258,0,124.279427,60.614892,0.15,12.39,16.923198,5.566218,
2017-04-07,36520.678258,0,36520.678258,0,124.213531,59.786721,0.15,12.87,16.920628,5.565388,
2017-04-10,36520.678258,0,36520.678258,0,124.26062,60.205144,0.15,14.05,16.918809,5.564093,
2017-04-11,36520.678258,0,36520.678258,0,123.724106,53.388881,0.15,15.07,16.917638,5.562524,
2017-04-12,36520.678258,0,36520.678258,0,123.225258,47.952661,0.15,15.77,16.916911,5.560837,
2017-04-13,36520.678258,0,36520.678258,0,122.735832,43.294813,0.15,15.96,16.916306,5.559129,
2017-04-17,36520.678258,0,36520.678258,0,123.752342,53.415761,0.15,14.66,16.91488,5.55766,
2017-04-18,36520.678258,0,36520.678258,0,123.564095,51.57973,0.15,14.42,16.913304,5.556257,
2017-04-19,36520.678258,0,36520.678258,0,123.761765,53.391374,0.15,14.93,16.912052,5.554726,
2017-04-20,36520.678258,0,36520.678258,0,124.797134,61.513866,0.15,14.15,16.910309,5.553405,
2017-04-21,36520.678258,0,36520.678258,0,124.768867,61.20029,0.15,14.63,16.908871,5.551948,
2017-04-24,36520.678258,0,36520.678258,0,126.274811,69.980257,0.15,10.84,16.905047,5.552288,
2017-04-25,36520.678258,0,36520.678258,0,127.187805,73.844556,0.15,10.76,16.901178,5.55268,
2017-04-26,36520.678258,0,36520.678258,0,127.009033,71.893064,0.15,10.85,16.897369,5.553007,
2017-04-27,36520.678258,0,36520.678258,0,127.771362,74.934961,0.15,10.36,16.893258,5.55368,
2017-04-28,36520.678258,0,36520.678258,0,127.997276,75.771791,0.15,10.82,16.889441,5.554021,
2017-05-01,36520.678258,0,36520.678258,0,129.136139,79.489376,0.15,10.11,16.885182,5.554874,
2017-05-02,36520.678258,0,36520.678258,0,129.352615,80.113989,0.15,10.59,16.88123,5.555369,
2017-05-03,36520.678258,0,36520.678258,0,128.938507,75.384622,0.15,10.68,16.87734,5.555796,
2017-05-04,36520.678258,0,36520.678258,0,128.985535,75.561063,0.15,10.46,16.873317,5.556377,
2017-05-05,36520.678258,0,36520.678258,0,129.456192,77.313709,0.15,10.57,16.869367,5.556876,
2017-05-08,36520.678258,0,36520.678258,0,129.738541,78.31826,0.15,9.77,16.864922,5.557974,
2017-05-09,36520.678258,0,36520.678258,0,130.190353,79.855435,0.15,9.96,16.860601,5.558918,
2017-05-10,36520.678258,0,36520.678258,0,130.265594,80.108354,0.15,10.21,16.856442,5.559667,
2017-05-11,36520.678258,0,36520.678258,0,130.162094,78.645607,0.15,10.6,16.852531,5.560128,
2017-05-12,36520.678258,0,36520.678258,0,130.453873,79.76722,0.15,10.4,16.848501,5.560729,
2017-05-15,36520.678258,0,36520.678258,0,130.868011,81.270884,0.15,10.42,16.844488,5.561312,
2017-05-16,36520.678258,0,36520.678258,0,131.413956,83.05835,0.15,10.65,16.840624,5.561729,
2017-05-17,36520.678258,0,36520.678258,0,128.072556,50.985746,0.15,15.59,16.839844,5.560081,
2017-05-18,36520.678258,0,36520.678258,0,129.192612,56.982207,0.15,14.66,16.838486,5.558614,
2017-05-19,36520.678258,0,36520.678258,0,129.738541,59.578008,0.15,12.04,16.835498,5.558172,
2017-05-22,36520.678258,0,36520.678258,0,130.830368,64.227212,0.15,10.93,16.831823,5.558394,
2017-05-23,36520.678258,0,36520.678258,0,130.962112,64.753997,0.15,10.72,16.828022,5.558754,
2017-05-24,36520.678258,0,36520.678258,0,131.564545,67.137124,0.15,10.02,16.823791,5.559617,
2017-05-25,36520.678258,0,36520.678258,0,132.68457,71.055513,0.15,9.99,16.819547,5.560498,
2017-05-26,36520.678258,0,36520.678258,0,132.919861,71.815785,0.15,9.81,16.815196,5.561513,
2017-05-30,36520.678258,0,36520.678258,0,133.032837,72.193459,0.15,10.38,16.811203,5.562097,
2017-05-31,36520.678258,0,36520.678258,0,132.985779,71.7621,0.15,10.41,16.807235,5.562655,
2017-06-01,36520.678258,0,36520.678258,0,133.503448,73.628797,0.15,9.89,16.802949,5.563595,
2017-06-02,36520.678258,0,36520.678258,0,135.028229,78.200057,0.15,9.75,16.798582,5.56464,
2017-06-05,36520.678258,0,36520.678258,0,134.999954,77.930292,0.15,10.07,16.794418,5.565434,
2017-06-06,36520.678258,0,36520.678258,0,134.463486,72.798887,0.15,10.45,16.790495,5.565949,
2017-06-07,36520.678258,0,36520.678258,0,134.990616,74.570718,0.15,10.39,16.786539,5.566502,
2017-06-08,36520.678258,0,36520.678258,0,135.131775,75.0396,0.15,10.16,16.782446,5.567218,
2017-06-09,36520.678258,0,36520.678258,0,131.752716,50.862727,0.15,10.7,16.778691,5.56755,
2017-06-12,36520.678258,0,36520.678258,0,131.046814,47.425155,0.15,11.46,16.77541,5.567398,
2017-06-13,36520.678258,0,36520.678258,0,132.110428,52.621065,0.15,10.42,16.771492,5.567918,
2017-06-14,36520.678258,0,36520.678258,0,131.536285,49.762139,0.15,10.64,16.767714,5.568281,
2017-06-15,36520.678258,0,36520.678258,0,130.952728,46.968936,0.15,10.9,16.764101,5.56847,
2017-06-16,36520.678258,0,36520.678258,0,130.384567,44.358273,0.15,10.38,16.760172,5.569007,
2017-06-19,36520.678258,0,36520.678258,0,132.564697,54.751296,0.15,10.37,16.756242,5.569548,
2017-06-20,36520.678258,0,36520.678258,0,131.52655,49.965314,0.15,10.86,16.752618,5.569754,
2017-06-21,36520.678258,0,36520.678258,0,132.828979,55.250332,0.15,10.75,16.748931,5.570029,
2017-06-22,36520.678258,0,36520.678258,0,132.79126,55.068913,0.15,10.48,16.745083,5.570484,
2017-06-23,36520.678258,0,36520.678258,0,133.300888,57.117686,0.15,10.02,16.740957,5.571265,
2017-06-26,36520.678258,0,36520.678258,0,132.677963,53.883469,0.15,9.9,16.736763,5.572131,
2017-06-27,36520.678258,0,36520.678258,0,130.271317,43.609444,0.15,11.06,16.733284,5.572194,
2017-06-28,36520.678258,0,36520.678258,0,132.149475,51.397797,0.15,10.03,16.729179,5.572956,
2017-06-29,36520.678258,0,36520.678258,0,129.856018,43.497451,0.15,11.44,16.725942,5.572786,
2017-06-30,36520.678258,0,36520.678258,0,129.903183,43.689145,0.15,11.18,16.72255,5.572769,
2017-07-03,36520.678258,0,36520.678258,0,128.534698,39.501604,0.15,11.22,16.719187,5.572725,
2017-07-05,36520.678258,0,36520.678258,0,129.799423,44.770254,0.15,11.07,16.715736,5.572771,
2017-07-06,36520.678258,0,36520.678258,0,128.629105,41.195107,0.15,12.54,16.713187,5.572024,
2017-07-07,36520.678258,0,36520.678258,0,130.016434,46.635348,0.15,11.19,16.709817,5.571993,
2017-07-10,36520.678258,0,36520.678258,0,130.865845,49.703424,0.15,11.11,16.706402,5.572009,
2017-07-11,36520.678258,0,36520.678258,0,131.233948,51.017703,0.15,10.89,16.702858,5.57216,
2017-07-12,36520.678258,0,36520.678258,0,132.79126,56.228796,0.15,10.3,16.698959,5.572703,
2017-07-13,36520.678258,0,36520.678258,0,133.083786,57.150952,0.15,9.9,16.69482,5.57353,
2017-07-14,36520.678258,0,36520.678258,0,134.131439,60.37103,0.15,9.51,16.69045,5.574651,
2017-07-17,36520.678258,0,36520.678258,0,134.197495,60.572218,0.15,9.82,16.686274,5.575529,
2017-07-18,36520.678258,0,36520.678258,0,135.09407,63.29597,0.15,9.89,16.682145,5.576351,
2017-07-19,36520.678258,0,36520.678258,0,135.886841,65.561424,0.15,9.79,16.67796,5.577243,
2017-07-20,36520.678258,0,36520.678258,0,136.066162,66.071547,0.15,9.58,16.673653,5.57829,
2017-07-21,36520.678258,0,36520.678258,0,136.009583,65.740662,0.15,9.36,16.669218,5.579505,
2017-07-24,36520.678258,0,36520.678258,0,136.632477,67.660791,0.15,9.43,16.66483,5.580659,
2017-07-25,36520.678258,0,36520.678258,0,136.283234,65.446,0.15,9.43,16.660448,5.581809,
2017-07-26,36520.678258,0,36520.678258,0,136.726852,66.926938,0.15,9.6,16.656174,5.582821,
2017-07-27,36520.678258,0,36520.678258,0,135.867966,61.436864,0.15,10.11,16.652214,5.583453,
2017-07-28,36520.678258,0,36520.678258,0,135.7547,60.729368,0.15,10.29,16.648368,5.583956,
2017-07-31,36520.678258,0,36520.678258,0,135.179001,57.128333,0.15,10.26,16.644508,5.584476,
2017-08-01,36520.678258,0,36520.678258,0,135.490524,58.560275,0.15,10.09,16.64055,5.585111,
2017-08-02,36520.678258,0,36520.678258,0,135.858521,60.249304,0.15,10.28,16.636711,5.585611,
2017-08-03,36520.678258,0,36520.678258,0,135.330002,56.676378,0.15,10.44,16.632973,5.585999,
2017-08-04,36520.678258,0,36520.678258,0,135.575348,57.923796,0.15,10.03,16.628993,5.586666,
2017-08-07,36520.678258,0,36520.678258,0,136.43428,62.044116,0.15,9.93,16.624958,5.587402,
2017-08-08,36520.678258,0,36520.678258,0,136.198303,60.297141,0.15,10.96,16.621547,5.587448,
2017-08-09,36520.678258,0,36520.678258,0,136.019028,58.939367,0.15,11.11,16.618231,5.587402,
2017-08-10,36520.678258,0,36520.678258,0,133.102707,42.266071,0.15,16.040001,16.617883,5.585738,
2017-08-11,36520.678258,0,36520.678258,0,134.112579,47.775495,0.15,15.51,16.617218,5.584125,
2017-08-14,36520.678258,0,36520.678258,0,135.83963,55.582012,0.15,12.33,16.614643,5.583435,
2017-08-15,36520.678258,0,36520.678258,0,135.934036,55.969463,0.15,12.04,16.611897,5.582883,
2017-08-16,36520.678258,0,36520.678258,0,136.169937,56.979295,0.15,11.74,16.608974,5.582483,
2017-08-17,36520.678258,0,36520.678258,0,133.385849,44.118811,0.15,15.55,16.608339,5.580869,
2017-08-18,36520.678258,0,36520.678258,0,133.291428,43.758091,0.15,14.26,16.606932,5.579492,
2017-08-21,36520.678258,0,36520.678258,0,133.121582,43.075832,0.15,13.19,16.604886,5.578447,
2017-08-22,36520.678258,0,36520.678258,0,135.150681,52.586779,0.15,11.35,16.601741,5.578258,
2017-08-23,36520.678258,0,36520.678258,0,134.669327,50.434015,0.15,12.25,16.599139,5.577604,
2017-08-24,36520.678258,0,36520.678258,0,134.272964,48.667287,0.15,12.23,16.596527,5.576958,
2017-08-25,36520.678258,0,36520.678258,0,133.989792,47.390034,0.15,11.28,16.593351,5.576806,
2017-08-28,36520.678258,0,36520.678258,0,134.405136,49.484188,0.15,11.32,16.590203,5.576628,
2017-08-29,36520.678258,0,36520.678258,0,134.933594,52.096897,0.15,11.7,16.587285,5.576243,
2017-08-30,36520.678258,0,36520.678258,0,136.519196,58.956197,0.15,11.22,16.584085,5.57612,
2017-08-31,36520.678258,0,36520.678258,0,137.98204,64.068127,0.15,10.59,16.580513,5.576377,
2017-09-01,36520.678258,0,36520.678258,0,137.793304,62.978271,0.15,10.13,16.576671,5.576937,
2017-09-05,36520.678258,0,36520.678258,0,136.556946,56.230317,0.15,12.23,16.574083,5.576285,
2017-09-06,36520.678258,0,36520.678258,0,136.972214,57.863405,0.15,11.63,16.571142,5.575929,
2017-09-07,36520.678258,0,36520.678258,0,137.293121,59.132376,0.15,11.55,16.568157,5.575615,
2017-09-08,36520.678258,0,36520.678258,0,136.103973,52.788272,0.15,12.12,16.565514,5.575012,
2017-09-11,36520.678258,0,36520.678258,0,137.670578,59.025191,0.15,10.73,16.562049,5.575169,
2017-09-12,36520.678258,0,36520.678258,0,138.000977,60.218798,0.15,10.58,16.558499,5.575418,
2017-09-13,36520.678258,0,36520.678258,0,138.189697,60.919084,0.15,10.5,16.554905,5.575716,
2017-09-14,36520.678258,0,36520.678258,0,137.378082,56.32681,0.15,10.44,16.55128,5.57605,
2017-09-15,36520.678258,0,36520.678258,0,137.849991,58.295381,0.15,10.17,16.5475,5.576561,
2017-09-18,36520.678258,0,36520.678258,0,137.66925,57.231355,0.15,10.15,16.543712,5.577081,
2017-09-19,36520.678258,0,36520.678258,0,137.905716,58.303648,0.15,10.18,16.539947,5.577579,
2017-09-20,36520.678258,0,36520.678258,0,137.480103,55.601514,0.15,9.78,16.535949,5.578351,
2017-09-21,36520.678258,0,36520.678258,0,136.63829,50.605818,0.15,9.67,16.531891,5.579199,
2017-09-22,36520.678258,0,36520.678258,0,136.505936,49.847482,0.15,9.59,16.527791,5.580101,
2017-09-25,36520.678258,0,36520.678258,0,135.068207,42.412539,0.15,10.21,16.524061,5.580564,
2017-09-26,36520.678258,0,36520.678258,0,135.418106,44.579041,0.15,10.17,16.520313,5.581051,
2017-09-27,36520.678258,0,36520.678258,0,136.63829,51.439892,0.15,9.87,16.516392,5.581741,
2017-09-28,36520.678258,0,36520.678258,0,136.591064,51.175829,0.15,9.55,16.512286,5.582657,
2017-09-29,36520.678258,0,36520.678258,0,137.574646,56.21697,0.15,9.51,16.508163,5.583598,
2017-10-02,36520.678258,0,36520.678258,0,137.697678,56.817579,0.15,9.45,16.504008,5.58458,
2017-10-03,36520.678258,0,36520.678258,0,137.990845,58.286003,0.15,9.51,16.499894,5.585513,
2017-10-04,36520.678258,0,36520.678258,0,138.123291,58.964907,0.15,9.63,16.495855,5.586353,
2017-10-05,36520.678258,0,36520.678258,0,139.475845,65.194682,0.15,9.19,16.491563,5.587518,
2017-10-06,36520.678258,0,36520.678258,0,139.665085,65.973044,0.15,9.65,16.487546,5.588336,
2017-10-09,36520.678258,0,36520.678258,0,139.504227,64.649563,0.15,10.33,16.483932,5.588686,
2017-10-10,36520.678258,0,36520.678258,0,139.608292,65.136827,0.15,10.08,16.480176,5.589198,
2017-10-11,36520.678258,0,36520.678258,0,140.024429,67.090313,0.15,9.85,16.47629,5.589864,
2017-10-12,36520.678258,0,36520.678258,0,139.769089,64.694897,0.15,9.91,16.472443,5.590485,
2017-10-13,36520.678258,0,36520.678258,0,140.308212,67.34591,0.15,9.61,16.468425,5.591314,
2017-10-16,36520.678258,0,36520.678258,0,140.790573,69.549058,0.15,9.91,16.464587,5.591927,
2017-10-17,36520.678258,0,36520.678258,0,140.970337,70.351877,0.15,10.31,16.460988,5.592272,
2017-10-18,36520.678258,0,36520.678258,0,140.800064,68.509428,0.15,10.07,16.457253,5.592771,
2017-10-19,36520.678258,0,36520.678258,0,140.279785,63.073862,0.15,10.05,16.453511,5.593281,
2017-10-20,36520.678258,0,36520.678258,0,140.658188,65.23433,0.15,9.97,16.449726,5.593841,
2017-10-23,36520.678258,0,36520.678258,0,139.740662,56.588772,0.15,11.07,16.446587,5.593717,
2017-10-24,36520.678258,0,36520.678258,0,139.977219,58.129503,0.15,11.16,16.443504,5.593542,
2017-10-25,36520.678258,0,36520.678258,0,139.44754,53.546822,0.15,11.23,16.440466,5.593327,
2017-10-26,36520.678258,0,36520.678258,0,139.002945,49.984786,0.15,11.3,16.437472,5.593073,
2017-10-27,36520.678258,0,36520.678258,0,143.051193,69.730057,0.15,9.8,16.433609,5.593737,
2017-10-30,36520.678258,0,36520.678258,0,143.372772,70.718957,0.15,10.5,16.430157,5.59394,
2017-10-31,36520.678258,0,36520.678258,0,143.911896,72.349845,0.15,10.18,16.426523,5.594343,
2017-11-01,36520.678258,0,36520.678258,0,143.864609,71.971198,0.15,10.2,16.422905,5.59473,
2017-11-02,36520.678258,0,36520.678258,0,143.590332,69.692866,0.15,9.93,16.419135,5.595292,
2017-11-03,36520.678258,0,36520.678258,0,144.971252,74.132761,0.15,9.14,16.41491,5.596415,
2017-11-06,36520.678258,0,36520.678258,0,145.46315,75.509093,0.15,9.4,16.410841,5.597342,
2017-11-07,36520.678258,0,36520.678258,0,145.548233,75.749445,0.15,9.89,16.407061,5.59792,
2017-11-08,36520.678258,0,36520.678258,0,146.134659,77.396025,0.15,9.78,16.403221,5.59857,
2017-11-09,36520.678258,0,36520.678258,0,145.368591,70.647676,0.15,10.5,16.399803,5.59875,
2017-11-10,36520.678258,0,36520.678258,0,145.3591,70.565584,0.15,11.29,16.396846,5.598479,
2017-11-13,36520.678258,0,36520.678258,0,145.538788,71.246793,0.15,11.5,16.394014,5.598098,
2017-11-14,36520.678258,0,36520.678258,0,145.009155,66.371004,0.15,11.59,16.391237,5.59767,
2017-11-15,36520.678258,0,36520.678258,0,144.32811,60.625586,0.15,13.13,16.389353,5.596601,
2017-11-16,36520.678258,0,36520.678258,0,146.172546,68.562673,0.15,11.76,16.38668,5.59609,
2017-11-17,36520.678258,0,36520.678258,0,145.614487,64.336876,0.15,11.43,16.38382,5.595741,
2017-11-20,36520.678258,0,36520.678258,0,145.5009,63.479279,0.15,10.65,16.380513,5.595821,
2017-11-21,36520.678258,0,36520.678258,0,147.080536,69.556828,0.15,9.73,16.37668,5.596485,
2017-11-22,36520.678258,0,36520.678258,0,147.260284,70.165249,0.15,9.88,16.372938,5.597044,
2017-11-24,36520.678258,0,36520.678258,0,147.799362,71.974265,0.15,9.67,16.369079,5.597743,
2017-11-27,36520.678258,0,36520.678258,0,147.7332,71.402032,0.15,9.87,16.365339,5.598302,
2017-11-28,36520.678258,0,36520.678258,0,148.111481,72.736673,0.15,10.03,16.361696,5.598753,
2017-11-29,36520.678258,0,36520.678258,0,145.529327,54.157055,0.15,10.7,16.358443,5.598789,
2017-11-30,36520.678258,0,36520.678258,0,146.749496,59.430621,0.15,11.28,16.355526,5.598503,
2017-12-01,36520.678258,0,36520.678258,0,146.125259,55.88846,0.15,11.43,16.352698,5.598139,
2017-12-04,36520.678258,0,36520.678258,0,144.441635,47.641018,0.15,11.68,16.350017,5.597651,
2017-12-05,36520.678258,0,36520.678258,0,144.536163,48.104071,0.15,11.33,16.347139,5.597335,
2017-12-06,36520.678258,0,36520.678258,0,145.188782,51.305907,0.15,11.02,16.344086,5.597183,
2017-12-07,36520.678258,0,36520.678258,0,145.680649,53.628077,0.15,10.16,16.340544,5.597536,
2017-12-08,36520.678258,0,36520.678258,0,146.323868,56.546437,0.15,9.58,16.336674,5.59827,
2017-12-11,36520.678258,0,36520.678258,0,147.458908,61.188216,0.15,9.34,16.332672,5.599169,
2017-12-12,36520.678258,0,36520.678258,0,147.260284,59.980749,0.15,9.92,16.329005,5.599667,
2017-12-13,36520.678258,0,36520.678258,0,147.544006,61.159808,0.15,10.18,16.325491,5.599995,
2017-12-14,36520.678258,0,36520.678258,0,147.439941,60.456243,0.15,10.49,16.322159,5.600132,
2017-12-15,36520.678258,0,36520.678258,0,149.114105,67.027746,0.15,9.42,16.318219,5.60096,
2017-12-18,36520.678258,0,36520.678258,0,150.364304,70.914831,0.15,9.53,16.314347,5.601709,
2017-12-19,36520.678258,0,36520.678258,0,149.473343,65.031001,0.15,10.03,16.310764,5.602121,
2017-12-20,36520.678258,0,36520.678258,0,149.312225,63.996928,0.15,9.72,16.307009,5.602733,
2017-12-21,36520.678258,0,36520.678258,0,149.331192,64.069359,0.15,9.62,16.3032,5.603409,
2017-12-22,36520.678258,0,36520.678258,0,149.160599,62.844706,0.15,9.9,16.299556,5.603896,
2017-12-26,36520.678258,0,36520.678258,0,148.354935,57.276491,0.15,10.25,16.296115,5.604158,
2017-12-27,36520.678258,0,36520.678258,0,148.373871,57.372092,0.15,10.47,16.292803,5.604286,
2017-12-28,36520.678258,0,36520.678258,0,148.553909,58.326889,0.15,10.18,16.28933,5.604587,
2017-12-29,36520.678258,0,36520.678258,0,147.634537,51.930296,0.15,11.04,16.286349,5.604391,
2018-01-02,36520.678258,0,36520.678258,0,150.222137,63.92266,0.15,9.77,16.28265,5.60495,
2018-01-03,36520.678258,0,36520.678258,0,151.681839,68.670901,0.15,9.15,16.278605,5.605933,
2018-01-04,36520.678258,0,36520.678258,0,151.947266,69.458056,0.15,9.22,16.274603,5.606863,
2018-01-05,36520.678258,0,36520.678258,0,153.473221,73.569542,0.15,9.22,16.270606,5.607788,
2018-01-08,36520.678258,0,36520.678258,0,154.070343,74.988433,0.15,9.52,16.266784,5.6085,
2018-01-09,36520.678258,0,36520.678258,0,154.079849,75.011433,0.15,10.08,16.263282,5.608843,
2018-01-10,36520.678258,0,36520.678258,0,153.719666,72.298708,0.15,9.82,16.259638,5.609349,
2018-01-11,36520.678258,0,36520.678258,0,154.771805,75.128263,0.15,9.88,16.256032,5.609814,
2018-01-12,36520.678258,0,36520.678258,0,155.909149,77.771477,0.15,10.16,16.252588,5.610099,
2018-01-16,36520.678258,0,36520.678258,0,155.46373,74.43517,0.15,11.66,16.249994,5.609576,
2018-01-17,36520.678258,0,36520.678258,0,157.141373,78.224251,0.15,11.91,16.247545,5.60894,
2018-01-18,36520.678258,0,36520.678258,0,157.169739,78.282862,0.15,12.22,16.245274,5.608173,
2018-01-19,36520.678258,0,36520.678258,0,157.662628,79.324224,0.15,11.27,16.242469,5.607835,
2018-01-22,36520.678258,0,36520.678258,0,159.349777,82.429935,0.15,11.03,16.239532,5.607619,
2018-01-23,36520.678258,0,36520.678258,0,160.667297,84.400531,0.15,11.1,16.236639,5.607366,
2018-01-24,36520.678258,0,36520.678258,0,159.624664,77.037056,0.15,11.47,16.233956,5.606927,
2018-01-25,36520.678258,0,36520.678258,0,159.56781,76.64438,0.15,11.58,16.231339,5.606436,
2018-01-26,36520.678258,0,36520.678258,0,162.013199,81.105463,0.15,11.08,16.228443,5.60619,
2018-01-29,36520.678258,0,36520.678258,0,161.226486,76.071351,0.15,13.84,16.227101,5.6049,
2018-01-30,36520.678258,0,36520.678258,0,159.899551,68.363788,0.15,14.79,16.226294,5.603428,
2018-01-31,36520.678258,0,36520.678258,0,160.563004,70.000437,0.15,13.54,16.224787,5.602217,
2018-02-01,36520.678258,0,36520.678258,0,159.19812,62.802342,0.15,13.47,16.223242,5.601024,
2018-02-02,36520.678258,0,36520.678258,0,156.022858,49.937313,0.15,17.309999,16.223851,5.599513,
2018-02-05,36520.678258,3859.999312,32660.678946,2,149.871399,34.985203,0.15,37.32,16.235669,5.620168,27.476006
2018-02-06,37087.173983,4426.495037,32660.678946,2,153.842834,46.18766,0.15,29.98,16.243365,5.627999,27.499362
2018-02-07,36794.704422,4134.025476,32660.678946,2,151.852417,42.257699,0.15,27.73,16.249793,5.63298,27.515754
2018-02-08,35972.062935,7187.903138,28784.159797,4,145.444992,32.632039,0.153502,33.459999,16.259418,5.646093,27.551604
2018-02-09,36690.68355,7906.523753,28784.159797,4,147.956833,38.542146,0.15471,29.059999,16.266574,5.652621,27.571816
2018-02-12,37457.574477,8673.41468,28784.159797,4,150.582352,44.065807,0.155982,25.610001,16.271793,5.655355,21.927148
2018-02-13,37677.757584,8893.597788,28784.159797,4,151.359482,45.623647,0.155961,24.969999,16.27665,5.65751,21.934159
2018-02-14,38556.091844,9771.932048,28784.159797,4,154.193604,50.985108,0.157365,19.26,16.278315,5.656369,
2018-02-15,39466.223618,10682.063822,28784.159797,4,157.055984,55.732466,0.15864,19.129999,16.279905,5.655192,
2018-02-16,39244.93398,10460.774184,28784.159797,4,156.354645,54.343607,0.15877,19.459999,16.281678,5.654113,
2018-02-20,39316.9833,10532.823504,28784.159797,4,156.667465,54.883659,0.158724,20.6,16.284084,5.653456,
2018-02-21,39172.363936,10388.204139,28784.159797,4,156.221954,53.90571,0.15872,20.02,16.286164,5.652568,
2018-02-22,39160.575857,10376.41606,28784.159797,4,156.203049,53.861849,0.158724,18.719999,16.287518,5.651286,
2018-02-23,40200.962296,11416.802499,28784.159797,4,159.397141,59.811361,0.160297,16.49,16.287631,5.649715,
2018-02-26,40881.546323,12097.386527,28784.159797,4,161.510864,63.193783,0.160952,15.8,16.28736,5.648156,
2018-02-27,40249.799744,11465.639948,28784.159797,4,159.51088,58.202319,0.161772,18.59,16.288639,5.646846,
2018-02-28,39922.572956,11138.413159,28784.159797,4,158.487259,55.774125,0.161947,19.85,16.290616,5.645901,
2018-03-01,39133.139891,10348.980094,28784.159797,4,155.899673,50.085639,0.162866,22.469999,16.294046,5.646211,21.940256
2018-03-02,39573.984406,10789.82461,28784.159797,4,157.330887,52.944349,0.163004,19.59,16.295874,5.645177,
2018-03-05,40116.045362,11331.885565,28784.159797,4,159.07489,56.233712,0.163446,18.73,16.297223,5.643903,
2018-03-06,40324.339226,11540.179429,28784.159797,4,159.747879,57.469229,0.163444,18.360001,16.298366,5.642547,
2018-03-07,40435.958764,11651.798968,28784.159797,4,160.117508,58.167724,0.163418,17.76,16.299175,5.641089,
2018-03-08,40715.907366,11931.74757,28784.159797,4,160.998978,59.860719,0.163503,16.540001,16.299308,5.639529,
2018-03-09,41768.991576,12984.83178,28784.159797,4,164.126831,65.237032,0.164949,14.64,16.29839,5.638104,
2018-03-12,42041.797641,13257.637844,28784.159797,4,164.99884,66.580938,0.164984,15.78,16.298104,5.636558,
2018-03-13,41314.445632,12530.285835,28784.159797,4,162.752502,60.131893,0.165943,16.35,16.298133,5.635,
2018-03-14,41297.849013,12513.689216,28784.159797,4,162.72406,60.052579,0.165896,17.23,16.298647,5.633485,
2018-03-15,41242.886201,12458.726404,28784.159797,4,162.581863,59.629117,0.165801,16.59,16.298808,5.631934,
2018-03-16,41080.255398,12296.095601,28784.159797,4,162.098495,58.128584,0.165859,15.8,16.298533,5.630392,
2018-03-19,40008.10681,11223.947013,28784.159797,4,158.639938,48.687781,0.16806,19.02,16.300033,5.629201,
2018-03-20,40167.077416,11382.917619,28784.159797,4,159.16214,50.008005,0.168083,18.200001,16.30108,5.627826,
2018-03-21,39916.606058,11132.446261,28784.159797,4,158.46907,48.234203,0.167061,17.860001,16.301938,5.626395,
2018-03-22,38779.751354,9995.591557,28784.159797,4,154.557648,39.679994,0.16981,23.34,16.305812,5.627268,21.93308
2018-03-23,37669.546953,11086.188965,26583.357988,5,150.484863,33.097868,0.172966,24.870001,16.310523,5.629304,21.939827
2018-03-26,39872.630497,13289.272509,26583.357988,5,156.076675,46.274901,0.17818,21.030001,16.313117,5.628843,
2018-03-27,38176.911989,11593.554001,26583.357988,5,151.026016,38.834799,0.182747,22.5,16.316516,5.629164,21.945681
2018-03-28,37578.78517,10995.427182,26583.357988,5,149.288605,36.651731,0.183237,22.870001,16.320115,5.629713,21.949828
2018-03-29,38572.600208,11989.24222,26583.357988,5,152.022812,42.162,0.184367,19.969999,16.322119,5.628816,
2018-04-02,37141.896305,10558.538317,26583.357988,5,147.636765,36.654087,0.187861,23.620001,16.326122,5.629867,21.955988
2018-04-03,37714.488381,11131.130393,26583.357988,5,149.298126,39.858971,0.188277,21.1,16.328739,5.629432,
2018-04-04,38559.298665,11975.940678,26583.357988,5,151.652588,44.16993,0.18912,20.059999,16.330784,5.628566,
2018-04-05,38862.070698,12278.71271,26583.357988,5,152.516495,45.707735,0.189209,18.940001,16.332212,5.627355,
2018-04-06,37608.393753,11025.035765,26583.357988,5,148.700104,40.412133,0.191705,21.49,16.335036,5.627108,
2018-04-09,37946.91589,11363.557903,26583.357988,5,149.744339,42.37927,0.191853,21.77,16.338009,5.627004,
2018-04-10,39161.687452,12578.329465,26583.357988,5,153.048157,48.2052,0.193507,20.469999,16.340268,5.626294,
2018-04-11,38843.275459,12259.917471,26583.357988,5,152.165207,46.8421,0.193669,20.24,16.342399,5.625495,
2018-04-12,39505.914274,12922.556286,26583.357988,5,153.997528,50.001748,0.194032,18.49,16.343572,5.624182,
2018-04-13,39210.790582,12627.432594,26583.357988,5,153.200073,48.646522,0.194079,17.41,16.344154,5.622701,
2018-04-16,39610.816213,13027.458225,26583.357988,5,154.367798,50.751459,0.194158,16.559999,16.344272,5.621168,
2018-04-17,40880.351634,14296.993647,26583.357988,5,157.690613,56.24719,0.195498,15.25,16.343675,5.619693,
2018-04-18,40993.028351,14409.670363,26583.357988,5,158.013367,56.752024,0.19548,15.6,16.34327,5.618187,
2018-04-19,40451.789832,13868.431844,26583.357988,5,156.560806,53.746372,0.195862,15.96,16.343061,5.616663,
2018-04-20,39560.87889,12977.520902,26583.357988,5,154.082947,48.980848,0.196702,16.879999,16.343353,5.615147,
2018-04-23,39395.426816,12812.068829,26583.357988,5,153.69371,48.257007,0.196739,16.34,16.343351,5.613619,
2018-04-24,38281.163146,11697.805158,26583.357988,5,150.437408,42.586926,0.198077,18.02,16.344263,5.612228,
2018-04-25,38329.667988,11746.31,26583.357988,5,150.617722,42.986406,0.197923,17.84,16.345076,5.61081,
2018-04-26,39495.187147,12911.829159,26583.357988,5,153.788666,49.624578,0.19938,16.24,16.345019,5.609286,
2018-04-27,39517.27579,12933.917802,26583.357988,5,153.883621,49.813019,0.19928,15.41,16.344511,5.607804,
2018-04-30,39107.006772,12523.648784,26583.357988,5,152.791809,47.607812,0.199499,15.93,16.344286,5.60629,
2018-05-01,39733.025598,13149.66761,26583.357988,5,154.538681,51.320993,0.19967,15.49,16.343823,5.604804,
2018-05-02,39399.98743,12816.629442,26583.357988,5,153.627274,49.355588,0.199825,15.97,16.343621,5.603291,
2018-05-03,39382.570227,12799.21224,26583.357988,5,153.608276,49.313196,0.199773,15.9,16.34338,5.601782,
2018-05-04,40478.864111,13895.506124,26583.357988,5,156.522858,55.612308,0.200949,14.77,16.342528,5.600384,
2018-05-07,40943.749029,14360.391041,26583.357988,5,157.823502,58.113926,0.201122,14.75,16.341667,5.598991,
2018-05-08,40874.452422,14291.094434,26583.357988,5,157.662094,57.679486,0.201127,14.71,16.340784,5.597604,
2018-05-09,41526.779679,14943.421691,26583.357988,5,159.380447,61.020365,0.201464,13.42,16.339205,5.596502,
2018-05-10,42163.193177,15579.835189,26583.357988,5,161.032394,63.965447,0.201786,13.23,16.337526,5.595456,
2018-05-11,42095.620898,15512.262911,26583.357988,5,160.880478,63.490373,0.201788,12.65,16.335535,5.594601,
2018-05-14,42175.457565,15592.099577,26583.357988,5,161.155792,64.012026,0.201784,12.93,16.333697,5.59365,
2018-05-15,41496.372345,14913.014357,26583.357988,5,159.370987,58.205883,0.202275,14.63,16.332778,5.59228,
2018-05-16,41893.632429,15310.274441,26583.357988,5,160.424744,60.48478,0.202354,13.42,16.331208,5.591181,
2018-05-17,41568.279977,14984.921989,26583.357988,5,159.807648,58.473979,0.199892,13.43,16.329644,5.590079,
2018-05-18,41240.894166,14657.536179,26583.357988,5,158.981674,55.800015,0.1998,13.42,16.328078,5.588981,
2018-05-21,41556.724752,14973.366764,26583.357988,5,159.87413,58.0331,0.199841,13.08,16.326329,5.587984,
2018-05-22,41461.603871,14878.245883,26583.357988,5,159.665237,57.303333,0.19965,13.22,16.324658,5.586944,
2018-05-23,41979.167759,15395.809771,26583.357988,5,161.013367,60.735012,0.199859,12.58,16.322645,5.586116,
2018-05-24,41950.41366,15367.055672,26583.357988,5,160.965942,60.550644,0.199812,12.53,16.320607,5.585306,
2018-05-25,41997.421235,15414.063247,26583.357988,5,161.127335,60.984702,0.199598,13.22,16.318942,5.584268,
2018-05-29,41689.187541,15105.829553,26583.357988,5,160.415283,57.954919,0.199691,17.02,16.319318,5.582792,
2018-05-30,42130.552293,15547.194305,26583.357988,5,161.563995,61.295603,0.199839,14.94,16.318578,5.581385,
2018-05-31,42081.067053,15497.709065,26583.357988,5,161.459625,60.82274,0.199841,15.43,16.318102,5.579925,
2018-06-01,43093.625756,16510.267768,26583.357988,5,163.9944,67.400341,0.200596,13.46,16.31657,5.578821,
2018-06-04,43655.222209,17071.864221,26583.357988,5,165.475403,70.515164,0.200436,12.74,16.314655,5.577941,
2018-06-05,43853.754384,17270.396396,26583.357988,5,165.988068,71.529265,0.200451,12.4,16.312559,5.577182,
2018-06-06,44238.205662,17654.847675,26583.357988,5,166.95639,73.390858,0.200457,11.64,16.310059,5.576737,
2018-06-07,43686.609576,17103.251588,26583.357988,5,165.598831,66.79663,0.200714,12.13,16.307824,5.576082,
2018-06-08,43681.618099,17098.260112,26583.357988,5,165.608322,66.819077,0.200716,12.18,16.305617,5.575408,
2018-06-11,43763.226597,17179.868609,26583.357988,5,166.054504,67.917132,0.198243,12.35,16.303504,5.574668,
2018-06-12,44107.806025,17524.448038,26583.357988,5,166.927917,70.009381,0.198166,12.34,16.301388,5.573931,
2018-06-13,44089.948837,17506.59085,26583.357988,5,166.918472,69.956251,0.197983,12.94,16.299594,5.572984,
2018-06-14,44781.636186,18198.278198,26583.357988,5,168.608337,73.788888,0.198184,12.12,16.297365,5.572333,
2018-06-15,44528.932836,17945.574848,26583.357988,5,168.019714,70.41909,0.198149,11.98,16.295064,5.571738,
2018-06-18,44459.983843,17876.625855,26583.357988,5,167.922668,69.852693,0.198054,12.31,16.292941,5.571012,
2018-06-19,44232.03161,17648.673622,26583.357988,5,167.446976,67.007651,0.197215,13.35,16.291374,5.569942,
2018-06-20,44709.837615,18126.479627,26583.357988,5,168.6362,70.267916,0.197067,12.79,16.28951,5.569045,
2018-06-21,44098.579373,17515.221385,26583.357988,5,167.171082,62.123016,0.19712,14.64,16.288633,5.567693,
2018-06-22,43938.73702,17355.379033,26583.357988,5,166.800034,60.219282,0.19715,13.77,16.287294,5.566515,
2018-06-25,42458.257649,15874.899661,26583.357988,5,163.041992,45.133471,0.199157,17.33,16.287848,5.565087,
2018-06-26,42711.529677,16128.171689,26583.357988,5,163.707977,47.63696,0.199086,15.92,16.287653,5.563614,
2018-06-27,41807.610234,15224.252247,26583.357988,5,161.481689,40.915981,0.198521,17.91,16.288514,5.562262,
2018-06-28,42331.32002,15747.962032,26583.357988,5,162.870712,46.032058,0.198076,16.85,16.288812,5.560801,
2018-06-29,42459.657314,15876.299326,26583.357988,5,163.308395,47.572555,0.196852,16.09,16.288706,5.559328,
2018-07-02,42873.647715,16290.289727,26583.357988,5,164.402481,51.313728,0.196972,15.6,16.288341,5.557876,
2018-07-03,42109.764784,15526.406796,26583.357988,5,162.499634,45.263958,0.197065,16.139999,16.288263,5.556405,
2018-07-05,42900.950535,16317.592547,26583.357988,5,164.516678,51.756836,0.197254,14.97,16.287565,5.555016,
2018-07-06,43942.062477,17358.704489,26583.357988,5,167.075958,58.485792,0.197649,13.37,16.286021,5.553951,
2018-07-09,44532.167667,17948.809679,26583.357988,5,168.579102,61.851359,0.197535,12.69,16.28412,5.553097,
2018-07-10,44571.724766,17988.366778,26583.357988,5,168.702866,62.123635,0.197425,12.64,16.282193,5.55226,
2018-07-11,44211.866057,17628.508069,26583.357988,5,167.846542,58.986659,0.197548,13.63,16.280792,5.551128,
2018-07-12,45422.209793,18838.851806,26583.357988,5,170.738831,65.350754,0.198068,12.58,16.278838,5.550313,
2018-07-13,45473.380794,18890.022806,26583.357988,5,170.881516,65.634063,0.198063,12.18,16.276675,5.549646,
2018-07-16,45271.513144,18688.155156,26583.357988,5,170.472443,64.017934,0.197932,12.83,16.274858,5.548746,
2018-07-17,45702.533846,19119.175858,26583.357988,5,171.509491,66.284456,0.198026,12.06,16.272636,5.548127,
2018-07-18,45554.725178,18971.367191,26583.357988,5,171.186005,64.910941,0.197937,12.1,16.270437,5.547491,
2018-07-19,45186.327865,18602.969878,26583.357988,5,170.329758,61.290649,0.197977,12.87,16.268647,5.546578,
2018-07-20,45161.629504,18578.271516,26583.357988,5,170.291687,61.127404,0.197981,12.86,16.266853,5.545669,
2018-07-23,45363.691459,18780.333471,26583.357988,5,170.834,62.653351,0.197993,12.62,16.264934,5.544841,
2018-07-24,45652.116328,19068.75834,26583.357988,5,171.538055,64.596405,0.197982,12.41,16.262907,5.544087,
2018-07-25,46680.385714,20097.027726,26583.357988,5,173.935486,70.268833,0.198548,12.29,16.26082,5.543377,
2018-07-26,45571.948127,18988.59014,26583.357988,5,171.300186,59.066,0.199482,12.14,16.258655,5.542725,
2018-07-27,44609.439303,18026.081315,26583.357988,5,168.988251,51.333865,0.200053,13.03,16.256961,5.541763,
2018-07-30,43621.250607,17037.892619,26583.357988,5,166.600174,44.808831,0.200862,14.26,16.255913,5.540497,
2018-07-31,44136.614813,17553.256826,26583.357988,5,167.875046,48.567381,0.200934,12.83,16.254116,5.539599,
2018-08-01,44391.356646,17807.998658,26583.357988,5,168.512543,50.386847,0.200958,13.15,16.25249,5.538602,
2018-08-02,45353.300651,18769.942663,26583.357988,5,170.805405,56.365698,0.201518,12.19,16.250361,5.537931,
2018-08-03,45562.9815,18979.623512,26583.357988,5,171.328705,57.620947,0.201452,11.64,16.247948,5.537486,
2018-08-06,45965.191697,19381.833709,26583.357988,5,172.337189,60.0086,0.201536,11.27,16.245343,5.537207,
2018-08-07,46221.618484,19638.260496,26583.357988,5,172.965118,61.464423,0.201458,10.93,16.242563,5.537092,
2018-08-08,46301.416717,19718.058729,26583.357988,5,173.174362,61.96135,0.201433,10.85,16.239744,5.537017,
2018-08-09,46247.654943,19664.296955,26583.357988,5,173.069794,61.534297,0.201423,11.27,16.237147,5.536735,
2018-08-10,45637.218502,19053.860515,26583.357988,5,171.747284,56.253573,0.199843,13.16,16.23554,5.535735,
2018-08-13,45526.419838,18943.06185,26583.357988,5,171.557053,55.515568,0.199703,14.78,16.234781,5.534389,
2018-08-14,45964.78997,19381.431982,26583.357988,5,172.632126,58.804812,0.199297,13.31,16.233255,5.533348,
2018-08-15,45076.41069,18493.052702,26583.357988,5,170.520004,50.849769,0.199932,14.64,16.232424,5.532024,
2018-08-16,45304.526398,18721.16841,26583.357988,5,171.081329,52.681822,0.19995,13.45,16.230974,5.530947,
2018-08-17,45269.642896,18686.284909,26583.357988,5,171.1194,52.810297,0.198257,12.64,16.229104,5.530113,
2018-08-20,45178.57566,18595.217672,26583.357988,5,170.967163,52.19995,0.198259,12.49,16.227158,5.529331,
2018-08-21,45436.026881,18852.668894,26583.357988,5,171.595093,54.534053,0.198266,12.86,16.225406,5.528425,
2018-08-22,45693.895925,19110.537937,26583.357988,5,172.261093,56.93595,0.197566,12.25,16.223339,5.52773,
2018-08-23,45578.184511,18994.826523,26583.357988,5,172.013702,55.757622,0.197512,12.41,16.221357,5.526976,
2018-08-24,46258.930616,19675.572628,26583.357988,5,173.612045,61.326462,0.197705,11.99,16.219158,5.526381,
2018-08-27,47005.034611,20421.676623,26583.357988,5,175.381714,66.373278,0.197971,12.16,16.217051,5.52572,
2018-08-28,47107.884726,20524.526739,26583.357988,5,175.63855,67.04543,0.197956,12.5,16.215122,5.524934,
2018-08-29,47995.506207,21412.148219,26583.357988,5,177.665039,71.830003,0.198321,12.25,16.213065,5.524238,
2018-08-30,47840.446847,21257.08886,26583.357988,5,177.351059,70.131054,0.197939,13.53,16.211674,5.523143,
2018-08-31,47925.233532,21341.875544,26583.357988,5,177.579422,70.674343,0.197599,12.86,16.209938,5.522239,
2018-09-04,47557.45988,20974.101892,26583.357988,5,176.818298,66.343024,0.197681,13.16,16.208358,5.521244,
2018-09-05,46559.75323,19976.395242,26583.357988,5,174.534943,55.378231,0.19803,13.91,16.207169,5.520062,
2018-09-06,45885.593155,19302.235167,26583.357988,5,172.974686,49.373342,0.198374,14.65,16.206363,5.518747,
2018-09-07,45593.116237,19009.758249,26583.357988,5,172.308655,47.029033,0.19845,14.88,16.205677,5.517402,
2018-09-10,45807.674446,19224.316458,26583.357988,5,172.888992,49.288469,0.198134,14.16,16.20462,5.516171,
2018-09-11,46367.851108,19784.49312,26583.357988,5,174.220947,54.124978,0.197896,13.22,16.203079,5.515163,
2018-09-12,46137.925347,19554.567359,26583.357988,5,173.70726,52.062707,0.197943,13.14,16.201497,5.514177,
2018-09-13,46942.151789,20358.793801,26583.357988,5,175.562454,58.249742,0.198285,12.37,16.19952,5.513441,
2018-09-14,46706.90689,20123.548902,26583.357988,5,175.048706,56.090774,0.19817,12.07,16.19739,5.512816,
2018-09-17,45610.475737,19027.117749,26583.357988,5,172.527466,46.903158,0.199014,13.68,16.196093,5.51169,
2018-09-18,46219.635173,19636.277185,26583.357988,5,173.954575,51.723468,0.199191,12.79,16.194338,5.510812,
2018-09-19,46153.360716,19570.002728,26583.357988,5,173.821365,51.255722,0.199199,11.75,16.192049,5.510315,
2018-09-20,46985.973838,20402.615851,26583.357988,5,175.743225,57.260833,0.199506,11.8,16.189789,5.509797,
2018-09-21,46557.887969,19974.529981,26583.357988,5,174.782303,53.698682,0.199474,11.68,16.187469,5.509329,
2018-09-24,46742.718781,20159.360793,26583.357988,5,175.268387,55.216368,0.199471,12.2,16.185419,5.508654,
2018-09-25,46827.282611,20243.924623,26583.357988,5,175.506653,55.978083,0.198983,12.42,16.183484,5.507899,
2018-09-26,46872.406667,20289.048679,26583.357988,5,175.630569,56.393493,0.198975,12.89,16.181793,5.506989,
2018-09-27,47515.561638,20932.20365,26583.357988,5,177.117416,61.132778,0.198945,12.41,16.179856,5.506238,
2018-09-28,47489.970646,20906.612659,26583.357988,5,177.079254,60.949679,0.198944,12.12,16.177773,5.505593,
2018-10-01,47620.84273,21037.484742,26583.357988,5,177.441483,62.109717,0.19881,12,16.175631,5.504993,
2018-10-02,47436.229085,20852.871097,26583.357988,5,177.041214,59.989046,0.198848,12.05,16.173516,5.504374,
2018-10-03,47511.474934,20928.116947,26583.357988,5,177.231842,60.677656,0.198844,11.61,16.171178,5.503932,
2018-10-04,46047.870834,19464.512846,26583.357988,5,173.829193,45.59373,0.200342,14.22,16.170179,5.5027,
2018-10-05,45134.219679,18550.861691,26583.357988,5,171.703735,39.06159,0.200683,14.82,16.169488,5.501375,
2018-10-08,44665.42271,18082.064722,26583.357988,5,170.655304,36.298995,0.200855,15.69,16.169243,5.499978,
2018-10-09,44890.838657,18307.480669,26583.357988,5,171.20813,38.758492,0.200863,15.95,16.169131,5.498574,
2018-10-10,41968.714071,18160.55805,23808.156021,6,163.678528,24.744807,0.208243,22.959999,16.172601,5.499311,21.671912
2018-10-11,41038.715304,17230.559283,23808.156021,6,161.648422,22.393846,0.208816,24.98,16.177099,5.501507,21.678606
2018-10-12,43214.169518,19406.013497,23808.156021,6,166.147079,36.737416,0.211271,21.309999,16.179719,5.501325,
2018-10-15,42248.415485,18440.259464,23808.156021,6,164.136032,33.735666,0.211799,21.299999,16.182332,5.501136,
2018-10-16,44602.264266,20794.108245,23808.156021,6,168.911102,45.187775,0.214433,17.620001,16.183065,5.499829,
2018-10-17,44622.916024,20814.760003,23808.156021,6,168.977814,45.329929,0.214433,17.4,16.183685,5.498495,
2018-10-18,42805.328731,18997.17271,23808.156021,6,165.060501,38.943089,0.216375,20.059999,16.18566,5.49779,
2018-10-19,42719.912156,18911.756135,23808.156021,6,164.908035,38.714454,0.21632,19.889999,16.187546,5.497025,
2018-10-22,43085.198571,19277.04255,23808.156021,6,165.756332,40.797102,0.216373,19.639999,16.189303,5.496177,
2018-10-23,42781.905484,18973.749463,23808.156021,6,165.146317,39.750977,0.216263,20.709999,16.191602,5.495724,
2018-10-24,39617.112451,18666.356573,20950.755878,7,157.588089,29.617369,0.223647,25.23,16.196197,5.498104,21.694302
2018-10-25,42581.519997,21630.764119,20950.755878,7,163.039902,41.25116,0.227178,24.219999,16.200274,5.499682,21.699956
2018-10-26,40484.025074,19533.269196,20950.755878,7,158.846222,36.282976,0.229379,24.16,16.204317,5.501209,21.705526
2018-10-29,38754.960136,20665.947173,18089.012963,8,155.577026,32.951289,0.228277,24.700001,16.208629,5.503142,21.711772
2018-10-30,40240.092332,22151.079369,18089.012963,8,158.1409,37.77691,0.229073,23.35,16.212253,5.504096,21.716349
2018-10-31,42490.369642,24401.35668,18089.012963,8,161.858093,44.062801,0.230674,21.23,16.214797,5.50386,
2018-11-01,43787.334534,25698.321572,18089.012963,8,163.993042,47.352455,0.23117,19.34,16.216381,5.502914,
2018-11-02,42273.631846,24184.618884,18089.012963,8,161.438705,44.017069,0.23197,19.51,16.21805,5.502019,
2018-11-05,41974.097186,23885.084223,18089.012963,8,161.038391,43.499939,0.231737,19.959999,16.219944,5.501269,
2018-11-06,42691.452874,24602.439911,18089.012963,8,162.258316,45.597499,0.231868,19.91,16.221812,5.500503,
2018-11-07,45934.10795,27845.094987,18089.012963,8,167.348038,53.374843,0.23473,16.360001,16.221882,5.499112,
2018-11-08,45258.821638,27169.808675,18089.012963,8,166.280518,51.705238,0.23484,16.719999,16.222133,5.497732,
2018-11-09,43568.648474,25479.635511,18089.012963,8,163.478363,47.504616,0.235678,17.360001,16.222708,5.496402,
2018-11-12,40748.397462,22659.384499,18089.012963,8,158.531693,41.149174,0.238632,20.450001,16.224843,5.495834,
2018-11-13,40808.155675,22719.142712,18089.012963,8,158.665131,41.377014,0.23863,20.02,16.226759,5.495108,
2018-11-14,40104.853938,22015.840976,18089.012963,8,157.454697,39.869157,0.238775,21.25,16.229294,5.494879,
2018-11-15,41719.758705,23630.745743,18089.012963,8,160.209152,44.798937,0.239568,19.98,16.231185,5.494138,
2018-11-16,41353.064586,23264.051623,18089.012963,8,159.64682,44.00574,0.239156,18.139999,16.232147,5.49292,
2018-11-19,38536.138054,20447.125091,18089.012963,8,154.461914,37.425858,0.242436,20.1,16.234096,5.492222,
2018-11-20,37075.066342,21907.731915,15167.334427,9,151.69783,34.467106,0.243425,22.48,16.237241,5.492626,21.729867
2018-11-21,37744.633454,22577.299027,15167.334427,9,152.85112,36.715168,0.243252,20.799999,16.239537,5.492197,
2018-11-23,37045.421779,21878.087352,15167.334427,9,151.745468,35.459301,0.243411,21.52,16.242193,5.492092,
2018-11-26,39233.217821,24065.883395,15167.334427,9,155.252945,42.212274,0.244899,18.9,16.243529,5.491034,
2018-11-27,39544.847003,24377.512576,15167.334427,9,155.777176,43.169371,0.244928,19.02,16.244925,5.490006,
2018-11-28,42933.145305,27765.810878,15167.334427,9,160.790543,51.450622,0.247807,18.49,16.246052,5.488857,
2018-11-29,42515.181878,27347.847451,15167.334427,9,160.266342,50.620028,0.246904,18.790001,16.247329,5.487775,
2018-11-30,43262.333589,28094.999162,15167.334427,9,161.429169,52.45368,0.246855,18.07,16.248244,5.486549,
2018-12-03,45147.794186,29980.459759,15167.334427,9,164.250336,56.658687,0.247627,16.440001,16.24834,5.485174,
2018-12-04,41193.635028,26026.300601,15167.334427,9,157.950302,46.721465,0.251732,20.74,16.250591,5.484721,
2018-12-06,41881.190889,26713.856462,15167.334427,9,159.06543,48.44506,0.251859,21.190001,16.253066,5.48446,
2018-12-07,38734.21716,23566.882733,15167.334427,9,153.813751,41.616803,0.255082,23.23,16.25656,5.485309,21.741868
2018-12-10,39687.410447,24520.07602,15167.334427,9,155.42453,44.214018,0.255347,22.639999,16.259755,5.485794,21.745549
2018-12-11,39988.279566,24820.945139,15167.334427,9,155.939209,45.055089,0.255325,21.76,16.262506,5.485801,21.748307
2018-12-12,40838.996044,25671.661617,15167.334427,9,157.311722,47.335385,0.255372,21.459999,16.265105,5.48566,
2018-12-13,40848.618547,25681.28412,15167.334427,9,157.359299,47.41685,0.255365,20.65,16.267296,5.485164,
2018-12-14,38538.357284,23371.022857,15167.334427,9,153.527817,41.808038,0.2571,21.629999,16.269975,5.485103,
2018-12-17,36481.576408,21314.241981,15167.334427,9,150.048965,37.473737,0.258585,24.52,16.274094,5.48683,21.760924
2018-12-18,37003.507199,21836.172772,15167.334427,9,150.992554,39.311531,0.25834,25.58,16.278738,5.489398,21.768135
2018-12-19,34924.16106,22757.522379,12166.638681,10,147.284943,34.963029,0.259867,25.58,16.283377,5.491958,21.775335
2018-12-20,33595.154577,27349.856271,6245.298306,12,145.149933,32.718605,0.260357,28.379999,16.289407,5.497227,27.283861
2018-12-21,30476.103456,29983.405653,492.697803,14,140.65123,28.558508,0.263062,30.110001,16.296293,5.504508,27.305309
2018-12-24,27642.897996,27150.200193,492.697803,14,137.163391,25.817692,0.264749,36.07,16.30614,5.5208,27.347741
2018-12-26,35905.977817,35413.280014,492.697803,14,145.727707,40.833293,0.274649,30.41,16.313161,5.528388,27.369936
2018-12-27,36386.237159,35893.539356,492.697803,14,146.291733,41.670669,0.274615,29.959999,16.31995,5.535387,27.390725
2018-12-28,36285.672817,35792.975014,492.697803,14,146.215195,41.584661,0.274615,28.34,16.325927,5.540498,27.406923
2018-12-31,37344.594893,36851.89709,492.697803,14,147.448227,43.604132,0.274799,25.42,16.330447,5.542829,21.873276
2019-01-02,37827.544776,37334.846973,492.697803,14,148.040863,44.595543,0.27474,23.219999,16.33387,5.543579,21.877448
2019-01-03,33607.922573,33115.22477,492.697803,14,143.204269,38.627412,0.276817,25.450001,16.338396,5.545923,21.884319
2019-01-04,39576.617792,39083.919989,492.697803,14,149.331238,48.102515,0.281144,21.379999,16.340898,5.545683,
2019-01-07,41205.996229,40713.298426,492.697803,14,151.10907,50.491005,0.281498,21.4,16.343408,5.545452,
2019-01-08,42490.094278,41997.396475,492.697803,14,152.475967,52.308399,0.28145,20.469999,16.345454,5.544838,
2019-01-09,43685.503138,43192.805335,492.697803,14,153.718552,53.962827,0.28158,19.98,16.347255,5.544053,
2019-01-10,44088.732439,43596.034636,492.697803,14,154.158234,54.56346,0.281601,19.5,16.348816,5.543124,
2019-01-11,43503.041022,43010.343219,492.697803,14,153.594269,53.597536,0.281622,18.190001,16.349728,5.541902,
2019-01-14,42089.252221,41596.554418,492.697803,14,152.236984,51.246242,0.281702,19.07,16.351074,5.540861,
2019-01-15,45055.79337,44563.095567,492.697803,14,155.209686,55.817898,0.282525,18.6,16.352186,5.539715,
2019-01-16,44993.033067,44500.335264,492.697803,14,155.18103,55.763615,0.282505,19.040001,16.353515,5.538668,
2019-01-17,46173.550843,45680.85304,492.697803,14,156.404465,57.656934,0.282367,18.059999,16.354358,5.537428,
2019-01-18,47733.16988,47240.472076,492.697803,14,157.952957,59.991009,0.282616,17.799999,16.355072,5.536154,
2019-01-22,44511.791981,44019.094178,492.697803,14,154.789108,53.501793,0.283633,20.799999,16.357266,5.535667,
2019-01-23,44652.194637,44159.496834,492.697803,14,154.989792,53.842849,0.283344,19.52,16.358826,5.534747,
2019-01-24,45615.622375,45122.924572,492.697803,14,155.993454,55.596982,0.283276,18.889999,16.360074,5.533667,
2019-01-25,47490.745311,46998.047508,492.697803,14,157.857346,58.733441,0.283535,17.42,16.360596,5.532352,
2019-01-28,45457.324312,44964.626508,492.697803,14,155.90744,54.403966,0.283924,18.870001,16.361833,5.531269,
2019-01-29,43925.105078,43432.407275,492.697803,14,154.435425,51.32796,0.283547,19.129999,16.363195,5.530248,
2019-01-30,47984.908234,47492.210431,492.697803,14,158.363892,58.131561,0.28511,17.66,16.363834,5.528961,
2019-01-31,50433.776082,49941.078279,492.697803,14,160.734421,61.618087,0.2855,16.57,16.363935,5.527602,
2019-02-01,49695.684478,49202.986675,492.697803,14,160.055756,60.075677,0.285502,16.139999,16.363825,5.526245,
2019-02-04,51690.766444,51198.068641,492.697803,14,162.043884,62.997764,0.2857,15.73,16.363514,5.524904,
2019-02-05,53101.510995,52608.813192,492.697803,14,163.477707,64.988015,0.284849,15.57,16.363124,5.523575,
2019-02-06,52191.36569,51698.667887,492.697803,14,162.990219,63.732863,0.280686,15.38,16.362641,5.522261,
2019-02-07,49743.487598,49250.789795,492.697803,14,160.801331,58.289148,0.279445,16.370001,16.362645,5.520905,
2019-02-08,50002.555997,49509.858194,492.697803,14,161.116821,58.834917,0.279,15.72,16.36233,5.519569,
2019-02-11,49318.328348,48825.630545,492.697803,14,160.963837,58.435632,0.274074,15.97,16.362137,5.518222,
2019-02-12,51791.795562,51299.097759,492.697803,14,163.343933,62.679193,0.273874,15.43,16.361681,5.516908,
2019-02-13,51815.949718,51323.251915,492.697803,14,163.458572,62.875796,0.273089,15.65,16.361332,5.515579,
2019-02-14,51993.998826,51501.301023,492.697803,14,163.659271,63.240886,0.27303,16.219999,16.361263,5.514229,
2019-02-15,52631.436438,52138.738635,492.697803,14,164.347519,64.529134,0.272185,14.91,16.360553,5.512973,
2019-02-19,52782.092048,52289.394245,492.697803,14,164.672516,65.150222,0.271315,14.88,16.359829,5.511721,
2019-02-20,52714.264344,52221.566541,492.697803,14,164.643829,65.041964,0.271257,14.02,16.358685,5.510616,
2019-02-21,52034.571497,51541.873693,492.697803,14,164.041656,62.687189,0.271288,14.46,16.357758,5.509429,
2019-02-22,53325.60441,52832.906607,492.697803,14,165.255524,65.406071,0.2714,13.51,16.356367,5.508443,
2019-02-25,53888.244709,46533.037148,7355.207561,12,165.857758,66.702426,0.271431,14.85,16.355632,5.507198,
2019-02-26,53943.890975,46588.683414,7355.207561,12,166.029755,67.081828,0.270361,15.17,16.355054,5.505917,
2019-02-27,53786.1099,46430.902339,7355.207561,12,165.924652,66.58257,0.269907,14.7,16.354247,5.504695,
2019-02-28,53373.427636,46018.220075,7355.207561,12,165.542328,64.696305,0.269499,14.78,16.35348,5.503462,
2019-03-01,54418.582878,47063.375317,7355.207561,12,166.689346,67.656701,0.269503,13.57,16.352124,5.502464,
2019-03-04,54311.446184,46956.238623,7355.207561,12,166.718033,67.729584,0.268754,14.63,16.351285,5.501255,
2019-03-05,54386.186082,47030.978521,7355.207561,12,166.842239,68.065135,0.268542,14.74,16.350501,5.500031,
2019-03-06,53456.986911,46101.77935,7355.207561,12,165.895996,62.714959,0.26832,15.74,16.350204,5.498709,
2019-03-07,51569.979537,44214.771976,7355.207561,12,163.860046,53.052304,0.268695,16.59,16.350321,5.497374,
2019-03-08,51314.104325,43958.896764,7355.207561,12,163.611526,51.999129,0.268688,16.049999,16.350175,5.496042,
2019-03-11,54471.774981,47116.56742,7355.207561,12,167.014282,62.868275,0.269736,14.33,16.349194,5.494886,
2019-03-12,55247.107708,47891.900147,7355.207561,12,167.931931,65.159466,0.268831,13.77,16.347942,5.493846,
2019-03-13,56425.455268,49070.247707,7355.207561,12,169.193634,68.076198,0.268905,13.41,16.346516,5.492893,
2019-03-14,56089.903326,48734.695765,7355.207561,12,168.906906,66.709425,0.2684,13.5,16.345136,5.491918,
2019-03-15,57580.882939,43460.686264,14120.196674,10,170.474487,70.22863,0.268621,12.88,16.343456,5.491117,
2019-03-18,57844.07222,43723.875545,14120.196674,10,170.880478,71.081284,0.268631,13.1,16.341885,5.49025,
2019-03-19,58286.200024,44166.00335,14120.196674,10,171.455063,72.290825,0.26863,13.56,16.340538,5.489261,
2019-03-20,58742.582147,44622.385473,14120.196674,10,172.134918,73.69287,0.26738,13.91,16.339361,5.488192,
2019-03-21,60956.293825,46836.097151,14120.196674,10,174.825714,78.359953,0.267977,13.63,16.33805,5.487187,
2019-03-22,57882.182914,43761.98624,14120.196674,10,170.985855,61.572705,0.269286,16.48,16.338119,5.485861,
2019-03-25,57455.132984,39777.486664,17677.64632,9,170.660233,60.391181,0.26757,16.33,16.338115,5.484534,
2019-03-26,57909.469613,40231.823293,17677.64632,9,171.455063,62.293216,0.265618,14.68,16.337314,5.48333,
2019-03-27,56906.618913,39228.972593,17677.64632,9,170.353851,58.128398,0.262187,15.15,16.336741,5.482067,
2019-03-28,57010.721347,39333.075027,17677.64632,9,170.746414,59.17623,0.259119,14.43,16.33582,5.480904,
2019-03-29,57924.561436,40246.915116,17677.64632,9,172.039154,62.503931,0.258848,13.71,16.334554,5.479884,
2019-04-01,59533.974506,41856.328186,17677.64632,9,174.318207,67.529128,0.258427,13.4,16.333139,5.478941,
2019-04-02,59883.924042,42206.277723,17677.64632,9,174.978943,68.833247,0.255945,13.36,16.331706,5.478009,
2019-04-03,60608.482676,42930.836357,17677.64632,9,175.98436,70.757827,0.255705,13.74,16.330458,5.476985,
2019-04-04,60508.748268,42831.101949,17677.64632,9,175.917389,70.445777,0.255069,13.58,16.329133,5.475998,
2019-04-05,61176.404849,43498.758529,17677.64632,9,176.827072,72.236825,0.255054,12.82,16.327445,5.475221,
2019-04-08,61371.443093,43693.796773,17677.64632,9,177.277145,73.105251,0.253144,13.18,16.325931,5.474338,
2019-04-09,60878.789751,43201.143432,17677.64632,9,176.654663,69.850901,0.25308,14.28,16.324947,5.473205,
2019-04-10,61521.88553,43844.23921,17677.64632,9,177.602676,71.902337,0.251857,13.3,16.323494,5.472291,
2019-04-11,61179.502747,43501.856428,17677.64632,9,177.181412,69.634897,0.251766,13.02,16.321907,5.471455,
2019-04-12,61729.156218,44051.509899,17677.64632,9,177.947403,71.400928,0.251433,12.01,16.319837,5.470957,
2019-04-15,61693.708381,44016.062061,17677.64632,9,177.976181,71.468067,0.251338,12.32,16.317917,5.470345,
2019-04-16,62138.967897,44461.321577,17677.64632,9,178.588989,72.925643,0.25122,12.18,16.315933,5.469783,
2019-04-17,62542.470767,44864.824448,17677.64632,9,179.211456,74.358552,0.250003,12.6,16.314151,5.469077,
2019-04-18,62701.490841,45023.844521,17677.64632,9,179.441284,74.887034,0.249997,12.09,16.312127,5.468548,
2019-04-22,63010.781602,45333.135282,17677.64632,9,179.948746,76.060286,0.249737,12.42,16.310263,5.467901,
2019-04-23,64752.327732,47074.681413,17677.64632,9,182.237381,80.487781,0.249361,12.28,16.308334,5.467302,
2019-04-24,64288.032353,46610.386033,17677.64632,9,181.662827,76.654959,0.249374,13.14,16.306818,5.466433,
2019-04-25,64784.961523,47107.315203,17677.64632,9,182.400269,78.096676,0.247983,13.25,16.305356,5.465534,
2019-04-26,64894.947752,47217.301433,17677.64632,9,182.562973,78.413432,0.247983,12.73,16.303647,5.464786,
2019-04-29,65070.463308,47392.816988,17677.64632,9,182.917282,79.121511,0.246805,13.11,16.302121,5.463926,
2019-04-30,63954.28029,46276.63397,17677.64632,9,181.500015,69.325579,0.247014,13.12,16.300602,5.463063,
2019-05-01,63476.556314,45798.909994,17677.64632,9,180.915955,65.714765,0.246881,14.8,16.299885,5.461856,
2019-05-02,62838.077698,45160.431378,17677.64632,9,180.130707,61.106548,0.246617,14.42,16.298989,5.460707,
2019-05-03,65084.835505,47407.189186,17677.64632,9,183.003448,69.52585,0.247165,12.87,16.297353,5.459918,
2019-05-06,64161.959505,46484.313186,17677.64632,9,181.883102,63.731631,0.247299,15.44,16.296945,5.458648,
2019-05-07,61409.744218,43732.097898,17677.64632,9,178.340057,49.641813,0.247531,19.32,16.298385,5.457746,
2019-05-08,61039.935549,43362.28923,17677.64632,9,177.889999,48.18456,0.247381,19.4,16.299862,5.456865,
2019-05-09,60293.965689,42616.319369,17677.64632,9,176.932373,45.147633,0.247475,19.1,16.301195,5.455908,
2019-05-10,60430.206537,42752.560218,17677.64632,9,177.152664,45.990927,0.24716,16.040001,16.30107,5.454612,
2019-05-13,55920.268159,38242.621839,17677.64632,9,171.004974,31.456602,0.250562,20.549999,16.303091,5.454102,
2019-05-14,57309.076046,39631.429727,17677.64632,9,172.881821,37.90808,0.250885,18.059999,16.303926,5.452939,
2019-05-15,59148.26102,41470.614701,17677.64632,9,175.323639,45.14243,0.251421,16.440001,16.30399,5.451644,
2019-05-16,60461.531944,42783.885624,17677.64632,9,177.085632,49.69687,0.251306,15.29,16.303509,5.450394,
2019-05-17,59080.724773,41403.078453,17677.64632,9,175.275833,45.516823,0.251522,15.96,16.303346,5.449105,
2019-05-20,56849.180634,39171.534314,17677.64632,9,172.316833,39.64539,0.252336,16.309999,16.303349,5.447812,
2019-05-21,58183.935866,40506.289547,17677.64632,9,174.117081,44.348858,0.252539,14.95,16.302707,5.446599,
2019-05-22,57584.546608,39906.900288,17677.64632,9,173.341446,42.801205,0.252526,14.75,16.301972,5.445412,
2019-05-23,55634.54451,37956.898191,17677.64632,9,170.688965,37.926846,0.253224,16.92,16.302264,5.444139,
2019-05-24,55543.350083,37865.703763,17677.64632,9,170.602753,37.776261,0.253036,15.85,16.30205,5.442858,
2019-05-28,55000.58487,37322.93855,17677.64632,9,169.961212,36.611356,0.25308,17.5,16.302617,5.441631,
2019-05-29,53972.889911,36295.243592,17677.64632,9,168.563171,34.140635,0.253283,17.9,16.303373,5.440455,
2019-05-30,54468.77928,36791.13296,17677.64632,9,169.271774,36.480458,0.253267,17.299999,16.303844,5.439211,
2019-05-31,52529.730947,34852.084627,17677.64632,9,166.57135,31.838214,0.253882,18.709999,16.304981,5.438176,
2019-06-03,49955.097918,32277.451598,17677.64632,9,162.903809,26.842298,0.255297,18.860001,16.306188,5.437175,
2019-06-04,53260.710717,35583.064397,17677.64632,9,167.490631,39.606125,0.256785,16.969999,16.306501,5.43591,
2019-06-05,54136.958995,36459.312675,17677.64632,9,168.735504,42.53642,0.256713,16.09,16.306399,5.434628,
2019-06-06,55101.414136,37423.767817,17677.64632,9,170.076111,45.597657,0.25686,15.93,16.306222,5.433352,
2019-06-07,57551.788501,39874.142182,17677.64632,9,173.36058,52.301958,0.257783,16.299999,16.306219,5.43207,
2019-06-10,59017.458565,41339.812245,17677.64632,9,175.381119,55.902258,0.257952,15.94,16.306046,5.430795,
2019-06-11,59179.430928,41501.784608,17677.64632,9,175.620499,56.322885,0.257955,15.99,16.305897,5.42952,
2019-06-12,58400.750083,40723.103763,17677.64632,9,174.605423,53.97193,0.25804,15.91,16.305711,5.428248,
2019-06-13,59161.304478,41483.658158,17677.64632,9,175.639694,55.987759,0.258059,15.82,16.305482,5.42698,
2019-06-14,58582.487775,40904.841455,17677.64632,9,174.892731,54.143479,0.258115,15.28,16.305,5.425749,
2019-06-17,59312.372211,41634.725891,17677.64632,9,175.946152,56.328325,0.257936,15.35,16.304551,5.424512,
2019-06-18,61263.369513,43585.723194,17677.64632,9,178.502823,61.164541,0.258464,15.15,16.304008,5.423294,
2019-06-19,61760.558694,44082.912374,17677.64632,9,179.173157,62.342048,0.258496,14.33,16.303081,5.422189,
2019-06-20,63036.098941,45358.452622,17677.64632,9,180.83934,65.168994,0.258694,14.75,16.302352,5.42102,
2019-06-21,62805.046737,45127.400418,17677.64632,9,180.571182,64.331965,0.258574,15.4,16.301929,5.419782,
2019-06-24,62744.697585,45067.051265,17677.64632,9,180.57695,64.342574,0.258347,15.26,16.30144,5.418557,
2019-06-25,60381.389999,42703.743679,17677.64632,9,177.477158,54.893261,0.259194,16.280001,16.30143,5.417286,
2019-06-26,60930.472799,43252.826479,17677.64632,9,178.302444,56.715846,0.257756,16.209999,16.301387,5.416017,
2019-06-27,61434.735874,43757.089555,17677.64632,9,178.983841,58.217001,0.25775,15.82,16.301162,5.414758,
2019-06-28,61569.771686,43892.125367,17677.64632,9,179.214203,58.738006,0.257196,15.08,16.30059,5.413554,
2019-07-01,63400.028724,45722.382404,17677.64632,9,181.632645,63.836304,0.257483,14.06,16.299541,5.412504,
2019-07-02,63944.230011,46266.583691,17677.64632,9,182.352432,65.213937,0.257504,12.93,16.297965,5.411728,
2019-07-03,65003.055301,47325.408981,17677.64632,9,183.724747,67.737385,0.257535,12.57,16.296223,5.411062,
2019-07-05,64657.015197,46979.368877,17677.64632,9,183.350479,66.324278,0.257141,13.28,16.294813,5.41019,
2019-07-08,63585.216342,45907.570022,17677.64632,9,182.064484,61.571292,0.2569,13.96,16.293723,5.409161,
2019-07-09,64257.995133,46580.348813,17677.64632,9,182.976212,63.564833,0.256322,14.09,16.292694,5.408108,
2019-07-10,65678.936898,48001.290578,17677.64632,9,184.799637,67.226659,0.256371,13.03,16.291171,5.407304,
2019-07-11,65554.785374,47877.139054,17677.64632,9,184.665268,66.694718,0.256374,12.93,16.289604,5.40653,
2019-07-12,66381.052018,48703.405698,17677.64632,9,185.73056,68.802368,0.256371,12.39,16.287786,5.405925,
2019-07-15,66772.208474,49094.562154,17677.64632,9,186.325577,69.946372,0.255605,12.68,16.286104,5.405226,
2019-07-16,65994.115784,48316.469464,17677.64632,9,185.365875,65.757991,0.255689,12.86,16.284509,5.404472,
2019-07-17,65255.758281,47578.111962,17677.64632,9,184.454193,61.962222,0.255747,13.97,16.283431,5.403444,
2019-07-18,65401.33484,47723.68852,17677.64632,9,184.665268,62.501904,0.255655,13.53,16.28215,5.402513,
2019-07-19,64320.41452,46642.768201,17677.64632,9,183.312103,56.925798,0.255806,14.45,16.281298,5.4014,
2019-07-22,65421.938821,47744.292501,17677.64632,9,184.770889,60.968558,0.255891,13.53,16.280019,5.400469,
2019-07-23,66368.709393,48691.063074,17677.64632,9,185.980042,63.985791,0.255998,12.61,16.278313,5.399794,
2019-07-24,67396.856971,49719.210651,17677.64632,9,187.285263,66.955295,0.2561,12.07,16.276359,5.399301,
2019-07-25,65971.059667,48293.413348,17677.64632,9,185.509796,59.739493,0.256334,12.74,16.274717,5.398584,
2019-07-26,67468.675899,49791.029579,17677.64632,9,187.419632,64.207921,0.256093,12.16,16.272807,5.398059,
2019-07-29,66877.307791,49199.661471,17677.64632,9,186.776627,61.724027,0.255446,12.83,16.271211,5.397316,
2019-07-30,66197.789368,48520.143048,17677.64632,9,185.970505,58.660237,0.254957,13.94,16.27013,5.396297,
2019-07-31,64137.243242,46459.596922,17677.64632,9,183.398483,50.113202,0.254932,16.120001,16.27006,5.395047,
2019-08-01,63397.84555,45720.19923,17677.64632,9,182.48674,47.472632,0.254863,17.870001,16.270801,5.393907,
2019-08-02,61302.704697,43625.058377,17677.64632,9,179.799606,40.67075,0.255477,17.610001,16.271421,5.392734,
2019-08-05,56527.336656,42347.179679,14180.156977,10,173.446426,29.799467,0.258647,24.59,16.275271,5.394455,21.669726
2019-08-06,58535.369819,44355.212841,14180.156977,10,175.874405,36.756916,0.259155,20.17,16.277072,5.393857,
2019-08-07,59304.627041,45124.470063,14180.156977,10,176.824585,39.29261,0.25914,19.49,16.278558,5.393052,
2019-08-08,62589.534564,48409.377586,14180.156977,10,180.672958,48.328855,0.26038,16.91,16.278849,5.391822,
2019-08-09,61140.827948,46960.670971,14180.156977,10,178.974319,45.135321,0.260633,17.969999,16.27963,5.390699,
2019-08-12,59370.816391,45190.659414,14180.156977,10,176.920517,41.559486,0.261007,21.09,16.281851,5.390445,
2019-08-13,62672.968228,48492.811251,14180.156977,10,180.797714,49.666517,0.26212,17.52,16.282423,5.389266,
2019-08-14,58245.256162,44065.099185,14180.156977,10,175.394547,41.108149,0.264666,22.1,16.285106,5.389471,21.674577
2019-08-15,58051.740498,43871.583521,14180.156977,10,175.193069,40.825647,0.264566,21.18,16.287363,5.389253,
2019-08-16,60381.486051,46201.329073,14180.156977,10,178.00499,46.365526,0.264827,18.469999,16.288369,5.388214,
2019-08-19,62736.745054,48556.588077,14180.156977,10,180.836121,51.308224,0.265463,16.879999,16.288641,5.386987,
2019-08-20,61536.638214,47356.481236,14180.156977,10,179.434921,48.906035,0.265637,17.5,16.289199,5.385809,
2019-08-21,62874.485217,48694.32824,14180.156977,10,181.02803,51.676236,0.265836,15.8,16.288974,5.384579,
2019-08-22,62355.47886,48175.321883,14180.156977,10,180.442581,50.590709,0.265836,16.68,16.289154,5.383347,
2019-08-23,57702.430588,43522.27361,14180.156977,10,174.732422,41.445891,0.268618,19.870001,16.2908,5.382656,
2019-08-26,59849.323797,45669.16682,14180.156977,10,177.371628,46.279322,0.269208,19.32,16.292192,5.38181,
2019-08-27,59504.668821,45324.511843,14180.156977,10,176.997284,45.703053,0.268997,20.309999,16.294038,5.381263,
2019-08-28,59998.502738,45818.345761,14180.156977,10,177.630707,46.907748,0.268757,19.35,16.295441,5.380425,
2019-08-29,62289.880156,48109.723178,14180.156977,10,180.346603,51.841518,0.269364,17.879999,16.296168,5.379297,
2019-08-30,61886.623755,47706.466778,14180.156977,10,179.914764,51.029506,0.269032,18.98,16.297399,5.378369,
2019-09-03,60339.996953,46159.839975,14180.156977,10,178.168137,47.770342,0.26928,19.66,16.298941,5.377618,
2019-09-04,62512.901613,48332.744636,14180.156977,10,180.740112,52.573804,0.269824,17.33,16.299413,5.37643,
2019-09-05,65360.163084,51180.006106,14180.156977,10,184.051071,57.936839,0.270642,16.27,16.2994,5.375198,
2019-09-06,65160.466863,50980.309886,14180.156977,10,183.868713,57.550829,0.270181,15,16.298805,5.374039,
2019-09-09,64755.099465,50574.942487,14180.156977,10,183.484863,56.694564,0.269969,15.27,16.298334,5.372853,
2019-09-10,64278.868271,50098.711294,14180.156977,10,182.957031,55.472338,0.26995,15.2,16.297832,5.371675,
2019-09-11,65745.895677,51565.7387,14180.156977,10,184.674911,58.600485,0.270146,14.61,16.29706,5.370567,
2019-09-12,66384.646508,52204.489531,14180.156977,10,185.442627,59.954439,0.270039,14.22,16.296111,5.369523,
2019-09-13,65789.538161,51609.381184,14180.156977,10,184.780411,58.186707,0.270051,13.74,16.294943,5.368574,
2019-09-16,65000.742698,50820.585721,14180.156977,10,183.955109,55.971767,0.26982,14.67,16.294201,5.36746,
2019-09-17,65743.734163,51563.577186,14180.156977,10,184.838043,57.821583,0.26985,14.44,16.293355,5.36638,
2019-09-18,65630.019437,51449.862459,14180.156977,10,184.761246,57.594918,0.269267,13.95,16.292286,5.365389,
2019-09-19,65867.497949,51687.340972,14180.156977,10,185.068375,58.298963,0.269102,14.05,16.291263,5.364379,
2019-09-20,64167.547156,49987.390179,14180.156977,10,183.11055,52.334048,0.269416,15.32,16.29082,5.363196,
2019-09-23,64157.404953,49977.247975,14180.156977,10,183.19136,52.549852,0.269102,14.91,16.290191,5.362054,
2019-09-24,62070.123655,47889.966677,14180.156977,10,180.758438,45.82343,0.269507,17.049999,16.290537,5.360857,
2019-09-25,63797.446085,49617.289108,14180.156977,10,182.78746,51.40951,0.269814,15.96,16.290387,5.359641,
2019-09-26,63199.252649,49019.095672,14180.156977,10,182.114334,49.582997,0.26985,16.07,16.290287,5.358423,
2019-09-27,61270.373565,47090.216588,14180.156977,10,179.854477,43.938863,0.270274,17.219999,16.290709,5.357241,
2019-09-30,62662.410083,48482.253106,14180.156977,10,181.566208,48.702111,0.270324,16.24,16.290686,5.356023,
2019-10-01,61386.763306,47206.606329,14180.156977,10,180.085281,45.129509,0.270506,18.559999,16.291717,5.355024,
2019-10-02,58794.438714,44614.281737,14180.156977,10,176.988815,38.731831,0.271301,20.559999,16.293656,5.35458,
2019-10-03,60415.577782,46235.420805,14180.156977,10,178.93129,44.086719,0.271603,19.120001,16.294939,5.353703,
2019-10-04,62655.183367,48475.02639,14180.156977,10,181.566208,50.417282,0.272164,17.040001,16.295277,5.352511,
2019-10-07,62075.633508,47895.47653,14180.156977,10,181.018051,49.170042,0.271177,17.860001,16.295986,5.3514,
2019-10-08,59764.762039,45584.605062,14180.156977,10,178.306244,43.444177,0.271383,20.280001,16.297792,5.350859,
2019-10-09,61219.318793,47039.161816,14180.156977,10,180.04686,47.657491,0.271519,18.639999,16.298854,5.349878,
2019-10-10,62390.213012,48210.056035,14180.156977,10,181.441193,50.8183,0.271644,17.57,16.299429,5.348735,
2019-10-11,64160.396565,49980.239587,14180.156977,10,183.777939,55.651678,0.266543,15.58,16.299104,5.347545,
2019-10-14,64059.244285,49879.087308,14180.156977,10,183.758743,55.603336,0.266088,14.57,16.298321,5.346461,
2019-10-15,66013.544836,51833.387859,14180.156977,10,186.095505,60.142277,0.264509,13.54,16.297074,5.345573,
2019-10-16,65570.525605,51390.368628,14180.156977,10,185.633865,58.861975,0.264095,13.68,16.295891,5.344654,
2019-10-17,65893.45234,51713.295363,14180.156977,10,186.124298,59.840082,0.261916,13.79,16.294758,5.343711,
2019-10-18,64314.969708,50134.812731,14180.156977,10,184.335693,54.729353,0.262193,14.25,16.293835,5.34268,
2019-10-21,65630.319449,51450.162472,14180.156977,10,185.97049,58.239985,0.260815,14,16.292799,5.341696,
2019-10-22,64316.243231,50136.086254,14180.156977,10,184.489532,54.143789,0.261008,14.46,16.291972,5.340632,
2019-10-23,64604.456123,50424.299146,14180.156977,10,184.845337,54.963346,0.260953,14.01,16.290943,5.339647,
2019-10-24,66173.526676,47418.210297,18755.316379,9,186.643616,58.955994,0.261141,13.71,16.289779,5.338724,
2019-10-25,67143.412129,48388.09575,18755.316379,9,188.134155,61.965813,0.254988,12.65,16.288139,5.338079,
2019-10-28,68498.638583,45502.979381,22995.659202,8,189.990128,65.371015,0.252055,13.11,16.286707,5.337303,
2019-10-29,67365.346384,39511.531829,27853.814555,7,188.518784,60.729141,0.250207,13.2,16.285317,5.336502,
2019-10-30,67904.70308,40050.888526,27853.814555,7,189.432358,62.50925,0.248913,12.33,16.283537,5.335961,
2019-10-31,67931.172016,40077.357462,27853.814555,7,189.518921,62.681861,0.248206,13.22,16.282159,5.335156,
2019-11-01,68993.612747,41139.798193,27853.814555,7,191.240234,66.03105,0.246926,12.3,16.280369,5.334624,
2019-11-04,69710.660253,35805.508531,33905.151722,6,192.423019,68.146521,0.246561,12.83,16.278818,5.333926,
2019-11-05,69744.031584,35838.879862,33905.151722,6,192.528839,68.33651,0.245774,13.1,16.27739,5.333153,
2019-11-06,69494.433833,35589.282111,33905.151722,6,192.096115,66.587493,0.24577,12.62,16.275748,5.332518,
2019-11-07,69837.617141,35932.465419,33905.151722,6,192.740402,67.904647,0.245653,12.73,16.274156,5.33185,
2019-11-08,70205.696599,36300.544877,33905.151722,6,193.509659,69.453009,0.242977,12.07,16.27227,5.331397,
2019-11-11,70028.074329,36122.922607,33905.151722,6,193.250031,68.256165,0.242843,12.69,16.270664,5.33074,
2019-11-12,70311.871592,36406.71987,33905.151722,6,193.807755,69.473137,0.241931,12.68,16.269054,5.330087,
2019-11-13,70278.062147,36372.910425,33905.151722,6,193.855865,69.581472,0.238956,13,16.26759,5.329342,
2019-11-14,70182.249436,36277.097714,33905.151722,6,193.702011,68.741325,0.238963,13.05,16.266149,5.328583,
2019-11-15,70965.399,37060.247278,33905.151722,6,195.125229,72.097543,0.238874,12.05,16.264261,5.328136,
2019-11-18,71008.094352,37102.942631,33905.151722,6,195.279068,72.441978,0.238046,12.46,16.262559,5.327551,
2019-11-19,71158.902316,37253.750594,33905.151722,6,195.567566,73.112295,0.237991,12.86,16.261038,5.326845,
2019-11-20,70438.288413,30841.835483,39596.45293,5,194.394363,66.073858,0.234625,12.78,16.259481,5.326163,
2019-11-21,70213.811848,30617.358918,39596.45293,5,193.961639,63.640305,0.233541,13.13,16.258083,5.325383,
2019-11-22,70262.139935,30665.687005,39596.45293,5,194.086624,64.052132,0.233406,12.34,16.256333,5.324837,
2019-11-25,71314.971466,31718.518536,39596.45293,5,196.384964,70.638114,0.233556,11.87,16.254375,5.324454,
2019-11-26,71464.584186,31868.131257,39596.45293,5,196.760025,71.554,0.232074,11.54,16.252271,5.324197,
2019-11-27,72105.035975,32508.583045,39596.45293,5,198.135132,74.673285,0.232168,11.75,16.250263,5.323858,
2019-11-29,71629.011535,32032.558605,39596.45293,5,197.231247,69.294387,0.229291,12.62,16.248645,5.323223,
2019-12-02,70659.626749,31063.17382,39596.45293,5,195.211792,59.058686,0.229626,14.91,16.248048,5.322111,
2019-12-03,69936.601429,30340.1485,39596.45293,5,193.68277,52.710092,0.229728,15.96,16.24792,5.320929,
2019-12-04,70377.791915,30781.338985,39596.45293,5,194.663635,55.979219,0.228916,14.8,16.247275,5.319831,
2019-12-05,70489.508791,30893.055862,39596.45293,5,195.048279,57.227918,0.223846,14.52,16.246506,5.318771,
2019-12-06,71468.790427,31872.337497,39596.45293,5,197.13504,63.308729,0.224032,13.62,16.245338,5.317876,
2019-12-09,70980.967931,31384.515001,39596.45293,5,196.240723,59.410495,0.22026,15.86,16.245167,5.3167,
2019-12-10,70892.893617,31296.440687,39596.45293,5,196.077225,58.698889,0.219975,15.68,16.244916,5.315531,
2019-12-11,71377.871636,31781.418707,39596.45293,5,197.115829,61.826821,0.220019,14.99,16.244358,5.314415,
2019-12-12,72068.600151,32472.147221,39596.45293,5,198.587112,65.780487,0.219956,13.94,16.243335,5.313457,
2019-12-13,72372.620801,32776.167871,39596.45293,5,199.241013,67.396716,0.219973,12.63,16.241731,5.312822,
2019-12-16,73287.198073,19001.617306,54285.580767,3,201.241226,71.786435,0.218067,12.14,16.239911,5.312346,
2019-12-17,73300.100029,19014.519262,54285.580767,3,201.356628,72.0205,0.216144,12.29,16.23816,5.311818,
2019-12-18,73338.134474,19052.553707,54285.580767,3,201.510498,72.349883,0.216057,12.58,16.236538,5.311199,
2019-12-19,73673.269492,19387.688725,54285.580767,3,202.770218,74.949896,0.213857,12.5,16.234883,5.310604,
2019-12-20,73894.525387,5234.424978,68660.100409,1,203.587601,76.49439,0.213025,12.51,16.233233,5.310006,
2019-12-23,73915.762457,5255.662048,68660.100409,1,204.125381,77.478272,0.209326,12.61,16.231629,5.309377,
2019-12-24,73910.222326,5250.121918,68660.100409,1,204.2314,77.676648,0.206865,12.67,16.230053,5.308731,
2019-12-26,74005.50862,5345.408211,68660.100409,1,206.033508,80.776289,0.194479,12.65,16.22847,5.30809,
2019-12-27,73988.0631,5327.962692,68660.100409,1,205.860046,79.63015,0.194474,13.43,16.227233,5.307242,
2019-12-30,73862.779962,5202.679553,68660.100409,1,204.51091,71.171589,0.194694,14.82,16.226611,5.306152,
2019-12-31,73894.46496,5234.364551,68660.100409,1,204.896332,72.083891,0.194509,13.78,16.22553,5.305228,
2020-01-02,74202.454946,5542.354538,68660.100409,1,208.317566,78.567563,0.195343,12.47,16.223872,5.304643,
2020-01-03,74010.044684,5349.944275,68660.100409,1,206.409378,68.948865,0.191281,14.02,16.222899,5.303674,
2020-01-06,74098.822158,5438.721749,68660.100409,1,207.739319,71.562034,0.185074,13.85,16.221853,5.302738,
2020-01-07,74092.660216,5432.559808,68660.100409,1,207.710434,71.421448,0.184647,13.79,16.22078,5.301814,
2020-01-08,74233.670708,5573.570299,68660.100409,1,209.271667,74.354089,0.184564,13.45,16.219559,5.300965,
2020-01-09,74395.467359,5735.366951,68660.100409,1,211.044907,77.214108,0.184581,12.54,16.217938,5.300359,
2020-01-10,74344.044018,5683.943609,68660.100409,1,210.505188,74.491154,0.184628,12.56,16.216328,5.299747,
2020-01-13,74565.018729,5904.91832,68660.100409,1,212.933762,78.214107,0.18494,12.32,16.214613,5.299211,
2020-01-14,74484.332891,5824.232483,68660.100409,1,212.095337,74.188505,0.184642,12.39,16.21293,5.298652,
2020-01-15,74486.062414,5825.962005,68660.100409,1,212.182037,74.335607,0.183364,12.42,16.211262,5.298083,
2020-01-16,74674.825241,6014.724832,68660.100409,1,214.215469,77.565024,0.183626,12.32,16.209552,5.297546,
2020-01-17,74772.000759,6111.90035,68660.100409,1,215.275604,79.045453,0.183508,12.1,16.207746,5.297082,
2020-01-21,74755.287536,6095.187127,68660.100409,1,215.179214,78.537999,0.183228,12.85,16.206271,5.296386,
2020-01-22,74801.211862,6141.111454,68660.100409,1,215.747833,79.379014,0.181401,12.91,16.204824,5.295673,
2020-01-23,74864.957022,6204.856613,68660.100409,1,216.441681,80.38888,0.181415,12.98,16.203409,5.294942,
2020-01-24,74692.794596,6032.694187,68660.100409,1,214.620255,70.612701,0.181688,14.56,16.202689,5.293892,
2020-01-27,74279.603514,5619.503106,68660.100409,1,210.18721,53.545233,0.183166,18.23,16.203577,5.292901,
2020-01-28,74578.234527,5918.134119,68660.100409,1,213.415588,60.948036,0.183214,16.280001,16.203611,5.291741,
2020-01-29,74607.454395,5947.353986,68660.100409,1,213.762573,61.6553,0.182757,16.389999,16.203693,5.290583,
2020-01-30,74669.911841,6009.811433,68660.100409,1,214.523926,63.22894,0.18051,15.49,16.20338,5.289445,
2020-01-31,74351.460312,5691.359903,68660.100409,1,211.121994,52.801641,0.180932,18.84,16.204534,5.288575,
2020-02-03,74646.665426,5986.565017,68660.100409,1,214.311859,59.539456,0.181585,17.969999,16.205306,5.287546,
2020-02-04,75112.081006,6451.980597,68660.100409,1,219.217239,67.27595,0.182916,16.049999,16.205238,5.28639,
2020-02-05,75178.511635,6518.411226,68660.100409,1,219.939987,68.239553,0.182704,15.15,16.204777,5.285281,
2020-02-06,75358.166271,6698.065862,68660.100409,1,221.838531,70.681785,0.182851,14.96,16.204233,5.28419,
2020-02-07,75263.58435,6603.483941,68660.100409,1,220.884445,67.857866,0.18211,15.47,16.203913,5.283057,
2020-02-10,75515.090196,6854.989788,68660.100409,1,223.55397,71.311552,0.182564,15.04,16.203405,5.28196,
2020-02-11,75517.143804,6857.043395,68660.100409,1,223.592514,71.359403,0.182549,15.18,16.202958,5.28085,
2020-02-12,75723.793292,0,75723.793292,0,225.770523,73.998617,0.182119,13.74,16.201884,5.279949,
2020-02-13,75723.793292,0,75723.793292,0,225.481384,73.036422,0.182144,14.15,16.20099,5.278971,
2020-02-14,75723.793292,0,75723.793292,0,226.12709,73.854053,0.182154,13.68,16.199891,5.278083,
2020-02-18,75723.793292,0,75723.793292,0,226.213852,73.968277,0.182123,14.83,16.199294,5.27701,
2020-02-19,75723.793292,0,75723.793292,0,228.382156,76.707059,0.182391,14.38,16.198502,5.275997,
2020-02-20,75723.793292,0,75723.793292,0,226.262009,69.056556,0.182828,15.56,16.198225,5.274865,
2020-02-21,75723.793292,0,75723.793292,0,221.915665,56.594927,0.184409,17.08,16.198608,5.27375,
2020-02-24,75723.793292,0,75723.793292,0,213.357834,40.932412,0.190561,25.030001,16.202448,5.275817,21.478265
2020-02-25,75723.793292,6718.670182,69005.123109,2,207.556213,34.052231,0.193595,27.85,16.20751,5.280256,26.768022
2020-02-26,75871.342097,6866.218988,69005.123109,2,208.625961,36.182285,0.193662,27.559999,16.212441,5.284409,26.781259
2020-02-27,74664.598475,12275.15218,62389.446296,4,198.179214,27.008079,0.203563,39.16,16.222406,5.304856,26.832118
2020-02-28,74695.513503,18942.632122,55752.881381,6,198.333389,27.301045,0.203531,40.110001,16.232773,5.327001,26.886776
2020-03-02,79493.47548,23740.594099,55752.881381,6,208.56813,43.51022,0.211932,33.419998,16.24023,5.337863,26.915956
2020-03-03,76831.192715,21078.311334,55752.881381,6,201.879898,37.608978,0.215706,36.82,16.249154,5.353885,26.956924
2020-03-04,80755.104687,25002.223306,55752.881381,6,210.302826,47.302443,0.221012,31.99,16.255977,5.362747,26.981471
2020-03-05,78158.000344,22405.118963,55752.881381,6,203.913361,41.974837,0.224141,39.619999,16.266101,5.383596,27.033292
2020-03-06,76737.378257,20984.496876,55752.881381,6,200.47287,39.401471,0.224607,41.939999,16.27722,5.408883,27.094986
2020-03-09,72307.049617,23679.022448,48628.027168,8,186.54715,31.092457,0.240984,54.459999,16.293749,5.465755,27.22526
2020-03-10,78153.531063,29525.503894,48628.027168,8,196.704712,40.884919,0.247931,47.299999,16.307166,5.502504,27.312174
2020-03-11,74074.641741,25446.614573,48628.027168,8,188.137253,36.210698,0.253718,53.900002,16.323426,5.556591,27.436608
2020-03-12,67891.93889,26661.862735,41230.076155,10,170.886719,29.017244,0.278813,75.470001,16.348997,5.689887,27.728771
2020-03-13,78310.277762,37080.201607,41230.076155,10,185.361755,39.820421,0.295367,57.830002,16.366923,5.753643,27.874209
2020-03-16,68355.505324,35133.348717,33222.156607,12,163.157639,31.820229,0.332706,82.690002,16.395572,5.915252,28.226077
2020-03-17,78549.941526,45327.784919,33222.156607,12,175.531815,39.156513,0.344119,75.910004,16.421269,6.041891,28.505051
2020-03-18,74732.40426,41510.247652,33222.156607,12,170.19281,37.292002,0.346099,76.449997,16.447177,6.167974,28.783125
2020-03-19,75457.398888,42235.242281,33222.156607,12,171.214355,37.901294,0.346142,72,16.471143,6.273663,29.01847
2020-03-20,70879.457263,37657.300656,33222.156607,12,164.506866,35.464685,0.348933,66.040001,16.492518,6.356211,29.204939
2020-03-23,70760.88367,37538.727062,33222.156607,12,164.625702,35.543747,0.347929,61.59,16.511957,6.423443,29.358843
2020-03-24,81374.469472,48152.312865,33222.156607,12,177.373856,43.535331,0.359294,61.669998,16.531413,6.490104,29.51162
2020-03-25,80335.423557,47113.26695,33222.156607,12,176.060425,42.944558,0.359368,63.950001,16.551835,6.5629,29.677634
2020-03-26,88183.69421,54961.537603,33222.156607,12,185.331833,48.279888,0.364494,61,16.570969,6.625977,29.822923
2020-03-27,83331.51832,50109.361713,33222.156607,12,178.957718,45.153691,0.366943,65.540001,16.59204,6.701977,29.995994
2020-03-30,88674.301436,55452.144829,33222.156607,12,185.467026,48.799735,0.369311,57.080002,16.609454,6.752943,30.115339
2020-03-31,87337.712014,54115.555406,33222.156607,12,183.883118,47.964187,0.369138,53.540001,16.625331,6.794776,30.214883
2020-04-01,81546.041932,48323.885325,33222.156607,12,176.070068,43.965299,0.372805,57.060001,16.642707,6.844833,30.332373
2020-04-02,84366.470592,51144.313985,33222.156607,12,179.643402,46.175539,0.373521,50.91,16.657427,6.880117,30.41766
2020-04-03,82384.163997,49162.00739,33222.156607,12,177.093811,44.817198,0.373918,46.799999,16.670369,6.906937,30.484244
2020-04-06,93422.767025,60200.610417,33222.156607,12,189.755096,52.318531,0.382939,45.240002,16.682631,6.930773,30.544176
2020-04-07,93319.704352,60097.547744,33222.156607,12,189.677811,52.271821,0.38293,46.700001,16.695508,6.957122,30.609752
2020-04-08,96745.082633,63522.926026,33222.156607,12,193.705109,54.548992,0.38371,43.349998,16.706938,6.977495,30.661928
2020-04-09,96939.298715,63717.142108,33222.156607,12,193.985153,54.710805,0.383665,41.669998,16.717638,6.995117,30.707872
2020-04-13,98591.779761,65369.623154,33222.156607,12,196.080887,55.974007,0.383854,41.169998,16.728115,7.011909,30.751933
2020-04-14,106344.910552,73122.753945,33222.156607,12,204.608627,60.769021,0.387148,37.759998,16.737122,7.023905,30.784932
2020-04-15,104262.438442,71040.281835,33222.156607,12,202.261826,58.868847,0.38742,40.84,16.74744,7.040086,30.827611
2020-04-16,107549.9328,74327.776192,33222.156607,12,205.951065,60.936725,0.387978,40.110001,16.757437,7.05515,30.867737
2020-04-17,109288.758066,76066.601459,33222.156607,12,207.92128,62.034478,0.388111,38.150002,16.766587,7.067502,30.90159
2020-04-20,106998.893561,73776.736954,33222.156607,12,205.458542,59.77331,0.3884,43.830002,16.778157,7.088114,30.954385
2020-04-21,100603.676779,67381.520171,33222.156607,12,197.877243,53.329044,0.391076,45.41,16.790393,7.111273,31.01294
2020-04-22,105825.855924,72603.699317,33222.156607,12,203.74913,57.179699,0.392334,41.98,16.801153,7.12879,31.058733
2020-04-23,105401.184317,72179.02771,33222.156607,12,203.314514,56.806109,0.392322,41.380001,16.811648,7.14534,31.102328
2020-04-24,108250.222793,75028.066186,33222.156607,12,206.520859,58.937618,0.392723,35.93,16.819808,7.154725,31.129257
2020-04-27,109629.60688,76407.450273,33222.156607,12,208.182022,60.03789,0.392826,33.290001,16.826834,7.161282,31.149399
2020-04-28,106166.404092,72944.247485,33222.156607,12,204.260986,56.209313,0.393521,33.57,16.833974,7.168098,31.170171
2020-04-29,112842.52315,79620.366543,33222.156607,12,211.504272,61.139263,0.395553,31.23,16.840111,7.17273,31.185572
2020-04-30,112720.473998,79498.317391,33222.156607,12,211.417358,61.050447,0.395528,34.150002,16.847486,7.180097,31.207681
2020-05-01,107483.131538,74260.974931,33222.156607,12,205.458542,55.136686,0.397035,37.189999,16.85615,7.190833,31.237815
2020-05-04,109478.734166,76256.577558,33222.156607,12,207.853653,56.942105,0.396832,35.970001,16.864287,7.20011,31.264507
2020-05-05,111574.728988,78352.572381,33222.156607,12,210.210144,58.702987,0.39696,33.610001,16.871413,7.206861,31.285134
2020-05-06,112634.350688,79412.19408,33222.156607,12,211.504272,59.678231,0.396265,34.119999,16.878749,7.214103,31.306956
2020-05-07,115107.634195,81885.477587,33222.156607,12,214.227798,61.726699,0.396512,31.440001,16.88494,7.218816,31.322572
2020-05-08,117799.112679,84576.956072,33222.156607,12,217.163681,63.858227,0.396743,27.98,16.889656,7.220904,24.11056
2020-05-11,119494.152235,86271.995628,33222.156607,12,219.104935,65.236841,0.396862,27.57,16.894193,7.222725,24.116918
2020-05-12,115049.026187,81826.86958,33222.156607,12,214.517456,59.464313,0.395357,33.040001,16.901049,7.228851,31.358751
2020-05-13,112568.102381,79345.945774,33222.156607,12,211.832642,56.323188,0.395503,35.279999,16.90885,7.237228,31.383306
2020-05-14,114713.108904,81490.952297,33222.156607,12,214.237411,58.44077,0.395384,32.610001,16.915511,7.242916,31.401344
2020-05-15,115941.99625,82719.839643,33222.156607,12,215.628128,59.658882,0.395288,31.889999,16.921862,7.247943,31.417747
2020-05-18,119585.474133,86363.317525,33222.156607,12,219.645721,63.03005,0.39563,29.299999,16.927109,7.250886,24.177995
2020-05-19,118971.92019,85749.763583,33222.156607,12,219.09523,62.262288,0.395062,30.530001,16.932873,7.254755,24.187628
2020-05-20,123091.595369,89869.438762,33222.156607,12,223.470245,65.825154,0.395546,27.99,16.937556,7.256786,24.194342
2020-05-21,120777.975265,87555.818657,33222.156607,12,221.036453,62.301364,0.395752,29.530001,16.942887,7.259874,24.202762
2020-05-22,121404.808097,88182.65149,33222.156607,12,221.799408,62.970578,0.39527,28.16,16.947634,7.262004,24.209639
2020-05-26,120679.766947,87457.610339,33222.156607,12,221.200607,62.039732,0.395291,28.01,16.952314,7.264032,24.216346
2020-05-27,121774.318742,88552.162135,33222.156607,12,222.407867,63.220196,0.395284,27.620001,16.956825,7.265807,24.222632
2020-05-28,121444.878403,88222.721796,33222.156607,12,222.118103,62.716079,0.395135,28.59,16.961741,7.268207,24.229948
2020-05-29,124517.584878,91295.428271,33222.156607,12,225.372787,65.995934,0.395447,27.51,16.966198,7.269904,24.236102
2020-06-01,124984.055412,91761.898805,33222.156607,12,226.048843,66.652168,0.394909,28.23,16.970954,7.272053,24.243008
2020-06-02,126296.25285,93074.096243,33222.156607,12,227.565109,68.137376,0.393948,26.84,16.97512,7.273345,24.248465
2020-06-03,127111.196643,93889.040035,33222.156607,12,228.588791,69.136766,0.392677,25.66,16.978785,7.273997,24.252782
2020-06-04,125537.767111,92315.610503,33222.156607,12,226.985626,65.663215,0.392732,25.809999,16.982509,7.274724,24.257233
2020-06-05,129885.593777,96663.43717,33222.156607,12,231.48613,70.190945,0.393274,24.52,16.985687,7.274836,24.260523
2020-06-08,131458.222625,79593.055299,51865.167326,10,233.282471,71.789905,0.392761,25.809999,16.989406,7.275558,24.264963
2020-06-09,132770.125066,60833.288785,71936.836281,8,234.972565,73.244079,0.392629,27.57,16.993863,7.277265,24.271128
2020-06-10,134534.542809,62597.706528,71936.836281,8,237.792603,75.512315,0.392841,27.57,16.998316,7.278968,24.277284
2020-06-11,127531.204087,55594.367806,71936.836281,8,226.010208,54.661844,0.397686,40.790001,17.008329,7.293785,31.5959
2020-06-12,128602.344688,56665.508407,71936.836281,8,227.806473,56.628048,0.397729,36.09,17.016357,7.302746,31.621848
2020-06-15,130231.88737,58295.051089,71936.836281,8,230.578278,59.54365,0.397898,34.400002,17.023667,7.309907,31.64348
2020-06-16,132697.129708,60760.293427,71936.836281,8,234.537949,63.335462,0.398315,33.669998,17.030664,7.316334,31.663332
2020-06-17,133111.025388,61174.189107,71936.836281,8,235.281601,64.017559,0.398001,33.470001,17.037571,7.322554,31.682679
2020-06-18,133481.071302,61544.235021,71936.836281,8,235.919037,64.62506,0.397993,32.939999,17.04425,7.328265,31.700781
2020-06-19,133418.210603,61481.374322,71936.836281,8,235.880341,64.553808,0.397874,35.119999,17.051839,7.336081,31.724001
2020-06-22,135129.565571,63192.72929,71936.836281,8,238.709244,67.384857,0.398075,31.77,17.058015,7.340735,31.739486
2020-06-23,136398.954545,64462.118264,71936.836281,8,240.740875,69.282339,0.398171,31.370001,17.064018,7.345046,24.409065
2020-06-24,133242.694791,61305.85851,71936.836281,8,235.777847,60.085944,0.398429,33.84,17.071052,7.351536,31.774124
2020-06-25,134636.195245,62699.358964,71936.836281,8,238.022354,62.509616,0.398533,32.220001,17.077402,7.356534,31.79047
2020-06-26,131157.039136,59220.202855,71936.836281,8,232.401382,53.713228,0.399651,34.73,17.084797,7.363862,31.812521
2020-06-29,132661.66972,60724.833439,71936.836281,8,234.936142,56.674071,0.399824,31.780001,17.090951,7.368458,24.459409
2020-06-30,135562.759161,63625.92288,71936.836281,8,239.541214,61.493317,0.400157,30.43,17.096534,7.371968,24.468503
2020-07-01,137329.896232,47515.864005,89814.032227,6,242.337158,64.103999,0.400341,28.620001,17.101356,7.374194,24.475549
2020-07-02,138086.934496,48272.902269,89814.032227,6,243.981873,65.582246,0.400325,27.68,17.10578,7.375824,24.481604
2020-07-06,140923.554693,16301.449257,124622.105436,2,249.980087,70.37396,0.40127,27.940001,17.110309,7.377608,24.487917
2020-07-07,140643.958079,16021.852643,124622.105436,2,248.25795,67.469622,0.401266,29.43,17.115458,7.380364,24.495821
2020-07-08,141156.56904,16534.463604,124622.105436,2,251.527939,70.001258,0.401493,28.08,17.120038,7.382224,24.502261
2020-07-09,141484.896135,0,141484.896135,0,253.646667,71.546383,0.401449,29.26,17.125106,7.384849,24.509956
2020-07-10,141484.896135,0,141484.896135,0,255.378418,72.780442,0.401497,27.290001,17.129349,7.386227,24.515576
2020-07-13,141484.896135,0,141484.896135,0,250.125168,63.748229,0.402333,32.189999,17.135632,7.39109,31.917812
2020-07-14,141484.896135,0,141484.896135,0,251.895569,65.31067,0.402387,29.52,17.140796,7.393874,24.534671
2020-07-15,141484.896135,0,141484.896135,0,252.40834,65.770829,0.402315,27.76,17.145223,7.395511,24.540734
2020-07-16,141484.896135,0,141484.896135,0,250.686249,62.75983,0.402364,28,17.149746,7.397289,24.547035
2020-07-17,141484.896135,0,141484.896135,0,250.976578,63.066812,0.402364,25.68,17.153299,7.397796,24.551095
2020-07-20,141484.896135,0,141484.896135,0,258.096893,69.670169,0.403508,24.459999,17.156341,7.397758,
2020-07-21,141484.896135,0,141484.896135,0,255.407471,64.946817,0.403679,24.84,17.159538,7.397878,24.557417
2020-07-22,141484.896135,0,141484.896135,0,256.30719,65.78258,0.403639,24.32,17.162517,7.397781,
2020-07-23,141484.896135,0,141484.896135,0,249.612427,55.230302,0.404948,26.08,17.166225,7.398477,24.564701
2020-07-24,141484.896135,0,141484.896135,0,247.242126,52.046958,0.404949,25.84,17.16983,7.399052,24.568881
2020-07-27,141484.896135,0,141484.896135,0,251.653732,57.013112,0.405289,24.74,17.172975,7.399123,24.572098
2020-07-28,141484.896135,0,141484.896135,0,248.451462,52.743222,0.405599,25.440001,17.176408,7.399504,24.575912
2020-07-29,141484.896135,0,141484.896135,0,251.315125,55.922356,0.405734,24.1,17.179282,7.399312,
2020-07-30,141484.896135,0,141484.896135,0,252.630905,57.342354,0.405353,24.76,17.182427,7.399388,24.581815
2020-07-31,141484.896135,0,141484.896135,0,257.13916,61.874415,0.40576,24.459999,17.185446,7.399337,
2020-08-03,141484.896135,0,141484.896135,0,260.612366,64.962822,0.405546,24.280001,17.188387,7.399213,
2020-08-04,141484.896135,0,141484.896135,0,261.579773,65.793981,0.403036,23.76,17.191111,7.398888,
2020-08-05,141484.896135,0,141484.896135,0,262.227905,66.369589,0.402767,22.99,17.193513,7.398296,
2020-08-06,141484.896135,0,141484.896135,0,265.701019,69.346362,0.402981,22.65,17.195772,7.397597,
2020-08-07,141484.896135,0,141484.896135,0,262.634338,63.962736,0.402575,22.209999,17.197848,7.396769,
2020-08-10,141484.896135,0,141484.896135,0,261.512085,62.063858,0.40242,22.129999,17.199888,7.395918,
2020-08-11,141484.896135,0,141484.896135,0,256.558716,54.388921,0.402878,24.030001,17.202713,7.395693,
2020-08-12,141484.896135,0,141484.896135,0,263.011597,61.132101,0.403125,22.280001,17.204812,7.394884,
2020-08-13,141484.896135,0,141484.896135,0,263.61142,61.69894,0.401298,22.129999,17.206847,7.394033,
2020-08-14,141484.896135,0,141484.896135,0,263.30188,61.202898,0.401298,22.049999,17.208848,7.39316,
2020-08-17,141484.896135,0,141484.896135,0,266.359039,64.259167,0.401107,21.35,17.210557,7.392112,
2020-08-18,141484.896135,0,141484.896135,0,268.92276,66.632983,0.400859,21.51,17.212332,7.391102,
2020-08-19,141484.896135,0,141484.896135,0,267.113678,63.431441,0.400826,22.540001,17.21453,7.390369,
2020-08-20,141484.896135,0,141484.896135,0,270.819061,66.935646,0.400999,22.719999,17.2168,7.38969,
2020-08-21,141484.896135,0,141484.896135,0,272.695831,68.578041,0.401007,22.540001,17.218994,7.388957,
2020-08-24,141484.896135,0,141484.896135,0,274.398529,70.032429,0.39897,22.370001,17.221117,7.388174,
2020-08-25,141484.896135,0,141484.896135,0,276.555969,71.8127,0.39872,22.030001,17.223097,7.387296,
2020-08-26,141484.896135,0,141484.896135,0,282.457367,76.010788,0.399367,23.27,17.225587,7.386794,
2020-08-27,141484.896135,0,141484.896135,0,281.576996,74.234556,0.399406,24.469999,17.228568,7.386735,
2020-08-28,141484.896135,0,141484.896135,0,283.00885,75.24767,0.399102,22.959999,17.230926,7.38613,
2020-08-31,141484.896135,0,141484.896135,0,285.28244,76.807127,0.39914,26.41,17.2347,7.386956,24.621656
2020-09-01,141484.896135,0,141484.896135,0,290.158325,79.753176,0.399305,26.120001,17.238352,7.387634,24.625985
2020-09-02,141484.896135,0,141484.896135,0,292.905884,81.202185,0.399129,26.57,17.242186,7.388537,24.630722
2020-09-03,141484.896135,0,141484.896135,0,278.055481,57.323018,0.403858,33.599998,17.248903,7.394453,32.03781
2020-09-04,141484.896135,0,141484.896135,0,274.350098,53.125128,0.40425,30.75,17.254446,7.397994,24.652439
2020-09-08,141484.896135,0,141484.896135,0,261.163788,41.482695,0.408807,31.459999,17.260275,7.40207,24.662345
2020-09-09,141484.896135,0,141484.896135,0,268.835632,48.547661,0.410108,28.809999,17.265012,7.404247,24.66926
2020-09-10,141484.896135,0,141484.896135,0,263.475952,44.505077,0.410821,29.709999,17.270115,7.407016,24.677131
2020-09-11,141484.896135,0,141484.896135,0,261.647491,43.18395,0.41093,26.870001,17.274049,7.408048,24.682097
2020-09-14,141484.896135,0,141484.896135,0,266.204254,47.376428,0.411329,25.85,17.277562,7.408563,24.686126
2020-09-15,141484.896135,0,141484.896135,0,269.977295,50.62524,0.411545,25.59,17.280966,7.408955,24.689922
2020-09-16,141484.896135,0,141484.896135,0,265.67215,47.055507,0.412067,26.040001,17.284552,7.409557,24.694109
2020-09-17,141484.896135,0,141484.896135,0,261.521729,43.845661,0.412577,26.459999,17.288306,7.410365,24.698671
2020-09-18,141484.896135,0,141484.896135,0,258.18396,41.399858,0.412929,25.83,17.2918,7.410863,24.702662
2020-09-21,141484.896135,0,141484.896135,0,258.803253,42.045816,0.41268,27.780001,17.296087,7.412381,24.708469
2020-09-22,141484.896135,0,141484.896135,0,263.61142,46.936498,0.413184,26.860001,17.299996,7.413388,24.713383
2020-09-23,141484.896135,0,141484.896135,0,255.562195,40.738531,0.414638,28.58,17.304604,7.415378,24.719982
2020-09-24,141484.896135,0,141484.896135,0,256.752167,41.958764,0.41449,28.51,17.309179,7.41732,24.7265
2020-09-25,141484.896135,0,141484.896135,0,262.721375,47.768631,0.415256,26.379999,17.312882,7.41807,24.730951
2020-09-28,141484.896135,0,141484.896135,0,268.177826,52.453785,0.415545,26.190001,17.316503,7.418723,24.735226
2020-09-29,141484.896135,0,141484.896135,0,266.968536,51.354338,0.4155,26.27,17.320155,7.419413,24.739568
2020-09-30,141484.896135,0,141484.896135,0,268.796906,52.959745,0.415383,26.370001,17.323844,7.42015,24.743994
2020-10-01,141484.896135,0,141484.896135,0,273.063385,56.562208,0.415101,26.700001,17.327665,7.421051,24.748716
2020-10-02,141484.896135,0,141484.896135,0,265.381927,49.249324,0.416534,27.629999,17.331862,7.422452,24.754314
2020-10-05,141484.896135,0,141484.896135,0,271.041443,53.971177,0.4169,27.959999,17.336189,7.424038,24.760227
2020-10-06,141484.896135,0,141484.896135,0,266.204254,49.713764,0.417528,29.48,17.341131,7.426569,24.7677
2020-10-07,141484.896135,0,141484.896135,0,270.809204,53.476252,0.417464,28.059999,17.345492,7.428205,24.773697
2020-10-08,141484.896135,0,141484.896135,0,272.250793,54.620929,0.417375,26.360001,17.349158,7.428918,24.778076
2020-10-09,141484.896135,0,141484.896135,0,276.410828,57.844261,0.417627,25,17.352268,7.429009,24.781277
2020-10-12,141484.896135,0,141484.896135,0,284.943787,63.561625,0.418838,25.07,17.355404,7.429128,24.784532
2020-10-13,141484.896135,0,141484.896135,0,284.934143,63.551134,0.418838,26.07,17.358944,7.429694,24.788638
2020-10-14,141484.896135,0,141484.896135,0,282.554138,60.880625,0.418807,26.4,17.362615,7.430419,24.793034
2020-10-15,141484.896135,0,141484.896135,0,280.65799,58.762035,0.418899,26.969999,17.366514,7.431431,24.797945
2020-10-16,141484.896135,0,141484.896135,0,279.11972,57.028223,0.418984,27.41,17.370588,7.432676,24.803265
2020-10-19,141484.896135,0,141484.896135,0,274.562988,52.122154,0.419328,29.18,17.375377,7.434973,24.81035
2020-10-20,141484.896135,0,141484.896135,0,275.153137,52.689818,0.419238,29.35,17.380231,7.437374,24.817605
2020-10-21,141484.896135,0,141484.896135,0,274.940308,52.448304,0.41909,28.65,17.384797,7.439326,24.824123
2020-10-22,141484.896135,0,141484.896135,0,274.930695,52.436612,0.419094,28.110001,17.389141,7.44095,24.830091
2020-10-23,141484.896135,0,141484.896135,0,275.472412,53.071456,0.41898,27.549999,17.393255,7.442251,24.835507
2020-10-26,141484.896135,0,141484.896135,0,271.341339,47.828725,0.419384,32.459999,17.399352,7.446916,32.293184
2020-10-27,141484.896135,0,141484.896135,0,273.460114,50.528091,0.419333,33.349998,17.405805,7.452317,32.310439
2020-10-28,141484.896135,0,141484.896135,0,262.798798,39.463473,0.422098,40.279999,17.415055,7.464994,32.345043
2020-10-29,141484.896135,0,141484.896135,0,267.394196,45.04914,0.422515,37.59,17.423209,7.474499,32.372207
2020-10-30,141484.896135,0,141484.896135,0,260.612366,39.287798,0.423759,38.02,17.431531,7.484447,32.400426
2020-11-02,141484.896135,0,141484.896135,0,261.19281,39.995128,0.423657,37.130001,17.439487,7.493399,32.426286
2020-11-03,141484.896135,0,141484.896135,0,265.710815,45.333829,0.424047,35.549999,17.446799,7.500718,32.448235
2020-11-04,141484.896135,0,141484.896135,0,277.571747,56.32085,0.427086,29.57,17.451691,7.503157,24.954848
2020-11-05,141484.896135,0,141484.896135,0,284.80835,61.416126,0.428055,27.58,17.455777,7.504401,24.960177
2020-11-06,141484.896135,0,141484.896135,0,285.021149,61.558136,0.42805,24.860001,17.458762,7.50436,
2020-11-09,141484.896135,0,141484.896135,0,279.197083,55.533783,0.428868,25.75,17.462104,7.504693,24.966797
2020-11-10,141484.896135,0,141484.896135,0,274.195435,50.924599,0.429495,24.799999,17.46506,7.504626,
2020-11-11,141484.896135,0,141484.896135,0,280.329071,55.77245,0.430212,23.450001,17.467471,7.504075,
2020-11-12,141484.896135,0,141484.896135,0,279.013336,54.528105,0.430273,25.35,17.470644,7.504231,24.974875
2020-11-13,141484.896135,0,141484.896135,0,281.460968,56.473626,0.430353,23.1,17.472909,7.50357,
2020-11-16,141484.896135,0,141484.896135,0,283.657104,58.201651,0.430362,22.450001,17.474912,7.502724,
2020-11-17,141484.896135,0,141484.896135,0,282.757355,57.199719,0.430398,22.709999,17.477016,7.50195,
2020-11-18,141484.896135,0,141484.896135,0,280.667603,54.838446,0.43053,23.84,17.479574,7.501526,
2020-11-19,141484.896135,0,141484.896135,0,282.863678,56.854157,0.430504,23.110001,17.481836,7.500867,
2020-11-20,141484.896135,0,141484.896135,0,280.928802,54.544228,0.430597,23.700001,17.484333,7.500396,
2020-11-23,141484.896135,0,141484.896135,0,280.938599,54.554296,0.4306,22.66,17.486411,7.499606,
2020-11-24,141484.896135,0,141484.896135,0,284.885712,58.538831,0.430683,21.639999,17.488078,7.498563,
2020-11-25,141484.896135,0,141484.896135,0,286.63681,60.205774,0.430719,21.25,17.489587,7.497436,
2020-11-27,141484.896135,0,141484.896135,0,289.277954,62.645221,0.430768,20.84,17.49093,7.496233,
2020-11-30,141484.896135,0,141484.896135,0,289.868164,63.188291,0.430706,20.57,17.492164,7.494983,
2020-12-01,141484.896135,0,141484.896135,0,293.583099,66.490522,0.430679,20.77,17.493478,7.493768,
2020-12-02,141484.896135,0,141484.896135,0,293.960419,66.816127,0.430527,21.17,17.49495,7.492628,
2020-12-03,141484.896135,0,141484.896135,0,294.376434,67.194616,0.430508,21.280001,17.496465,7.491511,
2020-12-04,141484.896135,0,141484.896135,0,295.57608,68.316849,0.430518,20.790001,17.497783,7.490301,
2020-12-07,141484.896135,0,141484.896135,0,297.249786,69.865701,0.430409,21.299999,17.499304,7.489188,
2020-12-08,141484.896135,0,141484.896135,0,298.255981,70.790182,0.430349,20.68,17.500576,7.48796,
2020-12-09,141484.896135,0,141484.896135,0,291.503052,57.942401,0.431348,22.27,17.502482,7.48707,
2020-12-10,141484.896135,0,141484.896135,0,292.673676,59.320684,0.431335,22.52,17.504487,7.486246,
2020-12-11,141484.896135,0,141484.896135,0,292.025513,58.183719,0.4313,23.309999,17.506805,7.485649,
2020-12-14,141484.896135,0,141484.896135,0,294.144287,60.826827,0.431349,24.719999,17.509685,7.485542,
2020-12-15,141484.896135,0,141484.896135,0,297.288422,64.42074,0.431368,22.889999,17.511832,7.484819,
2020-12-16,141484.896135,0,141484.896135,0,298.923431,66.159423,0.431393,22.5,17.513821,7.483989,
2020-12-17,141484.896135,0,141484.896135,0,300.877686,68.16211,0.431432,21.93,17.515582,7.483016,
2020-12-18,141484.896135,0,141484.896135,0,299.968292,66.198835,0.431431,21.57,17.517198,7.481961,
2020-12-21,141484.896135,0,141484.896135,0,299.407104,64.95548,0.431441,25.16,17.520243,7.482026,25.002269
2020-12-22,141484.896135,0,141484.896135,0,300.221283,65.954559,0.431441,24.23,17.522915,7.481733,
2020-12-23,141484.896135,0,141484.896135,0,298.70932,62.39702,0.431511,23.309999,17.525219,7.481135,
2020-12-24,141484.896135,0,141484.896135,0,300.027374,64.209406,0.431437,21.530001,17.526813,7.480072,
2020-12-28,141484.896135,0,141484.896135,0,303.051331,68.01797,0.431549,21.700001,17.528473,7.479047,
2020-12-29,141484.896135,0,141484.896135,0,303.322693,68.343517,0.431439,23.08,17.53068,7.478378,
2020-12-30,141484.896135,0,141484.896135,0,303.332458,68.356,0.431443,22.77,17.532762,7.477621,
2020-12-31,141484.896135,0,141484.896135,0,304.078705,69.350627,0.431066,22.75,17.534835,7.476858,
2021-01-04,141484.896135,0,141484.896135,0,299.785095,58.045787,0.431288,26.969999,17.538582,7.477737,25.016319
2021-01-05,141484.896135,0,141484.896135,0,302.256592,61.896177,0.431323,25.34,17.541679,7.477868,25.019547
2021-01-06,141484.896135,0,141484.896135,0,298.06958,53.018744,0.431716,25.07,17.544667,7.477887,25.022554
2021-01-07,141484.896135,0,141484.896135,0,305.280457,62.890192,0.432498,22.370001,17.546581,7.477021,
2021-01-08,141484.896135,0,141484.896135,0,309.205811,66.959982,0.43263,21.559999,17.548172,7.475965,
2021-01-11,141484.896135,0,141484.896135,0,304.737732,59.025,0.433032,24.08,17.550761,7.475614,
2021-01-12,141484.896135,0,141484.896135,0,304.253174,58.219238,0.43288,23.33,17.553051,7.475017,
2021-01-13,141484.896135,0,141484.896135,0,306.307861,60.670947,0.432878,22.209999,17.554895,7.474111,
2021-01-14,141484.896135,0,141484.896135,0,304.669922,57.761134,0.432954,23.25,17.55715,7.47349,
2021-01-15,141484.896135,0,141484.896135,0,302.256592,53.676335,0.432989,24.34,17.559834,7.473229,
2021-01-19,141484.896135,0,141484.896135,0,306.666443,59.335385,0.433255,23.24,17.562081,7.472604,
2021-01-20,141484.896135,0,141484.896135,0,313.799866,66.470845,0.434022,21.58,17.563669,7.471553,
2021-01-21,141484.896135,0,141484.896135,0,316.310059,68.561403,0.43409,21.32,17.565154,7.470449,
2021-01-22,141484.896135,0,141484.896135,0,315.399017,66.930312,0.434117,21.91,17.566871,7.469472,
2021-01-25,141484.896135,0,141484.896135,0,318.006104,69.189243,0.434026,23.190001,17.569092,7.468832,
2021-01-26,141484.896135,0,141484.896135,0,318.471405,69.588519,0.433184,23.02,17.571244,7.468142,
2021-01-27,141484.896135,0,141484.896135,0,309.593475,54.955212,0.434355,37.209999,17.578994,7.476853,32.5327
2021-01-28,141484.896135,0,141484.896135,0,311.425293,56.966024,0.434388,30.209999,17.583976,7.479586,25.063563
2021-01-29,141484.896135,0,141484.896135,0,304.873444,48.608041,0.435238,33.09,17.590091,7.484447,32.558985
2021-02-01,141484.896135,0,141484.896135,0,312.491486,56.584258,0.435625,30.24,17.595077,7.487185,25.082262
2021-02-02,141484.896135,0,141484.896135,0,317.589417,60.951809,0.435681,25.559999,17.598215,7.487378,25.085594
2021-02-03,141484.896135,0,141484.896135,0,316.329376,59.362251,0.43499,22.91,17.600307,7.486645,
2021-02-04,141484.896135,0,141484.896135,0,320.070679,62.490186,0.43516,21.77,17.601949,7.485628,
2021-02-05,141484.896135,0,141484.896135,0,321.156036,63.371007,0.435082,20.870001,17.603235,7.484435,
2021-02-08,141484.896135,0,141484.896135,0,323.307739,65.119714,0.435071,21.24,17.604666,7.48331,
2021-02-09,141484.896135,0,141484.896135,0,323.23999,65.014467,0.434891,21.629999,17.606249,7.482264,
2021-02-10,141484.896135,0,141484.896135,0,322.503326,63.806894,0.434912,21.99,17.607972,7.481297,
2021-02-11,141484.896135,0,141484.896135,0,324.276917,65.469813,0.434826,21.25,17.609403,7.480175,
2021-02-12,141484.896135,0,141484.896135,0,326.089294,67.131704,0.434842,19.969999,17.61033,7.478852,
2021-02-16,141484.896135,0,141484.896135,0,325.207336,65.480134,0.434867,21.459999,17.611841,7.477772,
2021-02-17,141484.896135,0,141484.896135,0,323.647034,62.548357,0.43493,21.5,17.613367,7.476701,
2021-02-18,141484.896135,0,141484.896135,0,322.231964,59.927744,0.434875,22.49,17.61528,7.475857,
2021-02-19,141484.896135,0,141484.896135,0,320.826538,57.357399,0.43474,22.049999,17.61702,7.474907,
2021-02-22,141484.896135,0,141484.896135,0,312.510834,45.046268,0.435292,23.450001,17.619306,7.474333,
2021-02-23,141484.896135,0,141484.896135,0,311.580292,43.910478,0.432557,23.110001,17.621458,7.473658,
2021-02-24,141484.896135,0,141484.896135,0,314.148712,47.821128,0.431209,21.34,17.622914,7.472556,
2021-02-25,141484.896135,0,141484.896135,0,303.196747,36.223518,0.433483,28.889999,17.627326,7.474419,25.101744
2021-02-26,141484.896135,0,141484.896135,0,304.4664,38.09779,0.428791,27.950001,17.631366,7.475745,25.107111
2021-03-01,141484.896135,0,141484.896135,0,313.625366,49.603608,0.430097,23.35,17.633603,7.475138,
2021-03-02,141484.896135,0,141484.896135,0,308.595184,44.69058,0.426644,24.1,17.636132,7.474769,
2021-03-03,141484.896135,0,141484.896135,0,299.639771,37.558297,0.426297,26.67,17.639664,7.475442,25.115106
2021-03-04,141484.896135,8503.367243,132981.528893,1,294.735504,34.327377,0.424203,28.57,17.643935,7.477103,25.121038
2021-03-05,141770.542576,8789.013683,132981.528893,1,299.174438,39.408087,0.422736,24.66,17.646676,7.476928,
2021-03-08,141176.817465,16586.411962,124590.405503,2,290.703644,34.002091,0.423711,25.469999,17.649731,7.477066,25.126796
2021-03-09,142584.547163,17994.141661,124590.405503,2,302.169342,45.000084,0.416723,24.030001,17.652221,7.476669,
2021-03-10,142319.86098,17729.455477,124590.405503,2,301.306763,44.40063,0.412186,22.559999,17.654136,7.475838,
2021-03-11,143224.941793,18634.53629,124590.405503,2,308.246277,50.153584,0.409175,21.91,17.655796,7.474852,
2021-03-12,142355.137769,17764.732266,124590.405503,2,305.745697,48.217509,0.391926,20.690001,17.656979,7.473634,
2021-03-15,142468.187193,17877.78169,124590.405503,2,309.011963,50.884574,0.380335,20.030001,17.657903,7.472324,
2021-03-16,141751.568416,17161.162913,124590.405503,2,310.708038,52.259613,0.346813,19.790001,17.658734,7.470986,
2021-03-17,141632.655707,17042.250204,124590.405503,2,311.987427,53.321207,0.336245,19.23,17.659346,7.469595,
2021-03-18,140225.549063,15635.143561,124590.405503,2,302.431061,45.230618,0.336276,21.58,17.660872,7.468542,
2021-03-19,140369.810382,15779.404879,124590.405503,2,303.497131,46.211124,0.33625,20.950001,17.662152,7.46737,
2021-03-22,141080.364858,16489.959355,124590.405503,2,309.188782,51.231005,0.332941,18.879999,17.662625,7.465955,
2021-03-23,140875.686916,16285.281414,124590.405503,2,307.839813,50.039055,0.333037,20.299999,17.663651,7.464684,
2021-03-24,139807.827069,15217.421566,124590.405503,2,302.648041,45.638057,0.322334,21.200001,17.665025,7.463559,
2021-03-25,139718.498889,15128.093386,124590.405503,2,302.123993,45.205865,0.322162,19.809999,17.665859,7.462228,
2021-03-26,140225.310645,15634.905142,124590.405503,2,306.655914,49.646785,0.317047,18.860001,17.666322,7.460815,
2021-03-29,140098.64525,15508.239747,124590.405503,2,306.568604,49.563442,0.313912,20.74,17.667516,7.459612,
2021-03-30,139793.894669,15203.489166,124590.405503,2,305.025635,48.028978,0.311407,19.610001,17.668269,7.458263,
2021-03-31,140476.780412,15886.374909,124590.405503,2,309.693359,52.790616,0.311549,19.4,17.668941,7.456893,
2021-04-01,141138.722045,16548.316542,124590.405503,2,314.972534,57.530009,0.307195,17.33,17.66881,7.45545,
2021-04-05,142063.386214,17472.980711,124590.405503,2,321.260895,62.375336,0.307168,17.91,17.668903,7.454006,
2021-04-06,142003.470203,17413.064701,124590.405503,2,321.037689,62.104494,0.306538,18.120001,17.669078,7.452566,
2021-04-07,141827.404425,17236.998922,124590.405503,2,321.814026,62.710971,0.29582,17.16,17.668881,7.451129,
2021-04-08,142346.139513,17755.73401,124590.405503,2,325.171722,65.297755,0.295971,16.950001,17.668602,7.4497,
2021-04-09,142625.07151,18034.666007,124590.405503,2,327.141602,66.754857,0.295135,16.690001,17.668224,7.448282,
2021-04-12,142533.644958,17943.239455,124590.405503,2,326.714691,66.107026,0.295162,16.91,17.66793,7.446856,
2021-04-13,143129.31893,18538.913428,124590.405503,2,330.528503,69.00124,0.295201,16.65,17.667537,7.445442,
2021-04-14,142400.170471,17809.764968,124590.405503,2,326.559479,62.974343,0.291624,16.99,17.667275,7.444014,
2021-04-15,143176.218324,18585.812821,124590.405503,2,331.508575,66.861215,0.291603,16.57,17.666851,7.442607,
2021-04-16,143213.477079,18623.071576,124590.405503,2,331.89682,67.15253,0.290958,16.25,17.666304,7.441221,
2021-04-19,142709.14006,18118.734557,124590.405503,2,328.859375,62.521833,0.291115,17.290001,17.666158,7.439787,
2021-04-20,142315.25446,17724.848958,124590.405503,2,326.462463,59.060756,0.290854,18.68,17.66655,7.438378,
2021-04-21,142651.659624,18061.254121,124590.405503,2,329.257202,61.72153,0.287054,17.5,17.666485,7.436943,
2021-04-22,141979.73621,17389.330708,124590.405503,2,325.288147,56.140959,0.285671,18.709999,17.666888,7.435536,
2021-04-23,142626.358325,18035.952823,124590.405503,2,329.383362,60.145004,0.285916,17.33,17.666758,7.434105,
2021-04-26,142933.736637,18343.331134,124590.405503,2,331.528015,62.096571,0.285491,17.639999,17.666748,7.432672,
2021-04-27,142695.895451,18105.489949,124590.405503,2,330.091888,59.978613,0.285492,17.559999,17.666706,7.43124,
2021-04-28,142483.550421,17893.144918,124590.405503,2,328.97583,58.314044,0.284457,17.280001,17.666558,7.429813,
2021-04-29,142594.327631,18003.922128,124590.405503,2,330.159729,59.595053,0.281681,17.610001,17.666536,7.428382,
2021-04-30,142245.14795,17654.742447,124590.405503,2,327.995605,56.195542,0.281847,18.610001,17.666899,7.426976,
2021-05-03,141886.649907,17296.244404,124590.405503,2,326.248901,53.540853,0.279601,18.309999,17.667146,7.425557,
2021-05-04,140976.344568,16385.939066,124590.405503,2,320.377808,45.722335,0.280379,19.48,17.667843,7.424214,
2021-05-05,140796.410533,16206.00503,124590.405503,2,319.300568,44.440029,0.280208,19.15,17.668413,7.422844,
2021-05-06,141163.916299,16573.510796,124590.405503,2,321.707306,47.952132,0.280244,18.389999,17.66869,7.421431,
2021-05-07,141559.940731,16969.535228,124590.405503,2,324.317749,51.530952,0.280031,16.690001,17.668314,7.42003,
2021-05-10,140300.975389,15710.569887,124590.405503,2,316.12738,41.815771,0.281554,19.66,17.669079,7.418708,
2021-05-11,140222.64247,15632.236967,124590.405503,2,315.690613,41.367875,0.281433,21.84,17.670679,7.417734,
2021-05-12,138997.436714,21067.630021,117929.806693,3,307.519623,34.0253,0.282086,27.59,17.674484,7.418854,25.093338
2021-05-13,139490.598663,21560.79197,117929.806693,3,309.897186,37.50144,0.281679,23.129999,17.676576,7.418201,
2021-05-14,141040.643101,23110.836408,117929.806693,3,316.738708,46.273711,0.282491,18.809999,17.67701,7.416811,
2021-05-17,140573.760202,22643.953509,117929.806693,3,314.817291,44.389307,0.282577,19.719999,17.677793,7.415498,
2021-05-18,140062.319061,22132.512369,117929.806693,3,312.692017,42.335668,0.28201,21.34,17.679196,7.414423,
2021-05-19,140128.375657,22198.568965,117929.806693,3,313.051056,42.816977,0.28197,22.18,17.680919,7.413526,
2021-05-20,141480.156991,23550.350298,117929.806693,3,319.106567,50.344892,0.281914,20.67,17.682063,7.412338,
2021-05-21,141055.275026,23125.468334,117929.806693,3,317.340332,48.34573,0.281646,20.15,17.683007,7.411077,
2021-05-24,142262.000559,24332.193867,117929.806693,3,322.677704,54.257001,0.282229,18.4,17.683281,7.409672,
2021-05-25,142350.771047,24420.964355,117929.806693,3,323.124146,54.723733,0.282184,18.84,17.683723,7.40829,
2021-05-26,142597.609036,24667.802343,117929.806693,3,324.249847,55.944372,0.282154,17.360001,17.6836,7.406876,
2021-05-27,142306.433094,24376.626401,117929.806693,3,323.036804,54.247178,0.282205,16.74,17.683239,7.405484,
2021-05-28,142512.523716,24582.717023,117929.806693,3,324.055756,55.469251,0.281773,16.76,17.682887,7.404092,
2021-06-01,142215.359287,24285.552594,117929.806693,3,322.978638,53.83237,0.281825,17.9,17.682969,7.402679,
2021-06-02,142345.860651,24416.053959,117929.806693,3,323.609344,54.67579,0.281754,17.48,17.682892,7.401267,
2021-06-03,141571.474775,23641.668083,117929.806693,3,320.241943,49.478522,0.282088,18.040001,17.683028,7.399858,
2021-06-04,142830.718407,24900.911714,117929.806693,3,325.6763,56.641481,0.282517,16.42,17.682547,7.398488,
2021-06-07,142986.393291,25056.586598,117929.806693,3,326.64682,57.792408,0.281671,16.42,17.682066,7.397119,
2021-06-08,143006.157219,25076.350527,117929.806693,3,326.802094,57.984567,0.281569,17.07,17.681832,7.395719,
2021-06-09,143008.401027,25078.594334,117929.806693,3,326.879669,58.087233,0.281483,17.889999,17.681912,7.394311,
2021-06-10,143793.688089,25863.881396,117929.806693,3,330.285889,62.428442,0.281404,16.1,17.681309,7.392968,
2021-06-11,143715.01567,25785.208978,117929.806693,3,331.149597,63.461893,0.274311,15.65,17.680537,7.391667,
2021-06-14,144438.936673,26509.12998,117929.806693,3,334.322845,67.048078,0.274372,16.389999,17.680046,7.390303,
2021-06-15,143899.253817,25969.447125,117929.806693,3,332.139496,62.502511,0.274246,17.02,17.679795,7.388909,
2021-06-16,143576.168974,25646.362282,117929.806693,3,330.926361,60.065825,0.27367,18.15,17.679973,7.387509,
2021-06-17,144581.71092,26651.904227,117929.806693,3,335.128357,65.135874,0.273994,17.75,17.68,7.386105,
2021-06-18,143946.932366,26017.125673,117929.806693,3,332.498474,60.001418,0.274216,20.700001,17.681147,7.384937,
2021-06-21,144407.276503,26477.46981,117929.806693,3,334.56488,62.502568,0.274271,17.889999,17.681226,7.383535,
2021-06-22,145143.280264,27213.473572,117929.806693,3,337.683655,65.962053,0.274143,16.66,17.680839,7.38216,
2021-06-23,145166.268022,27236.46133,117929.806693,3,337.848846,66.140242,0.274011,16.32,17.680322,7.380807,
2021-06-24,145617.222663,27687.41597,117929.806693,3,339.937683,68.393431,0.272765,15.97,17.679674,7.379482,
2021-06-25,145497.495306,27567.688614,117929.806693,3,339.519867,67.426908,0.272612,15.62,17.678893,7.378192,
2021-06-28,146424.042213,28494.23552,117929.806693,3,343.648956,71.685454,0.271199,15.76,17.678166,7.376888,
2021-06-29,146711.795909,28781.989216,117929.806693,3,344.892548,72.837272,0.270979,16.02,17.677538,7.37556,
2021-06-30,146535.737261,28605.930569,117929.806693,3,344.348511,71.467593,0.270145,15.83,17.676838,7.374251,
2021-07-01,146547.714916,28617.908223,117929.806693,3,344.484528,71.611327,0.26987,15.48,17.676007,7.372979,
2021-07-02,147526.638443,29596.831751,117929.806693,3,348.438812,75.478763,0.270061,15.07,17.675021,7.371758,
2021-07-06,147809.096785,29879.290093,117929.806693,3,349.944702,76.776299,0.268676,16.440001,17.674554,7.370402,
2021-07-07,147976.766044,30046.959351,117929.806693,3,350.683075,77.407558,0.268493,16.200001,17.673996,7.369064,
2021-07-08,147425.113428,29495.306735,117929.806693,3,348.565094,71.411381,0.268268,19,17.674497,7.367716,
2021-07-09,147957.681624,30027.874931,117929.806693,3,350.741425,73.668499,0.268198,16.18,17.673933,7.366381,
2021-07-12,148265.50277,30335.696078,117929.806693,3,352.111267,75.006096,0.268134,16.17,17.673365,7.365047,
2021-07-13,148210.074485,30280.267792,117929.806693,3,352.111267,75.006096,0.266819,17.120001,17.673156,7.363664,
2021-07-14,148355.252261,30425.445569,117929.806693,3,352.742737,75.666939,0.266731,16.33,17.672649,7.36232,
2021-07-15,147723.40627,29793.599578,117929.806693,3,350.26535,68.063595,0.26692,17.01,17.672399,7.360942,
2021-07-16,147000.920487,29071.113794,117929.806693,3,347.428314,60.558912,0.266981,18.450001,17.672692,7.359569,
2021-07-19,146263.082593,28333.275901,117929.806693,3,344.581787,54.112074,0.267225,22.5,17.674512,7.358779,
2021-07-20,147195.855201,29266.048509,117929.806693,3,348.584534,60.482717,0.265573,19.73,17.675286,7.3575,
2021-07-21,147854.062846,29924.256153,117929.806693,3,351.275696,64.092162,0.265313,17.91,17.675375,7.356115,
2021-07-22,148433.39972,30503.593027,117929.806693,3,353.597748,66.901348,0.265377,17.690001,17.67538,7.354729,
2021-07-23,149419.478405,31489.671712,117929.806693,3,357.726898,71.214014,0.263549,17.200001,17.675201,7.35335,
2021-07-26,149446.565775,31516.759082,117929.806693,3,358.008545,71.486917,0.263219,17.58,17.675166,7.351967,
2021-07-27,148414.42116,30484.614467,117929.806693,3,354.064026,62.543861,0.26292,19.360001,17.675799,7.350656,
2021-07-28,148733.423169,30803.616477,117929.806693,3,355.424225,64.206714,0.262382,18.309999,17.676038,7.349284,
2021-07-29,148874.879346,30945.072654,117929.806693,3,356.055817,64.984062,0.262103,17.700001,17.676047,7.347903,
2021-07-30,148390.505969,30460.699277,117929.806693,3,354.200134,60.805664,0.262182,18.24,17.676258,7.34653,
2021-08-02,148339.49139,30409.684698,117929.806693,3,354.229218,60.848153,0.261445,19.459999,17.676928,7.345231,
2021-08-03,148867.52883,30937.722138,117929.806693,3,356.376404,63.954951,0.261099,18.040001,17.677065,7.343855,
2021-08-04,148987.778284,31057.971591,117929.806693,3,356.891296,64.678767,0.261082,17.969999,17.677174,7.342479,
2021-08-05,149562.264753,31632.45806,117929.806693,3,359.15509,67.745512,0.26115,17.280001,17.677026,7.341105,
2021-08-06,149134.781561,31204.974869,117929.806693,3,357.581146,63.610224,0.260842,16.15,17.676453,7.339788,
2021-08-09,149256.538365,31326.731672,117929.806693,3,358.24173,64.587254,0.260387,16.719999,17.676094,7.338435,
2021-08-10,148772.24281,30842.436117,117929.806693,3,356.405548,59.782458,0.260415,16.790001,17.675762,7.33708,
2021-08-11,148568.442302,30638.635609,117929.806693,3,355.793488,58.227496,0.259284,16.17,17.675198,7.335763,
2021-08-12,148840.617217,30910.810525,117929.806693,3,357.075928,60.543261,0.257744,15.59,17.674418,7.3345,
2021-08-13,149153.608054,31223.801361,117929.806693,3,358.329254,62.71851,0.257755,15.45,17.673585,7.333253,
2021-08-16,149158.826568,31229.019875,117929.806693,3,358.484711,62.991047,0.257741,16.120001,17.673004,7.331943,
2021-08-17,148330.961923,30401.155231,117929.806693,3,355.327057,54.306918,0.257722,17.91,17.673093,7.330573,
2021-08-18,147446.082806,29516.276113,117929.806693,3,351.907196,46.784193,0.257847,21.57,17.67455,7.329589,
2021-08-19,147865.461571,29935.654878,117929.806693,3,353.607391,50.458412,0.257713,21.67,17.676043,7.328626,
2021-08-20,148790.913435,30861.106743,117929.806693,3,357.270264,57.298682,0.2575,18.559999,17.676373,7.327276,
2021-08-23,150159.113429,32229.306737,117929.806693,3,362.613739,64.910196,0.257935,17.15,17.676176,7.325915,
2021-08-24,150435.956322,32506.149629,117929.806693,3,363.721375,66.25303,0.257873,17.219999,17.676006,7.324552,
2021-08-25,150530.498604,32600.691912,117929.806693,3,364.139069,66.769475,0.257746,16.790001,17.675675,7.323205,
2021-08-26,149885.436407,31955.629714,117929.806693,3,361.826813,61.187183,0.256767,18.84,17.67611,7.321873,
2021-08-27,150801.518887,32871.712194,117929.806693,3,365.343842,65.86231,0.25693,16.389999,17.67563,7.320549,
2021-08-30,151858.096889,33928.290197,117929.806693,3,369.443848,70.346532,0.257173,16.190001,17.675076,7.319241,
2021-08-31,151763.465864,33833.659171,117929.806693,3,369.142609,69.622902,0.257046,16.48,17.674631,7.317913,
2021-09-01,151895.491918,33965.685226,117929.806693,3,369.754669,70.291586,0.25633,16.110001,17.674048,7.316612,
2021-09-02,151832.491943,33902.685251,117929.806693,3,369.579773,69.818634,0.256133,16.41,17.673578,7.31529,
2021-09-03,151913.93487,33984.128177,117929.806693,3,370.716461,71.176049,0.248071,16.41,17.673108,7.313969,
2021-09-07,151995.424198,34065.617506,117929.806693,3,371.24115,71.806382,0.247451,18.139999,17.673281,7.312613,
2021-09-08,151450.390814,33520.584121,117929.806693,3,369.949036,67.870166,0.239939,17.959999,17.673388,7.311255,
2021-09-09,151041.976335,33112.169643,117929.806693,3,368.676208,64.140245,0.237697,18.799999,17.673807,7.309928,
2021-09-10,150250.759295,32320.952602,117929.806693,3,365.878235,56.756221,0.23654,20.950001,17.675024,7.308842,
2021-09-13,150146.28619,32216.479498,117929.806693,3,365.62558,56.127859,0.236342,19.370001,17.675654,7.307556,
2021-09-14,149838.872199,31909.065507,117929.806693,3,364.58606,53.50324,0.235613,19.459999,17.676316,7.30628,
2021-09-15,150546.964046,32617.157354,117929.806693,3,367.296661,58.900153,0.235223,18.18,17.676503,7.30493,
2021-09-16,150582.305423,32652.498731,117929.806693,3,367.549316,59.3735,0.2343,18.690001,17.676879,7.3036,
2021-09-17,149393.435053,31463.62836,117929.806693,3,363.196716,48.920612,0.233942,20.809999,17.678042,7.302494,
2021-09-20,147391.510595,29461.703903,117929.806693,3,355.691925,36.868282,0.234841,25.709999,17.68102,7.302778,24.983797
2021-09-21,147495.860895,29566.054202,117929.806693,3,356.129547,37.830125,0.234837,24.360001,17.683495,7.302556,
2021-09-22,148347.178268,30417.371575,117929.806693,3,359.455933,44.723832,0.234129,20.870001,17.684676,7.30146,
2021-09-23,149145.878916,31216.072223,117929.806693,3,362.772644,50.605145,0.231076,18.629999,17.685026,7.30013,
2021-09-24,149225.952091,31296.145399,117929.806693,3,363.113129,51.179412,0.231043,17.75,17.68505,7.298778,
2021-09-27,148388.584623,30458.77793,117929.806693,3,360.214691,46.250001,0.229843,18.76,17.685448,7.297456,
2021-09-28,145726.873808,27797.067115,117929.806693,3,350.021423,33.888186,0.231458,23.25,17.687506,7.29689,
2021-09-29,145564.261195,27634.454502,117929.806693,3,349.44754,33.347765,0.231383,22.559999,17.689308,7.296142,
2021-09-30,145218.283387,27288.476694,117929.806693,3,348.163666,32.11392,0.231349,23.139999,17.691323,7.295546,
2021-10-01,145753.800719,27823.994026,117929.806693,3,350.322937,36.377496,0.230753,21.1,17.692583,7.294491,
2021-10-04,143782.642447,25852.835754,117929.806693,3,342.96991,29.56744,0.229563,22.959999,17.694529,7.293846,
2021-10-05,144946.532062,27016.725369,117929.806693,3,347.599579,37.500859,0.228774,21.299999,17.69586,7.292828,
2021-10-06,145488.736331,27558.929638,117929.806693,3,349.826904,40.947107,0.227716,21,17.69708,7.291758,
2021-10-07,146306.115853,28376.30916,117929.806693,3,353.036652,45.602174,0.227101,19.540001,17.69776,7.290498,
2021-10-08,145832.866842,27903.060149,117929.806693,3,351.276062,43.573201,0.227158,18.77,17.698156,7.289182,
2021-10-11,145083.365098,27153.558406,117929.806693,3,348.581909,40.596547,0.226755,20,17.699004,7.287971,
2021-10-12,144682.420855,26752.614163,117929.806693,3,347.36618,39.292138,0.224015,19.85,17.699797,7.286744,
2021-10-13,145405.480146,27475.673453,117929.806693,3,350.147888,43.746008,0.224179,18.639999,17.700144,7.285424,
2021-10-14,147121.656951,29191.850258,117929.806693,3,356.596436,52.454401,0.224875,16.860001,17.699834,7.284099,
2021-10-15,147710.100125,29780.293433,117929.806693,3,358.84317,55.064453,0.224777,16.299999,17.699319,7.282807,
2021-10-18,148653.611312,30723.804619,117929.806693,3,362.451599,58.961056,0.224901,16.309999,17.698808,7.281515,
2021-10-19,149368.005903,31438.199211,117929.806693,3,365.194519,61.681176,0.224044,15.7,17.698072,7.280276,
2021-10-20,149228.548122,31298.741429,117929.806693,3,364.717865,60.925448,0.22406,15.49,17.69726,7.27906,
2021-10-21,149826.390228,31896.583536,117929.806693,3,366.94519,63.194727,0.224128,15.01,17.696272,7.277903,
2021-10-22,148983.541333,31053.73464,117929.806693,3,363.862,58.159533,0.224418,15.43,17.695439,7.276695,
2021-10-25,149972.811809,32043.005116,117929.806693,3,367.587158,62.089787,0.22468,15.24,17.694537,7.27551,
2021-10-26,150261.713777,32331.907085,117929.806693,3,368.744598,63.245044,0.223837,15.98,17.693907,7.274248,
2021-10-27,150483.561137,32553.754444,117929.806693,3,369.600464,64.11584,0.223701,16.98,17.693645,7.272925,
2021-10-28,151504.438164,33574.631471,117929.806693,3,373.705017,68.027992,0.218499,16.530001,17.693218,7.271624,
2021-10-29,151991.037728,34061.231036,117929.806693,3,375.543335,69.625215,0.217696,16.26,17.692693,7.270341,
2021-11-01,152277.287767,34347.481074,117929.806693,3,376.82724,70.725199,0.215258,16.41,17.692222,7.269049,
2021-11-02,152709.446747,34779.640054,117929.806693,3,378.402832,72.062287,0.215281,16.030001,17.691613,7.267786,
2021-11-03,153820.572194,35890.765502,117929.806693,3,382.41983,75.175373,0.214731,15.1,17.690663,7.266623,
2021-11-04,155115.519979,37185.713286,117929.806693,3,387.32193,78.346371,0.209071,15.44,17.689839,7.265419,
2021-11-05,155183.05184,37253.245147,117929.806693,3,387.691528,78.568649,0.206992,16.48,17.689396,7.264125,
2021-11-08,155007.009463,37077.202771,117929.806693,3,387.166229,77.353289,0.207014,17.219999,17.689224,7.262801,
2021-11-09,154218.23777,36288.431078,117929.806693,3,384.501282,71.325384,0.205568,17.780001,17.689257,7.261472,
2021-11-10,152598.756855,34668.950162,117929.806693,3,378.850311,60.550251,0.20516,18.73,17.689638,7.26017,
2021-11-11,152864.622965,34934.816273,117929.806693,3,379.900665,61.70818,0.203626,17.66,17.689627,7.258843,
2021-11-12,153995.395996,36065.589303,117929.806693,3,383.898254,65.820192,0.203804,16.290001,17.689115,7.257565,
2021-11-15,153941.434093,36011.6274,117929.806693,3,383.810699,65.653898,0.203613,16.49,17.688677,7.256274,
2021-11-16,154713.094764,36783.288071,117929.806693,3,386.543732,68.34259,0.203583,16.370001,17.688196,7.254993,
2021-11-17,154762.014661,36832.207968,117929.806693,3,386.748108,68.540916,0.203515,17.110001,17.687985,7.253676,
2021-11-18,155903.175097,37973.368404,117929.806693,3,390.75528,72.216183,0.203536,17.59,17.687949,7.252352,
2021-11-19,156520.646194,38590.839501,117929.806693,3,392.93399,73.995056,0.203451,17.91,17.68803,7.25103,
2021-11-22,155187.868123,37258.061431,117929.806693,3,388.372345,64.660404,0.203812,19.17,17.68857,7.249762,
2021-11-23,154673.363563,36743.55687,117929.806693,3,386.602173,61.422234,0.203928,19.379999,17.689187,7.248512,
2021-11-24,155014.420043,37084.61335,117929.806693,3,387.84726,62.832163,0.203369,18.58,17.689512,7.24721,
2021-11-26,152915.298129,34985.491437,117929.806693,3,380.494019,50.981631,0.204744,28.620001,17.693494,7.248893,24.942386
2021-11-29,155262.878332,37333.07164,117929.806693,3,388.751648,60.085872,0.205971,22.959999,17.695412,7.248269,
2021-11-30,153633.997695,35704.191002,117929.806693,3,383.042297,52.785935,0.206857,27.190001,17.698868,7.249213,24.948081
2021-12-01,151786.755256,33856.948564,117929.806693,3,376.525696,45.927312,0.207537,31.120001,17.703752,7.252414,24.956165
2021-12-02,152547.1448,34617.338107,117929.806693,3,379.23938,48.904616,0.20767,27.950001,17.707479,7.253727,24.961206
2021-12-03,150696.712933,32766.90624,117929.806693,3,372.644928,42.745236,0.208859,30.67,17.712193,7.256619,24.968811
2021-12-06,151510.535232,33580.728539,117929.806693,3,375.630829,46.058036,0.208996,27.18,17.715634,7.257544,24.973179
2021-12-07,154749.445029,36819.638336,117929.806693,3,386.942596,56.359773,0.211747,21.889999,17.717151,7.256661,
2021-12-08,155235.225014,37305.418321,117929.806693,3,388.673828,57.691516,0.211768,19.9,17.717944,7.255462,
2021-12-09,153580.823285,35651.016593,117929.806693,3,382.954712,52.041593,0.210666,21.58,17.719346,7.254518,
2021-12-10,154762.102221,36832.295528,117929.806693,3,387.117645,55.460821,0.210961,18.690001,17.719699,7.253224,
2021-12-13,153153.728059,35223.921367,117929.806693,3,381.524933,50.27494,0.21176,20.309999,17.720639,7.252075,
2021-12-14,152031.732256,34101.925563,117929.806693,3,377.576141,46.937721,0.212074,21.889999,17.722151,7.251194,
2021-12-15,154482.229987,36552.423294,117929.806693,3,386.183929,54.091539,0.213335,19.290001,17.722719,7.249941,
2021-12-16,151696.89507,33767.088378,117929.806693,3,376.253326,46.330992,0.215727,20.57,17.723751,7.248829,
2021-12-17,151160.753382,33230.946689,117929.806693,3,374.37619,45.01626,0.215738,21.57,17.725145,7.247885,
2021-12-20,150122.098356,32192.291663,117929.806693,3,370.744507,42.503302,0.216064,22.870001,17.727008,7.247233,
2021-12-21,152462.4022,34532.595507,117929.806693,3,379.041992,49.446931,0.217543,21.01,17.728197,7.24619,
2021-12-22,153763.924405,35834.117712,117929.806693,3,383.658142,52.857848,0.217946,18.629999,17.728523,7.244898,
2021-12-23,154576.415158,36646.608466,117929.806693,3,386.550568,54.910729,0.217965,17.959999,17.728607,7.243588,
2021-12-27,156373.774939,38443.968246,117929.806693,3,392.93924,59.142827,0.218707,17.68,17.72859,7.242278,
2021-12-28,155841.371823,37911.56513,117929.806693,3,391.118103,57.48643,0.218547,17.540001,17.728521,7.240969,
2021-12-29,155815.598495,37885.791802,117929.806693,3,391.05957,57.430757,0.218552,16.950001,17.72824,7.239675,
2021-12-30,155473.052515,37543.245823,117929.806693,3,389.890991,56.259314,0.218601,17.33,17.728096,7.238371,
2021-12-31,154771.33528,36841.528587,117929.806693,3,387.456238,53.797148,0.218767,17.219999,17.727913,7.23707,
2022-01-03,155802.577301,37872.770608,117929.806693,3,391.186188,56.908487,0.218243,16.6,17.727505,7.235795,
2022-01-04,154351.065487,36421.258794,117929.806693,3,386.112366,51.798577,0.218727,16.91,17.72721,7.234505,
2022-01-05,151032.593661,33102.786969,117929.806693,3,374.250549,42.24776,0.221392,19.73,17.727933,7.233299,
2022-01-06,150921.312963,32991.50627,117929.806693,3,373.98761,42.062616,0.219658,19.610001,17.728612,7.232083,
2022-01-07,149779.992044,31850.185352,117929.806693,3,369.936218,39.211278,0.21963,18.76,17.728983,7.230805,
2022-01-10,149805.168518,31875.361825,117929.806693,3,370.179688,39.476799,0.218858,19.4,17.729586,7.229571,
2022-01-11,151361.763025,33431.956332,117929.806693,3,375.74054,45.348451,0.219496,18.41,17.729831,7.22828,
2022-01-12,151770.007988,33840.201295,117929.806693,3,377.230621,46.836794,0.219413,17.620001,17.729791,7.226979,
2022-01-13,149157.189601,31227.382908,117929.806693,3,367.793762,39.500095,0.221526,20.309999,17.73072,7.225843,
2022-01-14,149780.062652,31850.255959,117929.806693,3,370.082367,41.877934,0.221374,19.190001,17.731245,7.224595,
2022-01-18,147224.73732,29294.930627,117929.806693,3,360.869507,35.781273,0.222946,22.790001,17.733065,7.223933,
2022-01-19,146110.865228,28181.058536,117929.806693,3,356.905823,33.520259,0.221752,23.85,17.735264,7.223565,
2022-01-20,144855.907196,33291.853017,111564.054179,4,352.270172,31.04914,0.222166,25.59,17.738088,7.223801,24.961889
2022-01-21,141683.417298,30119.363119,111564.054179,4,342.502228,26.599396,0.224759,28.85,17.74208,7.225573,24.967654
2022-01-24,142147.390027,36855.936204,105291.453823,5,344.07016,28.373854,0.224615,29.9,17.746448,7.227949,24.974396
2022-01-25,139087.365917,33795.912094,105291.453823,5,336.094086,25.055546,0.226414,31.16,17.751264,7.231119,24.982383
2022-01-26,138708.410224,33416.956402,105291.453823,5,335.568176,24.84919,0.223809,31.959999,17.756364,7.234831,24.991194
2022-01-27,137400.491966,32109.038143,105291.453823,5,332.188965,23.509379,0.224057,30.49,17.760933,7.237552,24.998485
2022-01-28,141539.496225,36248.042402,105291.453823,5,342.609314,35.125403,0.22555,27.66,17.764483,7.238682,25.003165
2022-01-31,145988.183539,40696.729717,105291.453823,5,353.565399,44.643979,0.22675,24.83,17.767017,7.23862,
2022-02-01,146928.691952,41637.238129,105291.453823,5,355.970856,46.499979,0.226089,21.959999,17.76852,7.237758,
2022-02-02,148122.058958,42830.605136,105291.453823,5,358.86322,48.726105,0.226211,22.09,17.770068,7.236923,
2022-02-03,142430.281094,37138.827272,105291.453823,5,344.313599,39.763004,0.23132,24.35,17.772425,7.236698,
2022-02-04,144180.378628,38888.924806,105291.453823,5,348.657104,43.12642,0.231757,23.219999,17.774375,7.236136,
2022-02-07,142995.647719,37704.193896,105291.453823,5,345.852356,41.514458,0.231849,22.860001,17.776195,7.23548,
2022-02-08,144564.39867,39272.944847,105291.453823,5,349.738129,44.603756,0.232217,21.440001,17.777506,7.234517,
2022-02-09,147656.917976,42365.464153,105291.453823,5,357.149231,50.025623,0.233514,19.959999,17.778287,7.23334,
2022-02-10,144412.130667,39120.676844,105291.453823,5,349.066101,44.867605,0.235099,23.91,17.780479,7.232976,
2022-02-11,140179.879685,34888.425863,105291.453823,5,337.993103,38.943821,0.238228,27.360001,17.783903,7.23395,25.017853
2022-02-14,140279.017081,34987.563258,105291.453823,5,338.411896,39.270397,0.238207,28.33,17.787671,7.235404,25.023074
2022-02-15,143679.785086,38388.331264,105291.453823,5,346.826172,45.569782,0.239923,25.700001,17.790496,7.235656,25.026153
2022-02-16,143620.385173,38328.93135,105291.453823,5,346.738556,45.516838,0.239858,24.290001,17.792817,7.235407,
2022-02-17,139704.435073,34412.98125,105291.453823,5,336.425232,39.673692,0.24257,28.110001,17.796499,7.23674,25.033239
2022-02-18,138114.059733,32822.60591,105291.453823,5,332.588104,37.732866,0.240882,27.75,17.80005,7.237891,25.037941
2022-02-22,136785.790939,31494.337116,105291.453823,5,329.247711,36.078219,0.241171,28.809999,17.803976,7.239586,25.043562
2022-02-23,133777.254762,34680.617528,99096.637234,6,320.813965,32.234798,0.243011,31.02,17.808688,7.242595,25.051283
2022-02-24,138460.916034,39364.2788,99096.637234,6,331.594788,40.901701,0.242425,30.32,17.813147,7.245155,25.058301
2022-02-25,140827.299101,41730.661867,99096.637234,6,336.736816,44.544767,0.243053,27.59,17.81663,7.246213,25.062843
2022-02-28,141027.364407,41930.727173,99096.637234,6,337.739899,45.253745,0.240508,30.15,17.821022,7.24866,25.069682
2022-03-01,138625.642438,39529.005204,99096.637234,6,332.568604,42.254506,0.240437,33.32,17.82654,7.253267,32.333073
2022-03-02,141023.70132,41927.064086,99096.637234,6,338.148956,46.38401,0.238547,30.74,17.831135,7.256066,25.087201
2022-03-03,138760.59432,39663.957086,99096.637234,6,333.318604,43.485179,0.238343,30.48,17.835635,7.258697,25.094332
2022-03-04,136558.427822,37461.790588,99096.637234,6,328.488068,40.742923,0.238388,31.98,17.840665,7.262305,25.10297
2022-03-07,131357.866557,44371.813354,86986.053203,8,316.373108,34.813344,0.240181,36.450001,17.84728,7.269486,32.386253
2022-03-08,130020.644629,54910.4746,75110.170029,10,314.902557,34.163401,0.235767,35.130001,17.853422,7.275492,32.404407
2022-03-09,138620.156005,63509.985976,75110.170029,10,326.238434,42.997872,0.239491,32.450001,17.858607,7.2794,32.417408
2022-03-10,135780.854095,60670.684067,75110.170029,10,322.615662,41.099755,0.238351,30.23,17.863001,7.28184,25.144841
2022-03-11,131133.409629,56023.2396,75110.170029,10,315.92511,37.782546,0.239491,30.75,17.867575,7.284595,25.15217
2022-03-14,126940.338229,51830.1682,75110.170029,10,309.85788,35.022042,0.240296,31.77,17.872509,7.288009,25.160517
2022-03-15,134041.320971,58931.150943,75110.170029,10,319.577118,42.295386,0.24305,29.83,17.876751,7.290195,25.166945
2022-03-16,143178.059699,68067.88967,75110.170029,10,331.429199,49.6908,0.24688,26.67,17.879869,7.290782,25.170651
2022-03-17,145830.043759,70719.873731,75110.170029,10,335.441589,51.936544,0.244376,25.67,17.88263,7.290965,25.173595
2022-03-18,151224.897343,76114.727314,75110.170029,10,342.307404,55.589714,0.245507,23.870001,17.884752,7.290544,
2022-03-21,150238.250197,75128.080169,75110.170029,10,341.355713,54.966068,0.244566,23.530001,17.886752,7.290026,
2022-03-22,155597.986178,80487.816149,75110.170029,10,348.064301,58.500401,0.245565,22.940001,17.888541,7.289355,
2022-03-23,151582.653553,76472.483524,75110.170029,10,343.062134,55.032261,0.245323,23.57,17.890552,7.288848,
2022-03-24,157743.710828,82633.5408,75110.170029,10,350.687225,59.020457,0.246658,21.67,17.89189,7.287905,
2022-03-25,157394.381061,82284.211033,75110.170029,10,350.394775,58.805039,0.246061,20.809999,17.892922,7.286822,
2022-03-28,161722.945391,86612.775362,75110.170029,10,355.816193,61.602882,0.246701,19.629999,17.893536,7.285606,
2022-03-29,166785.327712,91675.157683,75110.170029,10,361.939697,64.53294,0.247397,18.9,17.893892,7.284343,
2022-03-30,163431.528147,88321.358118,75110.170029,10,357.941803,61.246865,0.24718,19.33,17.894399,7.283105,
2022-03-31,159748.787802,84638.617773,75110.170029,10,353.50528,57.733525,0.246887,20.559999,17.895341,7.281991,
2022-04-01,159032.708064,83922.538036,75110.170029,10,352.832428,57.197635,0.245804,19.629999,17.895953,7.280777,
2022-04-04,164969.923514,89859.753486,75110.170029,10,360.09671,61.36695,0.24697,18.57,17.896191,7.279503,
2022-04-05,158603.72342,83493.553392,75110.170029,10,352.101105,55.014813,0.248483,21.030001,17.897297,7.278456,
2022-04-06,152632.465438,77522.29541,75110.170029,10,344.456482,49.716085,0.249624,22.1,17.89878,7.2776,
2022-04-07,153222.602723,78112.432694,75110.170029,10,345.275543,50.268756,0.249539,21.549999,17.900067,7.276639,
2022-04-08,149489.944366,74379.774338,75110.170029,10,340.448822,46.991029,0.250122,21.16,17.901216,7.275614,
2022-04-11,143392.999485,68282.829457,75110.170029,10,332.394775,42.062511,0.251405,24.370001,17.903495,7.275345,
2022-04-12,142251.131861,67140.961832,75110.170029,10,330.990631,41.250223,0.251035,24.26,17.905734,7.275041,
2022-04-13,147358.226096,72248.056067,75110.170029,10,337.718689,46.574115,0.251547,21.82,17.907113,7.27413,
2022-04-14,141693.961215,66583.791186,75110.170029,10,329.996063,41.882566,0.25308,22.700001,17.9088,7.273406,
2022-04-18,141676.102295,66565.932266,75110.170029,10,330.249603,42.088819,0.25284,22.17,17.910299,7.272565,
2022-04-19,147355.058384,72244.888356,75110.170029,10,337.630951,47.887264,0.254068,21.370001,17.911516,7.271575,
2022-04-20,143638.050534,68527.880505,75110.170029,10,332.706787,44.67373,0.254487,20.32,17.912363,7.270436,
2022-04-21,138613.787955,63503.617926,75110.170029,10,325.822723,40.574408,0.255311,22.68,17.914039,7.269707,
2022-04-22,132679.778513,57569.608484,75110.170029,10,317.290802,36.14728,0.256841,28.209999,17.917656,7.270991,25.188648
2022-04-25,135473.434687,60363.264659,75110.170029,10,321.366608,39.541045,0.257185,27.02,17.920854,7.271715,25.192568
2022-04-26,127576.669451,65080.959311,62495.71014,12,309.236664,33.785768,0.261225,33.52,17.926331,7.276311,32.478953
2022-04-27,127219.526489,71057.616061,56161.910428,13,308.866089,33.624748,0.2612,31.6,17.93113,7.279543,25.210673
2022-04-28,137669.888296,81507.977869,56161.910428,13,319.835754,42.379159,0.264546,29.99,17.935361,7.281769,25.217131
2022-04-29,125754.228408,69592.317981,56161.910428,13,305.443512,35.722164,0.270118,33.400002,17.940786,7.28625,32.513286
2022-05-02,130157.181629,73995.271202,56161.910428,13,310.543304,39.35724,0.270803,32.34,17.945835,7.28996,25.235795
2022-05-03,130235.385916,74073.475488,56161.910428,13,310.874786,39.596356,0.26994,29.25,17.949797,7.291754,25.241551
2022-05-04,140245.163201,84083.252773,56161.910428,13,321.386108,46.764578,0.272864,25.42,17.952414,7.291817,25.244231
2022-05-05,126936.178235,70774.267807,56161.910428,13,305.19986,39.074729,0.279676,31.200001,17.957054,7.294754,25.251808
2022-05-06,123796.682817,67634.772389,56161.910428,13,301.543304,37.571683,0.279857,30.190001,17.961338,7.297067,25.258405
2022-05-09,114434.467157,70870.97997,43563.487187,15,289.744751,33.141789,0.282248,34.75,17.967214,7.302548,32.572309
2022-05-10,117746.777732,74183.290545,43563.487187,15,293.264862,35.582135,0.282638,32.990002,17.97247,7.306675,32.585821
2022-05-11,109773.531415,72418.954483,37354.576931,16,284.567139,32.432165,0.283191,32.560001,17.977573,7.310489,25.288062
2022-05-12,109019.455147,71664.878216,37354.576931,16,283.894318,32.194733,0.283037,31.77,17.982395,7.313759,25.296154
2022-05-13,119901.688009,82547.111078,37354.576931,16,294.415375,39.636574,0.285217,28.870001,17.986201,7.315313,25.301514
2022-05-16,116275.483259,78920.906328,37354.576931,16,291.002686,38.173063,0.285459,27.469999,17.989514,7.316183,25.305697
2022-05-17,124291.375722,86936.79879,37354.576931,16,298.539978,43.164471,0.287035,26.1,17.992347,7.316475,25.308822
2022-05-18,110852.055993,73497.479062,37354.576931,16,283.884644,36.922749,0.29327,30.959999,17.996875,7.319209,25.316084
2022-05-19,109123.237554,71768.660623,37354.576931,16,282.363434,36.335413,0.292382,29.35,18.000838,7.321004,25.321842
2022-05-20,108205.182649,70850.605718,37354.576931,16,281.485931,35.979868,0.292336,29.43,18.004826,7.322839,25.327665
2022-05-23,112496.912237,75142.335306,37354.576931,16,286.166199,39.386623,0.29232,28.48,18.008479,7.324175,25.332654
2022-05-24,106823.581171,69469.004239,37354.576931,16,280.081726,36.655739,0.293396,29.450001,18.012469,7.326013,25.338482
2022-05-25,110591.390135,73236.813204,37354.576931,16,284.001556,39.563016,0.29387,28.370001,18.016079,7.327288,25.343367
2022-05-26,118700.000792,81345.42386,37354.576931,16,291.870453,45.018427,0.295738,27.5,18.019383,7.328149,25.347533
2022-05-27,129051.135413,91696.558481,37354.576931,16,301.397064,50.807786,0.298273,25.719999,18.022065,7.328282,25.350348
2022-05-31,127899.30981,90544.732879,37354.576931,16,300.597473,50.328776,0.298265,26.190001,18.024909,7.328591,25.3535
2022-06-01,125512.592978,88158.016046,37354.576931,16,298.374268,48.947006,0.298375,25.690001,18.027577,7.32871,25.356287
2022-06-02,134482.258959,97127.682028,37354.576931,16,306.54538,53.951096,0.299919,24.719999,18.029906,7.328498,
2022-06-03,126109.892258,88755.315327,37354.576931,16,298.569275,48.911357,0.300857,24.790001,18.032257,7.328307,
2022-06-06,126923.444494,89568.867563,37354.576931,16,299.563843,49.544274,0.300863,25.07,18.034704,7.328208,
2022-06-07,129618.718993,92264.142062,37354.576931,16,302.147736,51.234556,0.301052,24.02,18.036785,7.327783,
2022-06-08,127266.606409,89912.029478,37354.576931,16,299.973419,49.724976,0.301165,23.959999,18.038843,7.327342,
2022-06-09,119222.560108,81867.983177,37354.576931,16,291.938751,44.50647,0.302599,26.09,18.041639,7.327605,25.369245
2022-06-10,109695.5326,72340.955669,37354.576931,16,281.641876,38.875652,0.305544,27.75,18.04501,7.328565,25.373576
2022-06-13,98570.723718,73763.770519,24806.953198,18,268.5466,33.134234,0.310448,34.02,18.050555,7.333335,32.717226
2022-06-14,98970.894219,80420.768417,18550.125802,19,269.034088,33.527798,0.310389,32.689999,18.055635,7.337132,25.392767
2022-06-15,106717.211108,88167.085306,18550.125802,19,275.75238,38.868026,0.311874,29.620001,18.059646,7.33902,25.398666
2022-06-16,95274.043227,89148.594265,6125.448962,21,264.62674,33.997091,0.315211,32.950001,18.064809,7.342983,32.750776
2022-06-17,99148.547182,93023.09822,6125.448962,21,267.844452,36.476571,0.315486,31.129999,18.069338,7.345739,25.415077
2022-06-21,107581.485886,101456.036924,6125.448962,21,274.602142,41.451101,0.316888,30.190001,18.073538,7.34793,25.421468
2022-06-22,106913.121268,100787.672306,6125.448962,21,274.201569,41.244915,0.316657,28.950001,18.077305,7.349445,25.426751
2022-06-23,112207.978245,106082.529283,6125.448962,21,278.285278,44.287423,0.317207,29.049999,18.081105,7.351009,25.432113
2022-06-24,125518.125031,119392.676069,6125.448962,21,287.820251,50.705879,0.319786,27.23,18.084271,7.351707,25.435978
2022-06-27,122385.094478,116259.645516,6125.448962,21,285.710083,49.350832,0.319886,26.950001,18.087339,7.352284,25.439623
2022-06-28,111270.16855,105144.719588,6125.448962,21,277.005432,44.113757,0.321565,28.360001,18.090892,7.353494,25.444387
2022-06-29,111488.930046,105363.481084,6125.448962,21,277.259399,44.29948,0.321527,28.16,18.094374,7.354606,25.44898
2022-06-30,107080.15877,100954.709808,6125.448962,21,273.820526,42.251953,0.321828,28.709999,18.098044,7.355983,25.454026
2022-07-01,109313.981779,103188.532817,6125.448962,21,275.62796,43.72421,0.32195,26.700001,18.101016,7.356449,25.457465
2022-07-05,115129.372143,109003.923181,6125.448962,21,280.346619,47.488163,0.322326,27.540001,18.104276,7.35727,25.461546
2022-07-06,117412.457582,111287.00862,6125.448962,21,282.144165,48.890557,0.322384,26.73,18.107255,7.357745,25.465
2022-07-07,125717.358602,119591.90964,6125.448962,21,288.181793,53.392874,0.323447,26.08,18.110007,7.357966,25.467973
2022-07-08,126094.301323,119968.852361,6125.448962,21,288.543274,53.656102,0.323394,24.639999,18.11226,7.357696,
2022-07-11,117731.564048,111606.115086,6125.448962,21,282.378662,48.613646,0.324248,26.17,18.11504,7.357948,25.472988
2022-07-12,114069.21594,107943.766978,6125.448962,21,279.643219,46.524304,0.324372,27.290001,18.118203,7.358652,25.476855
2022-07-13,113218.071682,107092.62272,6125.448962,21,279.066772,46.074905,0.324373,26.82,18.121203,7.359156,25.48036
2022-07-14,114424.302519,108298.853557,6125.448962,21,280.063354,47.027571,0.324401,26.4,18.124056,7.359493,25.483549
2022-07-15,121245.637755,115120.188793,6125.448962,21,285.143433,51.710763,0.325106,24.23,18.126159,7.359097,
2022-07-18,117724.091675,111598.642713,6125.448962,21,282.730377,49.473356,0.325118,25.299999,18.128629,7.359034,
2022-07-19,129948.992565,123823.543603,6125.448962,21,291.425171,56.73704,0.327129,24.5,18.130823,7.358716,
2022-07-20,136379.571043,130254.122081,6125.448962,21,296.046265,60.02618,0.327393,23.879999,18.132801,7.358222,
2022-07-21,142428.270177,136302.821215,6125.448962,21,300.296021,62.825276,0.327729,23.110001,18.134513,7.357535,
2022-07-22,134970.992771,128845.543809,6125.448962,21,295.030212,57.456593,0.328251,23.030001,18.136197,7.35683,
2022-07-25,132224.199181,126098.750219,6125.448962,21,293.349854,55.817421,0.327969,23.360001,18.137992,7.356203,
2022-07-26,124400.18156,118274.732598,6125.448962,21,287.585785,50.495711,0.328759,24.690001,18.140244,7.355941,
2022-07-27,142262.135789,136136.686827,6125.448962,21,299.739166,59.305571,0.332413,23.24,18.141996,7.355284,
2022-07-28,146438.060714,140312.611752,6125.448962,21,302.670013,61.103282,0.332603,22.33,18.143434,7.35443,
2022-07-29,154638.671968,148513.223006,6125.448962,21,308.189758,64.301753,0.333348,21.33,18.144528,7.353404,
2022-08-01,154025.67635,147900.227388,6125.448962,21,308.004211,64.110908,0.333301,22.84,18.146139,7.352657,
2022-08-02,152560.317397,146434.868435,6125.448962,21,307.085815,63.112441,0.333313,23.93,18.148124,7.352175,
2022-08-03,165418.880818,159293.431856,6125.448962,21,315.448578,67.999651,0.334843,21.950001,18.149427,7.351251,
2022-08-04,167577.71023,161452.261268,6125.448962,21,316.923737,68.785275,0.334892,21.440001,18.150555,7.350243,
2022-08-05,163526.025471,157400.576509,6125.448962,21,314.334808,65.735112,0.33492,21.15,18.151583,7.349193,
2022-08-08,161653.047231,155527.598269,6125.448962,21,313.318726,64.525756,0.334904,21.290001,18.152658,7.348163,
2022-08-09,156277.171594,150151.722632,6125.448962,21,309.77243,60.352431,0.335144,21.77,18.153897,7.347209,
2022-08-10,169716.562771,163591.113809,6125.448962,21,318.418457,66.107823,0.33679,19.74,18.15444,7.34601,
2022-08-11,166846.386903,160720.937941,6125.448962,21,316.611145,64.015892,0.336845,20.200001,18.15514,7.34485,
2022-08-12,176478.438757,170352.989795,6125.448962,21,322.775726,67.763062,0.337644,19.530001,18.155611,7.343637,
2022-08-15,180270.497722,174145.04876,6125.448962,21,325.384155,69.223465,0.337764,19.950001,18.156224,7.342456,
2022-08-16,178962.339896,172836.890934,6125.448962,21,324.622162,68.250755,0.337771,19.690001,18.156749,7.341255,
2022-08-17,173094.855373,166969.406411,6125.448962,21,320.919556,63.575949,0.33788,19.9,18.157345,7.34007,
2022-08-18,174139.9597,168014.510738,6125.448962,21,321.691254,64.127446,0.337712,19.559999,18.157824,7.338862,
2022-08-19,164559.97637,158434.527408,6125.448962,21,315.41925,56.623418,0.338449,20.6,18.158658,7.337747,
2022-08-22,152086.064559,145960.615597,6125.448962,21,307.115173,48.526828,0.339657,23.799999,18.160584,7.337234,
2022-08-23,151464.647992,145339.19903,6125.448962,21,306.861145,48.299306,0.339147,24.110001,18.162614,7.336805,
2022-08-24,152665.163874,146539.714912,6125.448962,21,307.750153,49.197019,0.339144,22.82,18.164203,7.336057,
2022-08-25,160872.300135,154746.851173,6125.448962,21,313.191742,54.414632,0.33984,21.780001,18.165437,7.33511,
2022-08-26,142772.826904,136647.377942,6125.448962,21,300.354645,43.154685,0.34336,25.559999,18.167958,7.33513,25.503087
2022-08-29,138198.981688,132073.532726,6125.448962,21,297.39447,41.04547,0.343305,26.209999,18.170699,7.335382,25.50608
2022-08-30,133409.247828,127283.798866,6125.448962,21,294.082489,38.762699,0.343226,26.209999,18.173438,7.335633,25.50907
2022-08-31,130934.207527,124808.758565,6125.448962,21,292.372864,37.60022,0.343277,25.870001,18.176059,7.335758,25.511817
2022-09-01,130994.529092,124869.08013,6125.448962,21,292.499878,37.749585,0.343267,25.559999,18.178573,7.335774,25.514348
2022-09-02,125313.672619,119188.223657,6125.448962,21,288.367432,34.828521,0.343637,25.469999,18.181055,7.335759,
2022-09-06,122079.942595,119576.521481,2503.421113,21,286.296295,33.432216,0.343683,26.91,18.184025,7.336277,25.520302
2022-09-07,130121.151016,127617.729902,2503.421113,21,292.079834,40.594352,0.344596,24.639999,18.186221,7.335995,
2022-09-08,132133.201158,129629.780045,2503.421113,21,293.594147,42.343527,0.344661,23.610001,18.188065,7.335429,
2022-09-09,141379.497151,134117.3999,7262.097252,20,300.012695,49.174645,0.345706,22.790001,18.18963,7.334673,
2022-09-12,146014.041097,138751.943846,7262.097252,20,303.578522,52.538904,0.34594,23.870001,18.19156,7.334174,
2022-09-13,125379.080831,118116.983579,7262.097252,20,286.931244,39.420094,0.352328,27.27,18.194643,7.334836,25.52948
2022-09-14,128257.014493,120994.917241,7262.097252,20,289.207611,41.568633,0.352481,26.16,18.197348,7.335059,25.532407
2022-09-15,122062.661058,114800.563807,7262.097252,20,284.391205,38.46053,0.352851,26.27,18.200088,7.335322,25.53541
2022-09-16,119772.614027,112510.516776,7262.097252,20,282.652161,37.373928,0.352898,26.299999,18.202837,7.335594,25.538431
2022-09-19,122228.203155,114966.105903,7262.097252,20,284.853333,39.696277,0.352812,25.76,18.2054,7.33567,25.54107
2022-09-20,119069.409169,111807.311917,7262.097252,20,282.582764,38.125712,0.352099,27.16,18.208437,7.336279,25.544716
2022-09-21,112832.232827,112645.531126,186.701701,21,277.522766,34.819514,0.35269,27.99,18.211753,7.337246,25.548998
2022-09-22,108348.889924,108162.188223,186.701701,21,274.107056,32.754615,0.352735,27.35,18.214849,7.337931,25.55278
2022-09-23,102696.481338,102509.779637,186.701701,21,269.644257,30.231983,0.352996,29.92,18.218814,7.33985,25.558664
2022-09-26,101004.789082,100818.087381,186.701701,21,268.528412,29.617776,0.353005,32.259998,18.223569,7.343154,25.566723
2022-09-27,101010.253709,100823.552008,186.701701,21,268.636169,29.766173,0.352915,32.599998,18.228436,7.346674,25.57511
2022-09-28,107421.695422,107234.993721,186.701701,21,273.979858,36.874143,0.352232,30.18,18.232481,7.34872,25.5812
2022-09-29,97919.981045,97733.279344,186.701701,21,266.081726,31.758227,0.353863,31.84,18.237084,7.351738,25.588821
2022-09-30,92529.210682,92342.508981,186.701701,21,261.569855,29.260737,0.354371,31.620001,18.24161,7.354613,25.596223
2022-10-03,99910.676444,99723.974743,186.701701,21,267.706329,36.567217,0.355465,30.1,18.245619,7.356601,25.60222
2022-10-04,110709.929384,110523.227682,186.701701,21,276.123322,44.964071,0.356701,29.07,18.249277,7.358048,25.607325
2022-10-05,110303.801003,110117.099302,186.701701,21,275.97644,44.852492,0.356287,28.549999,18.252757,7.359241,25.611998
2022-10-06,107420.346449,107233.644747,186.701701,21,273.803711,43.146838,0.356276,30.52,18.2569,7.36145,25.61835
2022-10-07,95140.81251,94954.110808,186.701701,21,263.370667,36.05635,0.358951,31.360001,18.261323,7.364144,25.625467
2022-10-10,91733.608105,91546.906404,186.701701,21,260.737946,34.514958,0.35908,32.450001,18.266112,7.367513,25.633625
2022-10-11,87515.854569,87329.152868,186.701701,21,257.155884,32.48042,0.359317,33.630001,18.271296,7.371673,33.014643
2022-10-12,87309.939185,87123.237484,186.701701,21,257.06781,32.429803,0.359308,33.57,18.276455,7.375783,33.028021
2022-10-13,94541.30836,94354.606659,186.701701,21,263.096619,39.392468,0.36033,31.940001,18.281062,7.378805,25.659868
2022-10-14,85454.564224,85267.862522,186.701701,21,255.188583,34.387083,0.361289,32.02,18.285693,7.381872,25.667564
2022-10-17,95540.833324,95354.131623,186.701701,21,263.615295,42.73684,0.363449,31.370001,18.290101,7.384534,25.674635
2022-10-18,97926.1179,97739.416199,186.701701,21,265.699951,44.614602,0.363363,30.5,18.294214,7.38669,25.680903
2022-10-19,96610.731692,96424.02999,186.701701,21,264.731049,43.894154,0.36322,30.76,18.298411,7.388987,25.687398
2022-10-20,94889.608439,94702.906738,186.701701,21,263.380402,42.855249,0.36325,29.98,18.302343,7.390851,25.693194
2022-10-21,102579.357486,102392.655784,186.701701,21,269.556152,48.82012,0.364329,29.690001,18.306174,7.392559,25.698733
2022-10-24,106001.645839,105814.944138,186.701701,21,272.521576,51.441166,0.364516,29.85,18.310057,7.394347,25.704404
2022-10-25,113263.31748,113076.615779,186.701701,21,278.158936,56.049201,0.365187,28.459999,18.31347,7.395445,25.708915
2022-10-26,105535.433802,105348.732101,186.701701,21,272.012634,50.430178,0.366038,27.280001,18.316484,7.396029,25.712513
2022-10-27,99437.617769,99250.916068,186.701701,21,267.060364,46.394358,0.366592,27.389999,18.319533,7.396656,25.716189
2022-10-28,109956.355596,109769.653895,186.701701,21,275.232605,53.068927,0.368233,25.75,18.322029,7.396667,25.718696
2022-10-31,105606.571016,105419.869315,186.701701,21,272.032227,50.421214,0.368373,25.879999,18.324567,7.396722,25.721288
2022-11-01,102064.769465,101878.067764,186.701701,21,269.252686,48.173232,0.368487,25.809999,18.32708,7.396751,25.723831
2022-11-02,91387.12411,91200.422409,186.701701,21,260.023407,41.549212,0.370617,25.860001,18.329607,7.396797,25.726404
2022-11-03,85511.347261,85324.645559,186.701701,21,254.943985,38.418204,0.370976,25.299999,18.331946,7.396657,
2022-11-04,90167.853764,89981.152063,186.701701,21,259.044708,42.204759,0.371176,24.549999,18.334031,7.396293,
2022-11-07,93257.647019,93070.945318,186.701701,21,261.892761,44.7459,0.371468,24.35,18.336048,7.395873,
2022-11-08,95456.431712,95269.730011,186.701701,21,263.8013,46.44521,0.371618,25.540001,18.338462,7.395809,
2022-11-09,88410.904919,88224.203218,186.701701,21,257.713745,42.007476,0.372485,26.09,18.341059,7.395931,25.73699
2022-11-10,113997.123133,113810.421432,186.701701,21,276.730042,56.113854,0.382241,23.530001,18.342796,7.395302,
2022-11-11,120701.192217,120514.490516,186.701701,21,281.829132,58.994172,0.382928,22.52,18.344195,7.394458,
2022-11-14,117071.103159,114057.781333,3013.321826,20,279.362701,57.043952,0.382778,23.73,18.345997,7.393877,
2022-11-15,121938.816359,118925.494532,3013.321826,20,283.228668,59.314289,0.3832,24.540001,18.34807,7.393508,
2022-11-16,116996.773812,113983.451986,3013.321826,20,279.362701,56.120041,0.383363,24.110001,18.349997,7.393022,
2022-11-17,116116.669352,113103.347526,3013.321826,20,278.746185,55.605761,0.383358,23.93,18.351862,7.39249,
2022-11-18,115956.453264,112943.131438,3013.321826,20,278.755981,55.612721,0.383107,23.120001,18.353456,7.391768,
2022-11-21,112097.110778,109083.788952,3013.321826,20,275.888367,52.993442,0.383168,22.360001,18.354795,7.390895,
2022-11-22,116974.573717,113961.251891,3013.321826,20,279.861969,56.080291,0.383429,21.290001,18.355775,7.389855,
2022-11-23,120452.345888,117439.024062,3013.321826,20,282.670776,58.171289,0.383647,20.35,18.356441,7.388711,
2022-11-25,117888.659578,114875.337752,3013.321826,20,280.811279,56.261592,0.383663,20.5,18.357156,7.387581,
2022-11-28,112371.266371,109357.944545,3013.321826,20,276.690887,52.174261,0.383405,22.209999,18.358442,7.386683,
2022-11-29,109476.350609,106463.028783,3013.321826,20,274.596436,50.178706,0.382499,21.889999,18.35962,7.385732,
2022-11-30,125952.884962,122939.563136,3013.321826,20,287.114136,60.020671,0.386107,20.58,18.36036,7.384612,
2022-12-01,126177.170729,123163.848903,3013.321826,20,287.466461,60.258636,0.385634,19.84,18.360853,7.38343,
2022-12-02,124559.747458,121546.425632,3013.321826,20,286.321381,59.028879,0.385522,19.059999,18.361086,7.38221,
2022-12-05,118100.395412,115087.073585,3013.321826,20,281.516022,54.044341,0.385484,20.75,18.361882,7.381109,
2022-12-06,110893.65941,107880.337584,3013.321826,20,275.68277,48.671493,0.38606,22.17,18.36315,7.380207,
2022-12-07,108977.364062,105964.042236,3013.321826,20,274.557343,47.686482,0.384275,22.68,18.364587,7.379398,
2022-12-08,112909.067447,109895.745621,3013.321826,20,277.806641,50.783434,0.384535,22.290001,18.365894,7.378517,
2022-12-09,110548.305914,107534.984088,3013.321826,20,276.035095,49.077545,0.38424,22.83,18.367379,7.377739,
2022-12-12,114505.034677,111491.712851,3013.321826,20,279.499786,52.44225,0.384321,25,18.369584,7.377503,
2022-12-13,118138.283856,115124.96203,3013.321826,20,282.504456,55.206452,0.384256,22.549999,18.370974,7.37667,
2022-12-14,115376.066186,112362.744359,3013.321826,20,280.409973,52.898348,0.38417,21.139999,18.371894,7.375616,
2022-12-15,104008.74628,100995.424454,3013.321826,20,270.994843,43.994149,0.385131,22.83,18.373375,7.374838,
2022-12-16,100599.41022,97586.088393,3013.321826,20,268.411011,41.909249,0.384113,22.620001,18.374786,7.374019,
2022-12-19,95955.288777,92941.966951,3013.321826,20,264.638855,39.003215,0.384396,22.42,18.376129,7.373163,
2022-12-20,95578.755463,92565.433637,3013.321826,20,264.432831,38.844785,0.384264,21.48,18.377159,7.372156,
2022-12-21,99782.451765,96769.129939,3013.321826,20,268.268829,43.450628,0.383693,20.07,18.377721,7.370997,
2022-12-22,92282.264745,89268.942919,3013.321826,20,261.705505,38.155646,0.384372,21.969999,18.378912,7.370064,
2022-12-23,92809.974193,89796.652367,3013.321826,20,262.294159,38.875106,0.384245,20.870001,18.379738,7.368982,
2022-12-27,88156.468376,85143.14655,3013.321826,20,258.585785,36.031327,0.383936,21.65,18.380822,7.368001,
2022-12-28,84368.199215,81354.877389,3013.321826,20,255.171753,33.594833,0.384173,22.139999,18.382068,7.367097,
2022-12-29,91409.980419,88396.658592,3013.321826,20,261.391541,41.372973,0.385413,21.440001,18.38308,7.366087,
2022-12-30,91124.215894,88110.894068,3013.321826,20,261.23465,41.241747,0.385411,21.67,18.384169,7.36511,
2023-01-03,88719.186489,85705.864663,3013.321826,20,259.468811,39.71491,0.385421,22.9,18.385664,7.364348,
2023-01-04,89950.593624,86937.271797,3013.321826,20,260.704865,41.35166,0.385262,22.01,18.386863,7.363425,
2023-01-05,85367.153952,82353.832126,3013.321826,20,256.623718,37.711078,0.385393,22.459999,18.38821,7.362579,
2023-01-06,93120.714092,90107.392266,3013.321826,20,263.706879,46.512621,0.385287,21.129999,18.389117,7.36153,
2023-01-09,94763.069241,91749.747414,3013.321826,20,265.41391,48.404775,0.385401,21.969999,18.390301,7.360601,
2023-01-10,97245.640313,94232.318487,3013.321826,20,267.660461,50.868136,0.385407,20.58,18.391024,7.359492,
2023-01-11,102725.230476,99711.90865,3013.321826,20,272.291077,55.57619,0.386035,21.09,18.391916,7.358439,
2023-01-12,104275.052506,101261.73068,3013.321826,20,273.762634,56.986788,0.385629,18.83,18.392061,7.357228,
2023-01-13,106447.908026,103434.5862,3013.321826,20,275.646301,58.790616,0.385702,18.35,18.392047,7.356013,
2023-01-17,106411.807831,103398.486004,3013.321826,20,276.205505,59.335816,0.384627,19.360001,18.392366,7.354819,
2023-01-18,102018.712549,99005.390722,3013.321826,20,272.614807,54.36243,0.384791,20.34,18.393009,7.353691,
2023-01-19,98522.017188,95508.695362,3013.321826,20,269.936523,50.933185,0.383847,20.52,18.39371,7.352579,
2023-01-20,107543.570013,104530.248187,3013.321826,20,277.323914,58.676334,0.385143,19.85,18.394191,7.351414,
2023-01-23,114984.815127,111971.4933,3013.321826,20,283.484955,63.806258,0.38585,19.809999,18.394657,7.350247,
2023-01-24,113813.342835,110800.021009,3013.321826,20,282.906067,63.014707,0.384453,19.200001,18.394923,7.34905,
2023-01-25,112897.93055,109884.608724,3013.321826,20,282.278229,62.114695,0.384403,19.08,18.395148,7.34785,
2023-01-26,119690.595556,116677.27373,3013.321826,20,287.78186,66.615931,0.384183,18.73,18.395258,7.346642,
2023-01-27,123313.707788,120300.385962,3013.321826,20,290.646606,68.700516,0.384388,18.51,18.395296,7.345433,
2023-01-30,115559.805278,112546.483452,3013.321826,20,284.770081,60.372548,0.384957,19.940001,18.395805,7.344277,
2023-01-31,120552.522041,117539.200215,3013.321826,20,289.037598,63.804007,0.38354,19.4,18.396135,7.343091,
2023-02-01,128257.240792,125243.918966,3013.321826,20,295.218323,68.110985,0.382487,17.870001,18.395962,7.34189,
2023-02-02,143012.101239,139998.779413,3013.321826,20,305.813629,73.854393,0.384814,18.73,18.396072,7.340685,
2023-02-03,135555.056424,132541.734598,3013.321826,20,300.378601,67.171192,0.385231,18.33,18.39605,7.339478,
2023-02-06,131069.480658,128056.158831,3013.321826,20,297.837677,64.244231,0.382219,19.43,18.39639,7.338296,
2023-02-07,139425.788621,136412.466794,3013.321826,20,304.008484,67.90223,0.382734,18.66,18.396476,7.337092,
2023-02-08,132075.004514,129061.682687,3013.321826,20,298.602905,61.925646,0.383197,19.629999,18.396881,7.335921,
2023-02-09,128400.187887,125386.866061,3013.321826,20,295.963928,59.186774,0.383064,20.709999,18.39764,7.334837,
2023-02-10,125521.717824,122508.395997,3013.321826,20,294.021393,57.181942,0.38224,20.530001,18.39834,7.333735,
2023-02-13,131313.332334,128300.010508,3013.321826,20,298.730469,60.660753,0.381828,20.34,18.398977,7.332616,
2023-02-14,133754.417915,130741.096089,3013.321826,20,300.937744,62.210568,0.38004,18.91,18.399144,7.331419,
2023-02-15,136794.554905,133781.233079,3013.321826,20,303.243286,63.814159,0.380159,18.23,18.399089,7.330218,
2023-02-16,128858.354427,125845.0326,3013.321826,20,297.553223,57.346342,0.379608,20.17,18.399669,7.329087,
2023-02-17,125964.495875,122951.174048,3013.321826,20,295.453766,55.126236,0.379687,20.02,18.4002,7.327945,
2023-02-21,116231.246857,113217.925031,3013.321826,20,288.458801,48.40266,0.379058,22.870001,18.401663,7.327191,
2023-02-22,116334.846589,113321.524763,3013.321826,20,288.674652,48.610948,0.378836,22.290001,18.402936,7.326329,
2023-02-23,119456.823918,116443.502091,3013.321826,20,291.195953,51.094382,0.378823,21.139999,18.403832,7.325297,
2023-02-24,112927.243254,109913.921428,3013.321826,20,286.320129,46.42224,0.378098,21.67,18.4049,7.324337,
2023-02-27,114705.524231,111692.202404,3013.321826,20,288.370514,48.552719,0.376051,20.950001,18.405733,7.323283,
2023-02-28,113997.540439,110984.218613,3013.321826,20,287.997711,48.177603,0.375561,20.700001,18.406483,7.322203,
2023-03-01,110960.880992,107947.559166,3013.321826,20,285.682495,45.810511,0.375642,20.58,18.407193,7.321112,
2023-03-02,113773.07628,110759.754454,3013.321826,20,288.046692,48.588357,0.375371,19.59,18.407579,7.319947,
2023-03-03,121411.410451,118398.088625,3013.321826,20,294.00177,54.86459,0.375652,18.49,18.407606,7.318751,
2023-03-06,121395.81585,118382.494024,3013.321826,20,294.335358,55.194561,0.375288,18.610001,18.407672,7.317557,
2023-03-07,116549.141507,113535.81968,3013.321826,20,290.725067,50.860862,0.375175,19.59,18.408058,7.316393,
2023-03-08,117720.19729,114706.875464,3013.321826,20,292.177032,52.476952,0.372558,19.110001,18.408287,7.31521,
2023-03-09,111223.788187,108210.466361,3013.321826,20,287.114746,46.709094,0.373091,22.610001,18.409658,7.31441,
2023-03-10,105576.651996,102563.33017,3013.321826,20,283.082611,42.684779,0.37096,24.799999,18.411741,7.314128,
2023-03-13,107806.79795,104793.476124,3013.321826,20,285.182159,45.326244,0.370862,26.52,18.414384,7.3144,25.728784
2023-03-14,116079.36147,113066.039643,3013.321826,20,291.735535,52.66001,0.371081,23.73,18.416116,7.313838,
2023-03-15,117799.444911,114786.123085,3013.321826,20,293.266022,54.204965,0.370426,26.139999,18.418632,7.313974,25.732606
2023-03-16,127820.142962,124806.821136,3013.321826,20,300.996643,61.109043,0.369881,22.99,18.42012,7.313248,
2023-03-17,125203.364423,122190.042597,3013.321826,20,299.574097,59.336305,0.367273,25.51,18.422428,7.313176,
2023-03-20,126200.941489,123187.619663,3013.321826,20,300.637268,60.264082,0.366999,24.15,18.424292,7.312716,
2023-03-21,131831.372844,128818.051018,3013.321826,20,304.931183,63.851351,0.366575,21.379999,18.425254,7.31172,
2023-03-22,126130.731766,123117.40994,3013.321826,20,300.784698,58.371223,0.366909,22.26,18.426501,7.310858,
2023-03-23,130751.228134,127737.906308,3013.321826,20,304.35144,61.437178,0.36642,22.610001,18.427861,7.310058,
2023-03-24,132088.873849,129075.552023,3013.321826,20,305.471588,62.374402,0.366069,21.74,18.428937,7.309114,
2023-03-27,128641.983162,125628.661336,3013.321826,20,303.378693,59.466344,0.365148,20.6,18.429643,7.308031,
2023-03-28,126334.373568,123321.051742,3013.321826,20,301.767181,57.252918,0.365192,19.969999,18.430143,7.306896,
2023-03-29,133797.014124,130783.692298,3013.321826,20,307.269653,62.399266,0.365378,19.120001,18.430367,7.30572,
2023-03-30,137642.711582,134629.389756,3013.321826,20,310.17807,64.810759,0.364959,19.02,18.430558,7.304542,
2023-03-31,144916.497293,141903.175467,3013.321826,20,315.336548,68.651036,0.365315,18.700001,18.430646,7.303358,
2023-04-03,143379.368843,140366.047016,3013.321826,20,314.570129,67.472858,0.365038,18.549999,18.430684,7.302173,
2023-04-04,141740.713757,138727.39193,3013.321826,20,313.509003,65.789388,0.36505,19,18.430869,7.300996,
2023-04-05,137086.002223,134072.680397,3013.321826,20,310.413879,61.007953,0.364359,19.08,18.431079,7.299822,
2023-04-06,139734.513445,136721.191619,3013.321826,20,312.506714,62.967806,0.363509,18.4,18.431069,7.298639,
2023-04-10,138780.320579,135766.998753,3013.321826,20,312.329895,62.681149,0.362587,18.969999,18.431244,7.297462,
2023-04-11,135834.841692,132821.519866,3013.321826,20,310.325439,59.380922,0.362644,19.1,18.43146,7.29629,
2023-04-12,131826.781083,128813.459256,3013.321826,20,307.584076,55.107532,0.362414,19.09,18.431674,7.295118,
2023-04-13,140106.614045,137093.292219,3013.321826,20,313.607269,61.639638,0.362076,17.799999,18.431469,7.293946,
2023-04-14,139134.095284,136120.773457,3013.321826,20,313.0177,60.708483,0.362049,17.07,18.431029,7.292807,
2023-04-17,138955.168459,135941.846632,3013.321826,20,313.28299,60.99402,0.361221,16.950001,18.43055,7.291676,
2023-04-18,138636.871622,135623.549796,3013.321826,20,313.302643,61.016622,0.360172,16.83,18.430032,7.290554,
2023-04-19,138298.962304,135285.640478,3013.321826,20,313.155304,60.732503,0.36017,16.459999,18.429396,7.289461,
2023-04-20,134602.939897,131589.618071,3013.321826,20,310.767578,56.168008,0.359274,17.17,18.428989,7.288318,
2023-04-21,134846.596367,131833.274541,3013.321826,20,311.091858,56.644587,0.35886,16.77,18.428453,7.287202,
2023-04-24,133371.815746,130358.49392,3013.321826,20,310.44339,55.34859,0.358005,16.889999,18.427956,7.286077,
2023-04-25,124964.236417,121950.914591,3013.321826,20,304.58725,45.274485,0.35732,18.76,18.428063,7.284903,
2023-04-26,127326.481863,124313.160037,3013.321826,20,306.434509,48.461146,0.35706,18.84,18.428196,7.283731,
2023-04-27,138623.232527,135609.910701,3013.321826,20,314.766693,59.824833,0.355532,17.030001,18.427745,7.282599,
2023-04-28,141642.464094,138629.142268,3013.321826,20,316.938171,62.166079,0.355622,15.78,18.426891,7.28158,
2023-05-01,140231.409372,137218.087546,3013.321826,20,316.574554,61.519568,0.353145,16.08,18.426135,7.280527,
2023-05-02,135280.033431,132266.711605,3013.321826,20,313.813568,56.69793,0.348933,17.780001,18.425927,7.279363,
2023-05-03,132131.54571,129118.223884,3013.321826,20,311.759979,53.348743,0.34846,18.34,18.425899,7.27819,
2023-05-04,130452.502342,127439.180516,3013.321826,20,310.659485,51.590021,0.348483,20.09,18.426435,7.277079,
2023-05-05,139506.312198,136492.990372,3013.321826,20,317.26239,60.091107,0.347103,17.190001,18.426037,7.275941,
2023-05-08,139159.696694,136146.374868,3013.321826,20,318.048431,60.969796,0.341496,16.98,18.425571,7.274816,
2023-05-09,136060.659797,133047.337971,3013.321826,20,316.03418,57.477458,0.34127,17.709999,18.425341,7.273656,
2023-05-10,140323.656509,137310.334683,3013.321826,20,319.473206,61.529178,0.338067,16.940001,18.424863,7.272535,
2023-05-11,141681.17519,138667.853364,3013.321826,20,320.51474,62.688711,0.337792,16.93,18.424383,7.271414,
2023-05-12,139479.2676,136465.945774,3013.321826,20,319.365082,60.520343,0.335828,17.030001,18.423934,7.270288,
2023-05-15,141668.966325,138655.644499,3013.321826,20,321.094421,62.615111,0.335863,17.120001,18.423515,7.269157,
2023-05-16,141546.432366,138533.11054,3013.321826,20,321.458008,63.058908,0.333067,17.99,18.423376,7.267993,
2023-05-17,147247.143709,144233.821883,3013.321826,20,325.348938,67.504611,0.333046,16.870001,18.422877,7.266879,
2023-05-18,156226.852767,153213.530941,3013.321826,20,331.391754,72.949371,0.332374,16.049999,18.422116,7.265837,
2023-05-19,153909.151859,150895.830033,3013.321826,20,330.64505,71.35828,0.32672,16.809999,18.421598,7.264728,
2023-05-22,155255.656141,152242.334315,3013.321826,20,331.755341,72.324856,0.326657,17.209999,18.42121,7.263594,
2023-05-23,148728.466873,145715.145047,3013.321826,20,327.549896,63.573537,0.327022,18.530001,18.421244,7.262429,
2023-05-24,145958.486203,142945.164376,3013.321826,20,325.86969,60.427554,0.326533,20.030001,18.42176,7.261322,
2023-05-25,158079.480926,155066.159099,3013.321826,20,333.799072,68.380037,0.326668,19.139999,18.42199,7.260169,
2023-05-26,171653.003965,159186.154723,12466.849242,19,342.32782,74.350627,0.327611,17.950001,18.421839,7.25901,
2023-05-30,173320.253038,160853.403796,12466.849242,19,343.88028,75.266146,0.326075,17.459999,18.421531,7.257868,
2023-05-31,169873.052648,157406.203405,12466.849242,19,341.924927,71.790412,0.323949,17.940001,18.421377,7.25671,
2023-06-01,175861.653296,163394.804054,12466.849242,19,345.874908,74.365685,0.324195,15.65,18.42049,7.255718,
2023-06-02,179765.543125,167298.693883,12466.849242,19,348.468811,75.920293,0.324157,14.6,18.419267,7.254879,
2023-06-05,179570.80199,167103.952748,12466.849242,19,348.714478,76.068323,0.322593,14.73,18.418087,7.254018,
2023-06-06,179116.492942,166649.6437,12466.849242,19,348.655548,75.947713,0.320965,13.96,18.416661,7.253296,
2023-06-07,169960.345627,157493.496385,12466.849242,19,342.740448,64.83535,0.321652,13.94,18.41523,7.252577,
2023-06-08,176439.685856,163972.836614,12466.849242,19,346.994965,68.415036,0.321819,13.65,18.413707,7.251918,
2023-06-09,178375.751431,165908.902189,12466.849242,19,348.321442,69.458931,0.321706,13.83,18.412243,7.251222,
2023-06-12,187137.337844,174670.488602,12466.849242,19,354.207062,73.624336,0.320545,15.01,18.411156,7.250319,
2023-06-13,190945.140097,138904.803494,52040.336603,15,356.928802,75.301888,0.317588,14.61,18.409943,7.249479,
2023-06-14,193530.299211,129346.450177,64183.849034,14,359.522797,76.815378,0.31224,13.88,18.408497,7.248773,
2023-06-15,198556.064761,117966.483862,80589.580898,12,363.806824,79.093916,0.312503,14.5,18.40725,7.247953,
2023-06-16,196045.623056,90130.522903,105915.100153,10,361.517365,74.85973,0.311349,13.54,18.405697,7.247318,
2023-06-20,195050.502354,89135.402201,105915.100153,10,360.999878,73.896781,0.307175,13.88,18.404254,7.246612,
2023-06-21,190928.772452,85013.672299,105915.100153,10,356.080261,65.29739,0.307417,13.2,18.402595,7.246053,
2023-06-22,194269.054658,88353.954505,105915.100153,10,360.281616,68.652368,0.306348,12.91,18.400844,7.245561,
2023-06-23,191265.47644,85350.376287,105915.100153,10,356.709991,63.070082,0.306619,13.44,18.399264,7.244948,
2023-06-26,187168.872372,81253.772219,105915.100153,10,351.928101,56.451697,0.306665,14.25,18.397943,7.244172,
2023-06-27,191932.551,86017.450847,105915.100153,10,357.979248,61.900166,0.304739,13.74,18.39646,7.243495,
2023-06-28,192442.542612,86527.442459,105915.100153,10,358.677826,62.483725,0.304581,13.43,18.394879,7.242884,
2023-06-29,191600.691805,85685.591652,105915.100153,10,357.959564,61.441702,0.302177,13.54,18.393334,7.242249,
2023-06-30,196213.064728,90297.964575,105915.100153,10,363.47934,66.118007,0.302663,13.59,18.391807,7.241604,
2023-07-03,196734.16479,90819.064637,105915.100153,10,364.335358,66.790661,0.302225,13.57,18.390273,7.240962,
2023-07-05,196605.82882,90690.728667,105915.100153,10,364.32547,66.774171,0.302157,14.18,18.388935,7.2402,
2023-07-06,194168.329943,88253.22979,105915.100153,10,361.550873,62.138005,0.301732,15.44,18.387998,7.23924,
2023-07-07,193097.518114,87182.417961,105915.100153,10,360.350494,60.190922,0.301707,14.83,18.386868,7.238368,
2023-07-10,192949.550216,87034.450063,105915.100153,10,360.468506,60.322554,0.300724,15.07,18.385815,7.237459,
2023-07-11,194397.970873,88482.87072,105915.100153,10,362.24942,62.346011,0.300763,14.84,18.384689,7.236586,
2023-07-12,198178.01228,92262.912127,105915.100153,10,366.824646,67.001812,0.29986,13.54,18.383151,7.235952,
2023-07-13,203533.482301,56811.192127,146722.290174,6,373.052887,72.065451,0.300175,13.61,18.381637,7.235303,
2023-07-14,203457.073637,56734.783463,146722.290174,6,372.974182,71.91527,0.300155,13.34,18.380038,7.234712,
2023-07-17,205156.726077,58434.435903,146722.290174,6,376.457245,74.452608,0.3003,13.48,18.378484,7.234091,
2023-07-18,206704.67499,59982.384817,146722.290174,6,379.536926,76.476294,0.299736,13.3,18.376875,7.233509,
2023-07-19,206615.480334,59893.19016,146722.290174,6,379.448364,76.289146,0.299516,13.76,18.375412,7.23283,
2023-07-20,202026.558412,55304.268238,146722.290174,6,370.701294,60.532976,0.298888,13.99,18.374023,7.232105,
2023-07-21,201401.975239,54679.685065,146722.290174,6,369.589478,58.868692,0.298394,13.6,18.372511,7.231459,
2023-07-24,201578.839772,49376.753696,152202.086076,5,370.17984,59.505346,0.29796,13.91,18.371098,7.230749,
2023-07-25,202626.834821,50424.748745,152202.086076,5,372.688782,62.184267,0.297207,13.86,18.369671,7.23005,
2023-07-26,202053.754268,49851.668191,152202.086076,5,371.449066,60.069642,0.297144,13.19,18.368032,7.229493,
2023-07-27,201605.444362,30743.348034,170862.096328,3,370.563568,58.538399,0.296115,14.41,18.366781,7.228692,
2023-07-28,203312.54291,25882.871526,177429.671384,2,377.313232,65.713,0.292819,13.33,18.365188,7.228104,
2023-07-31,203324.095291,25894.423906,177429.671384,2,377.51001,65.89827,0.292627,13.63,18.363692,7.227452,
2023-08-01,203146.346286,25716.674902,177429.671384,2,376.634369,64.234922,0.291917,13.93,18.362291,7.226739,
2023-08-02,201631.182764,24201.51138,177429.671384,2,368.369385,51.119164,0.293213,16.09,18.361573,7.22571,
2023-08-03,201514.993391,24085.322006,177429.671384,2,367.779022,50.328669,0.293192,15.92,18.360802,7.224699,
2023-08-04,201172.574286,23742.902902,177429.671384,2,366.05722,47.997452,0.291564,17.1,18.360404,7.223593,
2023-08-07,201717.933716,24288.262332,177429.671384,2,369.156555,52.282131,0.291675,15.77,18.359587,7.2226,
2023-08-08,201135.222854,23705.55147,177429.671384,2,366.017883,47.971516,0.29169,15.99,18.358839,7.221583,
2023-08-09,200397.64918,22967.977796,177429.671384,2,361.993652,43.06846,0.291989,15.96,18.358083,7.220569,
2023-08-10,200506.816155,23077.144771,177429.671384,2,362.662628,44.091456,0.291637,15.85,18.357292,7.219568,
2023-08-11,200057.769378,22628.097994,177429.671384,2,360.350494,41.327404,0.289949,14.84,18.356183,7.2187,
2023-08-14,200772.311207,23342.639823,177429.671384,2,364.394348,47.523572,0.290135,14.82,18.355069,7.217835,
2023-08-15,200052.936656,22623.265272,177429.671384,2,360.527557,42.862311,0.289566,16.459999,18.354472,7.216776,
2023-08-16,199355.526145,21925.854761,177429.671384,2,356.709991,38.814596,0.289725,16.780001,18.353977,7.215694,
2023-08-17,198650.440909,21220.769524,177429.671384,2,352.813629,35.164561,0.290027,17.889999,18.353831,7.214563,
2023-08-18,198558.273784,21128.6024,177429.671384,2,352.37088,34.764504,0.289684,17.299999,18.353499,7.213451,
2023-08-21,199563.515483,22133.844099,177429.671384,2,358.048096,43.621594,0.29028,17.129999,18.353114,7.212349,
2023-08-22,199450.256864,22020.58548,177429.671384,2,357.536469,43.054276,0.289276,16.969999,18.352679,7.211256,
2023-08-23,200452.568936,23022.897552,177429.671384,2,363.174255,50.667941,0.287983,15.98,18.351933,7.210245,
2023-08-24,199049.080178,21619.408794,177429.671384,2,355.411224,42.284518,0.289216,17.200001,18.351571,7.20914,
2023-08-25,199540.56365,22110.892266,177429.671384,2,358.166168,45.717073,0.289329,15.68,18.350732,7.208163,
2023-08-28,199999.287761,22569.616377,177429.671384,2,360.862152,48.918739,0.288731,15.08,18.349705,7.207264,
2023-08-29,201400.151498,23970.480114,177429.671384,2,368.743286,56.91823,0.285275,14.45,18.34848,7.206463,
2023-08-30,201771.070465,24341.399081,177429.671384,2,370.799744,58.734192,0.285039,13.88,18.347078,7.205767,
2023-08-31,201966.34096,24536.669576,177429.671384,2,371.91153,59.722655,0.284678,13.57,18.345579,7.205133,
2023-09-01,201884.589069,24454.917685,177429.671384,2,371.517975,59.182236,0.284572,13.09,18.34393,7.204603,
2023-09-05,201942.409454,24512.738069,177429.671384,2,371.990234,59.654029,0.284571,14.01,18.342571,7.203882,
2023-09-06,201322.777514,12315.758293,189007.019221,1,368.713715,54.911781,0.284229,14.45,18.341351,7.203082,
2023-09-07,201073.528836,12066.509615,189007.019221,1,366.076904,51.372416,0.284228,14.4,18.340116,7.202291,
2023-09-08,201112.84991,12105.830689,189007.019221,1,366.588531,52.018653,0.283303,13.84,18.338706,7.201603,
2023-09-11,201506.589333,12499.570112,189007.019221,1,370.907959,57.191145,0.283554,13.8,18.337285,7.200923,
2023-09-12,201115.115166,12108.095945,189007.019221,1,366.795105,51.498386,0.282822,14.23,18.335999,7.200162,
2023-09-13,201240.505078,12233.485857,189007.019221,1,368.192291,53.202552,0.282534,13.48,18.334479,7.199547,
2023-09-14,201481.570887,12474.551666,189007.019221,1,371.203094,56.730711,0.274146,12.82,18.332753,7.199082,
2023-09-15,200884.687244,11877.668024,189007.019221,1,364.846985,48.429692,0.274896,13.79,18.331333,7.198404,
2023-09-18,200905.804526,11898.785305,189007.019221,1,365.227325,48.911421,0.274066,14,18.329978,7.197685,
2023-09-19,200828.902885,11821.883665,189007.019221,1,364.448853,47.924647,0.273958,14.11,18.328659,7.196946,
2023-09-20,200338.172533,11331.153312,189007.019221,1,359.197021,41.798099,0.274468,15.14,18.327663,7.196042,
2023-09-21,199730.445803,0,199730.445803,0,352.614929,35.647422,0.275248,17.540001,18.327416,7.194931,
2023-09-22,199730.445803,0,199730.445803,0,352.664215,35.723693,0.274302,17.200001,18.327064,7.193835,
2023-09-25,199730.445803,0,199730.445803,0,354.339264,38.39604,0.273868,16.9,18.326619,7.192756,
2023-09-26,199730.445803,0,199730.445803,0,349.018402,33.615078,0.273754,18.940001,18.32681,7.191641,
2023-09-27,199730.445803,0,199730.445803,0,349.836273,34.955759,0.273687,18.219999,18.326777,7.190519,
2023-09-28,199730.445803,0,199730.445803,0,352.762756,39.652142,0.273826,17.34,18.326469,7.189418,
2023-09-29,199730.445803,0,199730.445803,0,353.01889,40.060064,0.272906,17.52,18.326218,7.188311,
2023-10-02,199730.445803,0,199730.445803,0,355.965179,44.691342,0.270598,17.610001,18.325994,7.187201,
2023-10-03,199730.445803,0,199730.445803,0,349.718048,37.988923,0.270657,19.780001,18.326447,7.186127,
2023-10-04,199730.445803,0,199730.445803,0,354.477234,44.782822,0.269766,18.58,18.326526,7.185008,
2023-10-05,199730.445803,0,199730.445803,0,353.43277,43.652494,0.267402,18.49,18.326577,7.18389,
2023-10-06,199730.445803,0,199730.445803,0,359.354706,51.176915,0.268052,17.450001,18.326304,7.182788,
2023-10-09,199730.445803,0,199730.445803,0,361.187408,53.257215,0.267879,17.700001,18.32611,7.181678,
2023-10-10,199730.445803,0,199730.445803,0,363.187622,55.48648,0.263569,17.030001,18.325706,7.180597,
2023-10-11,199730.445803,0,199730.445803,0,365.779114,58.263753,0.263308,16.09,18.325011,7.179588,
2023-10-12,199730.445803,0,199730.445803,0,364.508026,56.404864,0.262737,16.690001,18.324502,7.178529,
2023-10-13,199730.445803,0,199730.445803,0,359.926208,50.188883,0.263269,19.32,18.324812,7.177434,
2023-10-16,199730.445803,0,199730.445803,0,363.995636,54.938701,0.262224,17.209999,18.324466,7.176346,
2023-10-17,199730.445803,0,199730.445803,0,362.803375,53.33406,0.259471,17.879999,18.324327,7.175235,
2023-10-18,199730.445803,0,199730.445803,0,358.044159,47.384501,0.257339,19.219999,18.324606,7.174137,
2023-10-19,199730.445803,0,199730.445803,0,354.694061,43.689897,0.257528,21.4,18.32556,7.173228,
2023-10-20,199730.445803,0,199730.445803,0,349.40271,38.574018,0.258196,21.709999,18.326611,7.172362,
2023-10-23,199730.445803,0,199730.445803,0,350.457062,40.079644,0.258097,20.370001,18.327245,7.17134,
2023-10-24,199730.445803,0,199730.445803,0,353.866333,44.791898,0.256936,18.969999,18.327444,7.170236,
2023-10-25,199730.445803,0,199730.445803,0,345.205139,36.861001,0.258525,20.190001,18.328022,7.169199,
2023-10-26,199730.445803,0,199730.445803,0,338.623047,32.195589,0.25858,20.68,18.328751,7.168207,
2023-10-27,199730.445803,0,199730.445803,0,340.248871,34.404072,0.257117,21.27,18.329662,7.167283,
2023-10-30,199730.445803,0,199730.445803,0,344.081879,39.414296,0.256362,19.75,18.330102,7.166216,
2023-10-31,199730.445803,0,199730.445803,0,345.727417,41.480778,0.25399,18.139999,18.330043,7.165106,
2023-11-01,199730.445803,0,199730.445803,0,351.728088,48.393409,0.254285,16.870001,18.329591,7.164043,
2023-11-02,199730.445803,0,199730.445803,0,358.113159,54.546117,0.254732,15.66,18.328765,7.163088,
2023-11-03,199730.445803,0,199730.445803,0,362.320587,58.091769,0.251321,14.91,18.327707,7.162232,
2023-11-06,199730.445803,0,199730.445803,0,363.798553,59.293001,0.250059,14.89,18.326644,7.161379,
2023-11-07,199730.445803,0,199730.445803,0,367.237457,62.020806,0.249632,14.81,18.325557,7.160538,
2023-11-08,199730.445803,0,199730.445803,0,367.473877,62.208301,0.249368,14.45,18.324359,7.159755,
2023-11-09,199730.445803,0,199730.445803,0,364.645996,58.488853,0.249502,15.29,18.323421,7.158847,
2023-11-10,199730.445803,0,199730.445803,0,372.844086,65.018691,0.248992,14.17,18.322138,7.158113,
2023-11-13,199730.445803,0,199730.445803,0,371.681305,63.493114,0.234449,14.76,18.321038,7.157281,
2023-11-14,199730.445803,0,199730.445803,0,379.682251,68.900396,0.234798,14.16,18.319753,7.15655,
2023-11-15,199730.445803,0,199730.445803,0,379.968018,69.076572,0.234491,14.18,18.318475,7.155814,
2023-11-16,199730.445803,0,199730.445803,0,380.293274,69.289814,0.234005,14.32,18.317242,7.155055,
2023-11-17,199730.445803,0,199730.445803,0,380.381897,69.351829,0.233318,13.8,18.315848,7.154391,
2023-11-20,199730.445803,0,199730.445803,0,385.013,72.479313,0.233645,13.41,18.314335,7.153806,
2023-11-21,199730.445803,0,199730.445803,0,382.776306,68.826296,0.233796,13.35,18.312805,7.153234,
2023-11-22,199730.445803,0,199730.445803,0,384.342987,69.968068,0.233402,12.85,18.311122,7.152774,
2023-11-24,199730.445803,0,199730.445803,0,383.801056,69.026279,0.232899,12.46,18.309319,7.152409,
2023-11-27,199730.445803,0,199730.445803,0,383.466064,68.413267,0.232675,12.69,18.307589,7.151987,
2023-11-28,199730.445803,0,199730.445803,0,384.471039,69.294274,0.23249,12.69,18.305859,7.151565,
2023-11-29,199730.445803,0,199730.445803,0,384.096619,68.527393,0.231703,12.98,18.30422,7.151075,
2023-11-30,199730.445803,0,199730.445803,0,383.130981,66.48384,0.231501,12.92,18.302563,7.150598,
2023-12-01,199730.445803,0,199730.445803,0,384.22467,67.660157,0.225568,12.63,18.300818,7.15019,
2023-12-04,199730.445803,0,199730.445803,0,380.657806,60.235141,0.225919,13.08,18.299213,7.149676,
2023-12-05,199730.445803,0,199730.445803,0,381.613586,61.45576,0.225841,12.85,18.297538,7.149215,
2023-12-06,199730.445803,0,199730.445803,0,379.406403,57.097036,0.224947,12.97,18.2959,7.148727,
2023-12-07,199730.445803,0,199730.445803,0,384.707581,63.747517,0.223874,13.06,18.294292,7.148217,
2023-12-08,199730.445803,0,199730.445803,0,386.422058,65.604514,0.22381,12.35,18.292466,7.147878,
2023-12-11,199730.445803,0,199730.445803,0,389.722961,68.906868,0.223625,12.63,18.290728,7.147469,
2023-12-12,199730.445803,0,199730.445803,0,392.826813,71.662011,0.223569,12.07,18.288818,7.147203,
2023-12-13,199730.445803,0,199730.445803,0,397.822479,75.43491,0.223581,12.19,18.286947,7.146904,
2023-12-14,199730.445803,0,199730.445803,0,397.477631,74.695609,0.223317,12.48,18.285166,7.146531,
2023-12-15,199730.445803,0,199730.445803,0,399.398987,76.100986,0.223103,12.28,18.283324,7.146209,
2023-12-18,199730.445803,0,199730.445803,0,401.914673,77.836649,0.219025,12.56,18.28157,7.145816,
2023-12-19,199730.445803,0,199730.445803,0,403.968323,79.166786,0.218653,12.53,18.279807,7.14543,
2023-12-20,199730.445803,0,199730.445803,0,397.965454,66.58714,0.218741,13.67,18.278395,7.144791,
2023-12-21,199730.445803,0,199730.445803,0,402.595978,70.483398,0.219047,13.65,18.276977,7.144155,
2023-12-22,199730.445803,0,199730.445803,0,403.198212,70.957732,0.218509,13.03,18.27537,7.143651,
2023-12-26,199730.445803,0,199730.445803,0,405.666565,72.881325,0.216248,12.99,18.273753,7.143156,
2023-12-27,199730.445803,0,199730.445803,0,406.49234,73.513371,0.216247,12.43,18.271965,7.142794,
2023-12-28,199730.445803,0,199730.445803,0,406.294769,73.074546,0.215407,12.47,18.27019,7.142422,
2023-12-29,199730.445803,0,199730.445803,0,404.536407,69.119975,0.214767,12.45,18.26841,7.142055,
2024-01-02,199730.445803,0,199730.445803,0,397.690735,56.3373,0.214279,13.2,18.26686,7.141513,
2024-01-03,199730.445803,0,199730.445803,0,393.482544,50.192333,0.21477,14.04,18.265568,7.140803,
2024-01-04,199730.445803,0,199730.445803,0,391.45755,47.507024,0.214687,14.13,18.264305,7.140078,
2024-01-05,199730.445803,0,199730.445803,0,391.921783,48.19134,0.214655,13.35,18.262804,7.139504,
2024-01-08,199730.445803,0,199730.445803,0,400.022034,58.385413,0.214813,13.08,18.261221,7.138988,
2024-01-09,199730.445803,0,199730.445803,0,400.812256,59.228244,0.212612,12.76,18.259542,7.138545,
2024-01-10,199730.445803,0,199730.445803,0,403.528839,62.072127,0.212622,12.69,18.257843,7.138118,
2024-01-11,199730.445803,0,199730.445803,0,404.3685,62.93274,0.212466,12.44,18.256068,7.137752,
2024-01-12,199730.445803,0,199730.445803,0,404.575928,63.155161,0.211646,12.7,18.254373,7.137323,
2024-01-16,199730.445803,0,199730.445803,0,404.536407,63.077501,0.211605,13.84,18.253027,7.136651,
2024-01-17,199730.445803,0,199730.445803,0,402.254517,58.597043,0.211684,14.79,18.251972,7.135819,
2024-01-18,199730.445803,0,199730.445803,0,407.964203,65.248587,0.212222,14.13,18.250716,7.135094,
2024-01-19,199730.445803,0,199730.445803,0,416.054504,72.090534,0.212593,13.3,18.249208,7.134531,
2024-01-22,199730.445803,0,199730.445803,0,416.597809,72.48235,0.212137,13.19,18.247667,7.13399,
2024-01-23,199730.445803,0,199730.445803,0,418.326538,73.745354,0.209962,12.55,18.245933,7.133597,
2024-01-24,199730.445803,0,199730.445803,0,420.647949,75.379533,0.208582,13.14,18.244379,7.133067,
2024-01-25,199730.445803,0,199730.445803,0,421.161591,75.739356,0.208537,13.45,18.242921,7.132472,
2024-01-26,199730.445803,0,199730.445803,0,418.652496,70.331979,0.208684,13.26,18.241405,7.131916,
2024-01-29,199730.445803,0,199730.445803,0,422.939728,73.777001,0.207848,13.6,18.239994,7.131291,
2024-01-30,199730.445803,0,199730.445803,0,420.124359,68.178237,0.207835,13.31,18.238495,7.130725,
2024-01-31,199730.445803,0,199730.445803,0,411.895782,55.032997,0.207738,14.35,18.237314,7.129963,
2024-02-01,199730.445803,0,199730.445803,0,416.745972,59.936338,0.207477,13.88,18.23599,7.129284,
2024-02-02,199730.445803,0,199730.445803,0,423.789246,65.773034,0.206939,13.85,18.234658,7.128611,
2024-02-05,199730.445803,0,199730.445803,0,423.236053,64.972404,0.202911,13.67,18.233273,7.127972,
2024-02-06,199730.445803,0,199730.445803,0,422.386505,63.690212,0.201626,13.06,18.231703,7.12746,
2024-02-07,199730.445803,0,199730.445803,0,426.733002,67.251089,0.201556,12.83,18.230064,7.126999,
2024-02-08,199730.445803,0,199730.445803,0,427.523193,67.868037,0.200242,12.79,18.228414,7.126548,
2024-02-09,199730.445803,0,199730.445803,0,431.731415,71.001195,0.199141,12.93,18.226807,7.126064,
2024-02-12,199730.445803,0,199730.445803,0,430.042236,68.129477,0.198858,13.93,18.225505,7.125377,
2024-02-13,199730.445803,0,199730.445803,0,423.334839,58.083502,0.199694,15.85,18.224785,7.124417,
2024-02-14,199730.445803,0,199730.445803,0,427.947968,62.210673,0.199257,14.38,18.22362,7.123651,
2024-02-15,199730.445803,0,199730.445803,0,429.222351,63.286115,0.199138,14.01,18.222344,7.12295,
2024-02-16,199730.445803,0,199730.445803,0,425.330322,57.869497,0.199394,14.24,18.221138,7.122208,
2024-02-20,199730.445803,0,199730.445803,0,422.119843,53.780445,0.198186,15.42,18.220291,7.121297,
2024-02-21,199730.445803,0,199730.445803,0,420.430573,51.710011,0.19803,15.34,18.219419,7.120395,
2024-02-22,199730.445803,0,199730.445803,0,432.738983,62.913246,0.198393,14.54,18.218306,7.119606,
2024-02-23,199730.445803,0,199730.445803,0,431.464691,61.326931,0.198466,13.75,18.216955,7.118953,
2024-02-26,199730.445803,0,199730.445803,0,431.237457,61.03141,0.198298,13.74,18.215602,7.118302,
2024-02-27,199730.445803,0,199730.445803,0,432.274719,61.933157,0.197051,13.43,18.214155,7.117712,
2024-02-28,199730.445803,0,199730.445803,0,429.973022,58.6878,0.197116,13.84,18.212834,7.117043,
2024-02-29,199730.445803,0,199730.445803,0,433.657684,62.11067,0.197261,13.4,18.21138,7.116459,
2024-03-01,199730.445803,0,199730.445803,0,440.187225,67.28371,0.197559,13.11,18.20984,7.115936,
2024-03-04,199730.445803,0,199730.445803,0,438.616577,64.985313,0.197503,13.49,18.208415,7.115335,
2024-03-05,199730.445803,0,199730.445803,0,430.743561,54.867685,0.197621,14.46,18.207284,7.114559,
2024-03-06,199730.445803,0,199730.445803,0,433.450256,57.327458,0.197703,14.5,18.206166,7.113777,
2024-03-07,199730.445803,0,199730.445803,0,440.029175,62.655136,0.197657,14.44,18.20503,7.113004,
2024-03-08,199730.445803,0,199730.445803,0,433.677368,55.456219,0.198566,14.74,18.203986,7.112186,
2024-03-11,199730.445803,0,199730.445803,0,432.067291,53.769734,0.197341,15.22,18.203086,7.111303,
2024-03-12,199730.445803,0,199730.445803,0,438.260986,58.942391,0.197001,13.84,18.201772,7.110634,
2024-03-13,199730.445803,0,199730.445803,0,434.892456,55.317264,0.197208,13.75,18.200431,7.109983,
2024-03-14,199730.445803,0,199730.445803,0,433.79599,54.14983,0.195634,14.4,18.199286,7.109218,
2024-03-15,199730.445803,0,199730.445803,0,428.639557,48.920988,0.196256,14.41,18.198146,7.108451,
2024-03-18,199730.445803,0,199730.445803,0,432.7276,52.811406,0.194263,14.33,18.196982,7.107698,
2024-03-19,199730.445803,0,199730.445803,0,433.805756,53.810593,0.194125,13.82,18.195665,7.107034,
2024-03-20,199730.445803,0,199730.445803,0,438.949249,58.342344,0.194504,13.04,18.194114,7.106527,
2024-03-21,199730.445803,0,199730.445803,0,441.026459,60.047162,0.193943,12.92,18.192529,7.106047,
2024-03-22,199730.445803,0,199730.445803,0,441.530914,60.470253,0.193082,13.06,18.190986,7.105536,
2024-03-25,199730.445803,0,199730.445803,0,439.928528,58.356261,0.192783,13.19,18.189483,7.104997,
2024-03-26,199730.445803,0,199730.445803,0,438.50415,56.46655,0.192847,13.24,18.187996,7.104447,
2024-03-27,199730.445803,0,199730.445803,0,439.997742,58.002315,0.192601,12.78,18.186372,7.103998,
2024-03-28,199730.445803,0,199730.445803,0,439.186676,56.829884,0.192468,13.01,18.184818,7.103498,
2024-04-01,199730.445803,0,199730.445803,0,440.116486,57.880981,0.191431,13.65,18.183457,7.102866,
2024-04-02,199730.445803,0,199730.445803,0,436.318176,52.281024,0.191569,14.61,18.182385,7.10207,
2024-04-03,199730.445803,0,199730.445803,0,437.297455,53.52935,0.190702,14.33,18.18123,7.101318,
2024-04-04,199730.445803,0,199730.445803,0,430.61087,44.89353,0.191702,16.35,18.180681,7.100323,
2024-04-05,199730.445803,0,199730.445803,0,435.685089,51.312674,0.192031,16.030001,18.180036,7.099357,
2024-04-08,199730.445803,0,199730.445803,0,435.81369,51.466976,0.191558,15.19,18.17914,7.098481,
2024-04-09,199730.445803,0,199730.445803,0,437.426025,53.458527,0.19147,14.98,18.178182,7.097633,
2024-04-10,199730.445803,0,199730.445803,0,433.607941,48.394193,0.19184,15.8,18.177469,7.09669,
2024-04-11,199730.445803,0,199730.445803,0,440.53186,56.451184,0.192403,14.91,18.176491,7.095852,
2024-04-12,199730.445803,0,199730.445803,0,433.509033,48.226735,0.19315,17.309999,18.176232,7.094805,
2024-04-15,199730.445803,0,199730.445803,0,426.37735,41.598786,0.19312,19.23,18.176547,7.093767,
2024-04-16,199730.445803,0,199730.445803,0,426.416901,41.646683,0.193089,18.4,18.176614,7.092707,
2024-04-17,199730.445803,0,199730.445803,0,421.21402,37.311576,0.193767,18.209999,18.176624,7.091646,
2024-04-18,199730.445803,0,199730.445803,0,418.810455,35.47448,0.193939,18,18.176571,7.090586,
2024-04-19,199730.445803,0,199730.445803,0,410.14566,29.781693,0.195729,18.709999,18.17673,7.089532,
2024-04-22,199730.445803,0,199730.445803,0,414.270325,35.119219,0.195738,16.940001,18.176361,7.088505,
2024-04-23,199730.445803,0,199730.445803,0,420.452454,42.209743,0.196424,15.69,18.175618,7.087576,
2024-04-24,199730.445803,0,199730.445803,0,421.876831,43.735443,0.196402,15.97,18.17496,7.08662,
2024-04-25,199730.445803,0,199730.445803,0,419.839142,42.026093,0.195018,15.37,18.174122,7.085728,
2024-04-26,199730.445803,0,199730.445803,0,426.317993,48.868802,0.195662,15.03,18.173184,7.084878,
2024-04-29,199730.445803,0,199730.445803,0,428.048981,50.548217,0.193262,14.67,18.172139,7.084079,
2024-04-30,199730.445803,0,199730.445803,0,419.97757,43.391456,0.194662,15.65,18.171387,7.083157,
2024-05-01,199730.445803,0,199730.445803,0,416.940918,41.03738,0.194902,15.39,18.170558,7.082263,
2024-05-02,199730.445803,0,199730.445803,0,422.262543,46.513745,0.195034,14.68,18.169517,7.081464,
2024-05-03,199730.445803,0,199730.445803,0,430.749329,53.871841,0.196097,13.49,18.168123,7.080869,
2024-05-06,199730.445803,0,199730.445803,0,435.467499,57.382034,0.196349,13.49,18.166729,7.080274,
2024-05-07,199730.445803,0,199730.445803,0,435.536774,57.433252,0.194915,13.23,18.165259,7.079732,
2024-05-08,199730.445803,0,199730.445803,0,435.279602,57.158625,0.194922,13,18.163721,7.079239,
2024-05-09,199730.445803,0,199730.445803,0,436.229095,57.957939,0.19471,12.69,18.162092,7.078815,
2024-05-10,199730.445803,0,199730.445803,0,437.257874,58.853714,0.194375,12.55,18.160422,7.078424,
2024-05-13,199730.445803,0,199730.445803,0,438.266754,59.759206,0.194364,13.6,18.159066,7.077807,
2024-05-14,199730.445803,0,199730.445803,0,441.085815,62.258527,0.194375,13.42,18.157657,7.077227,
2024-05-15,199730.445803,0,199730.445803,0,447.980072,67.564276,0.195062,12.45,18.15596,7.076859,
2024-05-16,199730.445803,0,199730.445803,0,447.070099,66.240611,0.195103,12.42,18.154256,7.076497,
2024-05-17,199730.445803,0,199730.445803,0,446.852509,65.908108,0.194687,11.99,18.152424,7.076244,
2024-05-20,199730.445803,0,199730.445803,0,449.968231,68.357434,0.193711,12.15,18.150642,7.075949,
2024-05-21,199730.445803,0,199730.445803,0,450.848541,69.034354,0.193668,11.86,18.148774,7.075728,
2024-05-22,199730.445803,0,199730.445803,0,450.759583,68.874008,0.193659,12.29,18.147035,7.075398,
2024-05-23,199730.445803,0,199730.445803,0,448.731842,65.158868,0.19305,12.77,18.145439,7.074954,
2024-05-24,199730.445803,0,199730.445803,0,452.97525,68.935241,0.193144,11.93,18.143595,7.074714,
2024-05-28,199730.445803,0,199730.445803,0,454.686401,70.331717,0.191216,12.92,18.142046,7.074236,
2024-05-29,199730.445803,0,199730.445803,0,451.481659,64.484982,0.189273,14.28,18.140901,7.0735,
2024-05-30,199730.445803,0,199730.445803,0,446.644745,56.808917,0.189762,14.47,18.139813,7.072734,
2024-05-31,199730.445803,0,199730.445803,0,445.813904,55.584945,0.189621,12.92,18.138267,7.072256,
2024-06-03,199730.445803,0,199730.445803,0,448.207611,58.367989,0.189275,13.11,18.136777,7.071738,
2024-06-04,199730.445803,0,199730.445803,0,449.434174,59.759408,0.189127,13.16,18.135304,7.071209,
2024-06-05,199730.445803,0,199730.445803,0,458.494568,68.211164,0.190489,12.63,18.133674,7.070797,
2024-06-06,199730.445803,0,199730.445803,0,458.336334,67.942776,0.190491,12.58,18.13203,7.070396,
2024-06-07,199730.445803,0,199730.445803,0,457.930786,67.212836,0.189241,12.22,18.130281,7.070081,
2024-06-10,199730.445803,0,199730.445803,0,459.780518,68.856318,0.188793,12.74,18.128687,7.069642,
2024-06-11,199730.445803,0,199730.445803,0,462.935822,71.482306,0.18889,12.85,18.127126,7.06918,
2024-06-12,199730.445803,0,199730.445803,0,468.999268,75.71921,0.188496,12.04,18.125327,7.068909,
2024-06-13,199730.445803,0,199730.445803,0,471.541382,77.245581,0.188402,11.94,18.123499,7.068664,
2024-06-14,199730.445803,0,199730.445803,0,473.984467,78.635586,0.188321,12.66,18.121885,7.068243,
2024-06-17,199730.445803,0,199730.445803,0,479.79071,81.524234,0.188349,12.75,18.120298,7.067802,
2024-06-18,199730.445803,0,199730.445803,0,479.939056,81.592713,0.188139,12.3,18.11858,7.067466,
2024-06-20,199730.445803,0,199730.445803,0,476.239746,74.206409,0.188415,13.28,18.117152,7.066912,
2024-06-21,199730.445803,0,199730.445803,0,474.963776,71.792292,0.187624,13.2,18.115701,7.066373,
2024-06-24,199730.445803,0,199730.445803,0,469.556458,62.511172,0.187795,13.33,18.114289,7.065809,
2024-06-25,199730.445803,0,199730.445803,0,474.926086,67.064545,0.187731,12.84,18.112734,7.065347,
2024-06-26,199730.445803,0,199730.445803,0,475.906891,67.833081,0.186904,12.55,18.111094,7.064951,
2024-06-27,199730.445803,0,199730.445803,0,477.135406,68.814678,0.185934,12.24,18.109363,7.064629,
2024-06-28,199730.445803,0,199730.445803,0,474.658569,64.538608,0.186087,12.44,18.107693,7.064258,
2024-07-01,199730.445803,0,199730.445803,0,477.442474,67.019259,0.186136,12.22,18.105959,7.06394,
2024-07-02,199730.445803,0,199730.445803,0,482.455444,70.958835,0.185692,12.03,18.10417,7.063669,
2024-07-03,199730.445803,0,199730.445803,0,486.477783,73.675961,0.185886,12.09,18.102399,7.063383,
2024-07-05,199730.445803,0,199730.445803,0,491.550201,76.64367,0.18621,12.48,18.100745,7.063001,
2024-07-08,199730.445803,0,199730.445803,0,492.719238,77.27942,0.185911,12.37,18.099059,7.062646,
2024-07-09,199730.445803,0,199730.445803,0,493.145203,77.519533,0.18583,12.51,18.097415,7.062258,
2024-07-10,199730.445803,0,199730.445803,0,498.286987,80.234862,0.186149,12.85,18.095872,7.061792,
2024-07-11,199730.445803,0,199730.445803,0,487.359497,62.85808,0.188212,12.92,18.09435,7.061312,
2024-07-12,199730.445803,0,199730.445803,0,490.222656,64.997124,0.187798,12.46,18.092695,7.060934,
2024-07-15,199730.445803,0,199730.445803,0,491.540283,65.968458,0.186855,13.12,18.091234,7.060411,
2024-07-16,199730.445803,0,199730.445803,0,491.728516,66.113129,0.18685,13.19,18.089794,7.059874,
2024-07-17,199730.445803,0,199730.445803,0,477.293884,48.933797,0.190228,14.48,18.088735,7.059108,
2024-07-18,199730.445803,0,199730.445803,0,475.035065,46.880864,0.190151,15.93,18.088101,7.058169,
2024-07-19,199730.445803,0,199730.445803,0,470.824615,43.239393,0.190509,16.52,18.087641,7.057184,
2024-07-22,199730.445803,0,199730.445803,0,477.838806,50.181703,0.189,14.91,18.086709,7.056358,
2024-07-23,199730.445803,0,199730.445803,0,476.154572,48.643233,0.189017,14.72,18.085721,7.055559,
2024-07-24,199730.445803,0,199730.445803,0,459.074768,36.441849,0.194308,18.040001,18.085708,7.054524,
2024-07-25,199730.445803,0,199730.445803,0,454.012268,33.74036,0.194704,18.459999,18.085818,7.053493,
2024-07-26,199730.445803,0,199730.445803,0,458.668579,38.272887,0.194967,16.389999,18.085321,7.052519,
2024-07-29,199730.445803,0,199730.445803,0,459.589966,39.159771,0.194934,16.6,18.084886,7.051531,
2024-07-30,199730.445803,0,199730.445803,0,453.279114,35.407323,0.194621,17.690001,18.08477,7.050502,
2024-07-31,199730.445803,0,199730.445803,0,466.693329,47.026934,0.19759,16.360001,18.084265,7.049531,
2024-08-01,199730.445803,0,199730.445803,0,455.389343,40.427114,0.199886,18.59,18.084413,7.048505,
2024-08-02,199730.445803,0,199730.445803,0,444.580688,35.322514,0.200201,23.389999,18.085965,7.048057,
2024-08-05,199730.445803,14551.203737,185179.242066,2,431.324982,30.273889,0.203614,38.57,18.091957,7.055729,32.203414
2024-08-06,200310.963504,22475.993355,177834.970149,3,435.446381,33.458389,0.20379,27.709999,18.094769,7.056613,25.151382
2024-08-07,199319.333072,21484.362923,177834.970149,3,430.73056,31.675724,0.204048,27.85,18.097621,7.057553,25.155173
2024-08-08,202296.185846,24461.215698,177834.970149,3,443.907043,41.116079,0.206799,23.790001,18.099284,7.057192,
2024-08-09,202764.700901,24929.730753,177834.970149,3,446.225281,42.618286,0.206375,20.370001,18.099947,7.056268,
2024-08-12,202932.828665,25097.858517,177834.970149,3,447.186279,43.264443,0.206378,20.709999,18.10071,7.055378,
2024-08-13,205524.744747,27689.774598,177834.970149,3,458.282166,50.232818,0.208138,18.120001,18.100715,7.054347,
2024-08-14,205522.308003,27687.337854,177834.970149,3,458.430786,50.320832,0.207775,16.190001,18.100158,7.053393,
2024-08-15,208294.730008,30459.759859,177834.970149,3,470.012238,56.741101,0.209296,15.23,18.09932,7.052534,
2024-08-16,208395.766237,30560.796089,177834.970149,3,470.616516,57.052969,0.208821,14.8,18.098358,7.05173,
2024-08-19,209827.524955,31992.554806,177834.970149,3,476.798553,60.213165,0.208802,14.65,18.097352,7.050947,
2024-08-20,209572.787553,31737.817404,177834.970149,3,475.797913,59.450615,0.208819,15.88,18.096706,7.050021,
2024-08-21,210052.991132,32218.020984,177834.970149,3,478.01709,60.641085,0.2081,16.27,18.096173,7.049062,
2024-08-22,208279.097307,30444.127159,177834.970149,3,470.438202,54.731342,0.209091,17.549999,18.096014,7.048041,
2024-08-23,209458.524813,31623.554664,177834.970149,3,475.540314,57.718648,0.208683,15.86,18.095363,7.047117,
2024-08-26,208233.117452,30398.147303,177834.970149,3,470.923615,54.231277,0.207301,16.15,18.094796,7.046169,
2024-08-27,208545.343134,30710.372985,177834.970149,3,472.330475,55.121149,0.207161,15.43,18.09402,7.04529,
2024-08-28,207283.329394,29448.359245,177834.970149,3,466.970673,51.048956,0.207559,17.110001,18.093734,7.044284,
2024-08-29,207023.945628,29188.975479,177834.970149,3,466.28714,50.536203,0.206092,15.65,18.093023,7.043382,
2024-08-30,208344.135878,30509.165729,177834.970149,3,471.845001,54.535017,0.206434,15,18.092123,7.042555,
2024-09-03,205139.537307,27304.567159,177834.970149,3,457.519379,44.539983,0.209913,20.719999,18.092887,7.041674,
2024-09-04,204855.137486,27020.167338,177834.970149,3,456.330505,43.822173,0.209941,21.32,18.093826,7.040865,
2024-09-05,204936.871492,27101.901343,177834.970149,3,456.7565,44.169378,0.20994,19.9,18.09435,7.039909,
2024-09-06,202333.494608,24498.524459,177834.970149,3,444.52124,37.080746,0.212294,22.379999,18.095596,7.039265,
2024-09-09,203564.699075,25729.728926,177834.970149,3,450.23764,41.781788,0.212569,19.450001,18.095989,7.03828,
2024-09-10,204495.934602,26660.964454,177834.970149,3,454.39859,45.002893,0.212805,19.08,18.096275,7.037278,
2024-09-11,206800.220954,28965.250805,177834.970149,3,464.266083,51.811915,0.213846,17.690001,18.096157,7.036259,
2024-09-12,207836.521918,30001.551769,177834.970149,3,468.823364,54.607137,0.213617,17.07,18.095859,7.03526,
2024-09-13,208317.255622,30482.285473,177834.970149,3,470.923615,55.877382,0.213631,16.559999,18.095413,7.034287,
2024-09-16,207776.181775,29941.211627,177834.970149,3,468.84317,54.257695,0.213554,17.139999,18.095136,7.033286,
2024-09-17,207755.467931,29920.497782,177834.970149,3,469.090851,54.427059,0.212426,17.610001,18.094996,7.032271,
2024-09-18,207268.431774,29433.461625,177834.970149,3,467.059845,52.703801,0.212523,18.23,18.095035,7.031252,
2024-09-19,210167.295454,32332.325305,177834.970149,3,478.869141,60.529239,0.21443,16.33,18.094523,7.030297,
2024-09-20,209889.067821,32054.097672,177834.970149,3,477.957703,59.708124,0.213636,16.15,18.09396,7.029356,
2024-09-23,210078.215613,32243.245464,177834.970149,3,479.224579,60.510019,0.21233,15.89,18.093322,7.028438,
2024-09-24,210625.865248,32790.8951,177834.970149,3,481.536133,61.996231,0.21237,15.39,18.092539,7.027571,
2024-09-25,210717.082137,32882.111988,177834.970149,3,481.982635,62.291446,0.212328,15.41,18.091763,7.026701,
2024-09-26,211546.590116,33711.619967,177834.970149,3,485.603821,64.687268,0.211543,15.37,18.090975,7.025837,
2024-09-27,210878.388398,33043.418249,177834.970149,3,482.905273,61.548934,0.2117,16.959999,18.090648,7.024847,
2024-09-30,211144.558272,33309.588124,177834.970149,3,484.214844,62.499753,0.211537,16.73,18.090254,7.023869,
2024-10-01,209531.792185,31696.822036,177834.970149,3,477.468567,54.960013,0.21233,19.26,18.090593,7.022881,
2024-10-02,209669.85995,31834.889801,177834.970149,3,478.143188,55.537645,0.212158,18.9,18.090827,7.021879,
2024-10-03,209503.467465,31668.497316,177834.970149,3,477.786041,55.134512,0.210949,20.49,18.09152,7.020983,
2024-10-04,210863.699255,33028.729106,177834.970149,3,483.470764,60.099171,0.210816,19.209999,18.091843,7.019994,
2024-10-07,209580.52781,31745.557662,177834.970149,3,478.292053,54.213676,0.211249,22.639999,18.093156,7.019406,
2024-10-08,211298.127355,33463.157207,177834.970149,3,485.435089,60.028199,0.211071,21.42,18.094117,7.01862,
2024-10-09,212231.725313,34396.755164,177834.970149,3,489.2547,62.752157,0.21117,20.860001,18.094915,7.017764,
2024-10-10,212076.436311,34241.466162,177834.970149,3,488.699127,62.089375,0.211124,20.93,18.095733,7.016917,
2024-10-11,212244.658028,34409.687879,177834.970149,3,489.463013,62.673137,0.211004,20.459999,18.096415,7.016019,
2024-10-14,213228.824738,35393.854589,177834.970149,3,493.570313,65.728871,0.211106,19.700001,18.096877,7.01506,
2024-10-15,211576.273892,33741.303743,177834.970149,3,486.9729,57.575557,0.211184,20.639999,18.09761,7.014182,
2024-10-16,211558.258534,33723.288385,177834.970149,3,487.03241,57.626616,0.210841,19.58,18.098037,7.013216,
2024-10-17,211622.993194,33788.023045,177834.970149,3,487.36972,57.935642,0.210774,19.110001,18.098329,7.012226,
2024-10-18,212369.979469,34535.009321,177834.970149,3,490.564301,60.847872,0.210158,18.030001,18.098309,7.011216,
2024-10-21,212540.361442,34705.391294,177834.970149,3,491.506836,61.690596,0.209767,18.370001,18.098388,7.010208,
2024-10-22,212613.831215,34778.861066,177834.970149,3,492.042542,62.188751,0.208843,18.200001,18.098417,7.009199,
2024-10-23,210774.898349,32939.9282,177834.970149,3,484.502563,51.949488,0.209804,19.24,18.098745,7.008217,
2024-10-24,211726.343178,33891.373029,177834.970149,3,488.431274,56.01338,0.20972,19.08,18.099028,7.007228,
2024-10-25,212340.576956,34505.606807,177834.970149,3,491.407593,58.852609,0.207433,20.33,18.099669,7.006322,
2024-10-28,212242.891284,34407.921135,177834.970149,3,491.486969,58.928749,0.205941,19.799999,18.100158,7.005374,
2024-10-29,213428.185049,35593.2149,177834.970149,3,496.209351,63.281926,0.206132,19.34,18.100515,7.004398,
2024-10-30,212464.103215,34629.133066,177834.970149,3,492.459198,58.02251,0.206086,20.35,18.101161,7.003495,
2024-10-31,209493.703624,31658.733475,177834.970149,3,480.028168,44.746684,0.208574,23.16,18.102614,7.003014,
2024-11-01,210309.981845,32475.011696,177834.970149,3,483.579926,48.380788,0.207822,21.879999,18.103699,7.002301,
2024-11-04,209871.465324,32036.495175,177834.970149,3,482.171112,47.05866,0.206902,21.98,18.104812,7.001603,
2024-11-05,211381.286092,33546.315944,177834.970149,3,488.322144,53.086693,0.206978,20.49,18.105497,7.000715,
2024-11-06,214820.906059,36985.93591,177834.970149,3,501.586578,62.897583,0.209222,16.27,18.10497,6.999779,
2024-11-07,216860.980097,39026.009948,177834.970149,3,509.483612,67.2842,0.209703,15.2,18.104137,6.998947,
2024-11-08,217000.513884,39165.543735,177834.970149,3,510.078979,67.595259,0.209702,14.94,18.103229,6.998149,
2024-11-11,216866.842897,39031.872748,177834.970149,3,509.781372,67.251046,0.209432,14.97,18.102331,6.997346,
2024-11-12,216547.649158,38712.679009,177834.970149,3,508.858582,66.12662,0.207945,14.71,18.101359,6.996579,
2024-11-13,216361.025893,38526.055744,177834.970149,3,508.203888,65.292526,0.207901,14.02,18.100189,6.995917,
2024-11-14,215380.877454,37545.907305,177834.970149,3,504.671967,60.834465,0.206722,14.31,18.099103,6.995209,
2024-11-15,212405.4958,34570.525651,177834.970149,3,492.647675,48.654665,0.20893,16.139999,18.098542,6.994286,
2024-11-18,213228.465096,35393.494947,177834.970149,3,496.070465,51.623785,0.209049,15.58,18.097821,6.993414,
2024-11-19,214085.245935,36250.275787,177834.970149,3,499.483246,54.451979,0.209163,16.35,18.097321,6.992475,
2024-11-20,213977.910618,36142.94047,177834.970149,3,499.195587,54.16454,0.20875,17.16,18.097053,6.991493,
2024-11-21,214414.832624,36579.862475,177834.970149,3,500.991302,55.735386,0.208609,16.870001,18.096702,6.990523,
2024-11-22,214604.095069,36769.12492,177834.970149,3,501.794891,56.454596,0.208578,15.24,18.095885,6.98969,
2024-11-25,214761.496234,36926.526085,177834.970149,3,502.588562,57.194356,0.208558,14.6,18.094886,6.988941,
2024-11-26,215443.200836,37608.230687,177834.970149,3,505.287109,59.701135,0.208608,14.1,18.093744,6.988268,
2024-11-27,214417.520196,36582.550047,177834.970149,3,501.308716,54.62248,0.208879,14.1,18.092603,6.987595,
2024-11-29,215528.319255,37693.349107,177834.970149,3,505.713684,58.801437,0.209068,13.51,18.091294,6.987026,
2024-12-02,216924.261847,39089.291698,177834.970149,3,511.219818,63.345489,0.209348,13.34,18.089937,6.98649,
2024-12-03,217318.845611,39483.875462,177834.970149,3,512.787354,64.544438,0.209351,13.3,18.08857,6.985961,
2024-12-04,218972.830715,41137.860566,177834.970149,3,519.126892,68.965647,0.209394,13.45,18.087246,6.985403,
2024-12-05,218580.16437,40745.194221,177834.970149,3,517.688232,66.926084,0.209444,13.54,18.085949,6.984829,
2024-12-06,219793.25904,41958.288891,177834.970149,3,522.321472,70.002858,0.209476,12.77,18.084432,6.984409,
2024-12-09,218660.730048,40825.7599,177834.970149,3,518.253906,64.343715,0.209206,14.19,18.083322,6.983723,
2024-12-10,218181.493312,40346.523163,177834.970149,3,516.487915,62.000206,0.209241,14.18,18.082209,6.983038,
2024-12-11,220649.424172,42814.454023,177834.970149,3,525.734314,68.474486,0.210003,13.58,18.080926,6.982456,
2024-12-12,219732.42472,41897.454571,177834.970149,3,522.341309,64.154951,0.210045,13.92,18.079741,6.981815,
2024-12-13,220771.749794,42936.779645,177834.970149,3,526.339478,66.811722,0.209734,13.81,18.078525,6.981192,
2024-12-16,222787.479411,30179.438923,192608.040488,2,533.919067,71.173698,0.210316,14.69,18.07756,6.980432,
2024-12-17,222355.316151,29747.275663,192608.040488,2,531.56781,68.180088,0.210376,15.87,18.076931,6.979537,
2024-12-18,219071.122696,26463.082208,192608.040488,2,512.390564,49.78676,0.215136,27.620001,18.079647,6.9804,25.060048
2024-12-19,218665.727599,26057.687112,192608.040488,2,510.108673,48.123156,0.215177,24.09,18.081357,6.980143,
2024-12-20,219413.023007,26804.982519,192608.040488,2,514.563232,51.52818,0.214522,18.360001,18.081436,6.979152,
2024-12-23,220259.849292,27651.808804,192608.040488,2,519.576416,55.099976,0.2144,16.780001,18.081066,6.978194,
2024-12-24,221512.063592,28904.023104,192608.040488,2,526.621826,59.60505,0.21492,14.27,18.079983,6.977498,
2024-12-26,221426.624071,28818.583583,192608.040488,2,526.264038,59.279763,0.214844,14.73,18.079031,6.976734,
2024-12-27,220195.156239,27587.115751,192608.040488,2,519.268433,53.169882,0.215536,15.95,18.078426,6.975835,
2024-12-30,218973.630271,26365.589784,192608.040488,2,512.362183,47.918962,0.216217,17.4,18.078233,6.974854,
2024-12-31,218214.42685,25606.386362,192608.040488,2,508.009796,44.908923,0.216423,17.35,18.078027,6.973874,
2025-01-02,217992.599173,25384.558685,192608.040488,2,507.016083,44.225862,0.215366,17.93,18.077985,6.972884,
2025-01-03,219433.760532,26825.720044,192608.040488,2,515.313477,50.93632,0.215687,16.129999,18.077432,6.971972,
2025-01-06,220451.411104,27843.370616,192608.040488,2,521.235962,55.089792,0.215913,16.040001,18.076854,6.971067,
2025-01-07,218842.101755,26234.061268,192608.040488,2,511.934875,48.190188,0.217131,17.82,18.076781,6.970079,
2025-01-08,218813.229573,26205.189085,192608.040488,2,512.024292,48.25728,0.215872,17.700001,18.076674,6.969094,
2025-01-10,217430.454192,24822.413704,192608.040488,2,503.995239,42.88679,0.216806,19.540001,18.077089,6.968149,
2025-01-13,217119.958601,24511.918113,192608.040488,2,502.375458,41.874335,0.216747,19.190001,18.077404,6.967187,
2025-01-14,217028.094848,24420.05436,192608.040488,2,501.898499,41.563185,0.216753,18.709999,18.077584,6.966208,
2025-01-15,219055.166584,26447.126096,192608.040488,2,513.445313,51.046715,0.218338,16.120001,18.077029,6.965299,
2025-01-16,218425.270243,25817.229756,192608.040488,2,509.848145,48.410929,0.218545,16.6,18.076611,6.964357,
2025-01-17,219934.42098,27326.380493,192608.040488,2,518.453613,54.467938,0.219222,15.97,18.076015,6.963461,
2025-01-21,220416.607832,27808.567345,192608.040488,2,521.494202,56.415109,0.218733,15.06,18.075161,6.962661,
2025-01-22,221573.945278,28965.90479,192608.040488,2,528.161987,60.413144,0.218035,15.1,18.07432,6.961855,
2025-01-23,221764.744411,29156.703924,192608.040488,2,529.284851,61.060922,0.218039,15.02,18.073456,6.96106,
2025-01-24,221223.282341,28615.241853,192608.040488,2,526.293884,58.323221,0.218149,14.85,18.072545,6.960287,
2025-01-27,218574.621077,25966.580589,192608.040488,2,510.971039,46.757205,0.221116,17.9,18.072496,6.959303,
2025-01-28,219898.233264,27290.192777,192608.040488,2,518.523071,51.827683,0.221744,16.41,18.072026,6.958376,
2025-01-29,219713.707807,27105.667319,192608.040488,2,517.549316,51.151265,0.221616,16.559999,18.071599,6.957439,
2025-01-30,220084.340948,27476.30046,192608.040488,2,519.75531,52.65868,0.221369,15.84,18.070969,6.956557,
2025-01-31,219936.818319,27328.777831,192608.040488,2,519,52.066244,0.221202,16.43,18.070505,6.95563,
2025-02-03,219147.911641,26539.871153,192608.040488,2,514.846436,48.813908,0.220065,18.620001,18.07066,6.954654,
2025-02-04,220249.286589,27641.246102,192608.040488,2,521.16626,53.566587,0.220101,17.209999,18.070418,6.953687,
2025-02-05,220638.350655,28030.310168,192608.040488,2,523.531372,55.241505,0.219314,15.77,18.069769,6.952814,
2025-02-06,221115.305771,28507.265284,192608.040488,2,526.264038,57.16411,0.219361,15.5,18.069044,6.951967,
2025-02-07,219942.306259,27334.265771,192608.040488,2,519.626099,51.389527,0.219937,16.540001,18.068613,6.951034,
2025-02-10,221029.22618,28421.185692,192608.040488,2,525.91626,55.932392,0.220059,15.81,18.067976,6.950157,
2025-02-11,220796.8912,28188.850713,192608.040488,2,524.664185,54.833886,0.220089,16.02,18.067399,6.949263,
2025-02-12,220835.010163,28226.969675,192608.040488,2,524.972229,55.067697,0.219823,15.89,18.066786,6.94838,
2025-02-13,222188.140997,29580.10051,192608.040488,2,532.524414,60.470486,0.220345,15.1,18.06595,6.94758,
2025-02-14,222561.275599,29953.235111,192608.040488,2,534.760193,61.929919,0.219475,14.77,18.065023,6.946821,
2025-02-18,222733.31486,30125.274373,192608.040488,2,535.972534,62.733377,0.219156,15.35,18.064258,6.945993,
2025-02-19,222750.009949,30141.969461,192608.040488,2,536.121582,62.837219,0.219143,15.27,18.063472,6.945173,
2025-02-20,222323.252127,29715.21164,192608.040488,2,533.846008,60.084478,0.2189,15.66,18.062796,6.944313,
2025-02-21,220360.226361,27752.185873,192608.040488,2,522.766174,48.860783,0.220236,18.209999,18.062837,6.943337,
2025-02-24,219250.302287,26642.2618,192608.040488,2,516.595337,43.938014,0.220689,18.98,18.063095,6.942378,
2025-02-25,218050.237433,25442.196946,192608.040488,2,510.086578,39.425999,0.218679,19.43,18.063479,6.941439,
2025-02-26,218253.576294,25645.535807,192608.040488,2,511.318787,40.66819,0.218646,19.1,18.063771,6.940486,
2025-02-27,215874.25043,23266.209942,192608.040488,2,497.118805,32.417807,0.221364,21.129999,18.064632,6.939701,
2025-02-28,217222.95262,24614.912133,192608.040488,2,504.969025,39.700794,0.222094,19.629999,18.065072,6.938776,
2025-03-03,215355.890526,22747.850038,192608.040488,2,493.919067,34.12603,0.223653,22.780001,18.066395,6.938251,
2025-03-04,215090.144963,22482.104475,192608.040488,2,492.428528,33.443831,0.223487,23.51,18.067923,6.937876,
2025-03-05,216156.03483,23547.994343,192608.040488,2,498.847839,39.091065,0.223313,21.93,18.069007,6.937204,
2025-03-06,213926.73025,21318.689762,192608.040488,2,485.124847,32.702868,0.225847,24.870001,18.070914,6.937166,
2025-03-07,214475.364974,21867.324487,192608.040488,2,488.69223,35.646986,0.224893,23.370001,18.0724,6.936761,
2025-03-10,211536.068968,27651.920225,183884.148743,3,469.752289,28.514537,0.229855,27.860001,18.075144,6.937724,25.012868
2025-03-11,211226.955787,27342.807044,183884.148743,3,468.629395,28.154859,0.22919,26.92,18.077623,6.938332,25.015955
2025-03-12,212399.163959,28515.015217,183884.148743,3,473.915924,32.47342,0.228871,24.23,18.079347,6.938124,
2025-03-13,210501.543021,26617.394278,183884.148743,3,465.389954,29.403683,0.229895,24.66,18.08119,6.938026,
2025-03-14,213110.659151,29226.510408,183884.148743,3,476.638641,37.762894,0.23103,21.77,18.082223,6.937329,
2025-03-17,213772.526536,29888.377794,183884.148743,3,479.729034,39.869459,0.230942,20.51,18.082903,6.936476,
2025-03-18,211917.44823,28033.299487,183884.148743,3,471.550873,36.361946,0.231879,21.700001,18.083915,6.935769,
2025-03-19,213355.094363,29470.94562,183884.148743,3,477.86087,40.696993,0.231924,19.9,18.084424,6.934865,
2025-03-20,212950.646473,29066.49773,183884.148743,3,476.241119,39.944781,0.231711,19.799999,18.084904,6.933954,
2025-03-21,213297.74386,29413.595117,183884.148743,3,477.811188,41.081582,0.231724,19.280001,18.085238,6.933013,
2025-03-24,215768.278996,31884.130253,183884.148743,3,488.296448,48.14149,0.232733,17.48,18.085068,6.932051,
2025-03-25,216419.710258,32535.561515,183884.148743,3,491.082947,49.860937,0.232762,17.15,18.084807,6.9311,
2025-03-26,214313.562431,30429.413688,183884.148743,3,482.046692,44.686542,0.233874,18.33,18.084876,6.930132,
2025-03-27,213657.039451,29772.890708,183884.148743,3,479.299957,43.218358,0.233938,18.690001,18.085045,6.929171,
2025-03-28,210873.727816,26989.579073,183884.148743,3,466.681091,37.175425,0.236138,21.65,18.08604,6.92846,
2025-03-31,210813.691571,26929.542829,183884.148743,3,466.661194,37.1666,0.236107,22.280001,18.087211,6.927847,
2025-04-01,211653.484454,27769.335711,183884.148743,3,470.422943,40.06333,0.236279,21.77,18.088239,6.927153,
2025-04-02,212425.708646,28541.559903,183884.148743,3,473.856293,42.661551,0.236418,21.51,18.089194,6.926422,
2025-04-03,207337.023075,32174.395783,175162.627292,4,448.489105,31.720434,0.245333,30.02,18.092522,6.928322,25.020843
2025-04-04,200890.29691,42766.847961,158123.448948,6,420.633942,24.338934,0.25714,45.310001,18.100112,6.94225,31.984611
2025-04-07,201103.595132,60028.70952,141074.885612,8,421.649017,25.023644,0.2565,46.98,18.108163,6.95801,32.024184
2025-04-08,197165.864537,72841.585247,124324.27929,10,414.055756,23.323291,0.257019,52.330002,18.117701,6.98046,32.07862
2025-04-09,239172.294445,114848.015155,124324.27929,10,463.755219,48.154883,0.29091,33.619999,18.12202,6.984282,32.090584
2025-04-10,225533.989127,101209.709837,124324.27929,10,444.030701,42.299969,0.295569,40.720001,18.128315,6.993486,32.115287
2025-04-11,231519.099318,107194.820028,124324.27929,10,452.211121,45.271937,0.29618,37.560001,18.133726,7.000027,32.13378
2025-04-14,233482.34409,109158.0648,124324.27929,10,455.276306,46.386257,0.295685,30.889999,18.137277,7.002288,25.139565
2025-04-15,233665.70728,109341.42799,124324.27929,10,455.783783,46.580188,0.295043,30.120001,18.140612,7.004166,25.144779
2025-04-16,223956.534515,99632.255225,124324.27929,10,442.040314,42.13511,0.296672,32.639999,18.144647,7.007367,32.15938
2025-04-17,223836.658711,99512.379421,124324.27929,10,441.960724,42.110049,0.296673,29.65,18.147847,7.009019,25.156866
2025-04-21,216149.514,91825.23471,124324.27929,10,431.023621,38.703279,0.29784,33.82,18.152205,7.012915,32.178036
2025-04-22,224330.262049,100005.982759,124324.27929,10,442.338928,43.771572,0.299363,30.57,18.155657,7.014996,25.170654
2025-04-23,231526.566763,107202.287473,124324.27929,10,452.370331,47.885556,0.299459,28.450001,18.158519,7.016121,25.174639
2025-04-24,241220.92723,116896.64794,124324.27929,10,465.098724,52.622273,0.301035,26.469999,18.160828,7.016513,25.177341
2025-04-25,245040.047076,120715.767786,124324.27929,10,470.2836,54.438889,0.300811,24.84,18.162683,7.016422,
2025-04-28,244729.141866,120404.862576,124324.27929,10,470.134338,54.374252,0.300792,25.15,18.164624,7.016413,
2025-04-29,247041.503644,122717.224353,124324.27929,10,473.239319,55.556401,0.300815,24.17,18.166291,7.016153,
2025-04-30,246829.146286,122504.866996,124324.27929,10,473.179596,55.5266,0.300284,24.700001,18.168104,7.016023,
2025-05-01,251599.504087,127275.224797,124324.27929,10,479.35968,58.035133,0.300631,24.6,18.169889,7.015867,
2025-05-02,257017.831977,132693.552687,124324.27929,10,486.47525,60.778262,0.300197,22.68,18.17114,7.015296,
2025-05-05,254549.687713,130225.408422,124324.27929,10,483.589203,59.091084,0.300152,23.639999,18.172657,7.014914,
2025-05-06,250954.974579,126630.695289,124324.27929,10,479.091003,56.460355,0.300033,24.76,18.174483,7.014799,
2025-05-07,252187.435637,127863.156347,124324.27929,10,480.971893,57.316068,0.299151,23.549999,18.175973,7.014398,
2025-05-08,256008.078743,131683.799452,124324.27929,10,485.937866,59.575076,0.29912,22.48,18.177165,7.013791,
2025-05-09,255693.571684,131369.292394,124324.27929,10,485.619385,59.358107,0.299123,21.9,18.178197,7.013093,
2025-05-12,272017.388376,147693.109085,124324.27929,10,505.403625,67.32028,0.302852,18.389999,18.178255,7.012123,
2025-05-13,278345.530451,154021.251161,124324.27929,10,513.106323,69.800898,0.303348,18.219999,18.178267,7.011152,
2025-05-14,280830.133282,156505.853991,124324.27929,10,516.181458,70.755307,0.303409,18.620001,18.178389,7.010185,
2025-05-15,281234.734505,156910.455215,124324.27929,10,516.748718,70.937769,0.303403,17.83,18.178293,7.009217,
2025-05-16,283028.450488,158704.171198,124324.27929,10,518.997864,71.691916,0.303356,17.24,18.178033,7.008265,
2025-05-19,283160.495255,158836.215965,124324.27929,10,519.495483,71.865866,0.302827,18.139999,18.178023,7.007296,
2025-05-20,281661.519956,157337.240666,124324.27929,10,517.763916,70.248246,0.302848,18.09,18.177998,7.006327,
2025-05-21,275746.481052,151422.201762,124324.27929,10,510.568634,63.819848,0.30335,20.870001,18.178742,7.005501,
2025-05-22,276450.351507,152126.072217,124324.27929,10,511.524078,64.287189,0.303256,20.280001,18.179323,7.00462,
2025-05-23,272546.046272,148221.766981,124324.27929,10,506.786926,60.13938,0.303479,22.290001,18.180459,7.003985,
2025-05-27,282315.395186,157991.115896,124324.27929,10,518.709229,66.07239,0.304708,18.959999,18.180674,7.00303,
2025-05-28,280344.47801,156020.19872,124324.27929,10,516.410339,64.091439,0.304706,19.309999,18.180986,7.002088,
2025-05-29,281089.977225,156765.697935,124324.27929,10,517.425476,64.59621,0.304524,19.18,18.181261,7.001141,
2025-05-30,280346.650052,156022.370761,124324.27929,10,516.609375,63.819509,0.304509,18.57,18.181369,7.000178,
2025-06-02,283541.898982,159217.619692,124324.27929,10,520.689697,66.019458,0.304499,18.360001,18.181418,6.999212,
2025-06-03,286849.574783,162525.295493,124324.27929,10,524.759949,68.102987,0.304315,17.690001,18.181282,6.998252,
2025-06-04,288012.864934,163688.585644,124324.27929,10,526.2229,68.842466,0.304311,17.610001,18.181125,6.997293,
2025-06-05,284647.26644,160322.987149,124324.27929,10,522.262085,64.483686,0.304417,18.48,18.181207,6.99633,
2025-06-06,288895.455181,164571.175891,124324.27929,10,527.36731,67.352931,0.304603,16.77,18.180818,6.995405,
2025-06-09,289211.848538,164887.569247,124324.27929,10,528.143555,67.779162,0.303714,17.16,18.180537,6.994462,
2025-06-10,292114.153064,167789.873774,124324.27929,10,531.636658,69.696469,0.303798,16.950001,18.180198,6.993528,
2025-06-11,290539.626391,166215.3471,124324.27929,10,529.845276,67.478865,0.30383,17.26,18.179945,6.992582,
2025-06-12,291524.860884,167200.581594,124324.27929,10,531.089294,68.234738,0.303809,18.02,18.179901,6.991619,
2025-06-13,285892.555453,161568.276162,124324.27929,10,524.421631,60.163374,0.304127,20.82,18.180627,6.990794,
2025-06-16,291859.558781,167535.27949,124324.27929,10,531.716248,65.036127,0.304176,19.110001,18.180883,6.989849,
2025-06-17,287447.205517,163122.926227,124324.27929,10,526.531311,59.468097,0.304369,21.6,18.181823,6.989118,
2025-06-18,287298.854691,162974.5754,124324.27929,10,526.441711,59.373498,0.304316,20.139999,18.182362,6.988232,
2025-06-20,285317.273157,160992.993866,124324.27929,10,524.292236,57.029727,0.304034,20.620001,18.183032,6.987388,
2025-06-23,289703.499593,165379.220303,124324.27929,10,529.683228,61.169844,0.304265,19.83,18.183484,6.986481,
2025-06-24,296583.476234,172259.196944,124324.27929,10,537.783142,66.406939,0.304622,17.48,18.183291,6.985531,
2025-06-25,297693.888779,173369.609489,124324.27929,10,539.157959,67.215184,0.304608,16.76,18.1829,6.984611,
2025-06-26,301937.200357,177612.921066,124324.27929,10,544.199219,70.059822,0.304449,16.59,18.182463,6.983702,
2025-06-27,303442.880935,179118.601645,124324.27929,10,546.062439,71.059299,0.304191,16.32,18.181952,6.982811,
2025-06-30,306328.497856,182004.218565,124324.27929,10,549.599243,72.908098,0.304268,16.73,18.181553,6.981894,
2025-07-01,302283.113731,177958.834441,124324.27929,10,544.966492,66.881156,0.304451,16.83,18.181182,6.980972,
2025-07-02,305506.618342,181182.339052,124324.27929,10,548.762268,69.132631,0.30447,16.639999,18.18076,6.980061,
2025-07-03,310161.02168,168234.305685,141926.715995,9,554.162292,72.044301,0.304605,16.379999,18.180266,6.979167,
2025-07-07,306643.211893,164716.495898,141926.715995,9,549.987854,66.798674,0.304529,17.790001,18.180159,6.978213,
2025-07-08,306810.653816,164883.937821,141926.715995,9,550.296692,66.990169,0.304385,16.809999,18.179784,6.977294,
2025-07-09,309804.108241,167877.392246,141926.715995,9,554.1922,69.388482,0.304255,15.94,18.17917,6.976436,
2025-07-10,309119.557225,167192.84123,141926.715995,9,553.395203,68.295206,0.304255,15.78,18.178513,6.975593,
2025-07-11,308084.44423,166157.728235,141926.715995,9,552.14978,66.53115,0.304272,16.4,18.178026,6.9747,
2025-07-14,309468.072164,167541.356169,141926.715995,9,554.152405,67.964086,0.304062,17.200001,18.177758,6.973764,
2025-07-15,309659.909366,167733.193371,141926.715995,9,554.6604,68.334441,0.302841,17.379999,18.17754,6.972822,
2025-07-16,310044.778063,168118.062068,141926.715995,9,555.228333,68.769138,0.302773,17.16,18.177261,6.971888,
2025-07-17,313568.17502,171641.459025,141926.715995,9,559.72168,72.039543,0.302898,16.52,18.176808,6.970988,
2025-07-18,313085.759134,171159.043139,141926.715995,9,559.183655,71.079744,0.302903,16.41,18.176325,6.970096,
2025-07-21,314967.575474,173040.859479,141926.715995,9,562.082886,73.155295,0.300744,16.65,18.175908,6.969188,
2025-07-22,312594.886812,170668.170817,141926.715995,9,559.173645,67.890046,0.300756,16.5,18.17545,6.968291,
2025-07-23,314550.909847,172624.193852,141926.715995,9,561.724243,69.933228,0.300572,15.37,18.174683,6.967493,
2025-07-24,315394.803051,173468.087056,141926.715995,9,562.9198,70.868928,0.300097,15.39,18.173922,6.966693,
2025-07-25,316420.308669,174493.592674,141926.715995,9,564.27478,71.934943,0.300062,14.93,18.173037,6.965948,
2025-07-28,317282.194445,175355.47845,141926.715995,9,566.038147,73.304077,0.296709,15.03,18.172179,6.96519,
2025-07-29,316485.181361,174558.465366,141926.715995,9,565.161438,71.438095,0.296375,15.98,18.17158,6.964333,
2025-07-30,317015.851971,175089.135976,141926.715995,9,565.918701,72.098756,0.296162,15.48,18.170846,6.963525,
2025-07-31,314563.03887,172636.322875,141926.715995,9,562.9198,65.624935,0.296251,16.719999,18.17045,6.962616,
2025-08-01,305728.327947,163801.611952,141926.715995,9,551.830994,48.340611,0.296773,20.379999,18.171053,6.961762,
2025-08-04,313538.825133,171612.109138,141926.715995,9,562.013062,59.015025,0.295553,17.52,18.170875,6.960821,
2025-08-05,310263.318525,134571.264935,175692.05359,7,558.197327,54.472484,0.294126,17.85,18.170788,6.959874,
2025-08-06,314474.552017,138782.498427,175692.05359,7,565.221252,60.499776,0.292932,16.77,18.170406,6.958964,
2025-08-07,315405.432025,139713.378435,175692.05359,7,567.134155,61.976169,0.29052,16.57,18.16997,6.958066,
2025-08-08,318685.789519,100300.709789,218385.079731,5,572.424438,65.784982,0.29051,15.15,18.169148,6.957297,
2025-08-11,317821.35641,99436.27668,218385.079731,5,570.730713,63.588825,0.290194,16.25,18.168625,6.956421,
2025-08-12,320889.760478,59903.377333,260986.383144,3,577.904114,68.400378,0.28841,14.73,18.167689,6.955706,
2025-08-13,320947.597388,59961.214244,260986.383144,3,578.193054,68.58048,0.288367,14.49,18.166688,6.955024,
2025-08-14,320810.196255,59823.813111,260986.383144,3,577.744751,67.933533,0.288372,14.83,18.165781,6.954295,
2025-08-15,320059.940352,59073.557208,260986.383144,3,575.204224,64.235427,0.287051,15.09,18.164944,6.953534,
2025-08-18,319945.721501,58959.338357,260986.383144,3,574.974976,63.897405,0.287054,14.99,18.164081,6.952786,
2025-08-19,317813.95728,56827.574136,260986.383144,3,567.174011,53.567447,0.286115,15.57,18.163376,6.951972,
2025-08-20,316909.792789,55923.409645,260986.383144,3,563.806458,49.822933,0.286227,15.69,18.162704,6.951147,
2025-08-21,316189.996436,55203.613291,260986.383144,3,561.196228,47.07603,0.285912,16.6,18.162279,6.95025,
2025-08-22,318484.866609,57498.483465,260986.383144,3,569.854004,55.783813,0.286433,14.22,18.161209,6.949609,
2025-08-25,317994.247238,57007.864094,260986.383144,3,568.210083,53.968082,0.286426,14.79,18.160293,6.948888,
2025-08-26,318555.130768,57568.747624,260986.383144,3,570.491638,56.103617,0.285748,14.62,18.159332,6.948189,
2025-08-27,318760.601925,57774.218781,260986.383144,3,571.368408,56.930524,0.285495,14.85,18.158434,6.94746,
2025-08-28,319689.874945,58703.491801,260986.383144,3,574.945129,60.22245,0.285291,14.43,18.157423,6.946789,
2025-08-29,317912.711827,56926.328683,260986.383144,3,568.289917,52.2239,0.285668,15.36,18.156664,6.945999,
2025-09-02,316571.695971,55585.312826,260986.383144,3,563.527466,47.374878,0.285506,17.17,18.156396,6.945076,
2025-09-03,317733.864593,56747.481449,260986.383144,3,567.961121,51.856532,0.28562,16.35,18.155907,6.944198,
2025-09-04,319080.514526,58094.131381,260986.383144,3,573.101929,56.484047,0.285482,15.3,18.155133,6.943416,
2025-09-05,319183.742085,58197.358941,260986.383144,3,573.928894,57.196781,0.282932,15.18,18.154327,6.942648,
2025-09-08,319882.615907,58896.232763,260986.383144,3,576.728455,59.608655,0.28294,15.11,18.153502,6.941888,
2025-09-09,320304.996487,59318.613343,260986.383144,3,578.362488,60.990331,0.282949,15.04,18.152659,6.941137,
2025-09-10,320261.692397,59275.309252,260986.383144,3,578.551758,61.156078,0.28092,15.35,18.1519,6.94035,
2025-09-11,321142.933314,17444.923553,303698.009761,1,581.91925,64.080338,0.280623,14.71,18.150969,6.939642,
2025-09-12,321356.46474,0,321356.46474,0,584.489624,66.173598,0.28048,14.76,18.150051,6.938927,
2025-09-15,321356.46474,0,321356.46474,0,589.49115,69.854877,0.279541,15.69,18.149386,6.938106,
2025-09-16,321356.46474,0,321356.46474,0,588.99292,69.048737,0.279347,16.360001,18.148902,6.93723,
2025-09-17,321356.46474,0,321356.46474,0,587.817322,67.081615,0.279336,15.72,18.148245,6.936407,
2025-09-18,321356.46474,0,321356.46474,0,593.117676,71.081778,0.279431,15.7,18.147584,6.935586,
2025-09-19,321356.46474,0,321356.46474,0,597.13269,73.689905,0.279517,15.45,18.146855,6.934791,
2025-09-22,321356.46474,0,321356.46474,0,600.667725,75.762594,0.279507,16.1,18.146302,6.933935,
2025-09-23,321356.46474,0,321356.46474,0,596.677917,69.142003,0.278159,16.639999,18.145895,6.933043,
2025-09-24,321356.46474,0,321356.46474,0,594.583252,65.88673,0.278189,16.18,18.145364,6.932182,
2025-09-25,321356.46474,0,321356.46474,0,592.019836,62.037376,0.27825,16.74,18.144985,6.931284,
2025-09-26,321356.46474,0,321356.46474,0,594.453552,64.177232,0.278237,15.29,18.144215,6.930508,
2025-09-29,321356.46474,0,321356.46474,0,597.206543,66.479017,0.278274,16.120001,18.143669,6.929652,
2025-09-30,321356.46474,0,321356.46474,0,598.842407,67.802899,0.278168,16.280001,18.143166,6.928785,
2025-10-01,321356.46474,0,321356.46474,0,601.715027,70.040501,0.278101,16.290001,18.142666,6.927918,
2025-10-02,321356.46474,0,321356.46474,0,604.188721,71.854463,0.27812,16.629999,18.142259,6.927028,
2025-10-03,321356.46474,0,321356.46474,0,601.645264,67.339769,0.277608,16.65,18.141857,6.926138,
2025-10-06,321356.46474,0,321356.46474,0,606.163696,70.844417,0.277719,16.370001,18.141379,6.925266,
2025-10-07,321356.46474,0,321356.46474,0,602.971863,65.497687,0.277812,17.24,18.141137,6.924349,
2025-10-08,321356.46474,0,321356.46474,0,609.884277,70.661745,0.277788,16.299999,18.140641,6.923482,
2025-10-09,321356.46474,0,321356.46474,0,609.146118,69.46605,0.277443,16.43,18.14018,6.922607,
2025-10-10,321356.46474,0,321356.46474,0,588.000061,45.640226,0.280333,21.66,18.141128,6.921916,
2025-10-13,321356.46474,0,321356.46474,0,600.47821,55.368252,0.281257,19.030001,18.141367,6.921,
2025-10-14,321356.46474,0,321356.46474,0,596.478394,52.146816,0.281391,20.809999,18.142084,6.920207,
2025-10-15,321356.46474,0,321356.46474,0,600.687622,55.106972,0.281489,20.639999,18.142756,6.919398,
2025-10-16,321356.46474,0,321356.46474,0,598.463318,53.233008,0.281394,25.309999,18.144683,6.919465,25.064148
2025-10-17,321356.46474,0,321356.46474,0,602.393311,56.075159,0.280956,20.780001,18.145391,6.91867,
2025-10-20,321356.46474,0,321356.46474,0,609.983887,61.004509,0.281304,18.23,18.145414,6.91774,
2025-10-21,321356.46474,0,321356.46474,0,609.824402,60.849995,0.281307,17.870001,18.14534,6.916812,
2025-10-22,321356.46474,0,321356.46474,0,603.949341,55.293985,0.28151,18.6,18.145462,6.915888,
2025-10-23,321356.46474,0,321356.46474,0,609.026428,58.795337,0.281652,17.299999,18.145235,6.914973,
2025-10-24,321356.46474,0,321356.46474,0,615.529785,62.812959,0.281896,16.370001,18.144758,6.914106,
2025-10-27,321356.46474,0,321356.46474,0,626.491882,68.405125,0.281922,15.79,18.144127,6.913285,
2025-10-28,321356.46474,0,321356.46474,0,631.30957,70.504427,0.281907,16.42,18.143664,6.912416,
2025-10-29,321356.46474,0,321356.46474,0,634.152344,71.699358,0.281872,16.92,18.143336,6.911517,
2025-10-30,321356.46474,0,321356.46474,0,624.457031,62.412629,0.282559,16.91,18.143005,6.91062,
2025-10-31,321356.46474,0,321356.46474,0,627.46936,63.973941,0.282407,17.440001,18.142817,6.909703,
2025-11-03,321356.46474,0,321356.46474,0,630.47168,65.511599,0.282257,17.17,18.142556,6.908796,
2025-11-04,321356.46474,0,321356.46474,0,617.674377,54.779031,0.281634,19,18.142786,6.907884,
2025-11-05,321356.46474,0,321356.46474,0,621.694153,57.153512,0.281607,18.01,18.14275,6.906959,
2025-11-06,321356.46474,0,321356.46474,0,610.113647,49.147113,0.28257,19.5,18.143114,6.90607,
2025-11-07,321356.46474,0,321356.46474,0,608.188538,47.944716,0.282257,19.08,18.143365,6.905162,
2025-11-10,321356.46474,0,321356.46474,0,621.644226,56.040165,0.281665,17.6,18.143219,6.904244,
2025-11-11,321356.46474,0,321356.46474,0,619.988464,54.908565,0.281133,17.280001,18.142988,6.903335,
2025-11-12,321356.46474,0,321356.46474,0,619.499695,54.558341,0.281139,17.51,18.142819,6.902419,
2025-11-13,321356.46474,0,321356.46474,0,606.85199,46.324404,0.282305,20,18.143316,6.901563,
2025-11-14,321356.46474,0,321356.46474,0,607.310791,46.639011,0.282289,19.83,18.143766,6.900695,
2025-11-17,321356.46474,0,321356.46474,0,602.124023,43.532576,0.282499,22.379999,18.144898,6.90012,
2025-11-18,321356.46474,0,321356.46474,0,594.792725,39.525237,0.282776,24.690001,18.146647,6.900027,
2025-11-19,321356.46474,0,321356.46474,0,598.343689,42.29599,0.281267,23.66,18.14812,6.899694,
2025-11-20,321356.46474,0,321356.46474,0,584.17981,35.340644,0.282727,26.42,18.150328,6.900097,25.050425
2025-11-21,321356.46474,0,321356.46474,0,588.568604,38.704195,0.282748,23.43,18.151738,6.899715,
2025-11-24,321356.46474,0,321356.46474,0,603.620178,48.582815,0.284281,20.52,18.15237,6.898902,
2025-11-25,321356.46474,0,321356.46474,0,607.340698,50.697944,0.284334,18.559999,18.152479,6.897985,
2025-11-26,321356.46474,0,321356.46474,0,612.707031,53.659039,0.284496,17.190001,18.152222,6.897082,
2025-11-28,321356.46474,0,321356.46474,0,617.674377,56.276805,0.284628,16.35,18.151741,6.896225,
2025-12-01,321356.46474,0,321356.46474,0,615.599609,54.882276,0.28462,17.24,18.151498,6.895322,
2025-12-02,321356.46474,0,321356.46474,0,620.417358,57.51493,0.28455,16.59,18.151082,6.89445,
2025-12-03,321356.46474,0,321356.46474,0,621.933533,58.338817,0.284398,16.08,18.15053,6.893614,
2025-12-04,321356.46474,0,321356.46474,0,621.35498,57.877584,0.28415,15.78,18.149899,6.892804,
2025-12-05,321356.46474,0,321356.46474,0,623.888489,59.391642,0.284164,15.41,18.149169,6.892031,
2025-12-08,321356.46474,0,321356.46474,0,622.691589,58.325036,0.283843,16.66,18.148773,6.891156,
2025-12-09,321356.46474,0,321356.46474,0,623.459595,58.83588,0.283813,16.93,18.148448,6.890267,
2025-12-10,321356.46474,0,321356.46474,0,626.013062,60.566607,0.283671,15.77,18.147815,6.889459,
2025-12-11,321356.46474,0,321356.46474,0,623.988281,58.467398,0.283525,14.85,18.146938,6.888753,
2025-12-12,321356.46474,0,321356.46474,0,612.058716,47.927455,0.284501,15.74,18.146298,6.887948,
2025-12-15,321356.46474,0,321356.46474,0,608.986511,45.645373,0.283837,16.5,18.14586,6.887084,
2025-12-16,321356.46474,0,321356.46474,0,610.19342,46.718697,0.283714,16.48,18.145417,6.886222,
2025-12-17,321356.46474,0,321356.46474,0,598.882263,38.954907,0.284533,17.620001,18.145278,6.885312,
2025-12-18,321356.46474,0,321356.46474,0,607.560181,46.324631,0.284539,16.870001,18.144939,6.884429,
2025-12-19,321356.46474,0,321356.46474,0,615.479919,52.017878,0.284867,14.91,18.14408,6.883716,
2025-12-22,321356.46474,0,321356.46474,0,618.430237,53.976312,0.281337,14.08,18.143001,6.88312,
2025-12-23,321356.46474,0,321356.46474,0,621.326538,55.880121,0.281306,14,18.141901,6.882538,
2025-12-24,321356.46474,0,321356.46474,0,623.144287,57.080106,0.281157,13.47,18.140661,6.882045,
2025-12-26,321356.46474,0,321356.46474,0,623.104309,57.043359,0.280952,13.6,18.139456,6.881529,
2025-12-29,321356.46474,0,321356.46474,0,620.088135,54.207945,0.28061,14.2,18.138411,6.880915,
2025-12-30,321356.46474,0,321356.46474,0,618.649902,52.858718,0.280629,14.33,18.137401,6.880282,
2025-12-31,321356.46474,0,321356.46474,0,613.536377,48.259527,0.280328,14.95,18.136556,6.879565,
2026-01-02,321356.46474,0,321356.46474,0,612.3479,47.230928,0.279834,14.51,18.135595,6.878907,
2026-01-05,321356.46474,0,321356.46474,0,617.211731,51.762228,0.279745,14.9,18.134738,6.878197,
2026-01-06,321356.46474,0,321356.46474,0,622.634888,56.271123,0.279889,14.75,18.133841,6.877506,
2026-01-07,321356.46474,0,321356.46474,0,623.234192,56.752213,0.279272,15.38,18.133112,6.876741,
2026-01-08,321356.46474,0,321356.46474,0,619.688599,53.034763,0.279082,15.45,18.132401,6.875969,
2026-01-09,321356.46474,0,321356.46474,0,625.86084,58.171352,0.278388,14.49,18.131437,6.875314,
2026-01-12,321356.46474,0,321356.46474,0,626.380188,58.58183,0.278387,15.12,18.13064,6.874579,
2026-01-13,321356.46474,0,321356.46474,0,625.451355,57.495128,0.277682,15.98,18.130071,6.873758,
2026-01-14,321356.46474,0,321356.46474,0,618.769775,50.270914,0.277988,16.75,18.129706,6.872886,
2026-01-15,321356.46474,0,321356.46474,0,620.997009,52.417168,0.278,15.84,18.129101,6.872077,
2026-01-16,321356.46474,0,321356.46474,0,620.477661,51.855163,0.276751,15.86,18.128501,6.871268,
2026-01-20,321356.46474,0,321356.46474,0,607.29425,40.101335,0.277879,20.09,18.12902,6.870434,
2026-01-21,321356.46474,0,321356.46474,0,615.503906,48.005035,0.277631,16.9,18.128695,6.869555,
2026-01-22,321356.46474,0,321356.46474,0,619.978271,51.742438,0.277674,15.64,18.128038,6.868766,
2026-01-23,321356.46474,0,321356.46474,0,621.935791,53.323209,0.277312,16.09,18.127499,6.867939,
2026-01-26,321356.46474,0,321356.46474,0,624.672363,55.516941,0.277343,16.15,18.126977,6.867107,
2026-01-27,321356.46474,0,321356.46474,0,630.335205,59.734209,0.277419,16.35,18.126508,6.866262,
2026-01-28,321356.46474,0,321356.46474,0,632.422546,61.19461,0.275029,16.35,18.12604,6.865416,
2026-01-29,321356.46474,0,321356.46474,0,628.637329,57.146888,0.274645,16.879999,18.125711,6.86454,
2026-01-30,321356.46474,0,321356.46474,0,621.086853,50.037084,0.27506,17.440001,18.12553,6.863644,
2026-02-02,321356.46474,0,321356.46474,0,625.351501,53.552081,0.275125,16.34,18.125059,6.8628,
2026-02-03,321356.46474,0,321356.46474,0,615.743591,45.74404,0.275801,18,18.125026,6.861895,
2026-02-04,321356.46474,0,321356.46474,0,604.987183,38.905013,0.276478,18.639999,18.125162,6.860996,
2026-02-05,321356.46474,0,321356.46474,0,596.278198,34.418247,0.27672,21.77,18.126122,6.860347,
2026-02-06,321356.46474,0,321356.46474,0,608.882263,44.410208,0.277759,20.370001,18.126713,6.85954,
2026-02-09,321356.46474,0,321356.46474,0,613.546387,47.59226,0.277833,17.360001,18.126511,6.858648,
2026-02-10,321356.46474,0,321356.46474,0,610.699951,45.866717,0.277443,17.790001,18.126423,6.857747,
2026-02-11,321356.46474,0,321356.46474,0,612.337891,47.056273,0.277115,17.65,18.126297,6.856849,
2026-02-12,321356.46474,0,321356.46474,0,599.883606,39.880243,0.278253,20.82,18.127006,6.856086,
2026-02-13,321356.46474,0,321356.46474,0,601.161987,40.876911,0.278259,20.6,18.127657,6.855301,
2026-02-17,321356.46474,0,321356.46474,0,600.542725,40.526425,0.277772,20.290001,18.128225,6.854489,
2026-02-18,321356.46474,0,321356.46474,0,605.0271,44.25393,0.277862,19.620001,18.128617,6.853631,
2026-02-19,321356.46474,0,321356.46474,0,602.710022,42.762574,0.277902,20.23,18.12917,6.852815,
2026-02-20,321356.46474,0,321356.46474,0,608.043335,47.175308,0.278083,19.09,18.129422,6.851932,
2026-02-23,321356.46474,0,321356.46474,0,600.652588,42.307625,0.278444,21.01,18.130179,6.851191,
2026-02-24,321356.46474,0,321356.46474,0,607.104492,47.409171,0.27751,19.549999,18.130551,6.850329,
2026-02-25,321356.46474,0,321356.46474,0,615.903381,53.454078,0.277593,17.93,18.130499,6.849431,
2026-02-26,321356.46474,0,321356.46474,0,608.472778,48.395109,0.277557,18.629999,18.13063,6.848536,
2026-02-27,321356.46474,0,321356.46474,0,606.525208,47.135931,0.277588,19.860001,18.131084,6.847695,
2026-03-02,321356.46474,0,321356.46474,0,607.324219,47.736727,0.275406,21.440001,18.131952,6.847006,
2026-03-03,321356.46474,0,321356.46474,0,600.822449,43.413082,0.275168,23.57,18.133378,6.846674,
2026-03-04,321356.46474,0,321356.46474,0,609.980896,50.248685,0.274333,21.15,18.134169,6.845951,
2026-03-05,321356.46474,0,321356.46474,0,608.143127,48.970342,0.274333,23.75,18.135641,6.845657,
2026-03-06,321356.46474,0,321356.46474,0,598.99469,43.093126,0.274612,29.49,18.138616,6.847227,24.985844
2026-03-09,321356.46474,0,321356.46474,0,606.994629,48.871743,0.272846,25.5,18.140545,6.847367,24.987912
2026-03-10,321356.46474,0,321356.46474,0,607.004639,48.878738,0.272738,24.93,18.142323,6.847351,
2026-03-11,321356.46474,0,321356.46474,0,606.924744,48.821325,0.268366,24.23,18.143917,6.847163,
2026-03-12,321356.46474,0,321356.46474,0,596.507874,41.909312,0.269235,27.290001,18.146312,6.847866,24.994177
2026-03-13,321356.46474,0,321356.46474,0,592.97229,39.847249,0.269077,27.190001,18.148678,6.848532,24.997211
2026-03-16,321356.46474,0,321356.46474,0,599.623901,45.300154,0.268376,23.51,18.150081,6.848185,
2026-03-17,321356.46474,0,321356.46474,0,602.550232,47.552715,0.266999,22.370001,18.151185,6.847629,
2026-03-18,321356.46474,0,321356.46474,0,594.150879,42.183177,0.267518,25.09,18.152999,6.847653,25.000653
2026-03-19,321356.46474,0,321356.46474,0,592.273193,41.066792,0.266678,24.059999,18.154544,6.847424,
2026-03-20,321356.46474,0,321356.46474,0,581.326965,35.215694,0.267288,26.780001,18.156798,6.847949,25.004747
2026-03-23,321356.46474,0,321356.46474,0,588,40.757176,0.267544,26.15,18.158887,6.848273,25.00716
2026-03-24,321356.46474,0,321356.46474,0,583.97998,38.614315,0.267687,26.950001,18.161183,6.848852,25.010035
2026-03-25,321356.46474,0,321356.46474,0,587.820007,41.764035,0.266591,25.33,18.163056,6.848937,25.011993
2026-03-26,321356.46474,11957.49464,309398.9701,1,573.789978,34.748647,0.26819,27.440001,18.165478,6.849683,25.015161
2026-03-27,320578.770893,11179.800793,309398.9701,1,562.580017,30.360437,0.268313,31.049999,18.168841,6.851952,25.020793
2026-03-30,320267.419895,22533.661488,297733.758408,2,558.280029,28.855145,0.26839,30.610001,18.172088,6.854005,25.026093
2026-03-31,322952.776006,25219.017598,297733.758408,2,577.179993,42.378277,0.269223,25.25,18.173934,6.854064,25.027998
