date,strategyNormalized,nasdaqCompositeNormalized,sp500Normalized
2016-03-01,1,1,1
2016-03-02,1.0023193,1.00294691,1.00409431
2016-03-03,1.0001978,1.00379986,1.00760737
2016-03-04,1.002746,1.00584696,1.01093842
2016-03-07,0.99334268,1.00397686,1.01183311
2016-03-08,0.97435614,0.9913041,1.00046
2016-03-09,0.98999845,0.99675447,1.00551471
2016-03-10,0.98654068,0.99414877,1.00567138
2016-03-11,1.03314616,1.01255333,1.02215986
2016-03-14,1.03906816,1.0129392,1.02087095
2016-03-15,1.03781221,1.00833116,1.01899567
2016-03-16,1.06222061,1.01585852,1.0247024
2016-03-17,1.06090427,1.0182084,1.03146056
2016-03-18,1.0656122,1.02261383,1.0360048
2016-03-21,1.07725999,1.02543288,1.03702587
2016-03-22,1.08607946,1.0281602,1.03611599
2016-03-23,1.06369498,1.01690118,1.02949932
2016-03-24,1.06228939,1.01789063,1.0291101
2016-03-28,1.0584392,1.01645981,1.02967123
2016-03-29,1.10346144,1.0334826,1.03874948
2016-03-30,1.11684423,1.03831669,1.04326837
2016-03-31,1.11299368,1.03843611,1.04114035
2016-04-01,1.14296097,1.0479657,1.04773172
2016-04-04,1.13457307,1.04311662,1.04437026
2016-04-05,1.10686347,1.03290901,1.03377566
2016-04-06,1.155845,1.04928354,1.04463818
2016-04-07,1.11464735,1.03385577,1.03212781
2016-04-08,1.11237365,1.03435044,1.03500392
2016-04-11,1.1019437,1.03066355,1.03216823
2016-04-12,1.12654896,1.03891371,1.04214118
2016-04-13,1.16429818,1.05497693,1.05260442
2016-04-14,1.1649093,1.05465072,1.05278644
2016-04-15,1.15791051,1.05301521,1.0517502
2016-04-18,1.17377449,1.05766375,1.05862972
2016-04-19,1.15452157,1.05346511,1.06189505
2016-04-20,1.15697708,1.05512832,1.06270373
2016-04-21,1.15728697,1.05465072,1.05718402
2016-04-22,1.11217028,1.04619368,1.05723462
2016-04-25,1.1109422,1.04396749,1.05531886
2016-04-26,1.09609254,1.04236602,1.05729521
2016-04-27,1.07192791,1.0370053,1.05903906
2016-04-28,1.03756673,1.02466947,1.04926332
2016-04-29,1.02136739,1.01828722,1.0439508
2016-05-02,1.04706467,1.02729225,1.052104
2016-05-03,1.02038779,1.01569859,1.04297528
2016-05-04,1.00068964,1.0076851,1.03678325
2016-05-05,0.99927866,1.00586185,1.03653545
2016-05-06,1.01398301,1.00992836,1.03982608
2016-05-09,1.02044345,1.01292431,1.04060958
2016-05-10,1.05933309,1.0256482,1.05360018
2016-05-11,1.03379746,1.01515904,1.04352616
2016-05-12,1.02139008,1.01017784,1.04334932
2016-05-13,1.01004349,1.00598773,1.03450351
2016-05-16,1.0452324,1.01830857,1.04463818
2016-05-17,1.00980927,1.00557188,1.03480678
2016-05-18,1.01975532,1.01055954,1.0350191
2016-05-19,1.00481851,1.00488948,1.03118258
2016-05-20,1.03617208,1.01705049,1.03738979
2016-05-23,1.0320484,1.01624439,1.03522636
2016-05-24,1.08890782,1.03656174,1.04938969
2016-05-25,1.10853167,1.0437756,1.05670891
2016-05-26,1.11712327,1.04524265,1.05648653
2016-05-27,1.13216551,1.05200868,1.06101554
2016-05-31,1.13993544,1.05511125,1.05994894
2016-06-01,1.14069355,1.05600689,1.06115202
2016-06-02,1.14717842,1.06008183,1.06414944
2016-06-03,1.13365517,1.05393209,1.06105083
2016-06-06,1.14508768,1.05951677,1.06624709
2016-06-07,1.13729933,1.05803265,1.06762196
2016-06-08,1.142603,1.06078131,1.07115533
2016-06-09,1.13734445,1.05736524,1.06931534
2016-06-10,1.10387859,1.04370302,1.05950418
2016-06-13,1.07859071,1.03387066,1.0509061
2016-06-14,1.07823117,1.0328279,1.04901564
2016-06-15,1.06923059,1.03098987,1.0470847
2016-06-16,1.07781316,1.03312006,1.05036521
2016-06-17,1.04189662,1.0236139,1.04694316
2016-06-20,1.05938716,1.031476,1.053024
2016-06-21,1.06825636,1.03287267,1.05587986
2016-06-22,1.06085162,1.03064648,1.05413601
2016-06-23,1.10297377,1.04700613,1.06822357
2016-06-24,0.98884892,1.00391929,1.02985319
2016-06-27,0.93450317,0.97970826,1.01121645
2016-06-28,0.9947699,1.00048405,1.02918593
2016-06-29,1.04589466,1.01911675,1.04671572
2016-06-30,1.07896411,1.03264027,1.06091447
2016-07-01,1.09354636,1.03688368,1.06298177
2016-07-05,1.07764775,1.02842456,1.05570302
2016-07-06,1.10181625,1.03615661,1.06135416
2016-07-07,1.10950886,1.03992024,1.06042911
2016-07-08,1.15405867,1.05696854,1.0766042
2016-07-11,1.1718308,1.06376664,1.08027393
2016-07-12,1.18527009,1.07105504,1.08784589
2016-07-13,1.18019083,1.06741084,1.0879925
2016-07-14,1.19952336,1.07345188,1.09371447
2016-07-15,1.19617309,1.07249866,1.09269847
2016-07-18,1.21744944,1.07808335,1.0953016
2016-07-19,1.20930986,1.07394448,1.09372965
2016-07-20,1.2415778,1.0853655,1.09840021
2016-07-21,1.2374051,1.08194724,1.0944322
2016-07-22,1.24946722,1.08754692,1.09941621
2016-07-25,1.25650763,1.08700737,1.09610534
2016-07-26,1.2617018,1.08965577,1.09645915
2016-07-27,1.27678494,1.09600178,1.095145
2016-07-28,1.28936084,1.09923658,1.09690403
2016-07-29,1.29753081,1.10076121,1.09869342
2016-08-01,1.31859867,1.10546744,1.09729831
2016-08-02,1.2924633,1.09555823,1.09031772
2016-08-03,1.30495077,1.10025165,1.09373471
2016-08-04,1.31572746,1.10163978,1.09396721
2016-08-05,1.35084369,1.11334016,1.10337915
2016-08-08,1.34788346,1.11163853,1.1023782
2016-08-09,1.35642859,1.11426985,1.1028079
2016-08-10,1.34659788,1.1098132,1.09964871
2016-08-11,1.36291062,1.11489248,1.10485509
2016-08-12,1.36585232,1.11584997,1.10397557
2016-08-15,1.38308675,1.12206156,1.10705888
2016-08-16,1.36175291,1.1146174,1.10099322
2016-08-17,1.36865743,1.11494798,1.10305052
2016-08-18,1.36947291,1.11739803,1.10547681
2016-08-19,1.36555844,1.11702059,1.10388462
2016-08-22,1.36148277,1.11834698,1.10326278
2016-08-23,1.3628808,1.1216479,1.10541609
2016-08-24,1.34148423,1.11260872,1.09962341
2016-08-25,1.33123834,1.11143809,1.09812217
2016-08-26,1.33320832,1.11287099,1.09638844
2016-08-29,1.33636169,1.11573055,1.10212041
2016-08-30,1.32764262,1.11373894,1.09996722
2016-08-31,1.32223937,1.1116556,1.09735384
2016-09-01,1.32673755,1.11463874,1.09730843
2016-09-02,1.33483863,1.1194771,1.10191827
2016-09-06,1.34992567,1.12502347,1.10520384
2016-09-07,1.349569,1.12673364,1.10504205
2016-09-08,1.33432872,1.12151993,1.10258553
2016-09-09,1.27143712,1.0930378,1.07554785
2016-09-12,1.31567554,1.11137198,1.09133372
2016-09-13,1.29333473,1.09929416,1.07514851
2016-09-14,1.30477525,1.10324333,1.07451667
2016-09-15,1.34406456,1.11943233,1.08537925
2016-09-16,1.34279781,1.11834052,1.08128488
2016-09-19,1.33087695,1.11630623,1.08126476
2016-09-20,1.33556294,1.11765396,1.08158821
2016-09-21,1.36015853,1.12913256,1.09339608
2016-09-22,1.38066067,1.13858749,1.10050292
2016-09-23,1.36424271,1.13138645,1.09418959
2016-09-26,1.34219921,1.12109564,1.08479295
2016-09-27,1.36564372,1.13137791,1.09178354
2016-09-28,1.36996752,1.13411585,1.09756623
2016-09-29,1.35021924,1.12358192,1.08733536
2016-09-30,1.36964217,1.13271918,1.09599921
2016-10-03,1.3651676,1.13034587,1.09242549
2016-10-04,1.36063136,1.12795549,1.08701191
2016-10-05,1.36992384,1.1335764,1.09168247
2016-10-06,1.36837809,1.13162103,1.09220818
2016-10-07,1.36243162,1.1285397,1.0886547
2016-10-10,1.37898975,1.13627384,1.09366894
2016-10-11,1.34181041,1.11881396,1.08005662
2016-10-12,1.33935298,1.11715709,1.081295
2016-10-13,1.32983934,1.11167903,1.07794378
2016-10-14,1.33221878,1.11185603,1.0781611
2016-10-17,1.32437351,1.10879813,1.07488565
2016-10-18,1.34777362,1.11818486,1.08150738
2016-10-19,1.34726942,1.11873295,1.08387801
2016-10-20,1.34386526,1.11775631,1.0823869
2016-10-21,1.35279437,1.12107638,1.08229582
2016-10-24,1.38335578,1.13225648,1.08743655
2016-10-25,1.37452714,1.12662056,1.08330677
2016-10-26,1.35586137,1.11955602,1.08142137
2016-10-27,1.34345795,1.112242,1.07819146
2016-10-28,1.32664617,1.10672552,1.07484011
2016-10-31,1.32345753,1.10652082,1.07470869
2016-11-01,1.30313258,1.09893807,1.06741476
2016-11-02,1.28201353,1.08870047,1.06044935
2016-11-03,1.25666346,1.07864424,1.05575856
2016-11-04,1.2474714,1.07607685,1.05399952
2016-11-07,1.30857689,1.1016227,1.07742313
2016-11-08,1.32508529,1.10744842,1.08148714
2016-11-09,1.33696091,1.11972657,1.0934668
2016-11-10,1.29561827,1.110713,1.09559987
2016-11-11,1.29634438,1.11674978,1.09406828
2016-11-14,1.2691003,1.11276011,1.09394191
2016-11-15,1.30431614,1.12496162,1.10212547
2016-11-16,1.31967414,1.1290046,1.10038162
2016-11-17,1.33800421,1.13740407,1.10552741
2016-11-18,1.32797658,1.13474703,1.10288874
2016-11-21,1.35520652,1.14484386,1.11111783
2016-11-22,1.3632535,1.14857344,1.11352388
2016-11-23,1.35237097,1.14736439,1.11442363
2016-11-25,1.36081514,1.1512538,1.11878592
2016-11-28,1.35461472,1.14483324,1.11290722
2016-11-29,1.36382759,1.14720228,1.11439328
2016-11-30,1.33101169,1.13520984,1.11143634
2016-12-01,1.28527414,1.11973511,1.10752905
2016-12-02,1.28954118,1.12070321,1.10796875
2016-12-05,1.30818811,1.13205604,1.11441858
2016-12-06,1.31430152,1.13719718,1.11821973
2016-12-07,1.34848834,1.15015346,1.13293913
2016-12-08,1.35270497,1.15518589,1.13538553
2016-12-09,1.37371984,1.16097319,1.14212857
2016-12-12,1.36051606,1.15415812,1.14082947
2016-12-13,1.39468666,1.1650951,1.14829024
2016-12-14,1.38898015,1.15930352,1.13896937
2016-12-15,1.39295806,1.1636067,1.14339225
2016-12-16,1.38233703,1.15940806,1.1413906
2016-12-19,1.39282112,1.16373248,1.14364499
2016-12-20,1.40325981,1.16938328,1.14780501
2016-12-21,1.40107382,1.16671572,1.14498444
2016-12-22,1.39300805,1.16159583,1.14285136
2016-12-23,1.39477616,1.16485198,1.14428188
2016-12-27,1.4089319,1.17012961,1.14685466
2016-12-28,1.38973155,1.15970657,1.13727093
2016-12-29,1.38602301,1.15832688,1.13693737
2016-12-30,1.36096508,1.14788468,1.13166533
2017-01-03,1.38089797,1.15768508,1.14126929
2017-01-04,1.39395191,1.16790342,1.14779995
2017-01-05,1.40753518,1.17023623,1.14691537
2017-01-06,1.42778767,1.17729869,1.15094903
2017-01-09,1.43431355,1.17959308,1.14686478
2017-01-10,1.4388356,1.18385784,1.14686478
2017-01-11,1.44323243,1.18638046,1.15010999
2017-01-12,1.43971999,1.1829346,1.14764322
2017-01-13,1.44520514,1.1886131,1.14976618
2017-01-17,1.43907669,1.18106659,1.14635424
2017-01-18,1.44249888,1.18467455,1.14837613
2017-01-19,1.44179952,1.18135448,1.14423129
2017-01-20,1.44458619,1.18460636,1.14808304
2017-01-23,1.4450473,1.18409669,1.14499456
2017-01-24,1.4537186,1.19433637,1.15251098
2017-01-25,1.46252125,1.20614546,1.16176114
2017-01-26,1.46277367,1.20589817,1.1609068
2017-01-27,1.46354868,1.20709222,1.15990091
2017-01-30,1.46005646,1.19705515,1.15293044
2017-01-31,1.45916766,1.19728547,1.15190444
2017-02-01,1.46202789,1.20322624,1.15224812
2017-02-02,1.46161623,1.20185092,1.15290526
2017-02-03,1.46285187,1.20836956,1.16128084
2017-02-06,1.46303099,1.20768289,1.15882432
2017-02-07,1.46458069,1.20995823,1.15908717
2017-02-08,1.4652963,1.21171317,1.15989079
2017-02-09,1.46690438,1.21869244,1.16656312
2017-02-10,1.46837294,1.22273323,1.17072314
2017-02-13,1.47083637,1.22909413,1.17686457
2017-02-14,1.47227844,1.23306246,1.18158066
2017-02-15,1.47491892,1.24092456,1.18747948
2017-02-16,1.47472772,1.23995645,1.18645336
2017-02-17,1.47672335,1.24500596,1.18844489
2017-02-21,1.4788977,1.2508423,1.19563268
2017-02-22,1.47900941,1.24970781,1.19433877
2017-02-23,1.47719242,1.24435125,1.19483918
2017-02-24,1.47805955,1.24644105,1.19662351
2017-02-27,1.47854693,1.24997863,1.19784165
2017-02-28,1.4770854,1.24220399,1.19475316
2017-03-01,1.4821485,1.25896231,1.21109004
2017-03-02,1.47976664,1.24983369,1.2039932
2017-03-03,1.48061099,1.2518658,1.20459987
2017-03-06,1.47950369,1.2472663,1.2006521
2017-03-07,1.47868402,1.24401443,1.19715415
2017-03-08,1.47949238,1.24478627,1.1944196
2017-03-09,1.47982992,1.245055,1.19537501
2017-03-10,1.48179975,1.2499424,1.19928229
2017-03-13,1.4825237,1.25293835,1.19972199
2017-03-14,1.48133217,1.24889536,1.1956681
2017-03-15,1.48425447,1.25811363,1.20568152
2017-03-16,1.48389915,1.25826502,1.20372023
2017-03-17,1.48370283,1.25831625,1.20213816
2017-03-20,1.48405327,1.25842922,1.19972199
2017-03-21,1.47671468,1.23546357,1.18483587
2017-03-22,1.47989629,1.24139373,1.18707508
2017-03-23,1.47866018,1.24055139,1.18581646
2017-03-24,1.47961547,1.24290773,1.18481563
2017-03-27,1.4802906,1.24538767,1.18360761
2017-03-28,1.48318674,1.25280195,1.19219051
2017-03-29,1.48539075,1.25758054,1.19348442
2017-03-30,1.48616843,1.26116081,1.19698743
2017-03-31,1.48582683,1.26060647,1.19428817
2017-04-03,1.48548038,1.25696862,1.192327
2017-04-04,1.48622278,1.25780658,1.19299413
2017-04-05,1.48423522,1.2505288,1.1893497
2017-04-06,1.48446618,1.2536144,1.19164456
2017-04-07,1.48418596,1.25337128,1.19065892
2017-04-10,1.48428933,1.2540366,1.19147772
2017-04-11,1.48217544,1.25101712,1.18976928
2017-04-12,1.48020649,1.24448994,1.18529581
2017-04-13,1.47827429,1.23787738,1.17721838
2017-04-17,1.48210611,1.24888901,1.18735817
2017-04-18,1.48134263,1.24732815,1.18391082
2017-04-19,1.4820818,1.25021956,1.18187881
2017-04-20,1.48608631,1.26168109,1.19081058
2017-04-21,1.48594595,1.26034628,1.18719639
2017-04-24,1.49173558,1.27597657,1.20006568
2017-04-25,1.49527579,1.28486227,1.2073749
2017-04-26,1.49454661,1.28480678,1.20678848
2017-04-27,1.49750021,1.28986264,1.20745573
2017-04-28,1.49835521,1.28957901,1.20514569
2017-05-01,1.49835521,1.29895939,1.20723335
2017-05-02,1.49835521,1.2997633,1.20866882
2017-05-03,1.49835521,1.29489715,1.20713216
2017-05-04,1.49835521,1.29549209,1.20783484
2017-05-05,1.49835521,1.30091258,1.21277331
2017-05-08,1.49835521,1.30131782,1.21281872
2017-05-09,1.49835521,1.3051411,1.21157528
2017-05-10,1.49835521,1.30696435,1.21294509
2017-05-11,1.49835521,1.30415384,1.21032172
2017-05-12,1.49835521,1.3052776,1.20853233
2017-05-15,1.49835521,1.31134207,1.2143049
2017-05-16,1.49835521,1.31564952,1.2134708
2017-05-17,1.49835521,1.28182363,1.19141206
2017-05-18,1.49835521,1.29118256,1.19580458
2017-05-19,1.49835521,1.29727484,1.20389719
2017-05-22,1.49835521,1.30791965,1.21010946
2017-05-23,1.49835521,1.309005,1.21233349
2017-05-24,1.49835521,1.31418882,1.21535114
2017-05-25,1.49835521,1.32319593,1.22074966
2017-05-26,1.49835521,1.32424723,1.22112877
2017-05-30,1.49835521,1.32275457,1.21965777
2017-05-31,1.49835521,1.32175876,1.21909676
2017-06-01,1.49835521,1.33206029,1.22832668
2017-06-02,1.49835521,1.34463487,1.23288099
2017-06-05,1.49835521,1.34247698,1.23137975
2017-06-06,1.49835521,1.33807999,1.2279577
2017-06-07,1.49835521,1.34283942,1.22988345
2017-06-08,1.49835521,1.34803813,1.23021208
2017-06-09,1.49835521,1.32376318,1.22919102
2017-06-12,1.49835521,1.31684149,1.22798793
2017-06-13,1.49835521,1.32641803,1.233528
2017-06-14,1.49835521,1.32098473,1.23229962
2017-06-15,1.49835521,1.31471765,1.22953976
2017-06-16,1.49835521,1.31178771,1.22988851
2017-06-19,1.49835521,1.33039271,1.24015467
2017-06-20,1.49835521,1.31952185,1.2318498
2017-06-21,1.49835521,1.32931381,1.23113207
2017-06-22,1.49835521,1.32989803,1.23057095
2017-06-23,1.49835521,1.33598812,1.23249176
2017-06-26,1.49835521,1.33212849,1.23288099
2017-06-27,1.49835521,1.31069174,1.22292815
2017-06-28,1.49835521,1.3294119,1.23369979
2017-06-29,1.49835521,1.31020769,1.22308994
2017-06-30,1.49835521,1.30936963,1.22496522
2017-07-03,1.49835521,1.30289575,1.22779591
2017-07-05,1.49835521,1.31159582,1.22958024
2017-07-06,1.49835521,1.29850304,1.21806052
2017-07-07,1.49835521,1.31206925,1.22585991
2017-07-10,1.49835521,1.31703983,1.22699723
2017-07-11,1.49835521,1.32064561,1.22603688
2017-07-12,1.49835521,1.33511809,1.23499382
2017-07-13,1.49835521,1.33794776,1.23730892
2017-07-14,1.49835521,1.34605725,1.24309149
2017-07-17,1.49835521,1.34647519,1.24302571
2017-07-18,1.49835521,1.35284671,1.24376887
2017-07-19,1.49835521,1.36153188,1.25045119
2017-07-20,1.49835521,1.36258953,1.25025905
2017-07-21,1.49835521,1.36210975,1.24979911
2017-07-24,1.49835521,1.36702702,1.24846966
2017-07-25,1.49835521,1.367317,1.25211915
2017-07-26,1.49835521,1.36957307,1.25247308
2017-07-27,1.49835521,1.36092413,1.25125481
2017-07-28,1.49835521,1.35932277,1.24957673
2017-07-31,1.49835521,1.35365916,1.24866686
2017-08-01,1.49835521,1.3568193,1.25172499
2017-08-02,1.49835521,1.35675746,1.25234165
2017-08-03,1.49835521,1.35200011,1.24960697
2017-08-04,1.49835521,1.35439268,1.2519676
2017-08-07,1.49835521,1.36126106,1.25402984
2017-08-08,1.49835521,1.35842286,1.25100207
2017-08-09,1.49835521,1.35455688,1.2505472
2017-08-10,1.49835521,1.3256717,1.23244623
2017-08-11,1.49835521,1.33413509,1.2340183
2017-08-14,1.49835521,1.35197668,1.24641247
2017-08-15,1.49835521,1.35043706,1.24579075
2017-08-16,1.49835521,1.35301726,1.2475599
2017-08-17,1.49835521,1.32674642,1.22830138
2017-08-18,1.49835521,1.32559912,1.226047
2017-08-21,1.49835521,1.32487414,1.22747246
2017-08-22,1.49835521,1.34286077,1.2396745
2017-08-23,1.49835521,1.33879436,1.23539317
2017-08-24,1.49835521,1.33728462,1.23283039
2017-08-25,1.49835521,1.33607131,1.23489275
2017-08-28,1.49835521,1.33977736,1.23549424
2017-08-29,1.49835521,1.34380118,1.23653554
2017-08-30,1.49835521,1.35796442,1.24224233
2017-08-31,1.49835521,1.37083334,1.24934917
2017-09-01,1.49835521,1.37225562,1.25182606
2017-09-05,1.49835521,1.35951247,1.24237376
2017-09-06,1.49835521,1.36329536,1.24626081
2017-09-07,1.49835521,1.36426774,1.24603843
2017-09-08,1.49835521,1.3562329,1.24418326
2017-09-11,1.49835521,1.37160091,1.25766934
2017-09-12,1.49835521,1.37629641,1.26190007
2017-09-13,1.49835521,1.37755668,1.26285548
2017-09-14,1.49835521,1.37092288,1.26146544
2017-09-15,1.49835521,1.37505759,1.26379559
2017-09-18,1.49835521,1.37637325,1.26563558
2017-09-19,1.49835521,1.37779761,1.26704068
2017-09-20,1.49835521,1.37667176,1.26784443
2017-09-21,1.49835521,1.36956026,1.26398268
2017-09-22,1.49835521,1.37046225,1.26480148
2017-09-25,1.49835521,1.35845055,1.26199102
2017-09-26,1.49835521,1.3604913,1.2620821
2017-09-27,1.49835521,1.3760789,1.26723789
2017-09-28,1.49835521,1.37611951,1.26876442
2017-09-29,1.49835521,1.3851842,1.27346533
2017-10-02,1.49835521,1.38961107,1.27839874
2017-10-03,1.49835521,1.39280745,1.2811586
2017-10-04,1.49835521,1.39343009,1.28275584
2017-10-05,1.49835521,1.40424764,1.28999929
2017-10-06,1.49835521,1.40527551,1.2886143
2017-10-09,1.49835521,1.40304713,1.28628909
2017-10-10,1.49835521,1.40465069,1.28927638
2017-10-11,1.49835521,1.40812642,1.2916016
2017-10-12,1.49835521,1.40555903,1.28942299
2017-10-13,1.49835521,1.40860621,1.29055524
2017-10-16,1.49835521,1.41248718,1.29281468
2017-10-17,1.49835521,1.41241471,1.2936842
2017-10-18,1.49835521,1.41253413,1.29464455
2017-10-19,1.49835521,1.40845055,1.29506919
2017-10-20,1.49835521,1.41356399,1.30169585
2017-10-23,1.49835521,1.40456114,1.29652489
2017-10-24,1.49835521,1.40703472,1.29862255
2017-10-25,1.49835521,1.39966948,1.292567
2017-10-26,1.49835521,1.3981512,1.29420979
2017-10-27,1.49835521,1.42896188,1.30465797
2017-10-30,1.49835521,1.42847147,1.30049289
2017-10-31,1.49835521,1.43459352,1.30172115
2017-11-01,1.49835521,1.43221802,1.30379364
2017-11-02,1.49835521,1.43187901,1.30404131
2017-11-03,1.49835521,1.44243428,1.30808003
2017-11-06,1.49835521,1.44712551,1.30974292
2017-11-07,1.49835521,1.44314646,1.30949525
2017-11-08,1.49835521,1.44769703,1.31138571
2017-11-09,1.49835521,1.43936576,1.30645242
2017-11-10,1.49835521,1.43955557,1.30527969
2017-11-13,1.49835521,1.44097577,1.30656361
2017-11-14,1.49835521,1.43676859,1.30354596
2017-11-15,1.49835521,1.43001745,1.29634299
2017-11-16,1.49835521,1.44858621,1.30696789
2017-11-17,1.49835521,1.44634721,1.30353584
2017-11-20,1.49835521,1.44803604,1.30519874
2017-11-21,1.49835521,1.46334012,1.31373623
2017-11-22,1.49835521,1.4643807,1.31275058
2017-11-24,1.49835521,1.46902934,1.31544972
2017-11-27,1.49835521,1.46676046,1.31494425
2017-11-28,1.49835521,1.4739764,1.32789449
2017-11-29,1.49835521,1.45521793,1.3274042
2017-11-30,1.49835521,1.46579027,1.3382769
2017-12-01,1.49835521,1.46016498,1.33556752
2017-12-04,1.49835521,1.44476501,1.33416229
2017-12-05,1.49835521,1.44195876,1.32917335
2017-12-06,1.49835521,1.44498033,1.32902169
2017-12-07,1.49835521,1.45275497,1.33291885
2017-12-08,1.49835521,1.45856362,1.34025831
2017-12-11,1.49835521,1.46602694,1.34454976
2017-12-12,1.49835521,1.46330597,1.34663237
2017-12-13,1.49835521,1.46618041,1.34599547
2017-12-14,1.49835521,1.46207132,1.34051611
2017-12-15,1.49835521,1.47914106,1.35254636
2017-12-18,1.49835521,1.49154717,1.35979981
2017-12-19,1.49835521,1.48495606,1.35540729
2017-12-20,1.49835521,1.48433978,1.35428515
2017-12-21,1.49835521,1.485278,1.3569743
2017-12-22,1.49835521,1.48412654,1.35635258
2017-12-26,1.49835521,1.47907068,1.35491699
2017-12-27,1.49835521,1.47972955,1.35598865
2017-12-28,1.49835521,1.48203685,1.35847553
2017-12-29,1.49835521,1.47206371,1.35143435
2018-01-02,1.49835521,1.49413591,1.36265579
2018-01-03,1.49835521,1.50663802,1.37137518
2018-01-04,1.49835521,1.50927798,1.37689995
2018-01-05,1.49835521,1.52178435,1.38658475
2018-01-08,1.49835521,1.52622611,1.38888973
2018-01-09,1.49835521,1.52754604,1.39069936
2018-01-10,1.49835521,1.52541148,1.38915258
2018-01-11,1.49835521,1.53782404,1.39892339
2018-01-12,1.49835521,1.54833246,1.40836557
2018-01-16,1.49835521,1.54036374,1.4034018
2018-01-17,1.49835521,1.55626911,1.4166149
2018-01-18,1.49835521,1.5557936,1.4143251
2018-01-19,1.49835521,1.56439349,1.42052725
2018-01-22,1.49835521,1.57967196,1.43198625
2018-01-23,1.49835521,1.59081582,1.43509992
2018-01-24,1.49835521,1.58117108,1.43429629
2018-01-25,1.49835521,1.58033947,1.43516063
2018-01-26,1.49835521,1.60051387,1.45215465
2018-01-29,1.49835521,1.5921421,1.44237878
2018-01-30,1.49835521,1.57848853,1.42665856
2018-01-31,1.49835521,1.58040767,1.42735618
2018-02-01,1.49835521,1.5749445,1.42643112
2018-02-02,1.49835521,1.54404428,1.39617859
2018-02-05,1.49835521,1.48574071,1.33896428
2018-02-06,1.50904396,1.51737456,1.36231704
2018-02-07,1.50363959,1.50374869,1.3555033
2018-02-08,1.48766765,1.44514671,1.30462256
2018-02-09,1.50861297,1.46590116,1.32410852
2018-02-12,1.53053697,1.48881777,1.34253294
2018-02-13,1.53671961,1.49554538,1.34604088
2018-02-14,1.55959396,1.52328983,1.36408114
2018-02-15,1.58021925,1.54734519,1.38054439
2018-02-16,1.57614099,1.54372869,1.38105998
2018-02-20,1.57954183,1.54262835,1.37299267
2018-02-21,1.57680659,1.53919947,1.36544601
2018-02-22,1.5769923,1.53746368,1.36677534
2018-02-23,1.59847264,1.56460892,1.38868253
2018-02-26,1.61052127,1.58253578,1.40500929
2018-02-27,1.60244388,1.56310772,1.387156
2018-02-28,1.59715392,1.55088059,1.37176441
2018-03-01,1.5797205,1.53116682,1.35348647
2018-03-02,1.59105991,1.54765224,1.36035081
2018-03-05,1.60520952,1.56318445,1.37535824
2018-03-06,1.61017809,1.57199113,1.37898762
2018-03-07,1.613257,1.57724534,1.37832036
2018-03-08,1.61865041,1.58391975,1.38447191
2018-03-09,1.62776195,1.61225049,1.40853241
2018-03-12,1.62911512,1.61811661,1.40673797
2018-03-13,1.6083771,1.60163119,1.39778608
2018-03-14,1.60797897,1.59860327,1.38978442
2018-03-15,1.60645562,1.59538982,1.38869771
2018-03-16,1.6017563,1.59544312,1.39106328
2018-03-19,1.57005091,1.56606962,1.37130435
2018-03-20,1.5747958,1.57034708,1.37333635
2018-03-21,1.56736865,1.56629348,1.37080394
2018-03-22,1.53337938,1.5282071,1.33631055
2018-03-23,1.50012282,1.49110154,1.30829228
2018-03-26,1.56871685,1.53969206,1.34382191
2018-03-27,1.51607578,1.49454323,1.32060563
2018-03-28,1.49724189,1.4818385,1.31675388
2018-03-29,1.52856796,1.50619457,1.33488521
2018-04-02,1.48341386,1.46496929,1.30506731
2018-04-03,1.50158713,1.48014322,1.32153056
2018-04-04,1.52832827,1.501644,1.33681602
2018-04-05,1.53791589,1.5089879,1.34599041
2018-04-06,1.49821013,1.4745628,1.31648596
2018-04-09,1.50896347,1.48207517,1.32087848
2018-04-10,1.54658157,1.51277287,1.34297276
2018-04-11,1.53692971,1.50738435,1.33555234
2018-04-12,1.55652243,1.52257119,1.34657165
2018-04-13,1.54823943,1.51540638,1.3426846
2018-04-16,1.56074909,1.52598935,1.35357248
2018-04-17,1.59664225,1.55260575,1.3680036
2018-04-18,1.60015863,1.55562097,1.36914091
2018-04-19,1.58587728,1.54342799,1.36130104
2018-04-20,1.56034575,1.523825,1.34968025
2018-04-23,1.55598941,1.52008699,1.34975615
2018-04-24,1.52192988,1.49423191,1.33169565
2018-04-25,1.52353206,1.49346215,1.33414206
2018-04-26,1.55968345,1.51797169,1.34806277
2018-04-27,1.56056189,1.51821044,1.349564
2018-04-30,1.54825715,1.50679586,1.33851446
2018-05-01,1.56788543,1.52053481,1.34192639
2018-05-02,1.55759426,1.51418026,1.33225666
2018-05-03,1.55711585,1.51146148,1.32925418
2018-05-04,1.59143056,1.53736352,1.3462835
2018-05-07,1.60627077,1.54921738,1.35093887
2018-05-08,1.60432422,1.54957774,1.35058001
2018-05-09,1.62439066,1.56514628,1.36365662
2018-05-10,1.64370933,1.57901955,1.37643496
2018-05-11,1.64196662,1.57857381,1.37878535
2018-05-14,1.64544558,1.58037352,1.3800035
2018-05-15,1.62548425,1.56764537,1.37056132
2018-05-16,1.63774194,1.57759716,1.37612657
2018-05-17,1.62813544,1.5742217,1.37494878
2018-05-18,1.61821059,1.56822324,1.37132965
2018-05-21,1.62838111,1.57668882,1.38145932
2018-05-22,1.62552042,1.57336656,1.37712739
2018-05-23,1.64175282,1.58349535,1.38160087
2018-05-24,1.64106106,1.58316914,1.37880559
2018-05-25,1.64267936,1.58517783,1.37555544
2018-05-29,1.63360902,1.57723253,1.35964826
2018-05-30,1.6474845,1.59127645,1.37691007
2018-05-31,1.64603231,1.58694131,1.36743754
2018-06-01,1.67761638,1.61086871,1.38227318
2018-06-04,1.69544475,1.62198478,1.38846521
2018-06-05,1.70172901,1.62868042,1.38944074
2018-06-06,1.71373951,1.63963666,1.40134462
2018-06-07,1.69708224,1.62808548,1.4003438
2018-06-08,1.69707681,1.63031167,1.40472114
2018-06-11,1.70004917,1.63338665,1.40622237
2018-06-12,1.71065305,1.64273923,1.40867396
2018-06-13,1.71039981,1.64101417,1.40300246
2018-06-14,1.73128437,1.65494709,1.40647005
2018-06-15,1.72413172,1.65182099,1.40503953
2018-06-18,1.72282932,1.65195958,1.40205223
2018-06-19,1.71604242,1.64738777,1.39641121
2018-06-20,1.73088854,1.65931201,1.39880208
2018-06-21,1.71219557,1.64469252,1.38992597
2018-06-22,1.70733223,1.64039996,1.39251392
2018-06-25,1.66153708,1.60610918,1.37340213
2018-06-26,1.66955229,1.61242531,1.3764299
2018-06-27,1.64110209,1.58757248,1.36458661
2018-06-28,1.6576785,1.60006824,1.37301797
2018-06-29,1.66177975,1.6014798,1.37405927
2018-07-02,1.67493841,1.61371754,1.37827482
2018-07-03,1.6507989,1.59985282,1.37145601
2018-07-05,1.67586743,1.61771367,1.38327907
2018-07-06,1.70877473,1.63945539,1.39501105
2018-07-09,1.72740026,1.65391505,1.40731921
2018-07-10,1.7287414,1.65455477,1.4122072
2018-07-11,1.71763972,1.6454729,1.40218872
2018-07-12,1.75389385,1.66835546,1.41445653
2018-07-13,1.75574038,1.66879474,1.41598306
2018-07-16,1.75070839,1.66447459,1.41452724
2018-07-17,1.76382493,1.67500852,1.42014815
2018-07-18,1.75973373,1.67486348,1.42321639
2018-07-19,1.74888816,1.6686497,1.41759043
2018-07-20,1.74835705,1.66756227,1.41624592
2018-07-23,1.75515738,1.67218312,1.41884905
2018-07-24,1.7641271,1.67194854,1.42563244
2018-07-25,1.79486511,1.69145344,1.43860798
2018-07-26,1.76220337,1.67438161,1.4342457
2018-07-27,1.73267297,1.64991039,1.42483388
2018-07-30,1.70182498,1.6270044,1.41663514
2018-07-31,1.71811823,1.63591562,1.42355502
2018-08-01,1.72618907,1.64348556,1.42207402
2018-08-02,1.75649258,1.66382842,1.42907979
2018-08-03,1.76314941,1.66581576,1.4357167
2018-08-06,1.7759821,1.6759809,1.44079659
2018-08-07,1.78404619,1.68109433,1.44486566
2018-08-08,1.78664363,1.68209014,1.44448656
2018-08-09,1.78509698,1.68282575,1.44240408
2018-08-10,1.76619683,1.67159453,1.43214298
2018-08-13,1.76341098,1.66745774,1.42640583
2018-08-14,1.77699662,1.67837128,1.4355195
2018-08-15,1.74982761,1.65773626,1.42460644
2018-08-16,1.75702209,1.66464514,1.43588848
2018-08-17,1.7561041,1.66673702,1.4406601
2018-08-20,1.7535688,1.6677349,1.44415805
2018-08-21,1.76170903,1.67587209,1.44714535
2018-08-22,1.76987702,1.68225434,1.44656916
2018-08-23,1.76647757,1.67998546,1.44412264
2018-08-24,1.78755248,1.69438328,1.45307452
2018-08-27,1.81094955,1.70971932,1.4642202
2018-08-28,1.81432236,1.71230806,1.46461448
2018-08-29,1.84136491,1.72929243,1.47296488
2018-08-30,1.83706525,1.72474405,1.46643916
2018-08-31,1.839934,1.72926046,1.46663637
2018-09-04,1.82947775,1.72536034,1.46421008
2018-09-05,1.79842317,1.70487243,1.46010571
2018-09-06,1.77759672,1.6894255,1.45477296
2018-09-07,1.76853668,1.68512024,1.45155305
2018-09-10,1.77546729,1.68973047,1.45430784
2018-09-11,1.79262154,1.700032,1.45974672
2018-09-12,1.78590962,1.69614249,1.46026737
2018-09-13,1.81032795,1.70882587,1.46798088
2018-09-14,1.80355794,1.7080433,1.46838528
2018-09-17,1.77051983,1.68368088,1.46020678
2018-09-18,1.78948913,1.69654335,1.46804665
2018-09-19,1.7875985,1.69524903,1.46988652
2018-09-20,1.81336254,1.71192209,1.4814113
2018-09-21,1.8004,1.70312176,1.48086535
2018-09-24,1.80670753,1.70446303,1.47565909
2018-09-25,1.80952203,1.70749532,1.47373321
2018-09-26,1.81110796,1.70384893,1.46888569
2018-09-27,1.83100803,1.71485202,1.47294464
2018-09-28,1.83047597,1.71578598,1.47293452
2018-10-01,1.83513092,1.71385612,1.47829763
2018-10-02,1.8295644,1.70580639,1.47771121
2018-10-03,1.83204055,1.71125249,1.47876263
2018-10-04,1.78613288,1.68020931,1.4666819
2018-10-05,1.75729044,1.66079197,1.45857412
2018-10-08,1.74286363,1.64959699,1.45799781
2018-10-09,1.749985,1.65003835,1.45593051
2018-10-10,1.65777432,1.58266156,1.40808248
2018-10-11,1.62865167,1.56283263,1.37911398
2018-10-12,1.69673017,1.59862035,1.39870595
2018-10-15,1.66774561,1.58451469,1.39044662
2018-10-16,1.73998793,1.6303075,1.42033511
2018-10-17,1.74111066,1.62971256,1.41997624
2018-10-18,1.6860242,1.5961148,1.39954005
2018-10-19,1.68360108,1.58841471,1.39903458
2018-10-22,1.69591623,1.59259419,1.39301939
2018-10-23,1.68677482,1.58596466,1.38534131
2018-10-24,1.5849562,1.51577955,1.34258353
2018-10-25,1.68129049,1.56054668,1.3675892
2018-10-26,1.61391807,1.52832007,1.34389262
2018-10-29,1.55693272,1.50338833,1.33507723
2018-10-30,1.60669899,1.52713446,1.35599359
2018-10-31,1.68040907,1.55789401,1.37070793
2018-11-01,1.72193222,1.5852226,1.38517965
2018-11-02,1.67434421,1.5687884,1.3764299
2018-11-05,1.66571737,1.56278786,1.38413834
2018-11-06,1.68914519,1.57283346,1.39280208
2018-11-07,1.78867914,1.61437006,1.42234181
2018-11-08,1.7698185,1.60586825,1.41877328
2018-11-09,1.71887627,1.57943103,1.40572196
2018-11-12,1.63198668,1.53549769,1.37802715
2018-11-13,1.63435426,1.53549769,1.37598502
2018-11-14,1.61121126,1.52174812,1.36557238
2018-11-15,1.66532045,1.54789953,1.38003891
2018-11-16,1.65360936,1.54551987,1.38310716
2018-11-19,1.55863179,1.4987376,1.36008796
2018-11-20,1.50836899,1.47322153,1.33540067
2018-11-21,1.5315347,1.48674724,1.33946469
2018-11-23,1.50833667,1.47965281,1.33068471
2018-11-26,1.58180742,1.51011812,1.35135339
2018-11-27,1.59242808,1.5102994,1.35576109
2018-11-28,1.69918511,1.55484256,1.38690832
2018-11-29,1.68766249,1.55089558,1.38388055
2018-11-30,1.7106887,1.56314822,1.39518789
2018-12-03,1.76774419,1.58681116,1.41045323
2018-12-04,1.65177149,1.52644789,1.36480405
2018-12-06,1.67522631,1.53280869,1.36272651
2018-12-07,1.57399635,1.48610753,1.33094756
2018-12-10,1.60752063,1.49704023,1.3332929
2018-12-11,1.61793551,1.49945196,1.33281778
2018-12-12,1.64551251,1.51362801,1.34004099
2018-12-13,1.64693622,1.50766162,1.33977308
2018-12-14,1.57288956,1.47361396,1.31420122
2018-12-17,1.50370228,1.44015051,1.28690069
2018-12-18,1.52189857,1.44658607,1.28701188
2018-12-19,1.44982498,1.41522303,1.26719741
2018-12-20,1.40363104,1.39210381,1.24721104
2018-12-21,1.30553571,1.35043289,1.22153317
2018-12-24,1.215413,1.32056461,1.18841465
2018-12-26,1.51002728,1.39763727,1.24735258
2018-12-27,1.52716237,1.40299601,1.25803326
2018-12-28,1.52598171,1.40406855,1.25647131
2018-12-31,1.56552462,1.41489245,1.26714188
2019-01-02,1.58511094,1.42143036,1.26874924
2019-01-03,1.44862758,1.37826251,1.23733916
2019-01-04,1.64585231,1.43697964,1.27982408
2019-01-07,1.70160849,1.45502177,1.28879621
2019-01-08,1.73857267,1.4707011,1.30129145
2019-01-09,1.77155122,1.48351244,1.3066242
2019-01-10,1.7850311,1.48969415,1.31252808
2019-01-11,1.77746302,1.48658304,1.31233606
2019-01-14,1.75845151,1.47260316,1.30543642
2019-01-15,1.83389575,1.49774606,1.3194329
2019-01-16,1.83889845,1.5000618,1.32236466
2019-01-17,1.86802865,1.51067464,1.33240326
2019-01-18,1.9004377,1.52619196,1.3499684
2019-01-22,1.86999667,1.49700608,1.33085649
2019-01-23,1.87536548,1.49815973,1.33378825
2019-01-24,1.91022422,1.50832903,1.33562318
2019-01-25,1.97376516,1.52781894,1.34696087
2019-01-28,1.91554919,1.51093484,1.3363915
2019-01-29,1.86422893,1.49869709,1.33444539
2019-01-30,2.00558479,1.53170418,1.35519503
2019-01-31,2.08552627,1.55274226,1.36684618
2019-02-01,2.06730886,1.54893167,1.36807444
2019-02-04,2.14198347,1.56677326,1.37734483
2019-02-05,2.18867162,1.57840326,1.38382995
2019-02-06,2.165518,1.57268842,1.38075171
2019-02-07,2.09047717,1.55415173,1.36783182
2019-02-08,2.10214813,1.55625214,1.36875675
2019-02-11,2.08920743,1.55832049,1.36972734
2019-02-12,2.17387564,1.58107727,1.38738343
2019-02-13,2.17894727,1.58230547,1.39157887
2019-02-14,2.18918762,1.58370651,1.3878889
2019-02-15,2.21414677,1.59340029,1.4029874
2019-02-19,2.23916172,1.59646236,1.40509012
2019-02-20,2.24086501,1.59695276,1.40758712
2019-02-21,2.21789862,1.59069213,1.40262336
2019-02-22,2.26542636,1.60515606,1.41161572
2019-02-25,2.29339296,1.61089641,1.41335463
2019-02-26,2.29832628,1.60979607,1.41223744
2019-02-27,2.29491014,1.61090703,1.41146911
2019-02-28,2.28184362,1.60622007,1.40748099
2019-03-01,2.32371253,1.61961573,1.41718603
2019-03-04,2.32736307,1.61582431,1.41168655
2019-03-05,2.3326459,1.6155663,1.41008918
2019-03-06,2.29799632,1.60054584,1.40088962
2019-03-07,2.22224467,1.58253578,1.38950639
2019-03-08,2.21263577,1.57969549,1.38654439
2019-03-11,2.34723221,1.61166409,1.40687951
2019-03-12,2.38001654,1.61869448,1.41103448
2019-03-13,2.42823958,1.62986395,1.42084058
2019-03-14,2.41926371,1.62719848,1.41960726
2019-03-15,2.47099006,1.63948516,1.42668386
2019-03-18,2.48866872,1.64501873,1.43197108
2019-03-19,2.50889787,1.64703813,1.43178411
2019-03-20,2.52985279,1.64810859,1.42756844
2019-03-21,2.6226708,1.67156256,1.4430611
2019-03-22,2.49686126,1.62970611,1.41567973
2019-03-25,2.48008093,1.62861222,1.41449195
2019-03-26,2.49959838,1.64012279,1.42465185
2019-03-27,2.46198072,1.6298575,1.41803531
2019-03-28,2.46790571,1.63535691,1.42312532
2019-03-29,2.50571641,1.64818314,1.43270904
2019-04-01,2.5729729,1.66941957,1.44928348
2019-04-02,2.58855187,1.67363736,1.44930878
2019-04-03,2.61781972,1.68362966,1.45242244
2019-04-04,2.61650503,1.68282575,1.45545021
2019-04-05,2.64370217,1.69282876,1.46219831
2019-04-08,2.65862485,1.69606783,1.4637299
2019-04-09,2.64189306,1.68655741,1.45484873
2019-04-10,2.66904409,1.69827705,1.45990851
2019-04-11,2.65819539,1.69467752,1.45996416
2019-04-12,2.68176361,1.70252473,1.46961354
2019-04-15,2.68723408,1.70078676,1.46868861
2019-04-16,2.70727228,1.70595143,1.4694367
2019-04-17,2.72585447,1.70506651,1.46609548
2019-04-18,2.73464548,1.70548872,1.46841058
2019-04-22,2.7550954,1.70915853,1.46989663
2019-04-23,2.83033125,1.73166574,1.48289229
2019-04-24,2.81149928,1.72765472,1.47964214
2019-04-25,2.83303372,1.73120949,1.4790962
2019-04-26,2.83913442,1.73712038,1.48602619
2019-04-29,2.85100209,1.74041495,1.4876185
2019-04-30,2.80767185,1.72624317,1.48903385
2019-05-01,2.78935955,1.71648754,1.47786287
2019-05-02,2.76392735,1.71374314,1.47472391
2019-05-03,2.85772674,1.74087339,1.48893772
2019-05-06,2.82337297,1.73219248,1.48228069
2019-05-07,2.7064073,1.6981746,1.45780579
2019-05-08,2.69078715,1.69381603,1.45546539
2019-05-09,2.6584818,1.68683676,1.45106781
2019-05-10,2.66477291,1.68819084,1.45646622
2019-05-13,2.46696125,1.63063371,1.42132087
2019-05-14,2.52837546,1.64928567,1.4327141
2019-05-15,2.60947725,1.66797802,1.44107969
2019-05-16,2.66736062,1.68416275,1.4538985
2019-05-17,2.60679804,1.66672629,1.44541161
2019-05-20,2.50847105,1.64243853,1.43565598
2019-05-21,2.56757427,1.66020984,1.44785308
2019-05-22,2.54115824,1.65277202,1.44376377
2019-05-23,2.45572905,1.62663759,1.42656255
2019-05-24,2.4518951,1.62849915,1.42849349
2019-05-28,2.43398536,1.62217459,1.41652889
2019-05-29,2.39195087,1.60937178,1.40673797
2019-05-30,2.41345228,1.613724,1.40968996
2019-05-31,2.3326244,1.58929328,1.39108858
2019-06-03,2.222018,1.56367704,1.38724189
2019-06-04,2.36604524,1.60506652,1.41697377
2019-06-05,2.4042363,1.61537867,1.4285389
2019-06-06,2.44599165,1.62392307,1.43730383
2019-06-07,2.54876258,1.65090838,1.45239221
2019-06-10,2.61276011,1.66819553,1.45916042
2019-06-11,2.6211268,1.66806757,1.45864989
2019-06-12,2.59142334,1.6617025,1.45567777
2019-06-13,2.6241151,1.67117232,1.46164224
2019-06-14,2.60190413,1.66254265,1.45928679
2019-06-17,2.63657552,1.6728548,1.46064648
2019-06-18,2.71939136,1.69606783,1.47484016
2019-06-19,2.74188237,1.70319849,1.4792428
2019-06-20,2.79617992,1.71684998,1.49325446
2019-06-21,2.7891738,1.71266415,1.49137412
2019-06-24,2.79043077,1.70711788,1.48879123
2019-06-25,2.69790923,1.68132038,1.47465308
2019-06-26,2.72203098,1.68670463,1.47283345
2019-06-27,2.74400829,1.69902755,1.47846436
2019-06-28,2.7508682,1.70723304,1.48697654
2019-07-01,2.82878154,1.72534118,1.49838508
2019-07-02,2.85207617,1.72916446,1.50277254
2019-07-03,2.89542003,1.74220185,1.51430238
2019-07-05,2.88592923,1.74040214,1.51156769
2019-07-08,2.84703798,1.7268807,1.50425859
2019-07-09,2.87636644,1.73612458,1.50611869
2019-07-10,2.93616353,1.7490895,1.51291233
2019-07-11,2.93302498,1.74770553,1.51636968
2019-07-12,2.96820838,1.75796219,1.52337557
2019-07-15,2.99007061,1.76095835,1.52364348
2019-07-16,2.95937278,1.75341173,1.51845734
2019-07-17,2.92917383,1.74539615,1.50853992
2019-07-18,2.93632731,1.75009384,1.51394351
2019-07-19,2.89002326,1.73713964,1.50459228
2019-07-22,2.9392425,1.74943268,1.50884832
2019-07-23,2.98058958,1.75951045,1.51918013
2019-07-24,3.02537175,1.77445834,1.52630227
2019-07-25,2.97000458,1.75676814,1.51827025
2019-07-26,3.03155496,1.77631563,1.52948677
2019-07-29,3.01230395,1.76845145,1.52701494
2019-07-30,2.98630533,1.76424646,1.5230773
2019-07-31,2.90174617,1.74330854,1.5064978
2019-08-01,2.87117193,1.7295974,1.49294114
2019-08-02,2.78134524,1.70677023,1.48206843
2019-08-05,2.57176122,1.64748377,1.43793567
2019-08-06,2.65873376,1.67034925,1.4566533
2019-08-07,2.69218311,1.67665257,1.45777037
2019-08-08,2.83272831,1.71425281,1.4851215
2019-08-09,2.77150718,1.69718952,1.47529504
2019-08-12,2.69755136,1.67677627,1.45712335
2019-08-13,2.83839675,1.70939093,1.47917209
2019-08-14,2.64931852,1.65769784,1.43584307
2019-08-15,2.64128705,1.65613697,1.43938137
2019-08-16,2.74199843,1.68372357,1.46014606
2019-08-19,2.84403996,1.7065016,1.4778224
2019-08-20,2.79320116,1.69493345,1.46612583
2019-08-21,2.85094044,1.71021191,1.47821668
2019-08-22,2.82969606,1.70406644,1.47746859
2019-08-23,2.62982409,1.65297037,1.43913369
2019-08-26,2.71796374,1.67471428,1.45493968
2019-08-27,2.7065964,1.66900163,1.45027925
2019-08-28,2.72753733,1.67538377,1.45977202
2019-08-29,2.81437526,1.70022816,1.47829257
2019-08-30,2.802406,1.69798697,1.4792428
2019-09-03,2.7523638,1.67906858,1.46903736
2019-09-04,2.83773047,1.7009723,1.48496478
2019-09-05,2.94119852,1.73081498,1.50428389
2019-09-06,2.93797365,1.72788077,1.5056537
2019-09-09,2.93415201,1.72454789,1.50551215
2019-09-10,2.9206076,1.72384851,1.50599739
2019-09-11,2.97641573,1.74208461,1.51688527
2019-09-12,3.00262546,1.74737068,1.52125261
2019-09-13,2.98621566,1.74358363,1.5201506
2019-09-16,2.9686595,1.73864293,1.51538403
2019-09-17,3.0010774,1.74556889,1.51929638
2019-09-18,3.00053785,1.74372867,1.51981703
2019-09-19,3.01362552,1.74489929,1.51984739
2019-09-20,2.9449828,1.73099406,1.51240686
2019-09-23,2.94686818,1.7298831,1.51226025
2019-09-24,2.86498721,1.70454404,1.49953251
2019-09-25,2.93586106,1.7224027,1.50876749
2019-09-26,2.9133571,1.71244029,1.50510281
2019-09-27,2.83542526,1.6930292,1.49710116
2019-09-30,2.89613929,1.70576162,1.50465794
2019-10-01,2.84471697,1.68642955,1.48621328
2019-10-02,2.73603476,1.66010957,1.4596053
2019-10-03,2.8056342,1.67866334,1.47124114
2019-10-04,2.90048298,1.70216437,1.49215763
2019-10-07,2.88022845,1.69658177,1.48547531
2019-10-08,2.78297417,1.66832558,1.4623601
2019-10-09,2.84579999,1.68537617,1.47567414
2019-10-10,2.89582593,1.69540678,1.48514162
2019-10-11,2.96603171,1.71806548,1.50138755
2019-10-14,2.96534118,1.71627638,1.49930495
2019-10-15,3.04225567,1.73761297,1.51423154
2019-10-16,3.02629172,1.73238229,1.51120377
2019-10-17,3.04014098,1.73934876,1.51537897
2019-10-18,2.97873552,1.72499571,1.50943968
2019-10-21,3.03232969,1.74065807,1.51981197
2019-10-22,2.98114483,1.72814305,1.51438827
2019-10-23,2.99294187,1.73144615,1.51869996
2019-10-24,3.05009056,1.74552193,1.52161654
2019-10-25,3.08760028,1.75774479,1.52781363
2019-10-28,3.14078203,1.77541583,1.53634087
2019-10-29,3.0997731,1.76493719,1.53506201
2019-10-30,3.12304506,1.77072251,1.54005614
2019-10-31,3.12595592,1.76824466,1.53540076
2019-11-01,3.16947899,1.78829756,1.55023628
2019-11-04,3.19863739,1.79827704,1.5559785
2019-11-05,3.1998299,1.79859253,1.55413357
2019-11-06,3.19651779,1.7934642,1.55522535
2019-11-07,3.20276913,1.79855838,1.55947126
2019-11-08,3.20922873,1.80725635,1.56346456
2019-11-11,3.20856988,1.80490449,1.56039631
2019-11-12,3.21396334,1.80955511,1.56283778
2019-11-13,3.21367358,1.80870425,1.5639498
2019-11-14,3.21300567,1.80804746,1.56525889
2019-11-15,3.22222874,1.8212278,1.57730432
2019-11-18,3.22398949,1.82317047,1.57809794
2019-11-19,3.2261376,1.8275887,1.57716277
2019-11-20,3.21726763,1.81822123,1.57123866
2019-11-21,3.21390191,1.81384548,1.56875178
2019-11-22,3.21464338,1.81676043,1.57216371
2019-11-25,3.22996251,1.84077321,1.5839664
2019-11-26,3.2321116,1.84406549,1.58744411
2019-11-27,3.24124561,1.85627335,1.59407078
2019-11-29,3.23752898,1.84780569,1.58767661
2019-12-02,3.23080055,1.82701937,1.57397334
2019-12-03,3.2258046,1.81692244,1.56352515
2019-12-04,3.22866999,1.82673783,1.57341221
2019-12-05,3.22870619,1.82759724,1.57577272
2019-12-06,3.2348838,1.84589946,1.59016855
2019-12-09,3.2316397,1.83850006,1.58513913
2019-12-10,3.23113013,1.83729519,1.58340034
2019-12-11,3.23431578,1.84537053,1.58800512
2019-12-12,3.23876529,1.85886219,1.60162262
2019-12-13,3.24079442,1.86260656,1.60173887
2019-12-16,3.24664889,1.8795271,1.61318775
2019-12-17,3.24674314,1.88147394,1.61372864
2019-12-18,3.24730988,1.88240789,1.61303103
2019-12-19,3.25078311,1.89509117,1.620224
2019-12-20,3.2532078,1.90313881,1.62823566
2019-12-23,3.2546627,1.90755079,1.62964594
2019-12-24,3.25470276,1.9090924,1.62932743
2019-12-26,3.25853986,1.9239145,1.63768289
2019-12-27,3.25816443,1.92055184,1.63773855
2019-12-30,3.25392827,1.90762326,1.62827107
2019-12-31,3.25522362,1.91329739,1.633068
2020-01-02,3.26738812,1.93879867,1.64675115
2020-01-03,3.25981408,1.92356903,1.6351253
2020-01-06,3.26343726,1.93438023,1.64090281
2020-01-07,3.26328149,1.93376405,1.63630297
2020-01-08,3.26863371,1.94669909,1.64432486
2020-01-09,3.27468626,1.96251908,1.65526827
2020-01-10,3.27290326,1.95727997,1.65054219
2020-01-13,3.28131276,1.97755235,1.66205673
2020-01-14,3.27849285,1.97273326,1.65953949
2020-01-15,3.27868084,1.97430485,1.66264315
2020-01-16,3.285713,1.99529378,1.67655374
2020-01-17,3.2893517,2.00207699,1.68302887
2020-01-21,3.28936768,1.9982108,1.67856551
2020-01-22,3.29122255,2.00097436,1.67905074
2020-01-23,3.29372443,2.00496423,1.6809665
2020-01-24,3.2873606,1.98629093,1.66576693
2020-01-27,3.27131416,1.94884625,1.63956323
2020-01-28,3.28307947,1.97664609,1.65604672
2020-01-29,3.28423874,1.97781473,1.65461114
2020-01-30,3.28670416,1.98288329,1.65979728
2020-01-31,3.27415018,1.95132639,1.63040921
2020-02-03,3.28578885,1.97743948,1.6422372
2020-02-04,3.30303802,2.01892902,1.66683859
2020-02-05,3.30554123,2.02760992,1.68559152
2020-02-06,3.31197676,2.04114427,1.69119725
2020-02-07,3.30884771,2.03013254,1.68206334
2020-02-10,3.31805682,2.05313661,1.6943868
2020-02-11,3.31831503,2.05538644,1.69724773
2020-02-12,3.32543701,2.07394229,1.70821644
2020-02-13,3.3247068,2.07095904,1.70543129
2020-02-14,3.32693217,2.07505533,1.7085753
2020-02-18,3.32797199,2.0753881,1.70358636
2020-02-19,3.33506736,2.09339378,1.71160308
2020-02-20,3.32853687,2.07927532,1.70507242
2020-02-21,3.31355577,2.04209093,1.68713829
2020-02-24,3.28265982,1.9663255,1.63059617
2020-02-25,3.26197815,1.91180701,1.58122172
2020-02-26,3.26852263,1.91504181,1.57524701
2020-02-27,3.21079528,1.82669743,1.505679
2020-02-28,3.21229644,1.82688714,1.4932747
2020-03-02,3.38597196,1.908941,1.56202392
2020-03-03,3.29301608,1.8517762,1.51811871
2020-03-04,3.42737282,1.92299762,1.58218725
2020-03-05,3.34283233,1.86339766,1.52851618
2020-03-06,3.29069432,1.82864635,1.50244909
2020-03-09,3.10759618,1.69538554,1.38830849
2020-03-10,3.3272476,1.7793095,1.4568858
2020-03-11,3.17493151,1.69567759,1.38569005
2020-03-12,2.92138353,1.53569593,1.25389336
2020-03-13,3.30058409,1.67922205,1.370344
2020-03-16,2.93452732,1.47231954,1.20612122
2020-03-17,3.29571975,1.56405229,1.27843403
2020-03-18,3.16872591,1.49049806,1.21217182
2020-03-19,3.19541203,1.52477395,1.2178785
2020-03-20,3.03225475,1.4669737,1.16507188
2020-03-23,3.03060703,1.46295415,1.13094242
2020-03-24,3.4068552,1.58176811,1.23705619
2020-03-25,3.37495212,1.57461183,1.25132564
2020-03-26,3.62190524,1.66273027,1.32942609
2020-03-27,3.48408948,1.59979097,1.28464124
2020-03-30,3.65259936,1.65774261,1.32769729
2020-03-31,3.62426855,1.64195239,1.30643724
2020-04-01,3.464301,1.56955389,1.24876793
2020-04-02,3.55491859,1.59657751,1.27727648
2020-04-03,3.49827843,1.57221936,1.25794219
2020-04-06,3.79865851,1.68740193,1.34641492
2020-04-07,3.8032301,1.68186191,1.34425655
2020-04-08,3.86760328,1.72528568,1.39003716
2020-04-09,3.8766536,1.73865146,1.4101752
2020-04-13,3.91381807,1.74693359,1.39592586
2020-04-14,4.02928946,1.8158777,1.43860292
2020-04-15,4.01423636,1.78974316,1.40690987
2020-04-16,4.07860622,1.81942174,1.41509343
2020-04-17,4.11152083,1.84453673,1.45300887
2020-04-20,4.10619262,1.82547132,1.42702755
2020-04-21,3.98754371,1.76203307,1.38325377
2020-04-22,4.11307775,1.8115361,1.41497212
2020-04-23,4.1163989,1.81140179,1.41420885
2020-04-24,4.1764306,1.84120593,1.43389189
2020-04-27,4.22773223,1.86160013,1.45499028
2020-04-28,4.18869717,1.83549349,1.44736266
2020-04-29,4.28474099,1.90095313,1.48583923
2020-04-30,4.29000109,1.89558803,1.47215102
2020-05-01,4.17563794,1.83490063,1.43084388
2020-05-04,4.24830938,1.85745261,1.43692472
2020-05-05,4.31624791,1.87843738,1.44991532
2020-05-06,4.35466954,1.88809055,1.43979577
2020-05-07,4.42800743,1.91480296,1.45636009
2020-05-08,4.49447195,1.94501026,1.48093112
2020-05-11,4.56651568,1.96015431,1.4811282
2020-05-12,4.46802562,1.9196839,1.4507646
2020-05-13,4.40114151,1.88996284,1.4254303
2020-05-14,4.47581189,1.9071391,1.44185813
2020-05-15,4.52057245,1.92224484,1.44751939
2020-05-18,4.64607522,1.96921483,1.49311798
2020-05-19,4.63682975,1.95861042,1.47746353
2020-05-20,4.75578884,1.99927074,1.50206492
2020-05-21,4.70473555,1.97988734,1.49038848
2020-05-22,4.73121094,1.98835501,1.49389642
2020-05-26,4.74863316,1.99168789,1.51225519
2020-05-27,4.79180801,2.007071,1.53467785
2020-05-28,4.78934508,1.99782285,1.53144288
2020-05-29,4.89248811,2.02359901,1.5388127
2020-06-01,4.9333309,2.03685807,1.54458514
2020-06-02,4.97968413,2.04886977,1.55726747
2020-06-03,5.0160147,2.06476244,1.57852258
2020-06-04,4.98115954,2.05045406,1.57320501
2020-06-05,5.11032285,2.09273283,1.61444131
2020-06-08,5.17818099,2.11633184,1.63388174
2020-06-09,5.2229301,2.12251574,1.62113881
2020-06-10,5.28677478,2.13671729,1.61252556
2020-06-11,5.03972457,2.02420895,1.51747675
2020-06-12,5.09872634,2.04469664,1.53729628
2020-06-15,5.19213733,2.07395499,1.55007462
2020-06-16,5.30158725,2.11017356,1.57946775
2020-06-17,5.32611609,2.11329966,1.5737812
2020-06-18,5.34917274,2.12023405,1.57471637
2020-06-19,5.35443412,2.12088876,1.56582002
2020-06-22,5.43466143,2.14442175,1.57599017
2020-06-23,5.47314375,2.16039106,1.58277862
2020-06-24,5.39919245,2.11300958,1.54185565
2020-06-25,5.44610833,2.13600303,1.55875353
2020-06-26,5.34246602,2.08060805,1.52098976
2020-06-29,5.39617427,2.10554209,1.54332652
2020-06-30,5.47219937,2.14490987,1.56710899
2020-07-01,5.5174809,2.16535092,1.57497922
2020-07-02,5.54501336,2.17665252,1.5821316
2020-07-06,5.64514238,2.22484864,1.60725858
2020-07-07,5.63891837,2.20570826,1.5898704
2020-07-08,5.66039286,2.2373976,1.60231505
2020-07-09,5.67444673,2.24917899,1.59327222
2020-07-10,5.68614268,2.26403962,1.60994772
2020-07-13,5.68037887,2.21571981,1.59487452
2020-07-14,5.69457869,2.23656172,1.616256
2020-07-15,5.69457869,2.24976331,1.63093492
2020-07-16,5.69457869,2.23341647,1.62537979
2020-07-17,5.69457869,2.2396772,1.63000987
2020-07-20,5.69457869,2.29595053,1.64371326
2020-07-21,5.69457869,2.27745653,1.64647312
2020-07-22,5.69457869,2.28295157,1.65593553
2020-07-23,5.69457869,2.23077015,1.63553464
2020-07-24,5.69457869,2.20982162,1.62541002
2020-07-27,5.69457869,2.24673092,1.63743016
2020-07-28,5.69457869,2.21811874,1.62683043
2020-07-29,5.69457869,2.24815341,1.6470493
2020-07-30,5.69457869,2.2577212,1.64087245
2020-07-31,5.69457869,2.29129762,1.65345877
2020-08-03,5.69457869,2.32488903,1.6653323
2020-08-04,5.69457869,2.33307099,1.67134736
2020-08-05,5.69457869,2.34527468,1.68209369
2020-08-06,5.69457869,2.36866046,1.69290568
2020-08-07,5.69457869,2.34795723,1.69397734
2020-08-10,5.69457869,2.33886901,1.6986226
2020-08-11,5.69457869,2.29930486,1.68508605
2020-08-12,5.69457869,2.34822586,1.70867144
2020-08-13,5.69457869,2.35467839,1.70517349
2020-08-14,5.69457869,2.34973123,1.7048804
2020-08-17,5.69457869,2.37327922,1.70950036
2020-08-18,5.69457869,2.39057481,1.713438
2020-08-19,5.69457869,2.37684658,1.70589134
2020-08-20,5.69457869,2.40211318,1.71127963
2020-08-21,5.69457869,2.41210329,1.71716832
2020-08-24,5.69457869,2.42658638,1.73441508
2020-08-25,5.69457869,2.44508476,1.74065264
2020-08-26,5.69457869,2.48743162,1.75839969
2020-08-27,5.69457869,2.47896187,1.76134157
2020-08-28,5.69457869,2.49395037,1.77319992
2020-08-31,5.69457869,2.51097316,1.76930781
2020-09-01,5.69457869,2.54598893,1.78262185
2020-09-02,5.69457869,2.57088881,1.81001346
2020-09-03,5.69457869,2.44329993,1.74643521
2020-09-04,5.69457869,2.41238691,1.73223141
2020-09-08,5.69457869,2.31313762,1.684151
2020-09-09,5.69457869,2.37580163,1.7180782
2020-09-10,5.69457869,2.3284693,1.68786614
2020-09-11,5.69457869,2.31438706,1.6887659
2020-09-14,5.69457869,2.35769579,1.71028386
2020-09-15,5.69457869,2.38619927,1.71921045
2020-09-16,5.69457869,2.35637784,1.71126951
2020-09-17,5.69457869,2.32648414,1.69687368
2020-09-18,5.69457869,2.30153532,1.67789825
2020-09-21,5.69457869,2.29844754,1.65848313
2020-09-22,5.69457869,2.33786238,1.67592696
2020-09-23,5.69457869,2.26735543,1.63617154
2020-09-24,5.69457869,2.27573126,1.64105953
2020-09-25,5.69457869,2.32718342,1.66727829
2020-09-28,5.69457869,2.37067768,1.69413913
2020-09-29,5.69457869,2.3637943,1.6859858
2020-09-30,5.69457869,2.3813352,1.69990145
2020-10-01,5.69457869,2.41524001,1.70889888
2020-10-02,5.69457869,2.36161278,1.69253164
2020-10-05,5.69457869,2.41651527,1.72295101
2020-10-06,5.69457869,2.37858226,1.69887533
2020-10-07,5.69457869,2.4233622,1.72843025
2020-10-08,5.69457869,2.43538473,1.74227519
2020-10-09,5.69457869,2.469281,1.75759594
2020-10-12,5.69457869,2.53246749,1.78644831
2020-10-13,5.69457869,2.529832,1.77518133
2020-10-14,5.69457869,2.50953817,1.76342405
2020-10-15,5.69457869,2.49783987,1.76072997
2020-10-16,5.69457869,2.48881767,1.76096752
2020-10-19,5.69457869,2.44773107,1.73221117
2020-10-20,5.69457869,2.45575102,1.74039991
2020-10-21,5.69457869,2.4489701,1.73657851
2020-10-22,5.69457869,2.45351619,1.74564159
2020-10-23,5.69457869,2.46252986,1.75165665
2020-10-26,5.69457869,2.42215545,1.7190942
2020-10-27,5.69457869,2.43759582,1.71389288
2020-10-28,5.69457869,2.34665427,1.65341323
2020-10-29,5.69457869,2.38519055,1.67316711
2020-10-30,5.69457869,2.32676339,1.65287234
2020-11-02,5.69457869,2.33657671,1.67323276
2020-11-03,5.69457869,2.37985544,1.70301512
2020-11-04,5.69457869,2.47159247,1.74056157
2020-11-05,5.69457869,2.53559567,1.77443324
2020-11-06,5.69457869,2.53651276,1.77392271
2020-11-09,5.69457869,2.49782072,1.7946774
2020-11-10,5.69457869,2.46371974,1.79216523
2020-11-11,5.69457869,2.51331232,1.80587861
2020-11-12,5.69457869,2.49692716,1.7878586
2020-11-13,5.69457869,2.52245176,1.81219195
2020-11-16,5.69457869,2.5426752,1.83330046
2020-11-17,5.69457869,2.53738903,1.82451542
2020-11-18,5.69457869,2.51654712,1.80341703
2020-11-19,5.69457869,2.53853414,1.81053411
2020-11-20,5.69457869,2.52792764,1.79823595
2020-11-23,5.69457869,2.53339936,1.80837068
2020-11-24,5.69457869,2.56669861,1.83759697
2020-11-25,5.69457869,2.57898331,1.83468544
2020-11-27,5.69457869,2.6027485,1.83908315
2020-11-30,5.69457869,2.60123251,1.83063155
2020-12-01,5.69457869,2.63457653,1.85126494
2020-12-02,5.69457869,2.63335249,1.85458087
2020-12-03,5.69457869,2.63928255,1.85342332
2020-12-04,5.69457869,2.65784506,1.86980067
2020-12-07,5.69457869,2.66972662,1.86618142
2020-12-08,5.69457869,2.68312207,1.87138274
2020-12-09,5.69457869,2.63113057,1.85650674
2020-12-10,5.69457869,2.64538752,1.85412093
2020-12-11,5.69457869,2.63942977,1.85177547
2020-12-14,5.69457869,2.65268675,1.8437031
2020-12-15,5.69457869,2.68574277,1.86752605
2020-12-16,5.69457869,2.69920466,1.87083679
2020-12-17,5.69457869,2.72192719,1.88160842
2020-12-18,5.69457869,2.71998452,1.87500187
2020-12-21,5.69457869,2.71718681,1.86767759
2020-12-22,5.69457869,2.73113265,1.86380572
2020-12-23,5.69457869,2.72328345,1.86519577
2020-12-24,5.69457869,2.73045253,1.8717922
2020-12-28,5.69457869,2.7506439,1.88811896
2020-12-29,5.69457869,2.74015256,1.88391341
2020-12-30,5.69457869,2.74437046,1.88644076
2020-12-31,5.69457869,2.74826851,1.89858726
2021-01-04,5.69457869,2.70778956,1.87057394
2021-01-05,5.69457869,2.7334868,1.88382245
2021-01-06,5.69457869,2.71681802,1.89457878
2021-01-07,5.69457869,2.78648077,1.92270836
2021-01-08,5.69457869,2.81516125,1.93326761
2021-01-11,5.69457869,2.77985957,1.92059552
2021-01-12,5.69457869,2.78753613,1.92139409
2021-01-13,5.69457869,2.79958843,1.92576649
2021-01-14,5.69457869,2.79611041,1.91853822
2021-01-15,5.69457869,2.77177152,1.90474388
2021-01-19,5.69457869,2.81413754,1.92024159
2021-01-20,5.69457869,2.86959436,1.94700136
2021-01-21,5.69457869,2.88530149,1.94761802
2021-01-22,5.69457869,2.88789221,1.9417545
2021-01-25,5.69457869,2.90770854,1.94877557
2021-01-26,5.69457869,2.90559094,1.94587417
2021-01-27,5.69457869,2.82979344,1.89590824
2021-01-28,5.69457869,2.84398667,1.91441349
2021-01-29,5.69457869,2.78716525,1.87744334
2021-02-01,5.69457869,2.8581093,1.90757963
2021-02-02,5.69457869,2.9027593,1.93409159
2021-02-03,5.69457869,2.90228159,1.93604265
2021-02-04,5.69457869,2.93793499,1.95705514
2021-02-05,5.69457869,2.95468686,1.96468275
2021-02-08,5.69457869,2.98269348,1.97922013
2021-02-09,5.69457869,2.98697115,1.97701621
2021-02-10,5.69457869,2.97947159,1.97633378
2021-02-11,5.69457869,2.99082422,1.97961934
2021-02-12,5.69457869,3.00568693,1.9889454
2021-02-16,5.69457869,2.99545797,1.98781315
2021-02-17,5.69457869,2.97797039,1.98717625
2021-02-18,5.69457869,2.95661891,1.9784012
2021-02-19,5.69457869,2.9585593,1.97473147
2021-02-22,5.69457869,2.88575775,1.95946119
2021-02-23,5.69457869,2.87128964,1.9619229
2021-02-24,5.69457869,2.89960113,1.98419389
2021-02-25,5.69457869,2.7975583,1.93562319
2021-02-26,5.69457869,2.81310759,1.92642856
2021-03-01,5.69457869,2.89765221,1.97225977
2021-03-02,5.69457869,2.84859898,1.95632223
2021-03-03,5.69457869,2.77161159,1.93076049
2021-03-04,5.69457869,2.71312467,1.90485506
2021-03-05,5.70224706,2.75506442,1.94199206
2021-03-08,5.68881175,2.68874955,1.93158447
2021-03-09,5.72373856,2.78783266,1.95892536
2021-03-10,5.71820611,2.78676855,1.9707383
2021-03-11,5.73831686,2.85710288,1.99122508
2021-03-12,5.71682002,2.8402977,1.99324697
2021-03-15,5.72095872,2.87011892,2.00618697
2021-03-16,5.69714655,2.87264799,2.00303789
2021-03-17,5.69300498,2.88408391,2.0088054
2021-03-18,5.66083334,2.7968632,1.97915435
2021-03-19,5.66619098,2.81798873,1.97796151
2021-03-22,5.68869096,2.85259719,1.99185692
2021-03-23,5.68536262,2.82064567,1.97665735
2021-03-24,5.65449051,2.76396481,1.9658503
2021-03-25,5.65293514,2.76733184,1.97615188
2021-03-26,5.66918273,2.80167396,2.00901766
2021-03-29,5.66949404,2.7848111,2.00727381
2021-03-30,5.66043908,2.78177017,2.00093517
2021-03-31,5.68447356,2.82473342,2.00818356
2021-04-01,5.705458,2.87446905,2.03193073
2021-04-05,5.74069642,2.9225498,2.06126821
2021-04-06,5.74286864,2.92101237,2.0592615
2021-04-07,5.74000207,2.91897807,2.06229939
2021-04-08,5.757171,2.94893153,2.0710036
2021-04-09,5.76658543,2.964046,2.08699161
2021-04-12,5.76671339,2.95334351,2.0865824
2021-04-13,5.7858673,2.98449747,2.09345662
2021-04-14,5.76422435,2.95501526,2.08489914
2021-04-15,5.7892866,2.99359422,2.1080294
2021-04-16,5.79152205,2.99649001,2.1156369
2021-04-19,5.77907033,2.96715482,2.10441015
2021-04-20,5.76683262,2.93975376,2.09009528
2021-04-21,5.77897724,2.97471414,2.10954582
2021-04-22,5.75652585,2.94660736,2.09011552
2021-04-23,5.78000698,2.98891361,2.11295775
2021-04-26,5.79355207,3.01492238,2.11672362
2021-04-27,5.78604128,3.00456743,2.11626874
2021-04-28,5.77899006,2.99621076,2.11447935
2021-04-29,5.78370655,3.00293192,2.12877917
2021-04-30,5.77098158,2.97737108,2.11346323
2021-05-03,5.75754267,2.96296482,2.11927121
2021-05-04,5.7216866,2.90717752,2.10511801
2021-05-05,5.7145933,2.89628532,2.10659888
2021-05-06,5.72812796,2.90703675,2.12380022
2021-05-07,5.74254976,2.93249743,2.13945973
2021-05-10,5.70193815,2.8577832,2.11713308
2021-05-11,5.69962457,2.85513251,2.09876925
2021-05-12,5.65472601,2.77884669,2.05375191
2021-05-13,5.67292049,2.79874402,2.07875252
2021-05-14,5.7271761,2.86377947,2.10976326
2021-05-17,5.71394433,2.85291912,2.10442545
2021-05-18,5.69663882,2.83683883,2.08650144
2021-05-19,5.6996865,2.83600733,2.08036001
2021-05-20,5.74781507,2.88633145,2.10231767
2021-05-21,5.73404445,2.8725243,2.10066971
2021-05-24,5.77862036,2.9130778,2.12149006
2021-05-25,5.78275485,2.91222485,2.11698129
2021-05-26,5.79228539,2.92946087,2.12095448
2021-05-27,5.78339396,2.92909416,2.12342605
2021-05-28,5.79156578,2.9317511,2.12505872
2021-06-01,5.78461297,2.92913685,2.12401248
2021-06-02,5.79014641,2.93336954,2.12708579
2021-06-03,5.76214536,2.90312809,2.11936722
2021-06-04,5.80956293,2.94577148,2.13808992
2021-06-07,5.81885071,2.96010735,2.13638642
2021-06-08,5.82119285,2.96931718,2.13676034
2021-06-09,5.8228541,2.96651094,2.13286317
2021-06-10,5.85114307,2.98966432,2.14278577
2021-06-11,5.84955028,3.00013213,2.14696085
2021-06-14,5.87662907,3.02246233,2.15085802
2021-06-15,5.86038407,3.00086576,2.14653115
2021-06-16,5.85068947,2.99379039,2.13496108
2021-06-17,5.88533129,3.01973501,2.13403084
2021-06-18,5.86559718,2.99180732,2.10602282
2021-06-21,5.88497282,3.01549816,2.13551196
2021-06-22,5.91103947,3.03933581,2.14645538
2021-06-23,5.9133518,3.04327238,2.14413016
2021-06-24,5.92976656,3.06416532,2.15659023
2021-06-25,5.92752269,3.06217787,2.16377297
2021-06-28,5.96365849,3.09205678,2.16878202
2021-06-29,5.97523966,3.09798912,2.16938351
2021-06-30,5.97158882,3.09279041,2.17226479
2021-07-01,5.97407261,3.09672031,2.18360755
2021-07-02,6.00956585,3.12165852,2.19998478
2021-07-06,6.02829289,3.12684223,2.19553673
2021-07-07,6.03575052,3.12714502,2.20291149
2021-07-08,6.01781198,3.10469549,2.1840523
2021-07-09,6.03786826,3.13500504,2.20868393
2021-07-12,6.05138985,3.14168371,2.21630649
2021-07-13,6.05058961,3.12982985,2.20851215
2021-07-14,6.05664347,3.12285694,2.21108492
2021-07-15,6.03550261,3.101145,2.20387183
2021-07-16,6.01030193,3.07643294,2.18725716
2021-07-19,5.9847635,3.04396541,2.15254646
2021-07-20,6.02028166,3.09170922,2.18518468
2021-07-21,6.0453309,3.12008485,2.20319458
2021-07-22,6.06736002,3.13131169,2.2076377
2021-07-23,6.10385875,3.16380713,2.23003518
2021-07-26,6.10810851,3.16460032,2.23534757
2021-07-27,6.07051526,3.12618982,2.22481362
2021-07-28,6.08322494,3.14794007,2.22439922
2021-07-29,6.08921284,3.15128358,2.23375538
2021-07-30,6.07111059,3.12876991,2.22167959
2021-08-02,6.06990145,3.13055911,2.21758547
2021-08-03,6.09072545,3.14766499,2.23577727
2021-08-04,6.09557902,3.15176773,2.22542028
2021-08-05,6.1182385,3.17620262,2.23878492
2021-08-06,6.10257074,3.16354475,2.24253548
2021-08-09,6.10899492,3.168752,2.24042771
2021-08-10,6.09183684,3.15337972,2.24265173
2021-08-11,6.08486577,3.14848587,2.24551278
2021-08-12,6.0954491,3.15938661,2.25482353
2021-08-13,6.10739044,3.16080264,2.25844772
2021-08-16,6.1103008,3.15458876,2.26436678
2021-08-17,6.0809865,3.12525149,2.24837877
2021-08-18,6.04855327,3.0974731,2.22421213
2021-08-19,6.06486194,3.10085929,2.22700728
2021-08-20,6.10004221,3.13772174,2.24513861
2021-08-23,6.15275779,3.18633787,2.2642757
2021-08-24,6.16379495,3.20278904,2.26766246
2021-08-25,6.16819828,3.20749318,2.27269694
2021-08-26,6.14502712,3.18701153,2.25945867
2021-08-27,6.18002172,3.22618127,2.27935915
2021-08-30,6.2220181,3.2552647,2.28917537
2021-08-31,6.21938979,3.25384679,2.28608701
2021-09-01,6.22514319,3.26453846,2.28679955
2021-09-02,6.22337649,3.269187,2.2933001
2021-09-03,6.2270202,3.27608308,2.29253177
2021-09-07,6.23150972,3.2783883,2.28474731
2021-09-08,6.21272959,3.25968938,2.28173472
2021-09-09,6.19818549,3.25150326,2.27122594
2021-09-10,6.16886971,3.22319386,2.25368622
2021-09-13,6.16682981,3.22108064,2.25881671
2021-09-14,6.1559449,3.20661878,2.24583611
2021-09-15,6.18290281,3.23301134,2.26486731
2021-09-16,6.18484286,3.23735918,2.26135419
2021-09-17,6.14045869,3.20794298,2.24075128
2021-09-20,6.06367548,3.13755972,2.20270935
2021-09-21,6.0678729,3.14448995,2.20091996
2021-09-22,6.10127468,3.17657141,2.22187186
2021-09-23,6.13261175,3.20970657,2.24883364
2021-09-24,6.13590534,3.20873846,2.25211921
2021-09-27,6.10341346,3.19216339,2.24586646
2021-09-28,5.99861492,3.10190195,2.20013139
2021-09-29,5.99220889,3.09460085,2.2035838
2021-09-30,5.97857131,3.08098341,2.17733975
2021-10-01,5.99968345,3.10617108,2.2023606
2021-10-04,5.9219722,3.03980727,2.17376097
2021-10-05,5.96785832,3.07783815,2.19663875
2021-10-06,5.98923448,3.09235539,2.2056511
2021-10-07,6.02145829,3.12479086,2.22395421
2021-10-08,6.00430461,3.10890902,2.21969818
2021-10-11,5.97707184,3.08900544,2.20445826
2021-10-12,5.9628294,3.08468092,2.19913057
2021-10-13,5.99014226,3.10722436,2.20577747
2021-10-14,6.05270671,3.16091551,2.24341488
2021-10-15,6.07413067,3.17667595,2.26015122
2021-10-18,6.10950199,3.2032176,2.26777871
2021-10-19,6.13461458,3.22609381,2.28454517
2021-10-20,6.13128593,3.22451368,2.29291581
2021-10-21,6.15232861,3.24456241,2.29978509
2021-10-22,6.12539297,3.21780107,2.29731845
2021-10-25,6.16292749,3.24691011,2.30822657
2021-10-26,6.17414533,3.24882925,2.31242707
2021-10-27,6.18313575,3.24885694,2.30074569
2021-10-28,6.21817545,3.29412312,2.32336037
2021-10-29,6.23533564,3.30484249,2.32788937
2021-11-01,6.25153611,3.32563963,2.33207975
2021-11-02,6.26759698,3.33708617,2.34066265
2021-11-03,6.30262707,3.37162652,2.35578633
2021-11-04,6.33567999,3.39907652,2.36563809
2021-11-05,6.34320699,3.40574665,2.37446854
2021-11-08,6.3546881,3.40804333,2.37657657
2021-11-09,6.33512194,3.38761082,2.36826146
2021-11-10,6.28295086,3.33135228,2.34878056
2021-11-11,6.29349563,3.34874615,2.3500746
2021-11-12,6.33650205,3.38215618,2.36704838
2021-11-15,6.33577978,3.38063999,2.36702295
2021-11-16,6.36528001,3.40623081,2.37617204
2021-11-17,6.36759892,3.3950806,2.36999013
2021-11-18,6.41064792,3.4104635,2.37801203
2021-11-19,6.43398762,3.42405324,2.37468599
2021-11-22,6.38592521,3.38083407,2.36709379
2021-11-23,6.36659362,3.36385605,2.37101638
2021-11-24,6.38005386,3.37880206,2.37645514
2021-11-26,6.29874526,3.3034075,2.32245061
2021-11-29,6.39095476,3.36549594,2.35310743
2021-11-30,6.32725309,3.3132229,2.30848943
2021-12-01,6.25454241,3.25274,2.28121419
2021-12-02,6.28451906,3.27987888,2.31359474
2021-12-03,6.21158094,3.21679235,2.29404819
2021-12-06,6.24366679,3.24657755,2.32095937
2021-12-07,6.37135874,3.34504427,2.36901967
2021-12-08,6.39051109,3.36638304,2.37632877
2021-12-09,6.32792597,3.30888984,2.35926416
2021-12-10,6.37337981,3.33303465,2.38179295
2021-12-13,6.31371589,3.28669395,2.36003249
2021-12-14,6.27063085,3.24924073,2.34240145
2021-12-15,6.36499906,3.31917003,2.38069611
2021-12-16,6.2578354,3.2370414,2.3598807
2021-12-17,6.23702348,3.2347491,2.335603
2021-12-20,6.19647482,3.19450275,2.30900502
2021-12-21,6.28836646,3.27130022,2.35005436
2021-12-22,6.33930774,3.30985357,2.37397837
2021-12-23,6.37109898,3.33789018,2.3887533
2021-12-27,6.44185815,3.38435249,2.42181111
2021-12-28,6.42146363,3.36525917,2.4193647
2021-12-29,6.42065384,3.36195398,2.4227564
2021-12-30,6.40736783,3.35669551,2.41551295
2021-12-31,6.37984811,3.3360989,2.40916938
2022-01-03,6.42055397,3.37615137,2.42452555
2022-01-04,6.36334292,3.33135436,2.42299901
2022-01-05,6.23251421,3.21992699,2.37601038
2022-01-06,6.22812766,3.21580946,2.37372046
2022-01-07,6.18313158,3.18489852,2.36410637
2022-01-10,6.18536878,3.18637619,2.36069962
2022-01-11,6.24189659,3.23128836,2.38232359
2022-01-12,6.25709688,3.23873877,2.3890364
2022-01-13,6.16277202,3.15737147,2.35500788
2022-01-14,6.18654133,3.17591046,2.35693894
2022-01-18,6.09035551,3.0934195,2.31359968
2022-01-19,6.04700818,3.05788542,2.29118196
2022-01-20,5.99778912,3.01817196,2.26589331
2022-01-21,5.87492191,2.93605417,2.22303434
2022-01-24,5.89336059,2.95443739,2.22919602
2022-01-25,5.77526795,2.8870884,2.20206245
2022-01-26,5.76067184,2.88769188,2.19876676
2022-01-27,5.70963131,2.84731747,2.18692841
2022-01-28,5.87105911,2.9364061,2.24017497
2022-01-31,6.04236371,3.03648064,2.28248281
2022-02-01,6.07830256,3.05910946,2.29814749
2022-02-02,6.12344525,3.07436658,2.31980182
2022-02-03,5.90696929,2.95948909,2.26321935
2022-02-04,5.97503492,3.00622856,2.27489061
2022-02-07,5.92983208,2.9886706,2.26646962
2022-02-08,5.98853298,3.02679331,2.2855107
2022-02-09,6.09988203,3.08989462,2.31868993
2022-02-10,5.98664801,3.02491457,2.27668518
2022-02-11,5.8278192,2.94079455,2.23349771
2022-02-14,5.83260166,2.9407454,2.22491974
2022-02-15,5.96319989,3.01513124,2.25999943
2022-02-16,5.96156417,3.01178982,2.26199096
2022-02-17,5.8109517,2.92492312,2.21409752
2022-02-18,5.74890077,2.88896069,2.19823094
2022-02-22,5.69692778,2.85344576,2.1759344
2022-02-23,5.5807808,2.78008571,2.13587083
2022-02-24,5.75114538,2.87307863,2.16781674
2022-02-25,5.83358693,2.92021064,2.21631661
2022-02-28,5.84427987,2.93231834,2.21090302
2022-03-01,5.7624056,2.88563197,2.17669261
2022-03-02,5.84679959,2.93245037,2.21727202
2022-03-03,5.76932038,2.88680061,2.20562099
2022-03-04,5.69030356,2.83892873,2.1881215
2022-03-07,5.49350332,2.73604565,2.12353218
2022-03-08,5.44920122,2.72849487,2.10817108
2022-03-09,5.73243853,2.82658426,2.16234738
2022-03-10,5.64568808,2.79980375,2.15306699
2022-03-11,5.49461754,2.73878568,2.12515991
2022-03-14,5.35551977,2.6827916,2.10938909
2022-03-15,5.59571017,2.76113525,2.15454811
2022-03-16,5.88073735,2.8651803,2.202775
2022-03-17,5.95711004,2.90318577,2.22997446
2022-03-18,6.09600875,2.96269182,2.25598108
2022-03-21,6.08976888,2.95088273,2.2550005
2022-03-22,6.21471505,3.00853378,2.28049128
2022-03-23,6.13458187,2.96882449,2.2525035
2022-03-24,6.27381861,3.02623668,2.28481321
2022-03-25,6.27855582,3.02143029,2.29638846
2022-03-28,6.37231472,3.06100735,2.31279606
2022-03-29,6.44484922,3.11745977,2.34114295
2022-03-30,6.41063114,3.07963776,2.3264085
2022-03-31,6.36205829,3.03235228,2.28999429
2022-04-01,6.35572976,3.04109086,2.29780368
2022-04-04,6.4624201,3.09888892,2.31639507
2022-04-05,6.38850507,3.02886592,2.28732033
2022-04-06,6.26649127,2.96162147,2.26509463
2022-04-07,6.29744518,2.96342961,2.27472895
2022-04-08,6.17781525,2.92370345,2.26869858
2022-04-11,5.97501536,2.85993681,2.2304091
2022-04-12,5.93687184,2.85132421,2.22278679
2022-04-13,6.11106157,2.90932906,2.2476255
2022-04-14,5.91896831,2.84695492,2.22033002
2022-04-18,5.92073063,2.84296317,2.21987515
2022-04-19,6.11760531,2.90422635,2.25552102
2022-04-20,5.99004477,2.86870309,2.25412604
2022-04-21,5.81429048,2.80933344,2.22087103
2022-04-22,5.60451256,2.73782194,2.15926395
2022-04-25,5.70367487,2.7731255,2.1715673
2022-04-26,5.43321239,2.66349795,2.1104457
2022-04-27,5.42322605,2.66311187,2.11487351
2022-04-28,5.72380756,2.74469678,2.16721008
2022-04-29,5.38053381,2.6302114,2.08857393
2022-05-02,5.51131796,2.67315321,2.10042709
2022-05-03,5.51429678,2.67906847,2.11058712
2022-05-04,5.80387963,2.76459828,2.17361436
2022-05-05,5.41709594,2.62659719,2.09612564
2022-05-06,5.32395004,2.58970059,2.08423176
2022-05-09,5.04792092,2.47851624,2.01745901
2022-05-10,5.1413251,2.50291489,2.02241772
2022-05-11,4.91831396,2.42328557,1.98912224
2022-05-12,4.89840382,2.42471847,1.98654441
2022-05-13,5.2038093,2.51727221,2.03396262
2022-05-16,5.11514523,2.48694767,2.02593578
2022-05-17,5.33344886,2.55555256,2.06679816
2022-05-18,4.96434927,2.43478125,1.98330931
2022-05-19,4.91407115,2.42845867,1.97173912
2022-05-20,4.88758366,2.42123419,1.97202727
2022-05-23,5.02253878,2.45975548,2.00861832
2022-05-24,4.84922892,2.40200656,1.99230673
2022-05-25,4.96727098,2.43831883,2.01113556
2022-05-26,5.19819011,2.50355044,2.05112348
2022-05-27,5.46183874,2.58681543,2.10187292
2022-05-31,5.46474604,2.57620893,2.08868499
2022-06-01,5.41170279,2.55767223,2.07305585
2022-06-02,5.63263944,2.62642872,2.11126437
2022-06-03,5.44017661,2.5615682,2.07675087
2022-06-06,5.47678056,2.57194001,2.08326647
2022-06-07,5.55422317,2.59621934,2.10310624
2022-06-08,5.49443324,2.57724951,2.08040542
2022-06-09,5.28805406,2.50644623,2.03089449
2022-06-10,5.01229682,2.4181208,1.97177454
2022-06-13,4.6785022,2.30493651,1.89533193
2022-06-14,4.68970485,2.30901343,1.88817956
2022-06-15,4.89949831,2.36675839,1.91573283
2022-06-16,4.59043264,2.27015084,1.85344861
2022-06-17,4.69915933,2.3026163,1.85752781
2022-06-21,4.9365739,2.36039312,1.90299496
2022-06-22,4.9203653,2.35693446,1.90051808
2022-06-23,5.06509524,2.39512756,1.91863423
2022-06-24,5.41221585,2.47518336,1.97727401
2022-06-27,5.35131048,2.45746963,1.97139543
2022-06-28,5.07558692,2.38432698,1.93168554
2022-06-29,5.0844008,2.38354858,1.93031068
2022-06-30,4.96848334,2.35174429,1.91340255
2022-07-01,5.03188971,2.37287815,1.93359624
2022-07-05,5.20101691,2.41432958,1.93665931
2022-07-06,5.26562498,2.4227758,1.94357931
2022-07-07,5.48131174,2.478111,1.97266417
2022-07-08,5.49623121,2.4810878,1.97102633
2022-07-11,5.32315014,2.4250681,1.9483054
2022-07-12,5.23720297,2.40206632,1.9302955
2022-07-13,5.21973879,2.39840921,1.92169236
2022-07-14,5.25620376,2.39917908,1.91592991
2022-07-15,5.43601618,2.44208881,1.95271815
2022-07-18,5.35890217,2.42239201,1.93638646
2022-07-19,5.6625742,2.4976864,1.98988551
2022-07-20,5.81209117,2.53702877,2.00161748
2022-07-21,5.94442237,2.57156476,2.02135618
2022-07-22,5.79960845,2.52347964,2.00249194
2022-07-25,5.75856233,2.51251059,2.00512555
2022-07-26,5.57999093,2.46557704,1.98197998
2022-07-27,5.99528861,2.56576673,2.03382119
2022-07-28,6.08525627,2.59352388,2.05849823
2022-07-29,6.23238049,2.64216355,2.08774488
2022-08-01,6.27491347,2.63753416,2.081851
2022-08-02,6.27033578,2.63322234,2.06798089
2022-08-03,6.46094479,2.70133058,2.10032096
2022-08-04,6.50296949,2.71250849,2.0986883
2022-08-05,6.49678105,2.69906805,2.09527636
2022-08-08,6.54622317,2.6962768,2.09268335
2022-08-09,6.47513971,2.66417806,2.08379218
2022-08-10,6.68915845,2.74112921,2.12815745
2022-08-11,6.65751839,2.7251599,2.12665609
2022-08-12,6.81165762,2.78215416,2.16349481
2022-08-15,6.89578874,2.79939644,2.17208289
2022-08-16,6.89069237,2.79395887,2.17615702
2022-08-17,6.81597172,2.75889625,2.16040645
2022-08-18,6.8499568,2.76470052,2.16530962
2022-08-19,6.65658252,2.70923308,2.13737712
2022-08-22,6.36107323,2.64021879,2.09163711
2022-08-23,6.34748861,2.64016111,2.08695632
2022-08-24,6.38449835,2.65087215,2.09304222
2022-08-25,6.60704704,2.69517001,2.12253654
2022-08-26,6.11712146,2.5890715,2.05103241
2022-08-29,5.99476442,2.56262148,2.0373595
2022-08-30,5.85881277,2.53393454,2.01489118
2022-08-31,5.78828666,2.51966051,1.99914072
2022-09-01,5.79095658,2.51303515,2.00513061
2022-09-02,5.62596199,2.48013905,1.98360253
2022-09-06,5.53266779,2.46181122,1.97547956
2022-09-07,5.76137327,2.51447888,2.01171186
2022-09-08,5.81637639,2.52945446,2.02501073
2022-09-09,6.04833628,2.58280223,2.05593558
2022-09-12,6.17079395,2.6156623,2.07769616
2022-09-13,5.67765238,2.48071692,1.98786362
2022-09-14,5.75627704,2.49907869,1.99459654
2022-09-15,5.59923814,2.46339989,1.97202221
2022-09-16,5.54098197,2.44123169,1.95785889
2022-09-19,5.61553892,2.45970217,1.97128412
2022-09-20,5.53621951,2.43625247,1.9490636
2022-09-21,5.3706884,2.3925687,1.91570247
2022-09-22,5.248198,2.35986211,1.89955773
2022-09-23,5.08912289,2.3174534,1.86682338
2022-09-26,5.05024281,2.30359086,1.84751944
2022-09-27,5.05344388,2.30925874,1.84360203
2022-09-28,5.23669028,2.35662731,1.87986963
2022-09-29,4.96987722,2.28964294,1.84015468
2022-09-30,4.81194536,2.25512195,1.81242963
2022-10-03,5.03914625,2.30625841,1.85934237
2022-10-04,5.3542032,2.3832331,1.91620794
2022-10-05,5.34655549,2.37731137,1.91234113
2022-10-06,5.26792335,2.36124815,1.89274904
2022-10-07,4.91741739,2.27149441,1.83974522
2022-10-10,4.83283191,2.24797411,1.825961
2022-10-11,4.71172512,2.22325789,1.81405724
2022-10-12,4.70919646,2.22131939,1.80808758
2022-10-13,4.96636359,2.27080138,1.85503574
2022-10-14,4.65164913,2.2009104,1.81114065
2022-10-17,5.0225,2.27648405,1.85909975
2022-10-18,5.10670392,2.29708294,1.88034475
2022-10-19,5.07301888,2.27748839,1.8677989
2022-10-20,5.02430636,2.26348508,1.8529482
2022-10-21,5.27941597,2.31570273,1.89690906
2022-10-24,5.41282388,2.33551052,1.91944809
2022-10-25,5.61075648,2.38807572,1.95067109
2022-10-26,5.42829573,2.3394298,1.93626009
2022-10-27,5.26366563,2.30140517,1.92448257
2022-10-28,5.57835656,2.36746204,1.97187561
2022-10-31,5.50496793,2.343089,1.95717645
2022-11-01,5.40718832,2.32234079,1.94914962
2022-11-02,5.03540842,2.24428514,1.90041701
2022-11-03,4.80986965,2.20550585,1.88029921
2022-11-04,4.99774385,2.23371925,1.90590649
2022-11-07,5.13147814,2.25275489,1.92422984
2022-11-08,5.21597177,2.26377516,1.93500147
2022-11-09,4.96432118,2.20768716,1.89479623
2022-11-10,5.76964238,2.36995696,1.99983328
2022-11-11,5.94270449,2.41456198,2.01831323
2022-11-14,5.92472216,2.38745724,2.00027803
2022-11-15,6.05795229,2.42204237,2.01770669
2022-11-16,5.95353525,2.38477907,2.00105648
2022-11-17,5.94545258,2.37652672,1.99487457
2022-11-18,5.95461288,2.3767612,2.00436734
2022-11-21,5.88331546,2.35084219,1.99658301
2022-11-22,6.0320081,2.38280662,2.02369658
2022-11-23,6.13666566,2.40645686,2.03566612
2022-11-25,6.10428857,2.39388436,2.03508993
2022-11-28,6.00508763,2.35617105,2.00365961
2022-11-29,5.93190788,2.34215712,2.00047005
2022-11-30,6.38322901,2.44541107,2.06238035
2022-12-01,6.40819685,2.4484924,2.06059096
2022-12-02,6.39687401,2.44402503,2.05812925
2022-12-05,6.30504245,2.39678015,2.02130065
2022-12-06,6.08034362,2.34879082,1.99219555
2022-12-07,6.01600215,2.33677703,1.98848534
2022-12-08,6.15983265,2.36310128,2.00344229
2022-12-09,6.08921245,2.34660097,1.98871784
2022-12-12,6.24667953,2.37626663,2.01711533
2022-12-13,6.36928834,2.40037729,2.03181942
2022-12-14,6.2939504,2.38205591,2.01952138
2022-12-15,5.92251374,2.30521367,1.96919152
2022-12-16,5.80494116,2.28279809,1.94725916
2022-12-19,5.6527868,2.24881228,1.92971919
2022-12-20,5.64340627,2.24904259,1.93172096
2022-12-21,5.8054099,2.28364251,1.96044178
2022-12-22,5.53045686,2.23390479,1.93211006
2022-12-23,5.55484039,2.23854063,1.94344788
2022-12-27,5.39862152,2.20770007,1.93557765
2022-12-28,5.26025243,2.17785948,1.91231077
2022-12-29,5.52833911,2.23432481,1.94570227
2022-12-30,5.52272762,2.23184925,1.94075874
2023-01-03,5.44869588,2.21489685,1.93299464
2023-01-04,5.4996661,2.23020291,1.94756743
2023-01-05,5.32486779,2.19746674,1.92488697
2023-01-06,5.62863678,2.25377214,1.9688529
2023-01-09,5.70597196,2.26792267,1.96734154
2023-01-10,5.79388091,2.29073474,1.98107011
2023-01-11,5.97078993,2.33104523,2.00652572
2023-01-12,6.0246178,2.34585026,2.01337982
2023-01-13,6.0950547,2.36249572,2.02142702
2023-01-17,6.15190525,2.3658969,2.01732253
2023-01-18,6.04894296,2.33644864,1.98592775
2023-01-19,5.95546094,2.31411406,1.97075853
2023-01-20,6.23271162,2.3755607,2.00804213
2023-01-23,6.4692479,2.4233218,2.03190038
2023-01-24,6.4621966,2.41689468,2.03045467
2023-01-25,6.46495347,2.41243605,2.03008569
2023-01-26,6.62007364,2.454881,2.05243257
2023-01-27,6.7075228,2.47818785,2.05755307
2023-01-30,6.61458229,2.42959087,2.03086919
2023-01-31,6.7445555,2.4702639,2.06060614
2023-02-01,6.89394364,2.51968613,2.08214422
2023-02-02,7.03744849,2.60167606,2.11275043
2023-02-03,7.03306012,2.56033562,2.09087372
2023-02-06,7.05276068,2.53485371,2.07803479
2023-02-07,7.21976258,2.58311792,2.10478432
2023-02-08,7.12742718,2.53977296,2.08146178
2023-02-09,7.06110453,2.5139841,2.0630829
2023-02-10,6.99882058,2.49874613,2.0676119
2023-02-13,7.21787907,2.53577913,2.09128319
2023-02-14,7.30172112,2.55035614,2.09069676
2023-02-15,7.4036208,2.573906,2.09649463
2023-02-16,7.20235195,2.5281111,2.06758661
2023-02-17,7.12672304,2.5134914,2.06186476
2023-02-21,6.81925086,2.45059271,2.02054244
2023-02-22,6.82922494,2.45374234,2.017363
2023-02-23,6.94667854,2.47151146,2.0281144
2023-02-24,6.71985019,2.42983201,2.00674304
2023-02-27,6.80395907,2.44519367,2.01290977
2023-02-28,6.78511983,2.44275414,2.00679857
2023-03-01,6.67899287,2.42653536,1.99731592
2023-03-02,6.7892404,2.44434072,2.01245995
2023-03-03,7.07322658,2.49253871,2.04495663
2023-03-06,7.09436902,2.48970914,2.04636185
2023-03-07,6.92023233,2.4587022,2.01499743
2023-03-08,6.96967421,2.46844075,2.01784824
2023-03-09,6.75013477,2.41776471,1.98060005
2023-03-10,6.54864047,2.3752323,1.95192465
2023-03-13,6.64778566,2.38588357,1.94897771
2023-03-14,6.9307665,2.43691363,1.98109035
2023-03-15,6.99536824,2.43817161,1.96726059
2023-03-16,7.29701055,2.49856705,2.00180963
2023-03-17,7.23712851,2.4800643,1.97975077
2023-03-20,7.30918545,2.48966645,1.99740699
2023-03-21,7.47633105,2.52902382,2.02333771
2023-03-22,7.33764141,2.48847657,1.99002705
2023-03-23,7.48317728,2.51351931,1.99596635
2023-03-24,7.5346985,2.52131519,2.00722321
2023-03-27,7.49494985,2.5095615,2.01052902
2023-03-28,7.44367375,2.49831112,2.00736476
2023-03-29,7.67150827,2.54312521,2.03594415
2023-03-30,7.78508614,2.56172584,2.04758012
2023-03-31,7.965005,2.60617321,2.0771401
2023-04-03,8.00982057,2.59925152,2.08482312
2023-04-04,8.00169126,2.58579193,2.07273746
2023-04-05,7.90990568,2.55818409,2.06757143
2023-04-06,8.0081589,2.57760997,2.0749716
2023-04-10,8.0699683,2.5768424,2.0770389
2023-04-11,8.0043011,2.56565158,2.07695301
2023-04-12,7.88805538,2.54378616,2.06836505
2023-04-13,8.16840934,2.59430853,2.09579714
2023-04-14,8.15145399,2.58518199,2.09146015
2023-04-17,8.18461122,2.59248539,2.09837485
2023-04-18,8.18558193,2.59156642,2.10016942
2023-04-19,8.18480838,2.59238106,2.09999245
2023-04-20,8.07019081,2.57155393,2.08749215
2023-04-21,8.08779931,2.57430478,2.08937755
2023-04-24,8.06066903,2.56678607,2.09115682
2023-04-25,7.77374152,2.51602693,2.05809383
2023-04-26,7.86667834,2.52779541,2.05018831
2023-04-27,8.26855305,2.58918457,2.0903026
2023-04-28,8.37974788,2.60716902,2.10755429
2023-05-01,8.37252039,2.60418785,2.10674055
2023-05-02,8.21391262,2.57602131,2.0823313
2023-05-03,8.10991481,2.56425491,2.06775851
2023-05-04,8.05540614,2.55168887,2.05283192
2023-05-05,8.39412998,2.60905192,2.09075748
2023-05-08,8.40944245,2.61363862,2.09170277
2023-05-09,8.30006129,2.59714039,2.08212398
2023-05-10,8.46757858,2.62419826,2.09146015
2023-05-11,8.52354814,2.62890428,2.08791173
2023-05-12,8.45889203,2.61957096,2.08460592
2023-05-15,8.56432577,2.63673015,2.09077253
2023-05-16,8.57225328,2.63200477,2.07743825
2023-05-17,8.77022174,2.66559409,2.10214071
2023-05-18,9.04325916,2.70574027,2.12199553
2023-05-19,8.99657447,2.69914281,2.11892741
2023-05-22,9.08180414,2.71255118,2.11925591
2023-05-23,8.90666127,2.67832006,2.09547357
2023-05-24,8.82991112,2.66209483,2.08013763
2023-05-25,9.1801499,2.70771272,2.09835461
2023-05-26,9.51909626,2.76690766,2.12573622
2023-05-30,9.60973778,2.77580805,2.12577151
2023-05-31,9.55954466,2.75829277,2.11278597
2023-06-01,9.68747245,2.79362423,2.13360632
2023-06-02,9.77107818,2.82343254,2.16461706
2023-06-05,9.82895148,2.82101446,2.16028008
2023-06-06,9.84436838,2.83103455,2.16536515
2023-06-07,9.68509951,2.79446011,2.15711076
2023-06-08,9.84019543,2.82295276,2.17046035
2023-06-09,9.89612718,2.82734975,2.17295217
2023-06-12,10.06748971,2.87059017,2.19320658
2023-06-13,10.14016502,2.89434494,2.20841096
2023-06-14,10.19459385,2.90568069,2.21022059
2023-06-15,10.28398266,2.93901826,2.23713696
2023-06-16,10.25615948,2.91913383,2.22892304
2023-06-20,10.26260867,2.91438284,2.21836885
2023-06-21,10.20125971,2.87917944,2.20673288
2023-06-22,10.26286818,2.90656134,2.21492162
2023-06-23,10.22276049,2.87711516,2.19795796
2023-06-26,10.15147973,2.84369242,2.18809608
2023-06-27,10.24850102,2.89058121,2.21316259
2023-06-28,10.26137168,2.89827485,2.21237896
2023-06-29,10.24925347,2.8981853,2.22227614
2023-06-30,10.33991488,2.94010569,2.24954125
2023-07-03,10.3609067,2.94625752,2.25217474
2023-07-05,10.36532048,2.94090117,2.24774174
2023-07-06,10.31922148,2.91688838,2.22993398
2023-07-07,10.2989731,2.9129818,2.223545
2023-07-10,10.29996223,2.91826172,2.22889268
2023-07-11,10.33095804,2.93430141,2.24392035
2023-07-12,10.40908681,2.96804838,2.26055057
2023-07-13,10.44637792,3.01487761,2.27969778
2023-07-14,10.44673194,3.00957436,2.27736244
2023-07-17,10.4576741,3.03756182,2.28614254
2023-07-18,10.46607384,3.06073852,2.30241365
2023-07-19,10.46656607,3.06167247,2.30784253
2023-07-20,10.44356772,2.99882917,2.29224868
2023-07-21,10.4407579,2.99232542,2.29299158
2023-07-24,10.44391261,2.99788251,2.30224186
2023-07-25,10.45181296,3.01615474,2.30872192
2023-07-26,10.44862036,3.01247014,2.30836306
2023-07-27,10.44618713,2.9960146,2.2935326
2023-07-28,10.46662381,3.05285309,2.31618775
2023-07-31,10.46937742,3.05911362,2.31958957
2023-08-01,10.46721775,3.04586955,2.31340766
2023-08-02,10.44041304,2.97966776,2.28139116
2023-08-03,10.43848761,2.9767399,2.27557823
2023-08-04,10.43205672,2.96597576,2.2635175
2023-08-07,10.44286158,2.98413513,2.28394369
2023-08-08,10.43145231,2.9606619,2.27430937
2023-08-09,10.41701841,2.92605323,2.25830112
2023-08-10,10.41926619,2.92945879,2.25886731
2023-08-11,10.41225525,2.90959769,2.25645101
2023-08-14,10.42551945,2.94019315,2.26942668
2023-08-15,10.41373368,2.90665505,2.24321274
2023-08-16,10.40176702,2.87330041,2.22626438
2023-08-17,10.38921045,2.83967277,2.20909339
2023-08-18,10.38772561,2.83409672,2.20876489
2023-08-21,10.4069753,2.87819634,2.2239594
2023-08-22,10.40515588,2.87996201,2.21778242
2023-08-23,10.42378886,2.92584229,2.24227756
2023-08-24,10.39807577,2.87102726,2.21210105
2023-08-25,10.40753033,2.89804037,2.22696187
2023-08-28,10.41680283,2.92245172,2.24091294
2023-08-29,10.4432633,2.97333663,2.27342479
2023-08-30,10.45046611,2.98944671,2.28213924
2023-08-31,10.45447886,2.99278604,2.27849481
2023-09-01,10.45337002,2.99211218,2.28259412
2023-09-05,10.45542569,2.98979655,2.27302051
2023-09-06,10.44333285,2.9581349,2.25717393
2023-09-07,10.44333285,2.93177026,2.24992554
2023-09-08,10.44333285,2.93447842,2.25313533
2023-09-11,10.44333285,2.96782015,2.26828418
2023-09-12,10.44333285,2.93705435,2.2553643
2023-09-13,10.44333285,2.94557949,2.25816463
2023-09-14,10.44333285,2.9695602,2.27720078
2023-09-15,10.44333285,2.92313413,2.2495109
2023-09-18,10.44333285,2.92354144,2.25113344
2023-09-19,10.44333285,2.91670721,2.24629123
2023-09-20,10.44333285,2.8721276,2.22518778
2023-09-21,10.44333285,2.81985248,2.18869262
2023-09-22,10.44333285,2.81725719,2.18366826
2023-09-25,10.44333285,2.82994712,2.1924533
2023-09-26,10.44333285,2.78565551,2.16014853
2023-09-27,10.44333285,2.79189042,2.16064388
2023-09-28,10.44333285,2.81501194,2.17337693
2023-09-29,10.44333285,2.81885876,2.16748799
2023-10-02,10.44333285,2.83771948,2.16766001
2023-10-03,10.44333285,2.78477257,2.13786754
2023-10-04,10.44333285,2.82241758,2.15520512
2023-10-05,10.44333285,2.81896746,2.15239467
2023-10-06,10.44333285,2.86406934,2.17782498
2023-10-09,10.44333285,2.8753497,2.19155367
2023-10-10,10.44333285,2.89211011,2.20296726
2023-10-11,10.44333285,2.91276002,2.21242462
2023-10-12,10.44333285,2.89453673,2.19860486
2023-10-13,10.44333285,2.85892831,2.18757037
2023-10-16,10.44333285,2.89320628,2.2107463
2023-10-17,10.44333285,2.88590705,2.2105291
2023-10-18,10.44333285,2.83911198,2.18090841
2023-10-19,10.44333285,2.81179193,2.16240809
2023-10-20,10.44333285,2.76863897,2.13519357
2023-10-23,10.44333285,2.77600004,2.13159456
2023-10-24,10.44333285,2.80191697,2.14708228
2023-10-25,10.44333285,2.73396867,2.11629392
2023-10-26,10.44333285,2.68586022,2.09125283
2023-10-27,10.44333285,2.69596757,2.08121423
2023-10-30,10.44333285,2.72720066,2.10620966
2023-10-31,10.44333285,2.74037017,2.11984727
2023-11-01,10.44333285,2.78519905,2.14211839
2023-11-02,10.44333285,2.8348239,2.18251565
2023-11-03,10.44333285,2.87407881,2.20301761
2023-11-06,10.44333285,2.88271494,2.20687949
2023-11-07,10.44333285,2.90853379,2.21314729
2023-11-08,10.44333285,2.91078341,2.21537131
2023-11-09,10.44333285,2.88328427,2.19746261
2023-11-10,10.44333285,2.94227867,2.23177915
2023-11-13,10.44333285,2.93580262,2.22991375
2023-11-14,10.44333285,3.00545454,2.27244939
2023-11-15,10.44333285,3.00747176,2.27607852
2023-11-16,10.44333285,3.0095679,2.27878803
2023-11-17,10.44333285,3.01208636,2.28170954
2023-11-20,10.44333285,3.04600179,2.29857201
2023-11-21,10.44333285,3.02797257,2.29392676
2023-11-22,10.44333285,3.04202065,2.30324269
2023-11-24,10.44333285,3.0388198,2.30461743
2023-11-27,10.44333285,3.03672365,2.30011385
2023-11-28,10.44333285,3.04541101,2.30236823
2023-11-29,10.44333285,3.04044907,2.30018962
2023-11-30,10.44333285,3.03356777,2.3088937
2023-12-01,10.44333285,3.05037316,2.32245555
2023-12-04,10.44333285,3.02488271,2.30989453
2023-12-05,10.44333285,3.03435471,2.3085805
2023-12-06,10.44333285,3.01661329,2.29956272
2023-12-07,10.44333285,3.05782795,2.31788607
2023-12-08,10.44333285,3.07147079,2.32737896
2023-12-11,10.44333285,3.07755244,2.33651275
2023-12-12,10.44333285,3.0990703,2.34725921
2023-12-13,10.44333285,3.14183718,2.37930088
2023-12-14,10.44333285,3.14772246,2.38559904
2023-12-15,10.44333285,3.15888767,2.38541714
2023-12-18,10.44333285,3.17826878,2.39621913
2023-12-19,10.44333285,3.19925354,2.41027633
2023-12-20,10.44333285,3.15121548,2.37488319
2023-12-21,10.44333285,3.19086272,2.39934797
2023-12-22,10.44333285,3.19706786,2.40333103
2023-12-26,10.44333285,3.21446818,2.41350118
2023-12-27,10.44333285,3.21971583,2.41695359
2023-12-28,10.44333285,3.21885434,2.41784829
2023-12-29,10.44333285,3.20098714,2.4110143
2024-01-02,10.44333285,3.14865663,2.39736656
2024-01-03,10.44333285,3.11161073,2.37814852
2024-01-04,10.44333285,3.09414438,2.36999532
2024-01-05,10.44333285,3.09708078,2.37432218
2024-01-08,10.44333285,3.16525273,2.40783486
2024-01-09,10.44333285,3.16822536,2.40427632
2024-01-10,10.44333285,3.19209529,2.41789888
2024-01-11,10.44333285,3.19221045,2.41627634
2024-01-12,10.44333285,3.19275833,2.4180909
2024-01-16,10.44333285,3.18670021,2.40906818
2024-01-17,10.44333285,3.16777973,2.39553669
2024-01-18,10.44333285,3.21043374,2.41663002
2024-01-19,10.44333285,3.26487748,2.4463872
2024-01-22,10.44333285,3.27539443,2.45175537
2024-01-23,10.44333285,3.28939357,2.45891786
2024-01-24,10.44333285,3.30133052,2.46091433
2024-01-25,10.44333285,3.30742487,2.47385964
2024-01-26,10.44333285,3.29566701,2.47224721
2024-01-29,10.44333285,3.33248885,2.49092943
2024-01-30,10.44333285,3.30729701,2.48943325
2024-01-31,10.44333285,3.23354006,2.44933908
2024-02-01,10.44333285,3.27568222,2.47994036
2024-02-02,10.44333285,3.33268293,2.50643714
2024-02-05,10.44333285,3.32601488,2.49845079
2024-02-06,10.44333285,3.32842879,2.50422324
2024-02-07,10.44333285,3.35991115,2.52486169
2024-02-08,10.44333285,3.36781594,2.52630233
2024-02-09,10.44333285,3.40981317,2.54080922
2024-02-12,10.44333285,3.39955422,2.53839811
2024-02-13,10.44333285,3.33836559,2.50368741
2024-02-14,10.44333285,3.38177031,2.52767214
2024-02-15,10.44333285,3.39179665,2.54238635
2024-02-16,10.44333285,3.36396496,2.53017408
2024-02-20,10.44333285,3.33307317,2.51497957
2024-02-21,10.44333285,3.32243044,2.518159
2024-02-22,10.44333285,3.42067976,2.57134979
2024-02-23,10.44333285,3.41112674,2.57224448
2024-02-26,10.44333285,3.40674038,2.56250403
2024-02-27,10.44333285,3.41933203,2.56687656
2024-02-28,10.44333285,3.40066102,2.56262028
2024-02-29,10.44333285,3.43140558,2.57602046
2024-03-01,10.44333285,3.47043247,2.59664879
2024-03-04,10.44333285,3.4560537,2.59355031
2024-03-05,10.44333285,3.39892304,2.56711399
2024-03-06,10.44333285,3.4185303,2.58031179
2024-03-07,10.44333285,3.4700997,2.60689965
2024-03-08,10.44333285,3.42995352,2.58988046
2024-03-11,10.44333285,3.41591377,2.586974
2024-03-12,10.44333285,3.46844919,2.61595273
2024-03-13,10.44333285,3.44971196,2.61091825
2024-03-14,10.44333285,3.43921229,2.60342207
2024-03-15,10.44333285,3.40608359,2.5865443
2024-03-18,10.44333285,3.43386427,2.60288624
2024-03-19,10.44333285,3.44737071,2.61759033
2024-03-20,10.44333285,3.49057698,2.64089781
2024-03-21,10.44333285,3.49749222,2.64944517
2024-03-22,10.44333285,3.50324547,2.64573015
2024-03-25,10.44333285,3.49378846,2.63764754
2024-03-26,10.44333285,3.47912399,2.63026266
2024-03-27,10.44333285,3.49699744,2.65296348
2024-03-28,10.44333285,3.49271998,2.65592547
2024-04-01,10.44333285,3.49642395,2.65057754
2024-04-02,10.44333285,3.46307784,2.63138986
2024-04-03,10.44333285,3.47096972,2.63426102
2024-04-04,10.44333285,3.4222705,2.60176916
2024-04-05,10.44333285,3.46479853,2.6306467
2024-04-08,10.44333285,3.46595864,2.62966118
2024-04-09,10.44333285,3.47719194,2.63346234
2024-04-10,10.44333285,3.44813204,2.60855774
2024-04-11,10.44333285,3.50609836,2.62797792
2024-04-12,10.44333285,3.44914055,2.58973903
2024-04-15,10.44333285,3.38728659,2.55860686
2024-04-16,10.44333285,3.38307098,2.55334507
2024-04-17,10.44333285,3.34428731,2.5385852
2024-04-18,10.44333285,3.32682951,2.53297959
2024-04-19,10.44333285,3.25870212,2.51079437
2024-04-22,10.44333285,3.29480323,2.53271674
2024-04-23,10.44333285,3.34711688,2.56301962
2024-04-24,10.44333285,3.35055222,2.56356557
2024-04-25,10.44333285,3.32901728,2.55183359
2024-04-26,10.44333285,3.39643041,2.57788562
2024-04-29,10.44333285,3.40819681,2.5860793
2024-04-30,10.44333285,3.33883913,2.54539895
2024-05-01,10.44333285,3.3276783,2.53665438
2024-05-02,10.44333285,3.37789143,2.55981007
2024-05-03,10.44333285,3.44514026,2.59195294
2024-05-06,10.44333285,3.48627807,2.61871777
2024-05-07,10.44333285,3.48271904,2.62223583
2024-05-08,10.44333285,3.4763646,2.62222053
2024-05-09,10.44333285,3.48564044,2.63557012
2024-05-10,10.44333285,3.48449117,2.63991722
2024-05-13,10.44333285,3.49459227,2.6392802
2024-05-14,10.44333285,3.5208076,2.65204855
2024-05-15,10.44333285,3.57011052,2.68311976
2024-05-16,10.44333285,3.56071306,2.67753439
2024-05-17,10.44333285,3.55807966,2.68065311
2024-05-20,10.44333285,3.58130092,2.68310964
2024-05-21,10.44333285,3.58935065,2.68982244
2024-05-22,10.44333285,3.5827232,2.68254345
2024-05-23,10.44333285,3.56875404,2.66274416
2024-05-24,10.44333285,3.60815181,2.68138615
2024-05-28,10.44333285,3.62928192,2.68205328
2024-05-29,10.44333285,3.60810724,2.66229447
2024-05-30,10.44333285,3.56897811,2.64638716
2024-05-31,10.44333285,3.56853872,2.66763203
2024-06-03,10.44333285,3.58850852,2.67060933
2024-06-04,10.44333285,3.5945604,2.67462275
2024-06-05,10.44333285,3.66511004,2.70631074
2024-06-06,10.44333285,3.66195812,2.70576997
2024-06-07,10.44333285,3.6534311,2.70275245
2024-06-10,10.44333285,3.6660971,2.70972786
2024-06-11,10.44333285,3.69830058,2.71707225
2024-06-12,10.44333285,3.75478486,2.74017735
2024-06-13,10.44333285,3.76739171,2.74660212
2024-06-14,10.44333285,3.77193801,2.74552034
2024-06-17,10.44333285,3.80779153,2.76656307
2024-06-18,10.44333285,3.8089027,2.77353848
2024-06-20,10.44333285,3.7789128,2.76653271
2024-06-21,10.44333285,3.77204005,2.76221103
2024-06-24,10.44333285,3.73098344,2.75374438
2024-06-25,10.44333285,3.77807276,2.76457648
2024-06-26,10.44333285,3.79673315,2.76892358
2024-06-27,10.44333285,3.80814554,2.77143589
2024-06-28,10.44333285,3.7812605,2.7601183
2024-07-01,10.44333285,3.81254273,2.76750318
2024-07-02,10.44333285,3.84441304,2.78464874
2024-07-03,10.44333285,3.87843321,2.79880713
2024-07-05,10.44333285,3.91350209,2.81405717
2024-07-08,10.44333285,3.92437305,2.81691822
2024-07-09,10.44333285,3.92982102,2.81900576
2024-07-10,10.44333285,3.97634102,2.84778236
2024-07-11,10.44333285,3.89871413,2.82282716
2024-07-12,10.44333285,3.9232448,2.83840077
2024-07-15,10.44333285,3.93905022,2.84642267
2024-07-16,10.44333285,3.94689088,2.86460953
2024-07-17,10.44333285,3.83762358,2.82471256
2024-07-18,10.44333285,3.81081976,2.80263346
2024-07-19,10.44333285,3.78005354,2.78262192
2024-07-22,10.44333285,3.83989465,2.81265207
2024-07-23,10.44333285,3.83771521,2.80826967
2024-07-24,10.44333285,3.69805736,2.74326077
2024-07-25,10.44333285,3.66379229,2.72915322
2024-07-26,10.44333285,3.7013563,2.75942081
2024-07-29,10.44333285,3.70398304,2.76166508
2024-07-30,10.44333285,3.65647807,2.74796674
2024-07-31,10.44333285,3.75285739,2.79136648
2024-08-01,10.44333285,3.66644277,2.75314289
2024-08-02,10.44333285,3.57731146,2.702535
2024-08-05,10.44333285,3.45446941,2.62154328
2024-08-06,10.45386096,3.49003098,2.64868696
2024-08-07,10.43034599,3.45355878,2.6282003
2024-08-08,10.50045556,3.55254589,2.6887609
2024-08-09,10.51129419,3.57073107,2.70132192
2024-08-12,10.51723094,3.5782602,2.70143817
2024-08-13,10.57000545,3.66504798,2.74695086
2024-08-14,10.57113013,3.66611209,2.75745446
2024-08-15,10.61536699,3.75181244,2.80194115
2024-08-16,10.61806398,3.7597493,2.8075164
2024-08-19,10.63868337,3.81200298,2.83481187
2024-08-20,10.63826239,3.79924494,2.82918603
2024-08-21,10.64405925,3.82100603,2.84118087
2024-08-22,10.62783545,3.75711132,2.81580115
2024-08-23,10.6432822,3.81222038,2.84813604
2024-08-26,10.63512818,3.77980407,2.8391538
2024-08-27,10.64165599,3.78599879,2.8436828
2024-08-28,10.62531627,3.74360904,2.82668903
2024-08-29,10.62249641,3.7351649,2.82657772
2024-08-30,10.6470457,3.77721315,2.85510651
2024-09-03,10.58643232,3.65410705,2.79471794
2024-09-04,10.57899015,3.64301869,2.79023929
2024-09-05,10.5812623,3.65226454,2.7818183
2024-09-06,10.51718603,3.55911586,2.73380342
2024-09-09,10.5489585,3.60043485,2.76546105
2024-09-10,10.57251845,3.63056135,2.77783005
2024-09-11,10.6286579,3.70938437,2.80745568
2024-09-12,10.65316698,3.74651981,2.82849841
2024-09-13,10.66475932,3.77089306,2.84379412
2024-09-16,10.65483961,3.75130725,2.84736771
2024-09-17,10.65503,3.75896882,2.84812098
2024-09-18,10.64406504,3.74729197,2.83987153
2024-09-19,10.71125871,3.84126153,2.88808361
2024-09-20,10.70641266,3.82726031,2.88247776
2024-09-23,10.71403369,3.83279366,2.89057543
2024-09-24,10.72746285,3.85417075,2.89783418
2024-09-25,10.73084812,3.85581085,2.89244059
2024-09-26,10.7502762,3.87885719,2.90412222
2024-09-27,10.73720007,3.86378145,2.90048272
2024-09-30,10.74746364,3.87861855,2.91277077
2024-10-01,10.70749576,3.8191656,2.88561178
2024-10-02,10.71127905,3.82231294,2.88601113
2024-10-03,10.70697248,3.82089733,2.88115855
2024-10-04,10.74265687,3.86767512,2.90700326
2024-10-07,10.71063281,3.82205306,2.87913666
2024-10-08,10.75256115,3.87728581,2.90703362
2024-10-09,10.77505161,3.90046459,2.92771254
2024-10-10,10.77210622,3.89842426,2.92165182
2024-10-11,10.77670331,3.91140802,2.93933321
2024-10-14,10.80175376,3.94547276,2.96198861
2024-10-15,10.7630814,3.90557605,2.93944946
2024-10-16,10.76314331,3.91655572,2.95320357
2024-10-17,10.76522148,3.91794801,2.9526981
2024-10-18,10.7840595,3.9426711,2.9644249
2024-10-21,10.78987012,3.95343086,2.95902143
2024-10-22,10.79219007,3.96190915,2.95761633
2024-10-23,10.74589336,3.89727269,2.93043192
2024-10-24,10.7705528,3.92687859,2.93671996
2024-10-25,10.78652395,3.94886749,2.93584057
2024-10-28,10.78476515,3.9592266,2.94362478
2024-10-29,10.81560662,3.99026561,2.94837617
2024-10-30,10.79081801,3.96791396,2.93864584
2024-10-31,10.71312787,3.85857003,2.88394382
2024-11-01,10.73453206,3.88944037,2.89574639
2024-11-04,10.72301834,3.87665901,2.88760331
2024-11-05,10.76104416,3.931928,2.92302163
2024-11-06,10.84438955,4.0479935,2.99696217
2024-11-07,10.88924589,4.10897743,3.01923329
2024-11-08,10.89316936,4.11267035,3.03057604
2024-11-11,10.89350912,4.11522504,3.03351286
2024-11-12,10.88770137,4.11152337,3.02473794
2024-11-13,10.88460791,4.10071654,3.02544037
2024-11-14,10.86346807,4.0744733,3.00713726
2024-11-15,10.79249767,3.98330748,2.96743255
2024-11-18,10.81426397,4.00712431,2.9790584
2024-11-19,10.83598373,4.04884645,2.99086615
2024-11-20,10.83384512,4.04429807,2.9909318
2024-11-21,10.84519827,4.04563705,3.00690476
2024-11-22,10.85043185,4.05229657,3.01733258
2024-11-25,10.85588126,4.0632121,3.02644638
2024-11-26,10.87357127,4.08868568,3.04376372
2024-11-27,10.84785048,4.06441489,3.03219365
2024-11-29,10.87710005,4.09804024,3.04919754
2024-12-02,10.91419124,4.13765541,3.05666337
2024-12-03,10.92464953,4.15406639,3.0580433
2024-12-04,10.96806736,4.20827336,3.0765488
2024-12-05,10.95835487,4.20084002,3.07079634
2024-12-06,10.98930745,4.23485353,3.07845937
2024-12-09,10.96279014,4.20860821,3.05954466
2024-12-10,10.9511041,4.19806376,3.05047652
2024-12-11,11.01285742,4.27219597,3.07538606
2024-12-12,10.99074184,4.24403775,3.05873585
2024-12-13,11.0169751,4.24913005,3.0586549
2024-12-16,11.06786985,4.30183602,3.07027581
2024-12-17,11.05290635,4.2880118,3.05841228
2024-12-18,10.92850029,4.1352544,2.968211
2024-12-19,10.91283373,4.13100672,2.96564316
2024-12-20,10.94202844,4.17361805,2.99787711
2024-12-23,10.97535196,4.21461968,3.01972346
2024-12-24,11.02416906,4.27139424,3.05306953
2024-12-26,11.02121239,4.26909736,3.05183103
2024-12-27,10.97311808,4.20548211,3.01809079
2024-12-30,10.92521138,4.15532,2.9857912
2024-12-31,10.8954169,4.11779014,2.97299768
2025-01-02,10.88667233,4.11139301,2.96638607
2025-01-03,10.94323704,4.18408378,3.00375075
2025-01-06,10.98232597,4.2359647,3.02038565
2025-01-07,10.92386289,4.15593639,2.98684755
2025-01-08,10.92317027,4.15363367,2.99150811
2025-01-10,10.87108567,4.08598398,2.94540405
2025-01-13,10.85953566,4.07030434,2.95004437
2025-01-14,10.85607665,4.06098393,2.95342595
2025-01-15,10.93453117,4.16053183,3.00751143
2025-01-16,10.91053118,4.12365418,3.00115749
2025-01-17,10.96868293,4.18590046,3.03114223
2025-01-21,10.98839602,4.21289212,3.05771997
2025-01-22,11.03291842,4.26674757,3.07648808
2025-01-23,11.04062752,4.27620251,3.09283496
2025-01-24,11.02030694,4.25501117,3.0840045
2025-01-27,10.91730254,4.12440926,3.03903751
2025-01-28,10.96924977,4.20794725,3.06705096
2025-01-29,10.96201663,4.18635276,3.05270055
2025-01-30,10.97655797,4.19689304,3.06880481
2025-01-31,10.97076128,4.18531198,3.05331709
2025-02-03,10.93974609,4.13509906,3.03008563
2025-02-04,10.9811132,4.19097985,3.05197764
2025-02-05,10.99586995,4.19914911,3.06390682
2025-02-06,11.01327306,4.22040042,3.07507261
2025-02-07,10.97226478,4.16312692,3.04596776
2025-02-10,11.01325111,4.20382743,3.06641394
2025-02-11,11.00563076,4.18881332,3.06745524
2025-02-12,11.00768199,4.19011191,3.0590999
2025-02-13,11.05643221,4.25316449,3.09099497
2025-02-14,11.07032013,4.27046424,3.09077259
2025-02-18,11.08037776,4.27355411,3.09832949
2025-02-19,11.08196575,4.27675059,3.10569413
2025-02-20,11.06755218,4.25672956,3.09223347
2025-02-21,10.99445236,4.16325686,3.03946721
2025-02-24,10.95193277,4.11270242,3.02436377
2025-02-25,10.90491479,4.05714565,3.01021057
2025-02-26,10.91289653,4.0675664,3.01062003
2025-02-27,10.81963444,3.95437128,2.96285788
2025-02-28,10.8725507,4.01895234,3.00983146
2025-03-03,10.79934609,3.912954,2.95686824
2025-03-04,10.78891586,3.89908729,2.92069147
2025-03-05,10.83070209,3.9561434,2.95328428
2025-03-06,10.74620285,3.85304917,2.90065969
2025-03-07,10.76740822,3.88012204,2.91667312
2025-03-10,10.65734983,3.72490616,2.83800143
2025-03-11,10.64613359,3.71803549,2.81652382
2025-03-12,10.69040206,3.76331646,2.8302878
2025-03-13,10.61931382,3.68965571,2.79097232
2025-03-14,10.71786342,3.78584303,2.85032477
2025-03-17,10.74403251,3.79747948,2.86861283
2025-03-18,10.67482302,3.73253983,2.83805203
2025-03-19,10.72957554,3.78513918,2.86869872
2025-03-20,10.71477367,3.77252441,2.86243092
2025-03-21,10.72832363,3.79223183,2.86479143
2025-03-24,10.82236866,3.87849485,2.91534354
2025-03-25,10.8470517,3.89625107,2.91993326
2025-03-26,10.7691006,3.81674752,2.88735576
2025-03-27,10.74438452,3.79649201,2.87780733
2025-03-28,10.63661122,3.6939163,2.82100741
2025-03-31,10.63441797,3.68886231,2.83663162
2025-04-01,10.66735722,3.72097626,2.84735759
2025-04-02,10.69765489,3.75320932,2.86651517
2025-04-03,10.49835916,3.5292155,2.72778835
2025-04-04,10.25071747,3.32390603,2.56480407
2025-04-07,10.25924576,3.32720476,2.5588243
2025-04-08,10.13922083,3.25569555,2.51864942
2025-04-09,11.17493738,3.65169105,2.75830868
2025-04-10,10.95777064,3.49439402,2.66285029
2025-04-11,11.08441166,3.56628723,2.71102683
2025-04-14,11.1424413,3.58910784,2.73256516
2025-04-15,11.15268772,3.58733572,2.72784388
2025-04-16,10.96643117,3.47730293,2.66671735
2025-04-17,10.9708382,3.47288678,2.67025565
2025-04-21,10.79309243,3.38427586,2.60732442
2025-04-22,11.02444293,3.47586566,2.67281312
2025-04-23,11.19770111,3.56278796,2.71734523
2025-04-24,11.375985,3.66044838,2.77239623
2025-04-25,11.43192261,3.70669974,2.79283748
2025-04-28,11.46678647,3.70311551,2.79462687
2025-04-29,11.50118991,3.7234135,2.81084244
2025-04-30,11.51060005,3.7202191,2.81500247
2025-05-01,11.55201215,3.77659925,2.83273445
2025-05-02,11.5699104,3.83353166,2.87445093
2025-05-05,11.58127244,3.8050665,2.85610734
2025-05-06,11.55461098,3.77210419,2.83413462
2025-05-07,11.56216072,3.78244622,2.84645278
2025-05-08,11.64493889,3.82295724,2.86296156
2025-05-09,11.64090437,3.82312341,2.86092462
2025-05-12,12.08921306,3.9893252,2.95407285
2025-05-13,12.23776826,4.0536697,2.97548456
2025-05-14,12.29831744,4.08282373,2.97853269
2025-05-15,12.31733296,4.0754691,2.99084098
2025-05-16,12.36307312,4.09653258,3.01179263
2025-05-19,12.4015964,4.09746258,3.0144313
2025-05-20,12.38510551,4.08194953,3.00273462
2025-05-21,12.26925601,4.02436034,2.9542851
2025-05-22,12.29759445,4.03568318,2.95297083
2025-05-23,12.21337482,3.99548161,2.93316142
2025-05-27,12.50193513,4.09398664,2.99317113
2025-05-28,12.47386082,4.07304228,2.9764955
2025-05-29,12.50789891,4.08902012,2.9884348
2025-05-30,12.50748229,4.07577813,2.98819219
2025-06-02,12.64762006,4.10325166,3.00044988
2025-06-03,12.75436089,4.13659172,3.01785336
2025-06-04,12.81553723,4.14971209,3.01807574
2025-06-05,12.75478097,4.11515882,3.00214819
2025-06-06,12.90916786,4.16452337,3.03301233
2025-06-09,12.94714559,4.17759293,3.03580254
2025-06-10,13.03799829,4.20398111,3.05244781
2025-06-11,12.99889413,4.18284725,3.04407224
2025-06-12,13.03444523,4.19278613,3.05570796
2025-06-13,12.87066539,4.13826972,3.02118952
2025-06-16,13.07115288,4.20104285,3.04956653
2025-06-17,12.94099574,4.16263422,3.02409598
2025-06-18,12.94167987,4.16800348,3.02316081
2025-06-20,12.8875814,4.14692293,3.01657438
2025-06-23,13.04515158,4.18606497,3.04555311
2025-06-24,13.27212453,4.24610391,3.0794249
2025-06-25,13.314372,4.25911599,3.07941478
2025-06-26,13.45481024,4.30056076,3.10411206
2025-06-27,13.51034612,4.32306818,3.12031233
2025-06-30,13.62948371,4.34359648,3.13642696
2025-07-01,13.50526308,4.30801992,3.13291877
2025-07-02,13.61929216,4.34858633,3.14778477
2025-07-03,13.78120459,4.39293312,3.17403401
2025-07-07,13.67575543,4.35272072,3.14907881
2025-07-08,13.68494919,4.35398766,3.14682442
2025-07-09,13.78109813,4.39511673,3.1659008
2025-07-10,13.76765575,4.39923655,3.17459501
2025-07-11,13.74362529,4.38961295,3.16412671
2025-07-14,13.80200027,4.40129854,3.16857995
2025-07-15,13.81370133,4.40928871,3.1560441
2025-07-16,13.83116732,4.4205241,3.16612342
2025-07-17,13.94124985,4.45361011,3.18313743
2025-07-18,13.93392961,4.45574248,3.1828494
2025-07-21,14.01006425,4.4724879,3.18730264
2025-07-22,13.94501704,4.4551111,3.18933465
2025-07-23,14.01126211,4.48226269,3.21424937
2025-07-24,14.04373496,4.49035323,3.21649363
2025-07-25,14.08207533,4.50109175,3.22927703
2025-07-28,14.12351921,4.51607379,3.22984816
2025-07-29,14.10658294,4.49895271,3.22028961
2025-07-30,14.1267024,4.50564429,3.21626607
2025-07-31,14.05959929,4.50410457,3.20438255
2025-08-01,13.79659,4.40338844,3.15313764
2025-08-04,14.03608383,4.48941906,3.19960574
2025-08-05,13.93603762,4.46019924,3.18406249
2025-08-06,14.07810824,4.5141205,3.20724853
2025-08-07,14.10944901,4.52974641,3.20469082
2025-08-08,14.21275679,4.57395494,3.22968649
2025-08-11,14.19141309,4.5601757,3.22159895
2025-08-12,14.31909332,4.6234007,3.25814939
2025-08-13,14.32799002,4.6300623,3.26867347
2025-08-14,14.32389374,4.62953546,3.26966417
2025-08-15,14.27858516,4.61083675,3.26019152
2025-08-18,14.28412475,4.61228443,3.25986301
2025-08-19,14.13420178,4.54515284,3.24076639
2025-08-20,14.06940937,4.51485392,3.23288592
2025-08-21,14.01712524,4.49938377,3.21994086
2025-08-22,14.19341397,4.58387466,3.26884031
2025-08-25,14.16438398,4.57379918,3.25489418
2025-08-26,14.21014115,4.5940526,3.2683499
2025-08-27,14.2283942,4.60383405,3.27616447
2025-08-28,14.30264665,4.62836056,3.2865064
2025-08-29,14.16541384,4.57513441,3.26547873
2025-09-02,14.06079655,4.53762163,3.24287417
2025-09-03,14.15389997,4.58412871,3.25941307
2025-09-04,14.26179209,4.62889991,3.28661772
2025-09-05,14.27090674,4.62734352,3.27621507
2025-09-08,14.32895991,4.64830663,3.28311471
2025-09-09,14.36185096,4.66553433,3.29194022
2025-09-10,14.36450892,4.66693537,3.30176163
2025-09-11,14.42883267,4.70041578,3.32978002
2025-09-12,14.47874935,4.72131933,3.32817253
2025-09-15,14.52979168,4.76559825,3.34383697
2025-09-16,14.52979168,4.76244466,3.33953034
2025-09-17,14.52979168,4.74695701,3.33629043
2025-09-18,14.52979168,4.79160701,3.35226833
2025-09-19,14.52979168,4.82588707,3.36864556
2025-09-22,14.52979168,4.85947202,3.38350144
2025-09-23,14.52979168,4.81351719,3.36488488
2025-09-24,14.52979168,4.797394,3.35530634
2025-09-25,14.52979168,4.77326398,3.3384994
2025-09-26,14.52979168,4.79445365,3.35820268
2025-09-29,14.52979168,4.81728717,3.36705337
2025-09-30,14.52979168,4.83197059,3.38082748
2025-10-01,14.52979168,4.85226025,3.39232202
2025-10-02,14.52979168,4.87121509,3.39441968
2025-10-03,14.52979168,4.85766575,3.39464206
2025-10-06,14.52979168,4.89203118,3.40702094
2025-10-07,14.52979168,4.85933958,3.3940354
2025-10-08,14.52979168,4.9137198,3.41381469
2025-10-09,14.52979168,4.90972159,3.40440769
2025-10-10,14.52979168,4.7348237,3.3121085
2025-10-13,14.52979168,4.83934854,3.36377299
2025-10-14,14.52979168,4.80247756,3.35851095
2025-10-15,14.52979168,4.83411796,3.37203232
2025-10-16,14.52979168,4.81118616,3.35080744
2025-10-17,14.52979168,4.83622702,3.3684686
2025-10-20,14.52979168,4.90245193,3.40441781
2025-10-21,14.52979168,4.89459004,3.40452912
2025-10-22,14.52979168,4.84911291,3.38635731
2025-10-23,14.52979168,4.89205909,3.40609095
2025-10-24,14.52979168,4.94815521,3.43300732
2025-10-27,14.52979168,5.04040013,3.47519915
2025-10-28,14.52979168,5.08092156,3.48315021
2025-10-29,14.52979168,5.10885154,3.48299842
2025-10-30,14.52979168,5.02839051,3.44849998
2025-10-31,14.52979168,5.05905844,3.45752788
2025-11-03,14.52979168,5.08246337,3.46347729
2025-11-04,14.52979168,4.97881272,3.42282705
2025-11-05,14.52979168,5.01104578,3.43533254
2025-11-06,14.52979168,4.91598212,3.39693174
2025-11-07,14.52979168,4.90543726,3.40121813
2025-11-10,14.52979168,5.01688192,3.45360035
2025-11-11,14.52979168,5.00432879,3.46076779
2025-11-12,14.52979168,4.9911422,3.4629464
2025-11-13,14.52979168,4.87682508,3.4056109
2025-11-14,14.52979168,4.88327136,3.40390221
2025-11-17,14.52979168,4.84221892,3.37271476
2025-11-18,14.52979168,4.78353146,3.34486815
2025-11-19,14.52979168,4.81154683,3.35742424
2025-11-20,14.52979168,4.70787494,3.30515826
2025-11-21,14.52979168,4.74946256,3.33762495
2025-11-24,14.52979168,4.87717701,3.38924872
2025-11-25,14.52979168,4.90992608,3.41996106
2025-11-26,14.52979168,4.95024927,3.44358175
2025-11-28,14.52979168,4.98244818,3.46202135
2025-12-01,14.52979168,4.96330592,3.44359187
2025-12-02,14.52979168,4.99267943,3.45205358
2025-12-03,14.52979168,5.00129848,3.46233998
2025-12-04,14.52979168,5.01218444,3.46608042
2025-12-05,14.52979168,5.02774871,3.47279298
2025-12-08,14.52979168,5.02087596,3.46071719
2025-12-09,14.52979168,5.02739887,3.45768436
2025-12-10,14.52979168,5.04395895,3.4810222
2025-12-11,14.52979168,5.03110263,3.48826046
2025-12-12,14.52979168,4.94608697,3.45106288
2025-12-15,14.52979168,4.91671138,3.44555304
2025-12-16,14.52979168,4.92823705,3.43733912
2025-12-17,14.52979168,4.83907366,3.39749299
2025-12-18,14.52979168,4.90582542,3.42444959
2025-12-19,14.52979168,4.97006539,3.45464659
2025-12-22,14.52979168,4.99591214,3.47688241
2025-12-23,14.52979168,5.02427485,3.49270358
2025-12-24,14.52979168,5.03525035,3.50395526
2025-12-26,14.52979168,5.03094062,3.50288878
2025-12-29,14.52979168,5.00561863,3.49065652
2025-12-30,14.52979168,4.99383308,3.48585454
2025-12-31,14.52979168,4.95607083,3.46020678
2026-01-02,14.52979168,4.95471477,3.46676286
2026-01-05,14.52979168,4.98887321,3.48879111
2026-01-06,14.52979168,5.02114667,3.51041014
2026-01-07,14.52979168,5.02905979,3.4983346
2026-01-08,14.52979168,5.00682767,3.49860239
2026-01-09,14.52979168,5.04762647,3.52125755
2026-01-12,14.52979168,5.06096467,3.5268128
2026-01-13,14.52979168,5.05584029,3.51997388
2026-01-14,14.52979168,5.00506429,3.50120059
2026-01-15,14.52979168,5.01748956,3.51023343
2026-01-16,14.52979168,5.01437012,3.5079788
2026-01-20,14.52979168,4.89472873,3.43562057
2026-01-21,14.52979168,4.95240955,3.47543165
2026-01-22,14.52979168,4.99744521,3.49450309
2026-01-23,14.52979168,5.01135273,3.49564534
2026-01-26,14.52979168,5.03270191,3.51314483
2026-01-27,14.52979168,5.07870588,3.52748512
2026-01-28,14.52979168,5.08730995,3.52719684
2026-01-29,14.52979168,5.05056266,3.52263748
2026-01-30,14.52979168,5.00294691,3.50748344
2026-02-02,14.52979168,5.03072946,3.52639322
2026-02-03,14.52979168,4.9588854,3.49675747
2026-02-04,14.52979168,4.88412223,3.47902055
2026-02-05,14.52979168,4.80650575,3.43639901
2026-02-06,14.52979168,4.91112471,3.50408163
2026-02-09,14.52979168,4.95536281,3.52051958
2026-02-10,14.52979168,4.92631999,3.50888879
2026-02-11,14.52979168,4.91864343,3.50871701
2026-02-12,14.52979168,4.8185666,3.45376695
2026-02-13,14.52979168,4.80780225,3.45549069
2026-02-17,14.52979168,4.81456422,3.45905441
2026-02-18,14.52979168,4.85193415,3.47830775
2026-02-19,14.52979168,4.83681551,3.46849153
2026-02-20,14.52979168,4.88017525,3.49256191
2026-02-23,14.52979168,4.82498914,3.45628937
2026-02-24,14.52979168,4.87540072,3.48273557
2026-02-25,14.52979168,4.93689858,3.51107234
2026-02-26,14.52979168,4.87853556,3.4922334
2026-02-27,14.52979168,4.83371939,3.47707937
2026-03-02,14.52979168,4.85091669,3.47846448
2026-03-03,14.52979168,4.80140929,3.44561375
2026-03-04,14.52979168,4.86341692,3.4723381
2026-03-05,14.52979168,4.85094459,3.45273083
2026-03-06,14.52979168,4.77389953,3.40688963
2026-03-09,14.52979168,4.83963424,3.43518099
2026-03-10,14.52979168,4.83987955,3.42784647
2026-03-11,14.52979168,4.84393773,3.4249753
2026-03-12,14.52979168,4.75775759,3.37282089
2026-03-13,14.52979168,4.71369817,3.35238457
2026-03-16,14.52979168,4.77102082,3.38634719
2026-03-17,14.52979168,4.79348534,3.3947936
2026-03-18,14.52979168,4.72373325,3.34859872
2026-03-19,14.52979168,4.71056998,3.3393941
2026-03-20,14.52979168,4.61608856,3.28884174
2026-03-23,14.52979168,4.67987873,3.32650951
2026-03-24,14.52979168,4.64045764,3.3140598
2026-03-25,14.52979168,4.6762666,3.3320191
2026-03-26,14.52979168,4.56501186,3.2740214
2026-03-27,14.50389248,4.46698203,3.21927373
2026-03-30,14.4937637,4.43420338,3.20657128
2026-03-31,14.58200013,4.60393859,3.29998236
