date,strategyNormalized,nasdaqCompositeNormalized,sp500Normalized
2016-03-01,1,1,1
2016-03-02,1.00049663,1.00294691,1.00409431
2016-03-03,0.99455408,1.00379986,1.00760737
2016-03-04,0.9951334,1.00584696,1.01093842
2016-03-07,0.97576053,1.00397686,1.01183311
2016-03-08,0.95240916,0.9913041,1.00046
2016-03-09,0.96824045,0.99675447,1.00551471
2016-03-10,0.96333433,0.99414877,1.00567138
2016-03-11,1.01344541,1.01255333,1.02215986
2016-03-14,1.01682289,1.0129392,1.02087095
2016-03-15,1.01447386,1.00833116,1.01899567
2016-03-16,1.04048182,1.01585852,1.0247024
2016-03-17,1.03789573,1.0182084,1.03146056
2016-03-18,1.04207625,1.02261383,1.0360048
2016-03-21,1.0522002,1.02543288,1.03702587
2016-03-22,1.06097943,1.0281602,1.03611599
2016-03-23,1.03590375,1.01690118,1.02949932
2016-03-24,1.03374979,1.01789063,1.0291101
2016-03-28,1.02758345,1.01645981,1.02967123
2016-03-29,1.0764017,1.0334826,1.03874948
2016-03-30,1.09050365,1.03831669,1.04326837
2016-03-31,1.08494661,1.03843611,1.04114035
2016-04-01,1.11803633,1.0479657,1.04773172
2016-04-04,1.10456646,1.04311662,1.04437026
2016-04-05,1.07398999,1.03290901,1.03377566
2016-04-06,1.12589771,1.04928354,1.04463818
2016-04-07,1.08052486,1.03385577,1.03212781
2016-04-08,1.07759617,1.03435044,1.03500392
2016-04-11,1.06478618,1.03066355,1.03216823
2016-04-12,1.09040557,1.03891371,1.04214118
2016-04-13,1.13082953,1.05497693,1.05260442
2016-04-14,1.1304701,1.05465072,1.05278644
2016-04-15,1.12189507,1.05301521,1.0517502
2016-04-18,1.13656,1.05766375,1.05862972
2016-04-19,1.11558755,1.05346511,1.06189505
2016-04-20,1.11762906,1.05512832,1.06270373
2016-04-21,1.11730481,1.05465072,1.05718402
2016-04-22,1.06988609,1.04619368,1.05723462
2016-04-25,1.06760173,1.04396749,1.05531886
2016-04-26,1.05217033,1.04236602,1.05729521
2016-04-27,1.02751143,1.0370053,1.05903906
2016-04-28,0.99148973,1.02466947,1.04926332
2016-04-29,0.97465222,1.01828722,1.0439508
2016-05-02,1.00022763,1.02729225,1.052104
2016-05-03,0.97291689,1.01569859,1.04297528
2016-05-04,0.95291284,1.0076851,1.03678325
2016-05-05,0.95138267,1.00586185,1.03653545
2016-05-06,0.96603914,1.00992836,1.03982608
2016-05-09,0.97205568,1.01292431,1.04060958
2016-05-10,1.01237196,1.0256482,1.05360018
2016-05-11,0.98527276,1.01515904,1.04352616
2016-05-12,0.97194014,1.01017784,1.04334932
2016-05-13,0.95989168,1.00598773,1.03450351
2016-05-16,0.99533073,1.01830857,1.04463818
2016-05-17,0.95865549,1.00557188,1.03480678
2016-05-18,0.96856831,1.01055954,1.0350191
2016-05-19,0.9531952,1.00488948,1.03118258
2016-05-20,0.98483466,1.01705049,1.03738979
2016-05-23,0.97945814,1.01624439,1.03522636
2016-05-24,1.03950834,1.03656174,1.04938969
2016-05-25,1.06028859,1.0437756,1.05670891
2016-05-26,1.0689514,1.04524265,1.05648653
2016-05-27,1.08479756,1.05200868,1.06101554
2016-05-31,1.088817,1.05511125,1.05994894
2016-06-01,1.0885598,1.05600689,1.06115202
2016-06-02,1.09470046,1.06008183,1.06414944
2016-06-03,1.0790027,1.05393209,1.06105083
2016-06-06,1.0890801,1.05951677,1.06624709
2016-06-07,1.08006158,1.05803265,1.06762196
2016-06-08,1.08505035,1.06078131,1.07115533
2016-06-09,1.07859702,1.05736524,1.06931534
2016-06-10,1.04274048,1.04370302,1.05950418
2016-06-13,1.01543439,1.03387066,1.0509061
2016-06-14,1.01481594,1.0328279,1.04901564
2016-06-15,1.0054952,1.03098987,1.0470847
2016-06-16,1.01398728,1.03312006,1.05036521
2016-06-17,0.97775588,1.0236139,1.04694316
2016-06-20,0.99499397,1.031476,1.053024
2016-06-21,1.00385176,1.03287267,1.05587986
2016-06-22,0.9960397,1.03064648,1.05413601
2016-06-23,1.03965945,1.04700613,1.06822357
2016-06-24,0.92220603,1.00391929,1.02985319
2016-06-27,0.86746084,0.97970826,1.01121645
2016-06-28,0.93148506,1.00048405,1.02918593
2016-06-29,0.98766053,1.01911675,1.04671572
2016-06-30,1.02497408,1.03264027,1.06091447
2016-07-01,1.04119291,1.03688368,1.06298177
2016-07-05,1.0186527,1.02842456,1.05570302
2016-07-06,1.04555231,1.03615661,1.06135416
2016-07-07,1.05357361,1.03992024,1.06042911
2016-07-08,1.10700824,1.05696854,1.0766042
2016-07-11,1.12458303,1.06376664,1.08027393
2016-07-12,1.14086494,1.07105504,1.08784589
2016-07-13,1.13143216,1.06741084,1.0879925
2016-07-14,1.15564069,1.07345188,1.09371447
2016-07-15,1.14841306,1.07249866,1.09269847
2016-07-18,1.17010337,1.07808335,1.0953016
2016-07-19,1.1561584,1.07394448,1.09372965
2016-07-20,1.19911576,1.0853655,1.09840021
2016-07-21,1.18946336,1.08194724,1.0944322
2016-07-22,1.20442637,1.08754692,1.09941621
2016-07-25,1.20266553,1.08700737,1.09610534
2016-07-26,1.2061263,1.08965577,1.09645915
2016-07-27,1.23177247,1.09600178,1.095145
2016-07-28,1.24460313,1.09923658,1.09690403
2016-07-29,1.2523792,1.10076121,1.09869342
2016-08-01,1.27138692,1.10546744,1.09729831
2016-08-02,1.2413628,1.09555823,1.09031772
2016-08-03,1.25360367,1.10025165,1.09373471
2016-08-04,1.26399355,1.10163978,1.09396721
2016-08-05,1.30046517,1.11334016,1.10337915
2016-08-08,1.29437184,1.11163853,1.1023782
2016-08-09,1.30260395,1.11426985,1.1028079
2016-08-10,1.29118594,1.1098132,1.09964871
2016-08-11,1.30776922,1.11489248,1.10485509
2016-08-12,1.30995361,1.11584997,1.10397557
2016-08-15,1.32556234,1.12206156,1.10705888
2016-08-16,1.30254778,1.1146174,1.10099322
2016-08-17,1.30911204,1.11494798,1.10305052
2016-08-18,1.30942274,1.11739803,1.10547681
2016-08-19,1.30491988,1.11702059,1.10388462
2016-08-22,1.29904312,1.11834698,1.10326278
2016-08-23,1.29998826,1.1216479,1.10541609
2016-08-24,1.27807302,1.11260872,1.09962341
2016-08-25,1.26748346,1.11143809,1.09812217
2016-08-26,1.26932921,1.11287099,1.09638844
2016-08-29,1.27189744,1.11573055,1.10212041
2016-08-30,1.26281836,1.11373894,1.09996722
2016-08-31,1.25714589,1.1116556,1.09735384
2016-09-01,1.26153732,1.11463874,1.09730843
2016-09-02,1.26959796,1.1194771,1.10191827
2016-09-06,1.28432092,1.12502347,1.10520384
2016-09-07,1.28374196,1.12673364,1.10504205
2016-09-08,1.26773975,1.12151993,1.10258553
2016-09-09,1.20393678,1.0930378,1.07554785
2016-09-12,1.2486451,1.11137198,1.09133372
2016-09-13,1.22564245,1.09929416,1.07514851
2016-09-14,1.23711976,1.10324333,1.07451667
2016-09-15,1.2772506,1.11943233,1.08537925
2016-09-16,1.27568704,1.11834052,1.08128488
2016-09-19,1.26286378,1.11630623,1.08126476
2016-09-20,1.26745704,1.11765396,1.08158821
2016-09-21,1.29262896,1.12913256,1.09339608
2016-09-22,1.3137653,1.13858749,1.10050292
2016-09-23,1.29628504,1.13138645,1.09418959
2016-09-26,1.27303486,1.12109564,1.08479295
2016-09-27,1.29707172,1.13137791,1.09178354
2016-09-28,1.30062102,1.13411585,1.09756623
2016-09-29,1.28281328,1.12358192,1.08733536
2016-09-30,1.29968135,1.13271918,1.09599921
2016-10-03,1.29503084,1.13034587,1.09242549
2016-10-04,1.29089404,1.12795549,1.08701191
2016-10-05,1.2987786,1.1335764,1.09168247
2016-10-06,1.29729351,1.13162103,1.09220818
2016-10-07,1.29195921,1.1285397,1.0886547
2016-10-10,1.30587116,1.13627384,1.09366894
2016-10-11,1.27297953,1.11881396,1.08005662
2016-10-12,1.27069005,1.11715709,1.081295
2016-10-13,1.26235622,1.11167903,1.07794378
2016-10-14,1.26425765,1.11185603,1.0781611
2016-10-17,1.25729555,1.10879813,1.07488565
2016-10-18,1.2772261,1.11818486,1.08150738
2016-10-19,1.27670954,1.11873295,1.08387801
2016-10-20,1.27365115,1.11775631,1.0823869
2016-10-21,1.28117408,1.12107638,1.08229582
2016-10-24,1.30708075,1.13225648,1.08743655
2016-10-25,1.29935567,1.12662056,1.08330677
2016-10-26,1.28328419,1.11955602,1.08142137
2016-10-27,1.27238961,1.112242,1.07819146
2016-10-28,1.25782041,1.10672552,1.07484011
2016-10-31,1.25486784,1.10652082,1.07470869
2016-11-01,1.23747874,1.09893807,1.06741476
2016-11-02,1.21951127,1.08870047,1.06044935
2016-11-03,1.19801868,1.07864424,1.05575856
2016-11-04,1.19022801,1.07607685,1.05399952
2016-11-07,1.24199899,1.1016227,1.07742313
2016-11-08,1.25625921,1.10744842,1.08148714
2016-11-09,1.26651157,1.11972657,1.0934668
2016-11-10,1.23011202,1.110713,1.09559987
2016-11-11,1.23059557,1.11674978,1.09406828
2016-11-14,1.20684816,1.11276011,1.09394191
2016-11-15,1.23696019,1.12496162,1.10212547
2016-11-16,1.2500938,1.1290046,1.10038162
2016-11-17,1.26577419,1.13740407,1.10552741
2016-11-18,1.25696088,1.13474703,1.10288874
2016-11-21,1.28017317,1.14484386,1.11111783
2016-11-22,1.28700295,1.14857344,1.11352388
2016-11-23,1.27732749,1.14736439,1.11442363
2016-11-25,1.28430778,1.1512538,1.11878592
2016-11-28,1.27822436,1.14483324,1.11290722
2016-11-29,1.28605525,1.14720228,1.11439328
2016-11-30,1.25762303,1.13520984,1.11143634
2016-12-01,1.21860226,1.11973511,1.10752905
2016-12-02,1.22215357,1.12070321,1.10796875
2016-12-05,1.23782297,1.13205604,1.11441858
2016-12-06,1.2429777,1.13719718,1.11821973
2016-12-07,1.27200999,1.15015346,1.13293913
2016-12-08,1.27546693,1.15518589,1.13538553
2016-12-09,1.2937198,1.16097319,1.14212857
2016-12-12,1.28130027,1.15415812,1.14082947
2016-12-13,1.31116456,1.1650951,1.14829024
2016-12-14,1.30585707,1.15930352,1.13896937
2016-12-15,1.30907954,1.1636067,1.14339225
2016-12-16,1.29953586,1.15940806,1.1413906
2016-12-19,1.30805998,1.16373248,1.14364499
2016-12-20,1.31696436,1.16938328,1.14780501
2016-12-21,1.31483762,1.16671572,1.14498444
2016-12-22,1.30764439,1.16159583,1.14285136
2016-12-23,1.30901798,1.16485198,1.14428188
2016-12-27,1.32065684,1.17012961,1.14685466
2016-12-28,1.30108394,1.15970657,1.13727093
2016-12-29,1.29726822,1.15832688,1.13693737
2016-12-30,1.27216896,1.14788468,1.13166533
2017-01-03,1.29190131,1.15768508,1.14126929
2017-01-04,1.30487716,1.16790342,1.14779995
2017-01-05,1.31838388,1.17023623,1.14691537
2017-01-06,1.33853376,1.17729869,1.15094903
2017-01-09,1.34600545,1.17959308,1.14686478
2017-01-10,1.35136074,1.18385784,1.14686478
2017-01-11,1.35783254,1.18638046,1.15010999
2017-01-12,1.35207229,1.1829346,1.14764322
2017-01-13,1.36013208,1.1886131,1.14976618
2017-01-17,1.35031137,1.18106659,1.14635424
2017-01-18,1.35533812,1.18467455,1.14837613
2017-01-19,1.3540959,1.18135448,1.14423129
2017-01-20,1.35863748,1.18460636,1.14808304
2017-01-23,1.35914114,1.18409669,1.14499456
2017-01-24,1.37338224,1.19433637,1.15251098
2017-01-25,1.39097203,1.20614546,1.16176114
2017-01-26,1.39198129,1.20589817,1.1609068
2017-01-27,1.3943894,1.20709222,1.15990091
2017-01-30,1.38347198,1.19705515,1.15293044
2017-01-31,1.38070193,1.19728547,1.15190444
2017-02-01,1.38963546,1.20322624,1.15224812
2017-02-02,1.38834842,1.20185092,1.15290526
2017-02-03,1.39212328,1.20836956,1.16128084
2017-02-06,1.39299609,1.20768289,1.15882432
2017-02-07,1.39616389,1.20995823,1.15908717
2017-02-08,1.39687052,1.21171317,1.15989079
2017-02-09,1.39846738,1.21869244,1.16656312
2017-02-10,1.39992481,1.22273323,1.17072314
2017-02-13,1.40235717,1.22909413,1.17686457
2017-02-14,1.40378527,1.23306246,1.18158066
2017-02-15,1.40640704,1.24092456,1.18747948
2017-02-16,1.40620964,1.23995645,1.18645336
2017-02-17,1.40818944,1.24500596,1.18844489
2017-02-21,1.41033775,1.2508423,1.19563268
2017-02-22,1.41044846,1.24970781,1.19433877
2017-02-23,1.40864588,1.24435125,1.19483918
2017-02-24,1.40950612,1.24644105,1.19662351
2017-02-27,1.40998968,1.24997863,1.19784165
2017-02-28,1.40850647,1.24220399,1.19475316
2017-03-01,1.41359021,1.25896231,1.21109004
2017-03-02,1.41117459,1.24983369,1.2039932
2017-03-03,1.41201091,1.2518658,1.20459987
2017-03-06,1.41087126,1.2472663,1.2006521
2017-03-07,1.41004602,1.24401443,1.19715415
2017-03-08,1.41084603,1.24478627,1.1944196
2017-03-09,1.4111767,1.245055,1.19537501
2017-03-10,1.41313456,1.2499424,1.19928229
2017-03-13,1.41383905,1.25293835,1.19972199
2017-03-14,1.41265071,1.24889536,1.1956681
2017-03-15,1.41555276,1.25811363,1.20568152
2017-03-16,1.41519617,1.25826502,1.20372023
2017-03-17,1.41499894,1.25831625,1.20213816
2017-03-20,1.41534361,1.25842922,1.19972199
2017-03-21,1.40806252,1.23546357,1.18483587
2017-03-22,1.41121899,1.24139373,1.18707508
2017-03-23,1.40999255,1.24055139,1.18581646
2017-03-24,1.41094032,1.24290773,1.18481563
2017-03-27,1.41161019,1.24538767,1.18360761
2017-03-28,1.41448345,1.25280195,1.19219051
2017-03-29,1.41666999,1.25758054,1.19348442
2017-03-30,1.41743985,1.26116081,1.19698743
2017-03-31,1.41708213,1.26060647,1.19428817
2017-04-03,1.41670078,1.25696862,1.192327
2017-04-04,1.41743459,1.25780658,1.19299413
2017-04-05,1.41544032,1.2505288,1.1893497
2017-04-06,1.4156647,1.2536144,1.19164456
2017-04-07,1.41537984,1.25337128,1.19065892
2017-04-10,1.41547105,1.2540366,1.19147772
2017-04-11,1.41336837,1.25101712,1.18976928
2017-04-12,1.4114126,1.24448994,1.18529581
2017-04-13,1.40949446,1.23787738,1.17721838
2017-04-17,1.41329557,1.24888901,1.18735817
2017-04-18,1.41253829,1.24732815,1.18391082
2017-04-19,1.41327141,1.25021956,1.18187881
2017-04-20,1.41724418,1.26168109,1.19081058
2017-04-21,1.41710505,1.26034628,1.18719639
2017-04-24,1.42284902,1.27597657,1.20006568
2017-04-25,1.42636119,1.28486227,1.2073749
2017-04-26,1.42563756,1.28480678,1.20678848
2017-04-27,1.4285681,1.28986264,1.20745573
2017-04-28,1.4285681,1.28957901,1.20514569
2017-05-01,1.4285681,1.29895939,1.20723335
2017-05-02,1.4285681,1.2997633,1.20866882
2017-05-03,1.4285681,1.29489715,1.20713216
2017-05-04,1.4285681,1.29549209,1.20783484
2017-05-05,1.4285681,1.30091258,1.21277331
2017-05-08,1.4285681,1.30131782,1.21281872
2017-05-09,1.4285681,1.3051411,1.21157528
2017-05-10,1.4285681,1.30696435,1.21294509
2017-05-11,1.4285681,1.30415384,1.21032172
2017-05-12,1.4285681,1.3052776,1.20853233
2017-05-15,1.4285681,1.31134207,1.2143049
2017-05-16,1.4285681,1.31564952,1.2134708
2017-05-17,1.4285681,1.28182363,1.19141206
2017-05-18,1.4285681,1.29118256,1.19580458
2017-05-19,1.4285681,1.29727484,1.20389719
2017-05-22,1.4285681,1.30791965,1.21010946
2017-05-23,1.4285681,1.309005,1.21233349
2017-05-24,1.4285681,1.31418882,1.21535114
2017-05-25,1.4285681,1.32319593,1.22074966
2017-05-26,1.4285681,1.32424723,1.22112877
2017-05-30,1.4285681,1.32275457,1.21965777
2017-05-31,1.4285681,1.32175876,1.21909676
2017-06-01,1.4285681,1.33206029,1.22832668
2017-06-02,1.4285681,1.34463487,1.23288099
2017-06-05,1.4285681,1.34247698,1.23137975
2017-06-06,1.4285681,1.33807999,1.2279577
2017-06-07,1.4285681,1.34283942,1.22988345
2017-06-08,1.4285681,1.34803813,1.23021208
2017-06-09,1.4285681,1.32376318,1.22919102
2017-06-12,1.4285681,1.31684149,1.22798793
2017-06-13,1.4285681,1.32641803,1.233528
2017-06-14,1.4285681,1.32098473,1.23229962
2017-06-15,1.4285681,1.31471765,1.22953976
2017-06-16,1.4285681,1.31178771,1.22988851
2017-06-19,1.4285681,1.33039271,1.24015467
2017-06-20,1.4285681,1.31952185,1.2318498
2017-06-21,1.4285681,1.32931381,1.23113207
2017-06-22,1.4285681,1.32989803,1.23057095
2017-06-23,1.4285681,1.33598812,1.23249176
2017-06-26,1.4285681,1.33212849,1.23288099
2017-06-27,1.4285681,1.31069174,1.22292815
2017-06-28,1.4285681,1.3294119,1.23369979
2017-06-29,1.4285681,1.31020769,1.22308994
2017-06-30,1.4285681,1.30936963,1.22496522
2017-07-03,1.4285681,1.30289575,1.22779591
2017-07-05,1.4285681,1.31159582,1.22958024
2017-07-06,1.4285681,1.29850304,1.21806052
2017-07-07,1.4285681,1.31206925,1.22585991
2017-07-10,1.4285681,1.31703983,1.22699723
2017-07-11,1.4285681,1.32064561,1.22603688
2017-07-12,1.4285681,1.33511809,1.23499382
2017-07-13,1.4285681,1.33794776,1.23730892
2017-07-14,1.4285681,1.34605725,1.24309149
2017-07-17,1.4285681,1.34647519,1.24302571
2017-07-18,1.4285681,1.35284671,1.24376887
2017-07-19,1.4285681,1.36153188,1.25045119
2017-07-20,1.4285681,1.36258953,1.25025905
2017-07-21,1.4285681,1.36210975,1.24979911
2017-07-24,1.4285681,1.36702702,1.24846966
2017-07-25,1.4285681,1.367317,1.25211915
2017-07-26,1.4285681,1.36957307,1.25247308
2017-07-27,1.4285681,1.36092413,1.25125481
2017-07-28,1.4285681,1.35932277,1.24957673
2017-07-31,1.4285681,1.35365916,1.24866686
2017-08-01,1.4285681,1.3568193,1.25172499
2017-08-02,1.4285681,1.35675746,1.25234165
2017-08-03,1.4285681,1.35200011,1.24960697
2017-08-04,1.4285681,1.35439268,1.2519676
2017-08-07,1.4285681,1.36126106,1.25402984
2017-08-08,1.4285681,1.35842286,1.25100207
2017-08-09,1.4285681,1.35455688,1.2505472
2017-08-10,1.4285681,1.3256717,1.23244623
2017-08-11,1.4285681,1.33413509,1.2340183
2017-08-14,1.4285681,1.35197668,1.24641247
2017-08-15,1.4285681,1.35043706,1.24579075
2017-08-16,1.4285681,1.35301726,1.2475599
2017-08-17,1.4285681,1.32674642,1.22830138
2017-08-18,1.4285681,1.32559912,1.226047
2017-08-21,1.4285681,1.32487414,1.22747246
2017-08-22,1.4285681,1.34286077,1.2396745
2017-08-23,1.4285681,1.33879436,1.23539317
2017-08-24,1.4285681,1.33728462,1.23283039
2017-08-25,1.4285681,1.33607131,1.23489275
2017-08-28,1.4285681,1.33977736,1.23549424
2017-08-29,1.4285681,1.34380118,1.23653554
2017-08-30,1.4285681,1.35796442,1.24224233
2017-08-31,1.4285681,1.37083334,1.24934917
2017-09-01,1.4285681,1.37225562,1.25182606
2017-09-05,1.4285681,1.35951247,1.24237376
2017-09-06,1.4285681,1.36329536,1.24626081
2017-09-07,1.4285681,1.36426774,1.24603843
2017-09-08,1.4285681,1.3562329,1.24418326
2017-09-11,1.4285681,1.37160091,1.25766934
2017-09-12,1.4285681,1.37629641,1.26190007
2017-09-13,1.4285681,1.37755668,1.26285548
2017-09-14,1.4285681,1.37092288,1.26146544
2017-09-15,1.4285681,1.37505759,1.26379559
2017-09-18,1.4285681,1.37637325,1.26563558
2017-09-19,1.4285681,1.37779761,1.26704068
2017-09-20,1.4285681,1.37667176,1.26784443
2017-09-21,1.4285681,1.36956026,1.26398268
2017-09-22,1.4285681,1.37046225,1.26480148
2017-09-25,1.4285681,1.35845055,1.26199102
2017-09-26,1.4285681,1.3604913,1.2620821
2017-09-27,1.4285681,1.3760789,1.26723789
2017-09-28,1.4285681,1.37611951,1.26876442
2017-09-29,1.4285681,1.3851842,1.27346533
2017-10-02,1.4285681,1.38961107,1.27839874
2017-10-03,1.4285681,1.39280745,1.2811586
2017-10-04,1.4285681,1.39343009,1.28275584
2017-10-05,1.4285681,1.40424764,1.28999929
2017-10-06,1.4285681,1.40527551,1.2886143
2017-10-09,1.4285681,1.40304713,1.28628909
2017-10-10,1.4285681,1.40465069,1.28927638
2017-10-11,1.4285681,1.40812642,1.2916016
2017-10-12,1.4285681,1.40555903,1.28942299
2017-10-13,1.4285681,1.40860621,1.29055524
2017-10-16,1.4285681,1.41248718,1.29281468
2017-10-17,1.4285681,1.41241471,1.2936842
2017-10-18,1.4285681,1.41253413,1.29464455
2017-10-19,1.4285681,1.40845055,1.29506919
2017-10-20,1.4285681,1.41356399,1.30169585
2017-10-23,1.4285681,1.40456114,1.29652489
2017-10-24,1.4285681,1.40703472,1.29862255
2017-10-25,1.4285681,1.39966948,1.292567
2017-10-26,1.4285681,1.3981512,1.29420979
2017-10-27,1.4285681,1.42896188,1.30465797
2017-10-30,1.4285681,1.42847147,1.30049289
2017-10-31,1.4285681,1.43459352,1.30172115
2017-11-01,1.4285681,1.43221802,1.30379364
2017-11-02,1.4285681,1.43187901,1.30404131
2017-11-03,1.4285681,1.44243428,1.30808003
2017-11-06,1.4285681,1.44712551,1.30974292
2017-11-07,1.4285681,1.44314646,1.30949525
2017-11-08,1.4285681,1.44769703,1.31138571
2017-11-09,1.4285681,1.43936576,1.30645242
2017-11-10,1.4285681,1.43955557,1.30527969
2017-11-13,1.4285681,1.44097577,1.30656361
2017-11-14,1.4285681,1.43676859,1.30354596
2017-11-15,1.4285681,1.43001745,1.29634299
2017-11-16,1.4285681,1.44858621,1.30696789
2017-11-17,1.4285681,1.44634721,1.30353584
2017-11-20,1.4285681,1.44803604,1.30519874
2017-11-21,1.4285681,1.46334012,1.31373623
2017-11-22,1.4285681,1.4643807,1.31275058
2017-11-24,1.4285681,1.46902934,1.31544972
2017-11-27,1.4285681,1.46676046,1.31494425
2017-11-28,1.4285681,1.4739764,1.32789449
2017-11-29,1.4285681,1.45521793,1.3274042
2017-11-30,1.4285681,1.46579027,1.3382769
2017-12-01,1.4285681,1.46016498,1.33556752
2017-12-04,1.4285681,1.44476501,1.33416229
2017-12-05,1.4285681,1.44195876,1.32917335
2017-12-06,1.4285681,1.44498033,1.32902169
2017-12-07,1.4285681,1.45275497,1.33291885
2017-12-08,1.4285681,1.45856362,1.34025831
2017-12-11,1.4285681,1.46602694,1.34454976
2017-12-12,1.4285681,1.46330597,1.34663237
2017-12-13,1.4285681,1.46618041,1.34599547
2017-12-14,1.4285681,1.46207132,1.34051611
2017-12-15,1.4285681,1.47914106,1.35254636
2017-12-18,1.4285681,1.49154717,1.35979981
2017-12-19,1.4285681,1.48495606,1.35540729
2017-12-20,1.4285681,1.48433978,1.35428515
2017-12-21,1.4285681,1.485278,1.3569743
2017-12-22,1.4285681,1.48412654,1.35635258
2017-12-26,1.4285681,1.47907068,1.35491699
2017-12-27,1.4285681,1.47972955,1.35598865
2017-12-28,1.4285681,1.48203685,1.35847553
2017-12-29,1.4285681,1.47206371,1.35143435
2018-01-02,1.4285681,1.49413591,1.36265579
2018-01-03,1.4285681,1.50663802,1.37137518
2018-01-04,1.4285681,1.50927798,1.37689995
2018-01-05,1.4285681,1.52178435,1.38658475
2018-01-08,1.4285681,1.52622611,1.38888973
2018-01-09,1.4285681,1.52754604,1.39069936
2018-01-10,1.4285681,1.52541148,1.38915258
2018-01-11,1.4285681,1.53782404,1.39892339
2018-01-12,1.4285681,1.54833246,1.40836557
2018-01-16,1.4285681,1.54036374,1.4034018
2018-01-17,1.4285681,1.55626911,1.4166149
2018-01-18,1.4285681,1.5557936,1.4143251
2018-01-19,1.4285681,1.56439349,1.42052725
2018-01-22,1.4285681,1.57967196,1.43198625
2018-01-23,1.4285681,1.59081582,1.43509992
2018-01-24,1.4285681,1.58117108,1.43429629
2018-01-25,1.4285681,1.58033947,1.43516063
2018-01-26,1.4285681,1.60051387,1.45215465
2018-01-29,1.4285681,1.5921421,1.44237878
2018-01-30,1.4285681,1.57848853,1.42665856
2018-01-31,1.4285681,1.58040767,1.42735618
2018-02-01,1.4285681,1.5749445,1.42643112
2018-02-02,1.4285681,1.54404428,1.39617859
2018-02-05,1.4285681,1.48574071,1.33896428
2018-02-06,1.43964671,1.51737456,1.36231704
2018-02-07,1.43392687,1.50374869,1.3555033
2018-02-08,1.41783911,1.44514671,1.30462256
2018-02-09,1.43918581,1.46590116,1.32410852
2018-02-12,1.46194714,1.48881777,1.34253294
2018-02-13,1.46848805,1.49554538,1.34604088
2018-02-14,1.4945146,1.52328983,1.36408114
2018-02-15,1.52146139,1.54734519,1.38054439
2018-02-16,1.51490498,1.54372869,1.38105998
2018-02-20,1.51705201,1.54262835,1.37299267
2018-02-21,1.5127703,1.53919947,1.36544601
2018-02-22,1.51242295,1.53746368,1.36677534
2018-02-23,1.54320305,1.56460892,1.38868253
2018-02-26,1.56333583,1.58253578,1.40500929
2018-02-27,1.54462723,1.56310772,1.387156
2018-02-28,1.53493927,1.55088059,1.37176441
2018-03-01,1.51153844,1.53116682,1.35348647
2018-03-02,1.52459834,1.54765224,1.36035081
2018-03-05,1.54064825,1.56318445,1.37535824
2018-03-06,1.54681706,1.57199113,1.37898762
2018-03-07,1.55012375,1.57724534,1.37832036
2018-03-08,1.55840884,1.58391975,1.38447191
2018-03-09,1.58952499,1.61225049,1.40853241
2018-03-12,1.59759623,1.61811661,1.40673797
2018-03-13,1.57607577,1.60163119,1.39778608
2018-03-14,1.57558862,1.59860327,1.38978442
2018-03-15,1.57396858,1.59538982,1.38869771
2018-03-16,1.56915998,1.59544312,1.39106328
2018-03-19,1.53739455,1.56606962,1.37130435
2018-03-20,1.54210249,1.57034708,1.37333635
2018-03-21,1.53471214,1.56629348,1.37080394
2018-03-22,1.50097551,1.5282071,1.33631055
2018-03-23,1.46798079,1.49110154,1.30829228
2018-03-26,1.5373385,1.53969206,1.34382191
2018-03-27,1.48383217,1.49454323,1.32060563
2018-03-28,1.46496617,1.4818385,1.31675388
2018-03-29,1.4962868,1.50619457,1.33488521
2018-04-02,1.45112684,1.46496929,1.30506731
2018-04-03,1.46918561,1.48014322,1.32153056
2018-04-04,1.49581128,1.501644,1.33681602
2018-04-05,1.50535542,1.5089879,1.34599041
2018-04-06,1.46579634,1.4745628,1.31648596
2018-04-09,1.47647892,1.48207517,1.32087848
2018-04-10,1.51474657,1.51277287,1.34297276
2018-04-11,1.5047137,1.50738435,1.33555234
2018-04-12,1.52559054,1.52257119,1.34657165
2018-04-13,1.51629427,1.51540638,1.3426846
2018-04-16,1.52890488,1.52598935,1.35357248
2018-04-17,1.56886522,1.55260575,1.3680036
2018-04-18,1.57241687,1.55562097,1.36914091
2018-04-19,1.55537417,1.54342799,1.36130104
2018-04-20,1.52730647,1.523825,1.34968025
2018-04-23,1.52210239,1.52008699,1.34975615
2018-04-24,1.48697083,1.49423191,1.33169565
2018-04-25,1.4885054,1.49346215,1.33414206
2018-04-26,1.52521627,1.51797169,1.34806277
2018-04-27,1.52591629,1.51821044,1.349564
2018-04-30,1.51299692,1.50679586,1.33851446
2018-05-01,1.53271914,1.52053481,1.34192639
2018-05-02,1.522229,1.51418026,1.33225666
2018-05-03,1.52168433,1.51146148,1.32925418
2018-05-04,1.5561985,1.53736352,1.3462835
2018-05-07,1.57084212,1.54921738,1.35093887
2018-05-08,1.56866412,1.54957774,1.35058001
2018-05-09,1.58919471,1.56514628,1.36365662
2018-05-10,1.60921847,1.57901955,1.37643496
2018-05-11,1.60709633,1.57857381,1.37878535
2018-05-14,1.6096173,1.58037352,1.3800035
2018-05-15,1.58824512,1.56764537,1.37056132
2018-05-16,1.60074817,1.57759716,1.37612657
2018-05-17,1.59054873,1.5742217,1.37494878
2018-05-18,1.58024982,1.56822324,1.37132965
2018-05-21,1.59019791,1.57668882,1.38145932
2018-05-22,1.58721104,1.57336656,1.37712739
2018-05-23,1.60349834,1.58349535,1.38160087
2018-05-24,1.60259658,1.58316914,1.37880559
2018-05-25,1.6040825,1.58517783,1.37555544
2018-05-29,1.59439496,1.57723253,1.35964826
2018-05-30,1.60828468,1.59127645,1.37691007
2018-05-31,1.60673021,1.58694131,1.36743754
2018-06-01,1.63857453,1.61086871,1.38227318
2018-06-04,1.65624738,1.62198478,1.38846521
2018-06-05,1.66249245,1.62868042,1.38944074
2018-06-06,1.67458256,1.63963666,1.40134462
2018-06-07,1.65724,1.62808548,1.4003438
2018-06-08,1.65708611,1.63031167,1.40472114
2018-06-11,1.6596969,1.63338665,1.40622237
2018-06-12,1.67053449,1.64273923,1.40867396
2018-06-13,1.66997854,1.64101417,1.40300246
2018-06-14,1.69172112,1.65494709,1.40647005
2018-06-15,1.68378203,1.65182099,1.40503953
2018-06-18,1.68162588,1.65195958,1.40205223
2018-06-19,1.67447574,1.64738777,1.39641121
2018-06-20,1.68949977,1.65931201,1.39880208
2018-06-21,1.67028825,1.64469252,1.38992597
2018-06-22,1.66526588,1.64039996,1.39251392
2018-06-25,1.61869013,1.60610918,1.37340213
2018-06-26,1.62666135,1.61242531,1.3764299
2018-06-27,1.59823515,1.58757248,1.36458661
2018-06-28,1.61472249,1.60006824,1.37301797
2018-06-29,1.61878019,1.6014798,1.37405927
2018-07-02,1.63181012,1.61371754,1.37827482
2018-07-03,1.6077839,1.59985282,1.37145601
2018-07-05,1.63267416,1.61771367,1.38327907
2018-07-06,1.66541018,1.63945539,1.39501105
2018-07-09,1.68397169,1.65391505,1.40731921
2018-07-10,1.68521907,1.65455477,1.4122072
2018-07-11,1.67391014,1.6454729,1.40218872
2018-07-12,1.71194416,1.66835546,1.41445653
2018-07-13,1.71355558,1.66879474,1.41598306
2018-07-16,1.70722399,1.66447459,1.41452724
2018-07-17,1.72076852,1.67500852,1.42014815
2018-07-18,1.71612911,1.67486348,1.42321639
2018-07-19,1.70455728,1.6686497,1.41759043
2018-07-20,1.70378389,1.66756227,1.41624592
2018-07-23,1.71014322,1.67218312,1.41884905
2018-07-24,1.71920823,1.67194854,1.42563244
2018-07-25,1.75150669,1.69145344,1.43860798
2018-07-26,1.71667712,1.67438161,1.4342457
2018-07-27,1.68642652,1.64991039,1.42483388
2018-07-30,1.65536344,1.6270044,1.41663514
2018-07-31,1.67156789,1.63591562,1.42355502
2018-08-01,1.67957772,1.64348556,1.42207402
2018-08-02,1.70980445,1.66382842,1.42907979
2018-08-03,1.71639638,1.66581576,1.4357167
2018-08-06,1.72904241,1.6759809,1.44079659
2018-08-07,1.73710188,1.68109433,1.44486566
2018-08-08,1.73961344,1.68209014,1.44448656
2018-08-09,1.7379264,1.68282575,1.44240408
2018-08-10,1.71877463,1.67159453,1.43214298
2018-08-13,1.71530535,1.66745774,1.42640583
2018-08-14,1.72908583,1.67837128,1.4355195
2018-08-15,1.7011693,1.65773626,1.42460644
2018-08-16,1.70834099,1.66464514,1.43588848
2018-08-17,1.70727002,1.66673702,1.4406601
2018-08-20,1.70441887,1.6677349,1.44415805
2018-08-21,1.71251214,1.67587209,1.44714535
2018-08-22,1.72062529,1.68225434,1.44656916
2018-08-23,1.71699492,1.67998546,1.44412264
2018-08-24,1.73838025,1.69438328,1.45307452
2018-08-27,1.76181828,1.70971932,1.4642202
2018-08-28,1.76505169,1.71230806,1.46461448
2018-08-29,1.79291878,1.72929243,1.47296488
2018-08-30,1.78805972,1.72474405,1.46643916
2018-08-31,1.79072824,1.72926046,1.46663637
2018-09-04,1.77919438,1.72536034,1.46421008
2018-09-05,1.74786534,1.70487243,1.46010571
2018-09-06,1.72668871,1.6894255,1.45477296
2018-09-07,1.71750469,1.68512024,1.45155305
2018-09-10,1.72425994,1.68973047,1.45430784
2018-09-11,1.74186124,1.700032,1.45974672
2018-09-12,1.73464145,1.69614249,1.46026737
2018-09-13,1.75989767,1.70882587,1.46798088
2018-09-14,1.75251557,1.7080433,1.46838528
2018-09-17,1.71807906,1.68368088,1.46020678
2018-09-18,1.73721474,1.69654335,1.46804665
2018-09-19,1.73513663,1.69524903,1.46988652
2018-09-20,1.76128428,1.71192209,1.4814113
2018-09-21,1.74784522,1.70312176,1.48086535
2018-09-24,1.75365979,1.70446303,1.47565909
2018-09-25,1.75632513,1.70749532,1.47373321
2018-09-26,1.75774508,1.70384893,1.46888569
2018-09-27,1.77794363,1.71485202,1.47294464
2018-09-28,1.77714391,1.71578598,1.47293452
2018-10-01,1.78126365,1.71385612,1.47829763
2018-10-02,1.77547007,1.70580639,1.47771121
2018-10-03,1.77783593,1.71125249,1.47876263
2018-10-04,1.7318626,1.68020931,1.4666819
2018-10-05,1.70316096,1.66079197,1.45857412
2018-10-08,1.68843982,1.64959699,1.45799781
2018-10-09,1.69552672,1.65003835,1.45593051
2018-10-10,1.60356133,1.58266156,1.40808248
2018-10-11,1.57324561,1.56283263,1.37911398
2018-10-12,1.6441961,1.59862035,1.39870595
2018-10-15,1.61272863,1.58451469,1.39044662
2018-10-16,1.68947837,1.6303075,1.42033511
2018-10-17,1.69015395,1.62971256,1.41997624
2018-10-18,1.63093609,1.5961148,1.39954005
2018-10-19,1.62815422,1.58841471,1.39903458
2018-10-22,1.64007088,1.59259419,1.39301939
2018-10-23,1.63018631,1.58596466,1.38534131
2018-10-24,1.52703659,1.51577955,1.34258353
2018-10-25,1.62647278,1.56054668,1.3675892
2018-10-26,1.55621311,1.52832007,1.34389262
2018-10-29,1.49822441,1.50338833,1.33507723
2018-10-30,1.54908332,1.52713446,1.35599359
2018-10-31,1.62612225,1.55789401,1.37070793
2018-11-01,1.67049948,1.5852226,1.38517965
2018-11-02,1.61875054,1.5687884,1.3764299
2018-11-05,1.60851503,1.56278786,1.38413834
2018-11-06,1.63306398,1.57283346,1.39280208
2018-11-07,1.74402852,1.61437006,1.42234181
2018-11-08,1.72094792,1.60586825,1.41877328
2018-11-09,1.66317868,1.57943103,1.40572196
2018-11-12,1.56678248,1.53549769,1.37802715
2018-11-13,1.56883291,1.53549769,1.37598502
2018-11-14,1.54477176,1.52174812,1.36557238
2018-11-15,1.60006311,1.54789953,1.38003891
2018-11-16,1.58751266,1.54551987,1.38310716
2018-11-19,1.49117854,1.4987376,1.36008796
2018-11-20,1.4411581,1.47322153,1.33540067
2018-11-21,1.4644789,1.48674724,1.33946469
2018-11-23,1.44015326,1.47965281,1.33068471
2018-11-26,1.5163813,1.51011812,1.35135339
2018-11-27,1.52723384,1.5102994,1.35576109
2018-11-28,1.64517974,1.55484256,1.38690832
2018-11-29,1.63062947,1.55089558,1.38388055
2018-11-30,1.65661446,1.56314822,1.39518789
2018-12-03,1.72220143,1.58681116,1.41045323
2018-12-04,1.58483596,1.52644789,1.36480405
2018-12-06,1.60877185,1.53280869,1.36272651
2018-12-07,1.49936119,1.48610753,1.33094756
2018-12-10,1.5325753,1.49704023,1.3332929
2018-12-11,1.54305402,1.49945196,1.33281778
2018-12-12,1.57266569,1.51362801,1.34004099
2018-12-13,1.57301112,1.50766162,1.33977308
2018-12-14,1.49265978,1.47361396,1.31420122
2018-12-17,1.42109118,1.44015051,1.28690069
2018-12-18,1.43927871,1.44658607,1.28701188
2018-12-19,1.36685982,1.41522303,1.26719741
2018-12-20,1.31991133,1.39210381,1.24721104
2018-12-21,1.21881813,1.35043289,1.22153317
2018-12-24,1.12385947,1.32056461,1.18841465
2018-12-26,1.42790786,1.39763727,1.24735258
2018-12-27,1.44558788,1.40299601,1.25803326
2018-12-28,1.44192638,1.40406855,1.25647131
2018-12-31,1.48092134,1.41489245,1.26714188
2019-01-02,1.49872654,1.42143036,1.26874924
2019-01-03,1.34358851,1.37826251,1.23733916
2019-01-04,1.56281006,1.43697964,1.27982408
2019-01-07,1.62267959,1.45502177,1.28879621
2019-01-08,1.66979836,1.4707011,1.30129145
2019-01-09,1.71364223,1.48351244,1.3066242
2019-01-10,1.72844979,1.48969415,1.31252808
2019-01-11,1.70702096,1.48658304,1.31233606
2019-01-14,1.65529466,1.47260316,1.30543642
2019-01-15,1.76401735,1.49774606,1.3194329
2019-01-16,1.76175231,1.5000618,1.32236466
2019-01-17,1.80502216,1.51067464,1.33240326
2019-01-18,1.86213953,1.52619196,1.3499684
2019-01-22,1.74429236,1.49700608,1.33085649
2019-01-23,1.7494794,1.49815973,1.33378825
2019-01-24,1.78479997,1.50832903,1.33562318
2019-01-25,1.85347576,1.52781894,1.34696087
2019-01-28,1.77912129,1.51093484,1.3363915
2019-01-29,1.72303628,1.49869709,1.33444539
2019-01-30,1.87169417,1.53170418,1.35519503
2019-01-31,1.96130423,1.55274226,1.36684618
2019-02-01,1.93434091,1.54893167,1.36807444
2019-02-04,2.00739127,1.56677326,1.37734483
2019-02-05,2.05899819,1.57840326,1.38382995
2019-02-06,2.02584143,1.57268842,1.38075171
2019-02-07,1.93640244,1.55415173,1.36783182
2019-02-08,1.94591738,1.55625214,1.36875675
2019-02-11,1.92108993,1.55832049,1.36972734
2019-02-12,2.01155091,1.58107727,1.38738343
2019-02-13,2.01248002,1.58230547,1.39157887
2019-02-14,2.01902015,1.58370651,1.3878889
2019-02-15,2.0423572,1.59340029,1.4029874
2019-02-19,2.04800045,1.59646236,1.40509012
2019-02-20,2.04555569,1.59695276,1.40758712
2019-02-21,2.02075073,1.59069213,1.40262336
2019-02-22,2.06794839,1.60515606,1.41161572
2019-02-25,2.08859007,1.61089641,1.41335463
2019-02-26,2.09114452,1.60979607,1.41223744
2019-02-27,2.08446517,1.61090703,1.41146911
2019-02-28,2.06686639,1.60622007,1.40748099
2019-03-01,2.11163726,1.61961573,1.41718603
2019-03-04,2.10720173,1.61582431,1.41168655
2019-03-05,2.11045046,1.6155663,1.41008918
2019-03-06,2.07070056,1.60054584,1.40088962
2019-03-07,1.98982808,1.58253578,1.38950639
2019-03-08,1.97888,1.57969549,1.38654439
2019-03-11,2.11402193,1.61166409,1.40687951
2019-03-12,2.14737347,1.61869448,1.41103448
2019-03-13,2.18987489,1.62986395,1.42084058
2019-03-14,2.17781488,1.62719848,1.41960726
2019-03-15,2.23156321,1.63948516,1.42668386
2019-03-18,2.2428998,1.64501873,1.43197108
2019-03-19,2.2619894,1.64703813,1.43178411
2019-03-20,2.28182814,1.64810859,1.42756844
2019-03-21,2.36879037,1.67156256,1.4430611
2019-03-22,2.24794915,1.62970611,1.41567973
2019-03-25,2.23128209,1.62861222,1.41449195
2019-03-26,2.24924886,1.64012279,1.42465185
2019-03-27,2.20998774,1.6298575,1.41803531
2019-03-28,2.21424117,1.63535691,1.42312532
2019-03-29,2.25019579,1.64818314,1.43270904
2019-04-01,2.313518,1.66941957,1.44928348
2019-04-02,2.3273996,1.67363736,1.44930878
2019-04-03,2.35589915,1.68362966,1.45242244
2019-04-04,2.35201909,1.68282575,1.45545021
2019-04-05,2.37826672,1.69282876,1.46219831
2019-04-08,2.38605107,1.69606783,1.4637299
2019-04-09,2.36670894,1.68655741,1.45484873
2019-04-10,2.39204428,1.69827705,1.45990851
2019-04-11,2.37860607,1.69467752,1.45996416
2019-04-12,2.40023156,1.70252473,1.46961354
2019-04-15,2.39887447,1.70078676,1.46868861
2019-04-16,2.41638327,1.70595143,1.4694367
2019-04-17,2.43229995,1.70506651,1.46609548
2019-04-18,2.43855726,1.70548872,1.46841058
2019-04-22,2.45076595,1.70915853,1.46989663
2019-04-23,2.51918807,1.73166574,1.48289229
2019-04-24,2.50096673,1.72765472,1.47964214
2019-04-25,2.52054884,1.73120949,1.4790962
2019-04-26,2.52488083,1.73712038,1.48602619
2019-04-29,2.53185679,1.74041495,1.4876185
2019-04-30,2.4880311,1.72624317,1.48903385
2019-05-01,2.46928413,1.71648754,1.47786287
2019-05-02,2.44423169,1.71374314,1.47472391
2019-05-03,2.53244983,1.74087339,1.48893772
2019-05-06,2.49623672,1.73219248,1.48228069
2019-05-07,2.38813561,1.6981746,1.45780579
2019-05-08,2.37362591,1.69381603,1.45546539
2019-05-09,2.34432528,1.68683676,1.45106781
2019-05-10,2.34970107,1.68819084,1.45646622
2019-05-13,2.17230106,1.63063371,1.42132087
2019-05-14,2.22690606,1.64928567,1.4327141
2019-05-15,2.2991877,1.66797802,1.44107969
2019-05-16,2.35081271,1.68416275,1.4538985
2019-05-17,2.29654986,1.66672629,1.44541161
2019-05-20,2.20882733,1.64243853,1.43565598
2019-05-21,2.26130336,1.66020984,1.44785308
2019-05-22,2.23775265,1.65277202,1.44376377
2019-05-23,2.16105791,1.62663759,1.42656255
2019-05-24,2.15749386,1.62849915,1.42849349
2019-05-28,2.13619259,1.62217459,1.41652889
2019-05-29,2.09576721,1.60937178,1.40673797
2019-05-30,2.1152905,1.613724,1.40968996
2019-05-31,2.03898087,1.58929328,1.39108858
2019-06-03,1.93759729,1.56367704,1.38724189
2019-06-04,2.0676553,1.60506652,1.41697377
2019-06-05,2.10214549,1.61537867,1.4285389
2019-06-06,2.14009122,1.62392307,1.43730383
2019-06-07,2.23641637,1.65090838,1.45239221
2019-06-10,2.2940584,1.66819553,1.45916042
2019-06-11,2.30043595,1.66806757,1.45864989
2019-06-12,2.26983841,1.6617025,1.45567777
2019-06-13,2.29974142,1.67117232,1.46164224
2019-06-14,2.27700217,1.66254265,1.45928679
2019-06-17,2.30573266,1.6728548,1.46064648
2019-06-18,2.38238691,1.69606783,1.47484016
2019-06-19,2.40192858,1.70319849,1.4792428
2019-06-20,2.45203957,1.71684998,1.49325446
2019-06-21,2.44298092,1.71266415,1.49137412
2019-06-24,2.44065659,1.70711788,1.48879123
2019-06-25,2.34778596,1.68132038,1.47465308
2019-06-26,2.36943752,1.68670463,1.47283345
2019-06-27,2.38925925,1.69902755,1.47846436
2019-06-28,2.39459947,1.70723304,1.48697654
2019-07-01,2.46651365,1.72534118,1.49838508
2019-07-02,2.48789739,1.72916446,1.50277254
2019-07-03,2.52948642,1.74220185,1.51430238
2019-07-05,2.5159387,1.74040214,1.51156769
2019-07-08,2.47389638,1.7268807,1.50425859
2019-07-09,2.50035125,1.73612458,1.50611869
2019-07-10,2.55615124,1.7490895,1.51291233
2019-07-11,2.55128829,1.74770553,1.51636968
2019-07-12,2.5837366,1.75796219,1.52337557
2019-07-15,2.59915738,1.76095835,1.52364348
2019-07-16,2.56862184,1.75341173,1.51845734
2019-07-17,2.53964347,1.74539615,1.50853992
2019-07-18,2.54537569,1.75009384,1.51394351
2019-07-19,2.50294343,1.73713964,1.50459228
2019-07-22,2.54622144,1.74943268,1.50884832
2019-07-23,2.58339668,1.75951045,1.51918013
2019-07-24,2.62375889,1.77445834,1.52630227
2019-07-25,2.56779835,1.75676814,1.51827025
2019-07-26,2.62660053,1.77631563,1.52948677
2019-07-29,2.60345087,1.76845145,1.52701494
2019-07-30,2.57681,1.76424646,1.5230773
2019-07-31,2.49593058,1.74330854,1.5064978
2019-08-01,2.46691408,1.7295974,1.49294114
2019-08-02,2.38461573,1.70677023,1.48206843
2019-08-05,2.19685468,1.64748377,1.43793567
2019-08-06,2.27574671,1.67034925,1.4566533
2019-08-07,2.30597664,1.67665257,1.45777037
2019-08-08,2.43494159,1.71425281,1.4851215
2019-08-09,2.37805714,1.69718952,1.47529504
2019-08-12,2.30856245,1.67677627,1.45712335
2019-08-13,2.43820771,1.70939093,1.47917209
2019-08-14,2.26421147,1.65769784,1.43584307
2019-08-15,2.25662333,1.65613697,1.43938137
2019-08-16,2.34814715,1.68372357,1.46014606
2019-08-19,2.44065148,1.7065016,1.4778224
2019-08-20,2.39353339,1.69493345,1.46612583
2019-08-21,2.44607039,1.71021191,1.47821668
2019-08-22,2.42570595,1.70406644,1.47746859
2019-08-23,2.24282958,1.65297037,1.43913369
2019-08-26,2.32719022,1.67471428,1.45493968
2019-08-27,2.31367697,1.66900163,1.45027925
2019-08-28,2.33309791,1.67538377,1.45977202
2019-08-29,2.42307793,1.70022816,1.47829257
2019-08-30,2.40726767,1.69798697,1.4792428
2019-09-03,2.34657076,1.67906858,1.46903736
2019-09-04,2.43189436,1.7009723,1.48496478
2019-09-05,2.54365464,1.73081498,1.50428389
2019-09-06,2.53584825,1.72788077,1.5056537
2019-09-09,2.51998465,1.72454789,1.50551215
2019-09-10,2.50130441,1.72384851,1.50599739
2019-09-11,2.55889336,1.74208461,1.51688527
2019-09-12,2.58398062,1.74737068,1.52125261
2019-09-13,2.56063908,1.74358363,1.5201506
2019-09-16,2.5297269,1.73864293,1.51538403
2019-09-17,2.55889976,1.74556889,1.51929638
2019-09-18,2.55447433,1.74372867,1.51981703
2019-09-19,2.56381189,1.74489929,1.51984739
2019-09-20,2.49709079,1.73099406,1.51240686
2019-09-23,2.49674534,1.7298831,1.51226025
2019-09-24,2.41479685,1.70454404,1.49953251
2019-09-25,2.48261684,1.7224027,1.50876749
2019-09-26,2.45914257,1.71244029,1.50510281
2019-09-27,2.3834035,1.6930292,1.49710116
2019-09-30,2.43810168,1.70576162,1.50465794
2019-10-01,2.38802114,1.68642955,1.48621328
2019-10-02,2.28618908,1.66010957,1.4596053
2019-10-03,2.34986762,1.67866334,1.47124114
2019-10-04,2.43780047,1.70216437,1.49215763
2019-10-07,2.41512989,1.69658177,1.48547531
2019-10-08,2.3243885,1.66832558,1.4623601
2019-10-09,2.38151917,1.68537617,1.47567414
2019-10-10,2.42750518,1.69540678,1.48514162
2019-10-11,2.4972098,1.71806548,1.50138755
2019-10-14,2.49329687,1.71627638,1.49930495
2019-10-15,2.57006532,1.73761297,1.51423154
2019-10-16,2.55271222,1.73238229,1.51120377
2019-10-17,2.56547869,1.73934876,1.51537897
2019-10-18,2.50353985,1.72499571,1.50943968
2019-10-21,2.55524521,1.74065807,1.51981197
2019-10-22,2.50368844,1.72814305,1.51438827
2019-10-23,2.51501381,1.73144615,1.51869996
2019-10-24,2.57658573,1.74552193,1.52161654
2019-10-25,2.61488074,1.75774479,1.52781363
2019-10-28,2.66818997,1.77541583,1.53634087
2019-10-29,2.61849636,1.76493719,1.53506201
2019-10-30,2.6424411,1.77072251,1.54005614
2019-10-31,2.64358657,1.76824466,1.53540076
2019-11-01,2.69080847,1.78829756,1.55023628
2019-11-04,2.72265237,1.79827704,1.5559785
2019-11-05,2.72438447,1.79859253,1.55413357
2019-11-06,2.71137266,1.7934642,1.55522535
2019-11-07,2.72922474,1.79855838,1.55947126
2019-11-08,2.74841368,1.80725635,1.56346456
2019-11-11,2.74031072,1.80490449,1.56039631
2019-11-12,2.75339817,1.80955511,1.56283778
2019-11-13,2.75202089,1.80870425,1.5639498
2019-11-14,2.74763744,1.80804746,1.56525889
2019-11-15,2.78359003,1.8212278,1.57730432
2019-11-18,2.78524301,1.82317047,1.57809794
2019-11-19,2.79113178,1.8275887,1.57716277
2019-11-20,2.762945,1.81822123,1.57123866
2019-11-21,2.75416384,1.81384548,1.56875178
2019-11-22,2.75604815,1.81676043,1.57216371
2019-11-25,2.79717305,1.84077321,1.5839664
2019-11-26,2.80300359,1.84406549,1.58744411
2019-11-27,2.82802624,1.85627335,1.59407078
2019-11-29,2.80939949,1.84780569,1.58767661
2019-12-02,2.77151892,1.82701937,1.57397334
2019-12-03,2.74326956,1.81692244,1.56352515
2019-12-04,2.76049824,1.82673783,1.57341221
2019-12-05,2.76482298,1.82759724,1.57577272
2019-12-06,2.80308422,1.84589946,1.59016855
2019-12-09,2.78398987,1.83850006,1.58513913
2019-12-10,2.78054384,1.83729519,1.58340034
2019-12-11,2.79949143,1.84537053,1.58800512
2019-12-12,2.82648183,1.85886219,1.60162262
2019-12-13,2.83836134,1.86260656,1.60173887
2019-12-16,2.87408695,1.8795271,1.61318775
2019-12-17,2.87427686,1.88147394,1.61372864
2019-12-18,2.87522961,1.88240789,1.61303103
2019-12-19,2.88363138,1.89509117,1.620224
2019-12-20,2.88921999,1.90313881,1.62823566
2019-12-23,2.89005064,1.90755079,1.62964594
2019-12-24,2.88983389,1.9090924,1.62932743
2019-12-26,2.89356093,1.9239145,1.63768289
2019-12-27,2.89287864,1.92055184,1.63773855
2019-12-30,2.8879783,1.90762326,1.62827107
2019-12-31,2.88921775,1.91329739,1.633068
2020-01-02,2.90126402,1.93879867,1.64675115
2020-01-03,2.89373819,1.92356903,1.6351253
2020-01-06,2.89721075,1.93438023,1.64090281
2020-01-07,2.89696952,1.93376405,1.63630297
2020-01-08,2.90248491,1.94669909,1.64432486
2020-01-09,2.9088133,1.96251908,1.65526827
2020-01-10,2.90680209,1.95727997,1.65054219
2020-01-13,2.91544511,1.97755235,1.66205673
2020-01-14,2.9122892,1.97273326,1.65953949
2020-01-15,2.91235697,1.97430485,1.66264315
2020-01-16,2.91973997,1.99529378,1.67655374
2020-01-17,2.92354067,2.00207699,1.68302887
2020-01-21,2.92288692,1.9982108,1.67856551
2020-01-22,2.92468321,2.00097436,1.67905074
2020-01-23,2.92717646,2.00496423,1.6809665
2020-01-24,2.92044269,1.98629093,1.66576693
2020-01-27,2.90428149,1.94884625,1.63956323
2020-01-28,2.91596204,1.97664609,1.65604672
2020-01-29,2.91710485,1.97781473,1.65461114
2020-01-30,2.91954767,1.98288329,1.65979728
2020-01-31,2.90709216,1.95132639,1.63040921
2020-02-03,2.91863849,1.97743948,1.6422372
2020-02-04,2.93684201,2.01892902,1.66683859
2020-02-05,2.93944059,2.02760992,1.68559152
2020-02-06,2.94646723,2.04114427,1.69119725
2020-02-07,2.94276786,2.03013254,1.68206334
2020-02-10,2.95260492,2.05313661,1.6943868
2020-02-11,2.95268525,2.05538644,1.69724773
2020-02-12,2.96076785,2.07394229,1.70821644
2020-02-13,2.95961962,2.07095904,1.70543129
2020-02-14,2.96199054,2.07505533,1.7085753
2020-02-18,2.96206786,2.0753881,1.70358636
2020-02-19,2.97021772,2.09339378,1.71160308
2020-02-20,2.96218574,2.07927532,1.70507242
2020-02-21,2.94595638,2.04209093,1.68713829
2020-02-24,2.91489271,1.9663255,1.63059617
2020-02-25,2.89437192,1.91180701,1.58122172
2020-02-26,2.90101173,1.91504181,1.57524701
2020-02-27,2.84272862,1.82669743,1.505679
2020-02-28,2.84409058,1.82688714,1.4932747
2020-03-02,3.03844162,1.908941,1.56202392
2020-03-03,2.92814982,1.8517762,1.51811871
2020-03-04,3.08710392,1.92299762,1.58218725
2020-03-05,2.97995704,1.86339766,1.52851618
2020-03-06,2.92155683,1.82864635,1.50244909
2020-03-09,2.73401164,1.69538554,1.38830849
2020-03-10,2.96969553,1.7793095,1.4568858
2020-03-11,2.8025862,1.69567759,1.38569005
2020-03-12,2.54494323,1.53569593,1.25389336
2020-03-13,2.96070605,1.67922205,1.370344
2020-03-16,2.55402644,1.47231954,1.20612122
2020-03-17,2.95878305,1.56405229,1.27843403
2020-03-18,2.80631302,1.49049806,1.21217182
2020-03-19,2.83521578,1.52477395,1.2178785
2020-03-20,2.65228273,1.4669737,1.16507188
2020-03-23,2.64773083,1.46295415,1.13094242
2020-03-24,3.06875949,1.58176811,1.23705619
2020-03-25,3.02739375,1.57461183,1.25132564
2020-03-26,3.33879511,1.66273027,1.32942609
2020-03-27,3.1453745,1.59979097,1.28464124
2020-03-30,3.35750262,1.65774261,1.32769729
2020-03-31,3.30440264,1.64195239,1.30643724
2020-04-01,3.07342276,1.56955389,1.24876793
2020-04-02,3.18550473,1.59657751,1.27727648
2020-04-03,3.10660353,1.57221936,1.25794219
2020-04-06,3.54387601,1.68740193,1.34641492
2020-04-07,3.53980134,1.68186191,1.34425655
2020-04-08,3.67572918,1.72528568,1.39003716
2020-04-09,3.68346897,1.73865146,1.4101752
2020-04-13,3.74913697,1.74693359,1.39592586
2020-04-14,4.05625763,1.8158777,1.43860292
2020-04-15,3.9735944,1.78974316,1.40690987
2020-04-16,4.10394889,1.81942174,1.41509343
2020-04-17,4.17292289,1.84453673,1.45300887
2020-04-20,4.08210264,1.82547132,1.42702755
2020-04-21,3.82780991,1.76203307,1.38325377
2020-04-22,4.03483455,1.8115361,1.41497212
2020-04-23,4.0180128,1.81140179,1.41420885
2020-04-24,4.13099025,1.84120593,1.43389189
2020-04-27,4.18575867,1.86160013,1.45499028
2020-04-28,4.0482606,1.83549349,1.44736266
2020-04-29,4.31267959,1.90095313,1.48583923
2020-04-30,4.30787378,1.89558803,1.47215102
2020-05-01,4.09988125,1.83490063,1.43084388
2020-05-04,4.17915653,1.85745261,1.43692472
2020-05-05,4.26228505,1.87843738,1.44991532
2020-05-06,4.30447392,1.88809055,1.43979577
2020-05-07,4.40251716,1.91480296,1.45636009
2020-05-08,4.50919675,1.94501026,1.48093112
2020-05-11,4.5764466,1.96015431,1.4811282
2020-05-12,4.40058181,1.9196839,1.4507646
2020-05-13,4.30219866,1.88996284,1.4254303
2020-05-14,4.38731286,1.9071391,1.44185813
2020-05-15,4.43608973,1.92224484,1.44751939
2020-05-18,4.58055008,1.96921483,1.49311798
2020-05-19,4.55638194,1.95861042,1.47746353
2020-05-20,4.71958202,1.99927074,1.50206492
2020-05-21,4.62788527,1.97988734,1.49038848
2020-05-22,4.65286419,1.98835501,1.49389642
2020-05-26,4.62425775,1.99168789,1.51225519
2020-05-27,4.66767425,2.007071,1.53467785
2020-05-28,4.65468346,1.99782285,1.53144288
2020-05-29,4.7764213,2.02359901,1.5388127
2020-06-01,4.79340077,2.03685807,1.54458514
2020-06-02,4.84090119,2.04886977,1.55726747
2020-06-03,4.87046705,2.06476244,1.57852258
2020-06-04,4.81366882,2.05045406,1.57320501
2020-06-05,4.97065278,2.09273283,1.61444131
2020-06-08,5.02755994,2.11633184,1.63388174
2020-06-09,5.07410018,2.12251574,1.62113881
2020-06-10,5.13481762,2.13671729,1.61252556
2020-06-11,4.89360855,2.02420895,1.51747675
2020-06-12,4.93049664,2.04469664,1.53729628
2020-06-15,4.98662248,2.07395499,1.55007462
2020-06-16,5.071462,2.11017356,1.57946775
2020-06-17,5.0857301,2.11329966,1.5737812
2020-06-18,5.09847819,2.12023405,1.57471637
2020-06-19,5.09633673,2.12088876,1.56582002
2020-06-22,5.15525294,2.14442175,1.57599017
2020-06-23,5.19893525,2.16039106,1.58277862
2020-06-24,5.09034582,2.11300958,1.54185565
2020-06-25,5.13830443,2.13600303,1.55875353
2020-06-26,5.01855341,2.08060805,1.52098976
2020-06-29,5.07037097,2.10554209,1.54332652
2020-06-30,5.17019313,2.14490987,1.56710899
2020-07-01,5.23099396,2.16535092,1.57497922
2020-07-02,5.25578601,2.17665252,1.5821316
2020-07-06,5.34864985,2.22484864,1.60725858
2020-07-07,5.34318184,2.20570826,1.5898704
2020-07-08,5.35320678,2.2373976,1.60231505
2020-07-09,5.3596277,2.24917899,1.59327222
2020-07-10,5.3596277,2.26403962,1.60994772
2020-07-13,5.3596277,2.21571981,1.59487452
2020-07-14,5.3596277,2.23656172,1.616256
2020-07-15,5.3596277,2.24976331,1.63093492
2020-07-16,5.3596277,2.23341647,1.62537979
2020-07-17,5.3596277,2.2396772,1.63000987
2020-07-20,5.3596277,2.29595053,1.64371326
2020-07-21,5.3596277,2.27745653,1.64647312
2020-07-22,5.3596277,2.28295157,1.65593553
2020-07-23,5.3596277,2.23077015,1.63553464
2020-07-24,5.3596277,2.20982162,1.62541002
2020-07-27,5.3596277,2.24673092,1.63743016
2020-07-28,5.3596277,2.21811874,1.62683043
2020-07-29,5.3596277,2.24815341,1.6470493
2020-07-30,5.3596277,2.2577212,1.64087245
2020-07-31,5.3596277,2.29129762,1.65345877
2020-08-03,5.3596277,2.32488903,1.6653323
2020-08-04,5.3596277,2.33307099,1.67134736
2020-08-05,5.3596277,2.34527468,1.68209369
2020-08-06,5.3596277,2.36866046,1.69290568
2020-08-07,5.3596277,2.34795723,1.69397734
2020-08-10,5.3596277,2.33886901,1.6986226
2020-08-11,5.3596277,2.29930486,1.68508605
2020-08-12,5.3596277,2.34822586,1.70867144
2020-08-13,5.3596277,2.35467839,1.70517349
2020-08-14,5.3596277,2.34973123,1.7048804
2020-08-17,5.3596277,2.37327922,1.70950036
2020-08-18,5.3596277,2.39057481,1.713438
2020-08-19,5.3596277,2.37684658,1.70589134
2020-08-20,5.3596277,2.40211318,1.71127963
2020-08-21,5.3596277,2.41210329,1.71716832
2020-08-24,5.3596277,2.42658638,1.73441508
2020-08-25,5.3596277,2.44508476,1.74065264
2020-08-26,5.3596277,2.48743162,1.75839969
2020-08-27,5.3596277,2.47896187,1.76134157
2020-08-28,5.3596277,2.49395037,1.77319992
2020-08-31,5.3596277,2.51097316,1.76930781
2020-09-01,5.3596277,2.54598893,1.78262185
2020-09-02,5.3596277,2.57088881,1.81001346
2020-09-03,5.3596277,2.44329993,1.74643521
2020-09-04,5.3596277,2.41238691,1.73223141
2020-09-08,5.3596277,2.31313762,1.684151
2020-09-09,5.3596277,2.37580163,1.7180782
2020-09-10,5.3596277,2.3284693,1.68786614
2020-09-11,5.3596277,2.31438706,1.6887659
2020-09-14,5.3596277,2.35769579,1.71028386
2020-09-15,5.3596277,2.38619927,1.71921045
2020-09-16,5.3596277,2.35637784,1.71126951
2020-09-17,5.3596277,2.32648414,1.69687368
2020-09-18,5.3596277,2.30153532,1.67789825
2020-09-21,5.3596277,2.29844754,1.65848313
2020-09-22,5.3596277,2.33786238,1.67592696
2020-09-23,5.3596277,2.26735543,1.63617154
2020-09-24,5.3596277,2.27573126,1.64105953
2020-09-25,5.3596277,2.32718342,1.66727829
2020-09-28,5.3596277,2.37067768,1.69413913
2020-09-29,5.3596277,2.3637943,1.6859858
2020-09-30,5.3596277,2.3813352,1.69990145
2020-10-01,5.3596277,2.41524001,1.70889888
2020-10-02,5.3596277,2.36161278,1.69253164
2020-10-05,5.3596277,2.41651527,1.72295101
2020-10-06,5.3596277,2.37858226,1.69887533
2020-10-07,5.3596277,2.4233622,1.72843025
2020-10-08,5.3596277,2.43538473,1.74227519
2020-10-09,5.3596277,2.469281,1.75759594
2020-10-12,5.3596277,2.53246749,1.78644831
2020-10-13,5.3596277,2.529832,1.77518133
2020-10-14,5.3596277,2.50953817,1.76342405
2020-10-15,5.3596277,2.49783987,1.76072997
2020-10-16,5.3596277,2.48881767,1.76096752
2020-10-19,5.3596277,2.44773107,1.73221117
2020-10-20,5.3596277,2.45575102,1.74039991
2020-10-21,5.3596277,2.4489701,1.73657851
2020-10-22,5.3596277,2.45351619,1.74564159
2020-10-23,5.3596277,2.46252986,1.75165665
2020-10-26,5.3596277,2.42215545,1.7190942
2020-10-27,5.3596277,2.43759582,1.71389288
2020-10-28,5.3596277,2.34665427,1.65341323
2020-10-29,5.3596277,2.38519055,1.67316711
2020-10-30,5.3596277,2.32676339,1.65287234
2020-11-02,5.3596277,2.33657671,1.67323276
2020-11-03,5.3596277,2.37985544,1.70301512
2020-11-04,5.3596277,2.47159247,1.74056157
2020-11-05,5.3596277,2.53559567,1.77443324
2020-11-06,5.3596277,2.53651276,1.77392271
2020-11-09,5.3596277,2.49782072,1.7946774
2020-11-10,5.3596277,2.46371974,1.79216523
2020-11-11,5.3596277,2.51331232,1.80587861
2020-11-12,5.3596277,2.49692716,1.7878586
2020-11-13,5.3596277,2.52245176,1.81219195
2020-11-16,5.3596277,2.5426752,1.83330046
2020-11-17,5.3596277,2.53738903,1.82451542
2020-11-18,5.3596277,2.51654712,1.80341703
2020-11-19,5.3596277,2.53853414,1.81053411
2020-11-20,5.3596277,2.52792764,1.79823595
2020-11-23,5.3596277,2.53339936,1.80837068
2020-11-24,5.3596277,2.56669861,1.83759697
2020-11-25,5.3596277,2.57898331,1.83468544
2020-11-27,5.3596277,2.6027485,1.83908315
2020-11-30,5.3596277,2.60123251,1.83063155
2020-12-01,5.3596277,2.63457653,1.85126494
2020-12-02,5.3596277,2.63335249,1.85458087
2020-12-03,5.3596277,2.63928255,1.85342332
2020-12-04,5.3596277,2.65784506,1.86980067
2020-12-07,5.3596277,2.66972662,1.86618142
2020-12-08,5.3596277,2.68312207,1.87138274
2020-12-09,5.3596277,2.63113057,1.85650674
2020-12-10,5.3596277,2.64538752,1.85412093
2020-12-11,5.3596277,2.63942977,1.85177547
2020-12-14,5.3596277,2.65268675,1.8437031
2020-12-15,5.3596277,2.68574277,1.86752605
2020-12-16,5.3596277,2.69920466,1.87083679
2020-12-17,5.3596277,2.72192719,1.88160842
2020-12-18,5.3596277,2.71998452,1.87500187
2020-12-21,5.3596277,2.71718681,1.86767759
2020-12-22,5.3596277,2.73113265,1.86380572
2020-12-23,5.3596277,2.72328345,1.86519577
2020-12-24,5.3596277,2.73045253,1.8717922
2020-12-28,5.3596277,2.7506439,1.88811896
2020-12-29,5.3596277,2.74015256,1.88391341
2020-12-30,5.3596277,2.74437046,1.88644076
2020-12-31,5.3596277,2.74826851,1.89858726
2021-01-04,5.3596277,2.70778956,1.87057394
2021-01-05,5.3596277,2.7334868,1.88382245
2021-01-06,5.3596277,2.71681802,1.89457878
2021-01-07,5.3596277,2.78648077,1.92270836
2021-01-08,5.3596277,2.81516125,1.93326761
2021-01-11,5.3596277,2.77985957,1.92059552
2021-01-12,5.3596277,2.78753613,1.92139409
2021-01-13,5.3596277,2.79958843,1.92576649
2021-01-14,5.3596277,2.79611041,1.91853822
2021-01-15,5.3596277,2.77177152,1.90474388
2021-01-19,5.3596277,2.81413754,1.92024159
2021-01-20,5.3596277,2.86959436,1.94700136
2021-01-21,5.3596277,2.88530149,1.94761802
2021-01-22,5.3596277,2.88789221,1.9417545
2021-01-25,5.3596277,2.90770854,1.94877557
2021-01-26,5.3596277,2.90559094,1.94587417
2021-01-27,5.3596277,2.82979344,1.89590824
2021-01-28,5.3596277,2.84398667,1.91441349
2021-01-29,5.3596277,2.78716525,1.87744334
2021-02-01,5.3596277,2.8581093,1.90757963
2021-02-02,5.3596277,2.9027593,1.93409159
2021-02-03,5.3596277,2.90228159,1.93604265
2021-02-04,5.3596277,2.93793499,1.95705514
2021-02-05,5.3596277,2.95468686,1.96468275
2021-02-08,5.3596277,2.98269348,1.97922013
2021-02-09,5.3596277,2.98697115,1.97701621
2021-02-10,5.3596277,2.97947159,1.97633378
2021-02-11,5.3596277,2.99082422,1.97961934
2021-02-12,5.3596277,3.00568693,1.9889454
2021-02-16,5.3596277,2.99545797,1.98781315
2021-02-17,5.3596277,2.97797039,1.98717625
2021-02-18,5.3596277,2.95661891,1.9784012
2021-02-19,5.3596277,2.9585593,1.97473147
2021-02-22,5.3596277,2.88575775,1.95946119
2021-02-23,5.3596277,2.87128964,1.9619229
2021-02-24,5.3596277,2.89960113,1.98419389
2021-02-25,5.3596277,2.7975583,1.93562319
2021-02-26,5.3596277,2.81310759,1.92642856
2021-03-01,5.3596277,2.89765221,1.97225977
2021-03-02,5.3596277,2.84859898,1.95632223
2021-03-03,5.3596277,2.77161159,1.93076049
2021-03-04,5.3596277,2.71312467,1.90485506
2021-03-05,5.37080025,2.75506442,1.94199206
2021-03-08,5.3475777,2.68874955,1.93158447
2021-03-09,5.40263829,2.78783266,1.95892536
2021-03-10,5.39228596,2.78676855,1.9707383
2021-03-11,5.42768592,2.85710288,1.99122508
2021-03-12,5.39366539,2.8402977,1.99324697
2021-03-15,5.39808661,2.87011892,2.00618697
2021-03-16,5.37005835,2.87264799,2.00303789
2021-03-17,5.36540712,2.88408391,2.0088054
2021-03-18,5.31037105,2.7968632,1.97915435
2021-03-19,5.3160137,2.81798873,1.97796151
2021-03-22,5.34380555,2.85259719,1.99185692
2021-03-23,5.33579966,2.82064567,1.97665735
2021-03-24,5.29403256,2.76396481,1.9658503
2021-03-25,5.29053865,2.76733184,1.97615188
2021-03-26,5.31036148,2.80167396,2.00901766
2021-03-29,5.3054073,2.7848111,2.00727381
2021-03-30,5.29348729,2.78177017,2.00093517
2021-03-31,5.32019767,2.82473342,2.00818356
2021-04-01,5.34608788,2.87446905,2.03193073
2021-04-05,5.38225397,2.9225498,2.06126821
2021-04-06,5.37991046,2.92101237,2.0592615
2021-04-07,5.37302403,2.91897807,2.06229939
2021-04-08,5.39331325,2.94893153,2.0710036
2021-04-09,5.40422345,2.964046,2.08699161
2021-04-12,5.40064731,2.95334351,2.0865824
2021-04-13,5.42394544,2.98449747,2.09345662
2021-04-14,5.39542631,2.95501526,2.08489914
2021-04-15,5.42578035,2.99359422,2.1080294
2021-04-16,5.42723707,2.99649001,2.1156369
2021-04-19,5.40751119,2.96715482,2.10441015
2021-04-20,5.39210519,2.93975376,2.09009528
2021-04-21,5.40526331,2.97471414,2.10954582
2021-04-22,5.37898243,2.94660736,2.09011552
2021-04-23,5.40427389,2.98891361,2.11295775
2021-04-26,5.41629613,3.01492238,2.11672362
2021-04-27,5.40699273,3.00456743,2.11626874
2021-04-28,5.39868787,2.99621076,2.11447935
2021-04-29,5.40302013,3.00293192,2.12877917
2021-04-30,5.38936382,2.97737108,2.11346323
2021-05-03,5.37534115,2.96296482,2.11927121
2021-05-04,5.33973665,2.90717752,2.10511801
2021-05-05,5.33269891,2.89628532,2.10659888
2021-05-06,5.34707274,2.90703675,2.12380022
2021-05-07,5.36256261,2.93249743,2.13945973
2021-05-10,5.31332064,2.8577832,2.11713308
2021-05-11,5.31025718,2.85513251,2.09876925
2021-05-12,5.26233556,2.77884669,2.05375191
2021-05-13,5.28162452,2.79874402,2.07875252
2021-05-14,5.34225096,2.86377947,2.10976326
2021-05-17,5.32399034,2.85291912,2.10442545
2021-05-18,5.3039856,2.83683883,2.08650144
2021-05-19,5.30656953,2.83600733,2.08036001
2021-05-20,5.35944138,2.88633145,2.10231767
2021-05-21,5.34282411,2.8725243,2.10066971
2021-05-24,5.39002206,2.9130778,2.12149006
2021-05-25,5.39349441,2.91222485,2.11698129
2021-05-26,5.40314924,2.92946087,2.12095448
2021-05-27,5.3917597,2.92909416,2.12342605
2021-05-28,5.39982079,2.9317511,2.12505872
2021-06-01,5.38819728,2.92913685,2.12401248
2021-06-02,5.39330294,2.93336954,2.12708579
2021-06-03,5.36301394,2.90312809,2.11936722
2021-06-04,5.41226658,2.94577148,2.13808992
2021-06-07,5.41835462,2.96010735,2.13638642
2021-06-08,5.41912764,2.96931718,2.13676034
2021-06-09,5.41921568,2.96651094,2.13286317
2021-06-10,5.4499311,2.98966432,2.14278577
2021-06-11,5.44685403,3.00013213,2.14696085
2021-06-14,5.47516865,3.02246233,2.15085802
2021-06-15,5.45406012,3.00086576,2.14653115
2021-06-16,5.44142362,2.99379039,2.13496108
2021-06-17,5.48075327,3.01973501,2.13403084
2021-06-18,5.45592525,2.99180732,2.10602282
2021-06-21,5.47393035,3.01549816,2.13551196
2021-06-22,5.50271821,3.03933581,2.14645538
2021-06-23,5.50361588,3.04327238,2.14413016
2021-06-24,5.52125519,3.06416532,2.15659023
2021-06-25,5.51657231,3.06217787,2.16377297
2021-06-28,5.55281227,3.09205678,2.16878202
2021-06-29,5.56406715,3.09798912,2.16938351
2021-06-30,5.5571804,3.09279041,2.17226479
2021-07-01,5.55764946,3.09672031,2.18360755
2021-07-02,5.59593738,3.12165852,2.19998478
2021-07-06,5.60698513,3.12684223,2.19553673
2021-07-07,5.61354285,3.12714502,2.20291149
2021-07-08,5.591967,3.10469549,2.1840523
2021-07-09,5.61279636,3.13500504,2.20868393
2021-07-12,5.62483734,3.14168371,2.21630649
2021-07-13,5.62266932,3.12982985,2.20851215
2021-07-14,5.62834765,3.12285694,2.21108492
2021-07-15,5.60363284,3.101145,2.20387183
2021-07-16,5.5753764,3.07643294,2.18725716
2021-07-19,5.54651568,3.04396541,2.15254646
2021-07-20,5.58300025,3.09170922,2.18518468
2021-07-21,5.60874521,3.12008485,2.20319458
2021-07-22,5.63140353,3.13131169,2.2076377
2021-07-23,5.66997132,3.16380713,2.23003518
2021-07-26,5.67103263,3.16460032,2.23534757
2021-07-27,5.63066217,3.12618982,2.22481362
2021-07-28,5.64313864,3.14794007,2.22439922
2021-07-29,5.64867112,3.15128358,2.23375538
2021-07-30,5.62972527,3.12876991,2.22167959
2021-08-02,5.62773111,3.13055911,2.21758547
2021-08-03,5.64838357,3.14766499,2.23577727
2021-08-04,5.65308688,3.15176773,2.22542028
2021-08-05,5.67555669,3.17620262,2.23878492
2021-08-06,5.65883629,3.16354475,2.24253548
2021-08-09,5.66359974,3.168752,2.24042771
2021-08-10,5.64465663,3.15337972,2.24265173
2021-08-11,5.63668479,3.14848587,2.24551278
2021-08-12,5.64733125,3.15938661,2.25482353
2021-08-13,5.65957229,3.16080264,2.25844772
2021-08-16,5.6597767,3.15458876,2.26436678
2021-08-17,5.62739745,3.12525149,2.24837877
2021-08-18,5.59278664,3.0974731,2.22421213
2021-08-19,5.60919034,3.10085929,2.22700728
2021-08-20,5.64538714,3.13772174,2.24513861
2021-08-23,5.69890171,3.18633787,2.2642757
2021-08-24,5.70972888,3.20278904,2.26766246
2021-08-25,5.71342765,3.20749318,2.27269694
2021-08-26,5.68819614,3.18701153,2.25945867
2021-08-27,5.72402741,3.22618127,2.27935915
2021-08-30,5.76535322,3.2552647,2.28917537
2021-08-31,5.76165289,3.25384679,2.28608701
2021-09-01,5.76681647,3.26453846,2.28679955
2021-09-02,5.76435266,3.269187,2.2933001
2021-09-03,5.76753782,3.27608308,2.29253177
2021-09-07,5.77072511,3.2783883,2.28474731
2021-09-08,5.74940591,3.25968938,2.28173472
2021-09-09,5.73343323,3.25150326,2.27122594
2021-09-10,5.70248551,3.22319386,2.25368622
2021-09-13,5.69839957,3.22108064,2.25881671
2021-09-14,5.6863748,3.20661878,2.24583611
2021-09-15,5.7140706,3.23301134,2.26486731
2021-09-16,5.71545285,3.23735918,2.26135419
2021-09-17,5.66895306,3.20794298,2.24075128
2021-09-20,5.59065202,3.13755972,2.20270935
2021-09-21,5.59473378,3.14448995,2.20091996
2021-09-22,5.62803155,3.17657141,2.22187186
2021-09-23,5.65926973,3.20970657,2.24883364
2021-09-24,5.66240194,3.20873846,2.25211921
2021-09-27,5.62964951,3.19216339,2.24586646
2021-09-28,5.52554324,3.10190195,2.20013139
2021-09-29,5.51918423,3.09460085,2.2035838
2021-09-30,5.50565141,3.08098341,2.17733975
2021-10-01,5.52659644,3.10617108,2.2023606
2021-10-04,5.44949871,3.03980727,2.17376097
2021-10-05,5.49502244,3.07783815,2.19663875
2021-10-06,5.51622861,3.09235539,2.2056511
2021-10-07,5.54819764,3.12479086,2.22395421
2021-10-08,5.52969,3.10890902,2.21969818
2021-10-11,5.50037418,3.08900544,2.20445826
2021-10-12,5.48469153,3.08468092,2.19913057
2021-10-13,5.51297183,3.10722436,2.20577747
2021-10-14,5.58009716,3.16091551,2.24341488
2021-10-15,5.60311351,3.17667595,2.26015122
2021-10-18,5.64001762,3.2032176,2.26777871
2021-10-19,5.66795803,3.22609381,2.28454517
2021-10-20,5.66250441,3.22451368,2.29291581
2021-10-21,5.68588709,3.24456241,2.29978509
2021-10-22,5.65292179,3.21780107,2.29731845
2021-10-25,5.6916137,3.24691011,2.30822657
2021-10-26,5.70291416,3.24882925,2.31242707
2021-10-27,5.71159158,3.24885694,2.30074569
2021-10-28,5.75152073,3.29412312,2.32336037
2021-10-29,5.77055274,3.30484249,2.32788937
2021-11-01,5.78174816,3.32563963,2.33207975
2021-11-02,5.79865215,3.33708617,2.34066265
2021-11-03,5.84211182,3.37162652,2.35578633
2021-11-04,5.89276029,3.39907652,2.36563809
2021-11-05,5.89540202,3.40574665,2.37446854
2021-11-08,5.88851717,3.40804333,2.37657657
2021-11-09,5.85766571,3.38761082,2.36826146
2021-11-10,5.79432142,3.33135228,2.34878056
2021-11-11,5.80472124,3.34874615,2.3500746
2021-11-12,5.84894905,3.38215618,2.36704838
2021-11-15,5.8468381,3.38063999,2.36702295
2021-11-16,5.8770217,3.40623081,2.37617204
2021-11-17,5.87893304,3.3950806,2.36999013
2021-11-18,5.92356748,3.4104635,2.37801203
2021-11-19,5.9477189,3.42405324,2.37468599
2021-11-22,5.89559009,3.38083407,2.36709379
2021-11-23,5.87546633,3.36385605,2.37101638
2021-11-24,5.88880467,3.37880206,2.37645514
2021-11-26,5.80670328,3.3034075,2.32245061
2021-11-29,5.89852463,3.36549594,2.35310743
2021-11-30,5.83481372,3.3132229,2.30848943
2021-12-01,5.7625624,3.25274,2.28121419
2021-12-02,5.79230241,3.27987888,2.31359474
2021-12-03,5.719928,3.21679235,2.29404819
2021-12-06,5.75175894,3.24657755,2.32095937
2021-12-07,5.87844207,3.34504427,2.36901967
2021-12-08,5.89744199,3.36638304,2.37632877
2021-12-09,5.83273426,3.30888984,2.35926416
2021-12-10,5.87893784,3.33303465,2.38179295
2021-12-13,5.81603034,3.28669395,2.36003249
2021-12-14,5.77214517,3.24924073,2.34240145
2021-12-15,5.86798982,3.31917003,2.38069611
2021-12-16,5.75904831,3.2370414,2.3598807
2021-12-17,5.73807759,3.2347491,2.335603
2021-12-20,5.69745377,3.19450275,2.30900502
2021-12-21,5.7889888,3.27130022,2.35005436
2021-12-22,5.83989544,3.30985357,2.37397837
2021-12-23,5.87167431,3.33789018,2.3887533
2021-12-27,5.94197391,3.38435249,2.42181111
2021-12-28,5.92114974,3.36525917,2.4193647
2021-12-29,5.9201427,3.36195398,2.4227564
2021-12-30,5.90674405,3.35669551,2.41551295
2021-12-31,5.87929854,3.3360989,2.40916938
2022-01-03,5.91963202,3.37615137,2.42452555
2022-01-04,5.86285988,3.33135436,2.42299901
2022-01-05,5.73306453,3.21992699,2.37601038
2022-01-06,5.72871234,3.21580946,2.37372046
2022-01-07,5.68407264,3.18489852,2.36410637
2022-01-10,5.68505805,3.18637619,2.36069962
2022-01-11,5.74593961,3.23128836,2.38232359
2022-01-12,5.76190692,3.23873877,2.3890364
2022-01-13,5.65971236,3.15737147,2.35500788
2022-01-14,5.6840744,3.17591046,2.35693894
2022-01-18,5.58412791,3.0934195,2.31359968
2022-01-19,5.5405621,3.05788542,2.29118196
2022-01-20,5.49147707,3.01817196,2.26589331
2022-01-21,5.36739071,2.93605417,2.22303434
2022-01-24,5.38553919,2.95443739,2.22919602
2022-01-25,5.26585236,2.8870884,2.20206245
2022-01-26,5.25103064,2.88769188,2.19876676
2022-01-27,5.19987285,2.84731747,2.18692841
2022-01-28,5.36176384,2.9364061,2.24017497
2022-01-31,5.53576338,3.03648064,2.28248281
2022-02-01,5.57254982,3.05910946,2.29814749
2022-02-02,5.6192274,3.07436658,2.31980182
2022-02-03,5.39660383,2.95948909,2.26321935
2022-02-04,5.46505566,3.00622856,2.27489061
2022-02-07,5.41871652,2.9886706,2.26646962
2022-02-08,5.48007589,3.02679331,2.2855107
2022-02-09,5.60103429,3.08989462,2.31868993
2022-02-10,5.47412034,3.02491457,2.27668518
2022-02-11,5.30858519,2.94079455,2.23349771
2022-02-14,5.3124618,2.9407454,2.22491974
2022-02-15,5.44547663,3.01513124,2.25999943
2022-02-16,5.44315335,3.01178982,2.26199096
2022-02-17,5.28998837,2.92492312,2.21409752
2022-02-18,5.2277841,2.88896069,2.19823094
2022-02-22,5.17583255,2.85344576,2.1759344
2022-02-23,5.05816038,2.78008571,2.13587083
2022-02-24,5.24135059,2.87307863,2.16781674
2022-02-25,5.33390723,2.92021064,2.21631661
2022-02-28,5.34173343,2.93231834,2.21090302
2022-03-01,5.24779304,2.88563197,2.17669261
2022-03-02,5.34159026,2.93245037,2.21727202
2022-03-03,5.25307158,2.88680061,2.20562099
2022-03-04,5.16694,2.83892873,2.1881215
2022-03-07,4.96352903,2.73604565,2.12353218
2022-03-08,4.91807775,2.72849487,2.10817108
2022-03-09,5.22071074,2.82658426,2.16234738
2022-03-10,5.12076369,2.79980375,2.15306699
2022-03-11,4.95700366,2.73878568,2.12515991
2022-03-14,4.80928155,2.6827916,2.10938909
2022-03-15,5.05915144,2.76113525,2.15454811
2022-03-16,5.38074447,2.8651803,2.202775
2022-03-17,5.47434192,2.90318577,2.22997446
2022-03-18,5.66435493,2.96269182,2.25598108
2022-03-21,5.62963756,2.95088273,2.2550005
2022-03-22,5.81843951,3.00853378,2.28049128
2022-03-23,5.67694861,2.96882449,2.2525035
2022-03-24,5.89397445,3.02623668,2.28481321
2022-03-25,5.88170003,3.02143029,2.29638846
2022-03-28,6.03419806,3.06100735,2.31279606
2022-03-29,6.21257026,3.11745977,2.34114295
2022-03-30,6.09438037,3.07963776,2.3264085
2022-03-31,5.96460009,3.03235228,2.28999429
2022-04-01,5.93943676,3.04109086,2.29780368
2022-04-04,6.14860271,3.09888892,2.31639507
2022-04-05,5.92411485,3.02886592,2.28732033
2022-04-06,5.71358198,2.96162147,2.26509463
2022-04-07,5.73438038,2.96342961,2.27472895
2022-04-08,5.60279032,2.92370345,2.26869858
2022-04-11,5.3878297,2.85993681,2.2304091
2022-04-12,5.34761511,2.85132421,2.22278679
2022-04-13,5.52753572,2.90932906,2.2476255
2022-04-14,5.32782346,2.84695492,2.22033002
2022-04-18,5.32718151,2.84296317,2.21987515
2022-04-19,5.52720751,2.90422635,2.25552102
2022-04-20,5.39618383,2.86870309,2.25412604
2022-04-21,5.21908882,2.80933344,2.22087103
2022-04-22,5.00993595,2.73782194,2.15926395
2022-04-25,5.10828929,2.7731255,2.1715673
2022-04-26,4.82989454,2.66349795,2.1104457
2022-04-27,4.81943797,2.66311187,2.11487351
2022-04-28,5.13207887,2.74469678,2.16721008
2022-04-29,4.7744834,2.6302114,2.08857393
2022-05-02,4.90602006,2.67315321,2.10042709
2022-05-03,4.90841436,2.67906847,2.11058712
2022-05-04,5.20799712,2.76459828,2.17361436
2022-05-05,4.8084382,2.62659719,2.09612564
2022-05-06,4.71448348,2.58970059,2.08423176
2022-05-09,4.43457572,2.47851624,2.01745901
2022-05-10,4.53790081,2.50291489,2.02241772
2022-05-11,4.28894235,2.42328557,1.98912224
2022-05-12,4.26497698,2.42471847,1.98654441
2022-05-13,4.61045614,2.51727221,2.03396262
2022-05-16,4.49504484,2.48694767,2.02593578
2022-05-17,4.74964896,2.55555256,2.06679816
2022-05-18,4.32155849,2.43478125,1.98330931
2022-05-19,4.26674471,2.42845867,1.97173912
2022-05-20,4.23756466,2.42123419,1.97202727
2022-05-23,4.37375409,2.45975548,2.00861832
2022-05-24,4.19341506,2.40200656,1.99230673
2022-05-25,4.31294119,2.43831883,2.01113556
2022-05-26,4.57026196,2.50355044,2.05112348
2022-05-27,4.89898808,2.58681543,2.10187292
2022-05-31,4.86221732,2.57620893,2.08868499
2022-06-01,4.78625319,2.55767223,2.07305585
2022-06-02,5.07134164,2.62642872,2.11126437
2022-06-03,4.80479849,2.5615682,2.07675087
2022-06-06,4.83057139,2.57194001,2.08326647
2022-06-07,4.91624579,2.59621934,2.10310624
2022-06-08,4.84136863,2.57724951,2.08040542
2022-06-09,4.58534102,2.50644623,2.03089449
2022-06-10,4.28226143,2.4181208,1.97177454
2022-06-13,3.92869466,2.30493651,1.89533193
2022-06-14,3.93945896,2.30901343,1.88817956
2022-06-15,4.15710244,2.36675839,1.91573283
2022-06-16,3.83576416,2.27015084,1.85344861
2022-06-17,3.94926927,2.3026163,1.85752781
2022-06-21,4.19643757,2.36039312,1.90299496
2022-06-22,4.17669404,2.35693446,1.90051808
2022-06-23,4.33225784,2.39512756,1.91863423
2022-06-24,4.72409481,2.47518336,1.97727401
2022-06-27,4.63140864,2.45746963,1.97139543
2022-06-28,4.30399836,2.38432698,1.93168554
2022-06-29,4.3103234,2.38354858,1.93031068
2022-06-30,4.180588,2.35174429,1.91340255
2022-07-01,4.24612719,2.37287815,1.93359624
2022-07-05,4.41673224,2.41432958,1.93665931
2022-07-06,4.48383154,2.4227758,1.94357931
2022-07-07,4.72839407,2.478111,1.97266417
2022-07-08,4.73940277,2.4810878,1.97102633
2022-07-11,4.4925893,2.4250681,1.9483054
2022-07-12,4.38465559,2.40206632,1.9302955
2022-07-13,4.35949829,2.39840921,1.92169236
2022-07-14,4.39487134,2.39917908,1.91592991
2022-07-15,4.59560259,2.44208881,1.95271815
2022-07-18,4.4915198,2.42239201,1.93638646
2022-07-19,4.85168072,2.4976864,1.98988551
2022-07-20,5.04138929,2.53702877,2.00161748
2022-07-21,5.21997946,2.57156476,2.02135618
2022-07-22,4.99951715,2.52347964,2.00249194
2022-07-25,4.91808679,2.51251059,2.00512555
2022-07-26,4.68711339,2.46557704,1.98197998
2022-07-27,5.21409303,2.56576673,2.03382119
2022-07-28,5.3374232,2.59352388,2.05849823
2022-07-29,5.57989626,2.64216355,2.08774488
2022-08-01,5.56141896,2.63753416,2.081851
2022-08-02,5.51793464,2.63322234,2.06798089
2022-08-03,5.89852095,2.70133058,2.10032096
2022-08-04,5.96239124,2.71250849,2.0986883
2022-08-05,5.84221209,2.69906805,2.09527636
2022-08-08,5.78639347,2.6962768,2.09268335
2022-08-09,5.62703712,2.66417806,2.08379218
2022-08-10,6.02499003,2.74112921,2.12815745
2022-08-11,5.93979112,2.7251599,2.12665609
2022-08-12,6.22523909,2.78215416,2.16349481
2022-08-15,6.33742829,2.79939644,2.17208289
2022-08-16,6.29850769,2.79395887,2.17615702
2022-08-17,6.12431731,2.75889625,2.16040645
2022-08-18,6.15523297,2.76470052,2.16530962
2022-08-19,5.87099392,2.70923308,2.13737712
2022-08-22,5.50106994,2.64021879,2.09163711
2022-08-23,5.48259946,2.64016111,2.08695632
2022-08-24,5.51801588,2.65087215,2.09304222
2022-08-25,5.76090752,2.69517001,2.12253654
2022-08-26,5.22475742,2.5890715,2.05103241
2022-08-29,5.08918892,2.56262148,2.0373595
2022-08-30,4.9475888,2.53393454,2.01489118
2022-08-31,4.87438432,2.51966051,1.99914072
2022-09-01,4.87603056,2.51303515,2.00513061
2022-09-02,4.7082715,2.48013905,1.98360253
2022-09-06,4.61238034,2.46181122,1.97547956
2022-09-07,4.84970592,2.51447888,2.01171186
2022-09-08,4.9090471,2.52945446,2.02501073
2022-09-09,5.18228904,2.58280223,2.05593558
2022-09-12,5.31681484,2.6156623,2.07769616
2022-09-13,4.71757061,2.48071692,1.98786362
2022-09-14,4.80103327,2.49907869,1.99459654
2022-09-15,4.62121658,2.46339989,1.97202221
2022-09-16,4.55471809,2.44123169,1.95785889
2022-09-19,4.6257206,2.45970217,1.97128412
2022-09-20,4.5339911,2.43625247,1.9490636
2022-09-21,4.35313144,2.3925687,1.91570247
2022-09-22,4.22072695,2.35986211,1.89955773
2022-09-23,4.05389463,2.3174534,1.86682338
2022-09-26,4.00382887,2.30359086,1.84751944
2022-09-27,4.00400714,2.30925874,1.84360203
2022-09-28,4.20731404,2.35662731,1.87986963
2022-09-29,3.90601497,2.28964294,1.84015468
2022-09-30,3.73507966,2.25512195,1.81242963
2022-10-03,3.96910931,2.30625841,1.85934237
2022-10-04,4.31144405,2.3832331,1.91620794
2022-10-05,4.29858955,2.37731137,1.91234113
2022-10-06,4.20718763,2.36124815,1.89274904
2022-10-07,3.81779601,2.27149441,1.83974522
2022-10-10,3.70978901,2.24797411,1.825961
2022-10-11,3.56625925,2.22325789,1.81405724
2022-10-12,3.55893491,2.22131939,1.80808758
2022-10-13,3.83908738,2.27080138,1.85503574
2022-10-14,3.48674666,2.2009104,1.81114065
2022-10-17,3.87774656,2.27648405,1.85909975
2022-10-18,3.97027832,2.29708294,1.88034475
2022-10-19,3.9197365,2.27748839,1.8677989
2022-10-20,3.85341134,2.26348508,1.8529482
2022-10-21,4.15047625,2.31570273,1.89690906
2022-10-24,4.28323045,2.33551052,1.91944809
2022-10-25,4.56293287,2.38807572,1.95067109
2022-10-26,4.26527943,2.3394298,1.93626009
2022-10-27,4.03000807,2.30140517,1.92448257
2022-10-28,4.43542643,2.36746204,1.97187561
2022-10-31,4.26859821,2.343089,1.95717645
2022-11-01,4.13219081,2.32234079,1.94914962
2022-11-02,3.71884037,2.24428514,1.90041701
2022-11-03,3.49106458,2.20550585,1.88029921
2022-11-04,3.67195206,2.23371925,1.90590649
2022-11-07,3.7923851,2.25275489,1.92422984
2022-11-08,3.87771952,2.26377516,1.93500147
2022-11-09,3.60477528,2.20768716,1.89479623
2022-11-10,4.58996418,2.36995696,1.99983328
2022-11-11,4.84764843,2.41456198,2.01831323
2022-11-14,4.70911931,2.38745724,2.00027803
2022-11-15,4.89606522,2.42204237,2.01770669
2022-11-16,4.70666094,2.38477907,2.00105648
2022-11-17,4.67314848,2.37652672,1.99487457
2022-11-18,4.6673639,2.3767612,2.00436734
2022-11-21,4.51988602,2.35084219,1.99658301
2022-11-22,4.70753611,2.38280662,2.02369658
2022-11-23,4.84125421,2.40645686,2.03566612
2022-11-25,4.74344888,2.39388436,2.03508993
2022-11-28,4.53241997,2.35617105,2.00365961
2022-11-29,4.42162049,2.34215712,2.00047005
2022-11-30,5.05343386,2.44541107,2.06238035
2022-12-01,5.06247323,2.4484924,2.06059096
2022-12-02,5.00084072,2.44402503,2.05812925
2022-12-05,4.75399986,2.39678015,2.02130065
2022-12-06,4.47716974,2.34879082,1.99219555
2022-12-07,4.40425593,2.33677703,1.98848534
2022-12-08,4.55574766,2.36310128,2.00344229
2022-12-09,4.46534267,2.34660097,1.98871784
2022-12-12,4.61838716,2.37626663,2.01711533
2022-12-13,4.75826057,2.40037729,2.03181942
2022-12-14,4.65251407,2.38205591,2.01952138
2022-12-15,4.21499105,2.30521367,1.96919152
2022-12-16,4.08404224,2.28279809,1.94725916
2022-12-19,3.90539535,2.24881228,1.92971919
2022-12-20,3.89117843,2.24904259,1.93172096
2022-12-21,4.05415323,2.28364251,1.96044178
2022-12-22,3.76413406,2.23390479,1.93211006
2022-12-23,3.78491791,2.23854063,1.94344788
2022-12-27,3.60581076,2.20770007,1.93557765
2022-12-28,3.45887185,2.17785948,1.91231077
2022-12-29,3.73219969,2.23432481,1.94570227
2022-12-30,3.72143417,2.23184925,1.94075874
2023-01-03,3.62940735,2.21489685,1.93299464
2023-01-04,3.6775464,2.23020291,1.94756743
2023-01-05,3.49985754,2.19746674,1.92488697
2023-01-06,3.8010514,2.25377214,1.9688529
2023-01-09,3.86557197,2.26792267,1.96734154
2023-01-10,3.9619367,2.29073474,1.98107011
2023-01-11,4.17373498,2.33104523,2.00652572
2023-01-12,4.23396297,2.34585026,2.01337982
2023-01-13,4.31802834,2.36249572,2.02142702
2023-01-17,4.318258,2.3658969,2.01732253
2023-01-18,4.1491178,2.33644864,1.98592775
2023-01-19,4.01466938,2.31411406,1.97075853
2023-01-20,4.36270037,2.3755607,2.00804213
2023-01-23,4.64977021,2.4233218,2.03190038
2023-01-24,4.60548504,2.41689468,2.03045467
2023-01-25,4.57063912,2.41243605,2.03008569
2023-01-26,4.83193679,2.454881,2.05243257
2023-01-27,4.97114721,2.47818785,2.05755307
2023-01-30,4.67446227,2.42959087,2.03086919
2023-01-31,4.86686182,2.4702639,2.06060614
2023-02-01,5.16270146,2.51968613,2.08214422
2023-02-02,5.72606809,2.60167606,2.11275043
2023-02-03,5.44166061,2.56033562,2.09087372
2023-02-06,5.27205496,2.53485371,2.07803479
2023-02-07,5.59149492,2.58311792,2.10478432
2023-02-08,5.31091343,2.53977296,2.08146178
2023-02-09,5.17071384,2.5139841,2.0630829
2023-02-10,5.06108777,2.49874613,2.0676119
2023-02-13,5.28386618,2.53577913,2.09128319
2023-02-14,5.37802502,2.55035614,2.09069676
2023-02-15,5.4944599,2.573906,2.09649463
2023-02-16,5.19160355,2.5281111,2.06758661
2023-02-17,5.08115984,2.5134914,2.06186476
2023-02-21,4.7094945,2.45059271,2.02054244
2023-02-22,4.713882,2.45374234,2.017363
2023-02-23,4.83406769,2.47151146,2.0281144
2023-02-24,4.58386164,2.42983201,2.00674304
2023-02-27,4.65384547,2.44519367,2.01290977
2023-02-28,4.62713522,2.44275414,2.00679857
2023-03-01,4.51071025,2.42653536,1.99731592
2023-03-02,4.61927506,2.44434072,2.01245995
2023-03-03,4.91273875,2.49253871,2.04495663
2023-03-06,4.91330831,2.48970914,2.04636185
2023-03-07,4.72775159,2.4587022,2.01499743
2023-03-08,4.77379436,2.46844075,2.01784824
2023-03-09,4.52441356,2.41776471,1.98060005
2023-03-10,4.30795282,2.3752323,1.95192465
2023-03-13,4.39498297,2.38588357,1.94897771
2023-03-14,4.71338179,2.43691363,1.98109035
2023-03-15,4.77995198,2.43817161,1.96726059
2023-03-16,5.16440998,2.49856705,2.00180963
2023-03-17,5.06534023,2.4800643,1.97975077
2023-03-20,5.10468018,2.48966645,1.99740699
2023-03-21,5.32046701,2.52902382,2.02333771
2023-03-22,5.10273893,2.48847657,1.99002705
2023-03-23,5.27995197,2.51351931,1.99596635
2023-03-24,5.33152035,2.52131519,2.00722321
2023-03-27,5.20110658,2.5095615,2.01052902
2023-03-28,5.11319201,2.49831112,2.00736476
2023-03-29,5.39875763,2.54312521,2.03594415
2023-03-30,5.54600217,2.56172584,2.04758012
2023-03-31,5.82348568,2.60617321,2.0771401
2023-04-03,5.76609086,2.59925152,2.08482312
2023-04-04,5.70402102,2.58579193,2.07273746
2023-04-05,5.52709748,2.55818409,2.06757143
2023-04-06,5.62868211,2.57760997,2.0749716
2023-04-10,5.5939959,2.5768424,2.0770389
2023-04-11,5.48200475,2.56565158,2.07695301
2023-04-12,5.32943032,2.54378616,2.06836505
2023-04-13,5.64578036,2.59430853,2.09579714
2023-04-14,5.60908773,2.58518199,2.09146015
2023-04-17,5.60358316,2.59248539,2.09837485
2023-04-18,5.59208295,2.59156642,2.10016942
2023-04-19,5.57957157,2.59238106,2.09999245
2023-04-20,5.43921157,2.57155393,2.08749215
2023-04-21,5.44898817,2.57430478,2.08937755
2023-04-24,5.3940506,2.56678607,2.09115682
2023-04-25,5.0733414,2.51602693,2.05809383
2023-04-26,5.16413129,2.52779541,2.05018831
2023-04-27,5.59607786,2.58918457,2.0903026
2023-04-28,5.7114456,2.60716902,2.10755429
2023-05-01,5.65944098,2.60418785,2.10674055
2023-05-02,5.47219341,2.57602131,2.0823313
2023-05-03,5.35258339,2.56425491,2.06775851
2023-05-04,5.28885833,2.55168887,2.05283192
2023-05-05,5.63484034,2.60905192,2.09075748
2023-05-08,5.62418895,2.61363862,2.09170277
2023-05-09,5.50655172,2.59714039,2.08212398
2023-05-10,5.67012458,2.62419826,2.09146015
2023-05-11,5.72222321,2.62890428,2.08791173
2023-05-12,5.63929714,2.61957096,2.08460592
2023-05-15,5.72371312,2.63673015,2.09077253
2023-05-16,5.72013587,2.63200477,2.07743825
2023-05-17,5.93720617,2.66559409,2.10214071
2023-05-18,6.27847558,2.70574027,2.12199553
2023-05-19,6.19233819,2.69914281,2.11892741
2023-05-22,6.24443869,2.71255118,2.11925591
2023-05-23,5.99710944,2.67832006,2.09547357
2023-05-24,5.89240514,2.66209483,2.08013763
2023-05-25,6.35246904,2.70771272,2.09835461
2023-05-26,6.8660435,2.76690766,2.12573622
2023-05-30,6.93444737,2.77580805,2.12577151
2023-05-31,6.79790609,2.75829277,2.11278597
2023-06-01,7.03699361,2.79362423,2.13360632
2023-06-02,7.19287786,2.82343254,2.16461706
2023-06-05,7.18660525,2.82101446,2.16028008
2023-06-06,7.16930105,2.83103455,2.16536515
2023-06-07,6.80462419,2.79446011,2.15711076
2023-06-08,7.06320673,2.82295276,2.17046035
2023-06-09,7.14070035,2.82734975,2.17295217
2023-06-12,7.49057694,2.87059017,2.19320658
2023-06-13,7.6344224,2.89434494,2.20841096
2023-06-14,7.7476717,2.90568069,2.21022059
2023-06-15,7.96414398,2.93901826,2.23713696
2023-06-16,7.84752919,2.91913383,2.22892304
2023-06-20,7.80286712,2.91438284,2.21836885
2023-06-21,7.60291372,2.87917944,2.20673288
2023-06-22,7.76620469,2.90656134,2.21492162
2023-06-23,7.62058464,2.87711516,2.19795796
2023-06-26,7.42239004,2.84369242,2.18809608
2023-06-27,7.65569537,2.89058121,2.21316259
2023-06-28,7.68100205,2.89827485,2.21237896
2023-06-29,7.64162689,2.8981853,2.22227614
2023-06-30,7.86559587,2.94010569,2.24954125
2023-07-03,7.89231569,2.94625752,2.25217474
2023-07-05,7.88700593,2.94090117,2.24774174
2023-07-06,7.76957663,2.91688838,2.22993398
2023-07-07,7.71811603,2.9129818,2.223545
2023-07-10,7.71271757,2.91826172,2.22889268
2023-07-11,7.78334295,2.93430141,2.24392035
2023-07-12,7.96697818,2.96804838,2.26055057
2023-07-13,8.22552374,3.01487761,2.27969778
2023-07-14,8.22133459,3.00957436,2.27736244
2023-07-17,8.32646788,3.03756182,2.28614254
2023-07-18,8.4214494,3.06073852,2.30241365
2023-07-19,8.41761728,3.06167247,2.30784253
2023-07-20,8.20161715,2.99882917,2.29224868
2023-07-21,8.17253911,2.99232542,2.29299158
2023-07-24,8.18203579,2.99788251,2.30224186
2023-07-25,8.23356112,3.01615474,2.30872192
2023-07-26,8.20598799,3.01247014,2.30836306
2023-07-27,8.18474442,2.9960146,2.2935326
2023-07-28,8.32455358,3.05285309,2.31618775
2023-07-31,8.32601081,3.05911362,2.31958957
2023-08-01,8.3085673,3.04586955,2.31340766
2023-08-02,8.15761066,2.97966776,2.28139116
2023-08-03,8.14613341,2.9767399,2.27557823
2023-08-04,8.11243435,2.96597576,2.2635175
2023-08-07,8.16704459,2.98413513,2.28394369
2023-08-08,8.10907504,2.9606619,2.27430937
2023-08-09,8.03553799,2.92605323,2.25830112
2023-08-10,8.04660865,2.92945879,2.25886731
2023-08-11,8.00224081,2.90959769,2.25645101
2023-08-14,8.07380134,2.94019315,2.26942668
2023-08-15,8.00224673,2.90665505,2.24321274
2023-08-16,7.93264555,2.87330041,2.22626438
2023-08-17,7.862156,2.83967277,2.20909339
2023-08-18,7.85311197,2.83409672,2.20876489
2023-08-21,7.95382904,2.87819634,2.2239594
2023-08-22,7.94283066,2.87996201,2.21778242
2023-08-23,8.0432515,2.92584229,2.24227756
2023-08-24,7.90295217,2.87102726,2.21210105
2023-08-25,7.9521515,2.89804037,2.22696187
2023-08-28,7.99838315,2.92245172,2.24091294
2023-08-29,8.13877206,2.97333663,2.27342479
2023-08-30,8.17581291,2.98944671,2.28213924
2023-08-31,8.19539228,2.99278604,2.27849481
2023-09-01,8.18737732,2.99211218,2.28259412
2023-09-05,8.1935005,2.98979655,2.27302051
2023-09-06,8.13203891,2.9581349,2.25717393
2023-09-07,8.09244522,2.93177026,2.24992554
2023-09-08,8.09892237,2.93447842,2.25313533
2023-09-11,8.16173395,2.96782015,2.26828418
2023-09-12,8.09965563,2.93705435,2.2553643
2023-09-13,8.11972289,2.94557949,2.25816463
2023-09-14,8.15934293,2.9695602,2.27720078
2023-09-15,8.0644198,2.92313413,2.2495109
2023-09-18,8.06812488,2.92354144,2.25113344
2023-09-19,8.05598003,2.91670721,2.24629123
2023-09-20,7.97783261,2.8721276,2.22518778
2023-09-21,7.88081415,2.81985248,2.18869262
2023-09-22,7.88037638,2.81725719,2.18366826
2023-09-25,7.90317483,2.82994712,2.1924533
2023-09-26,7.82445912,2.78565551,2.16014853
2023-09-27,7.83302927,2.79189042,2.16064388
2023-09-28,7.8649798,2.81501194,2.17337693
2023-09-29,7.86698734,2.81885876,2.16748799
2023-10-02,7.89746587,2.83771948,2.16766001
2023-10-03,7.82791048,2.78477257,2.13786754
2023-10-04,7.87981346,2.82241758,2.15520512
2023-10-05,7.86678421,2.81896746,2.15239467
2023-10-06,7.9327157,2.86406934,2.17782498
2023-10-09,7.95209099,2.8753497,2.19155367
2023-10-10,7.9660588,2.89211011,2.20296726
2023-10-11,7.98543117,2.91276002,2.21242462
2023-10-12,7.98044919,2.89453673,2.19860486
2023-10-13,7.98044919,2.85892831,2.18757037
2023-10-16,7.98044919,2.89320628,2.2107463
2023-10-17,7.98044919,2.88590705,2.2105291
2023-10-18,7.98044919,2.83911198,2.18090841
2023-10-19,7.98044919,2.81179193,2.16240809
2023-10-20,7.98044919,2.76863897,2.13519357
2023-10-23,7.98044919,2.77600004,2.13159456
2023-10-24,7.98044919,2.80191697,2.14708228
2023-10-25,7.98044919,2.73396867,2.11629392
2023-10-26,7.98044919,2.68586022,2.09125283
2023-10-27,7.98044919,2.69596757,2.08121423
2023-10-30,7.98044919,2.72720066,2.10620966
2023-10-31,7.98044919,2.74037017,2.11984727
2023-11-01,7.98044919,2.78519905,2.14211839
2023-11-02,7.98044919,2.8348239,2.18251565
2023-11-03,7.98044919,2.87407881,2.20301761
2023-11-06,7.98044919,2.88271494,2.20687949
2023-11-07,7.98044919,2.90853379,2.21314729
2023-11-08,7.98044919,2.91078341,2.21537131
2023-11-09,7.98044919,2.88328427,2.19746261
2023-11-10,7.98044919,2.94227867,2.23177915
2023-11-13,7.98044919,2.93580262,2.22991375
2023-11-14,7.98044919,3.00545454,2.27244939
2023-11-15,7.98044919,3.00747176,2.27607852
2023-11-16,7.98044919,3.0095679,2.27878803
2023-11-17,7.98044919,3.01208636,2.28170954
2023-11-20,7.98044919,3.04600179,2.29857201
2023-11-21,7.98044919,3.02797257,2.29392676
2023-11-22,7.98044919,3.04202065,2.30324269
2023-11-24,7.98044919,3.0388198,2.30461743
2023-11-27,7.98044919,3.03672365,2.30011385
2023-11-28,7.98044919,3.04541101,2.30236823
2023-11-29,7.98044919,3.04044907,2.30018962
2023-11-30,7.98044919,3.03356777,2.3088937
2023-12-01,7.98044919,3.05037316,2.32245555
2023-12-04,7.98044919,3.02488271,2.30989453
2023-12-05,7.98044919,3.03435471,2.3085805
2023-12-06,7.98044919,3.01661329,2.29956272
2023-12-07,7.98044919,3.05782795,2.31788607
2023-12-08,7.98044919,3.07147079,2.32737896
2023-12-11,7.98044919,3.07755244,2.33651275
2023-12-12,7.98044919,3.0990703,2.34725921
2023-12-13,7.98044919,3.14183718,2.37930088
2023-12-14,7.98044919,3.14772246,2.38559904
2023-12-15,7.98044919,3.15888767,2.38541714
2023-12-18,7.98044919,3.17826878,2.39621913
2023-12-19,7.98044919,3.19925354,2.41027633
2023-12-20,7.98044919,3.15121548,2.37488319
2023-12-21,7.98044919,3.19086272,2.39934797
2023-12-22,7.98044919,3.19706786,2.40333103
2023-12-26,7.98044919,3.21446818,2.41350118
2023-12-27,7.98044919,3.21971583,2.41695359
2023-12-28,7.98044919,3.21885434,2.41784829
2023-12-29,7.98044919,3.20098714,2.4110143
2024-01-02,7.98044919,3.14865663,2.39736656
2024-01-03,7.98044919,3.11161073,2.37814852
2024-01-04,7.98044919,3.09414438,2.36999532
2024-01-05,7.98044919,3.09708078,2.37432218
2024-01-08,7.98044919,3.16525273,2.40783486
2024-01-09,7.98044919,3.16822536,2.40427632
2024-01-10,7.98044919,3.19209529,2.41789888
2024-01-11,7.98044919,3.19221045,2.41627634
2024-01-12,7.98044919,3.19275833,2.4180909
2024-01-16,7.98044919,3.18670021,2.40906818
2024-01-17,7.98044919,3.16777973,2.39553669
2024-01-18,7.98044919,3.21043374,2.41663002
2024-01-19,7.98044919,3.26487748,2.4463872
2024-01-22,7.98044919,3.27539443,2.45175537
2024-01-23,7.98044919,3.28939357,2.45891786
2024-01-24,7.98044919,3.30133052,2.46091433
2024-01-25,7.98044919,3.30742487,2.47385964
2024-01-26,7.98044919,3.29566701,2.47224721
2024-01-29,7.98044919,3.33248885,2.49092943
2024-01-30,7.98044919,3.30729701,2.48943325
2024-01-31,7.98044919,3.23354006,2.44933908
2024-02-01,7.98044919,3.27568222,2.47994036
2024-02-02,7.98044919,3.33268293,2.50643714
2024-02-05,7.98044919,3.32601488,2.49845079
2024-02-06,7.98044919,3.32842879,2.50422324
2024-02-07,7.98044919,3.35991115,2.52486169
2024-02-08,7.98044919,3.36781594,2.52630233
2024-02-09,7.98044919,3.40981317,2.54080922
2024-02-12,7.98044919,3.39955422,2.53839811
2024-02-13,7.98044919,3.33836559,2.50368741
2024-02-14,7.98044919,3.38177031,2.52767214
2024-02-15,7.98044919,3.39179665,2.54238635
2024-02-16,7.98044919,3.36396496,2.53017408
2024-02-20,7.98044919,3.33307317,2.51497957
2024-02-21,7.98044919,3.32243044,2.518159
2024-02-22,7.98044919,3.42067976,2.57134979
2024-02-23,7.98044919,3.41112674,2.57224448
2024-02-26,7.98044919,3.40674038,2.56250403
2024-02-27,7.98044919,3.41933203,2.56687656
2024-02-28,7.98044919,3.40066102,2.56262028
2024-02-29,7.98044919,3.43140558,2.57602046
2024-03-01,7.98044919,3.47043247,2.59664879
2024-03-04,7.98044919,3.4560537,2.59355031
2024-03-05,7.98044919,3.39892304,2.56711399
2024-03-06,7.98044919,3.4185303,2.58031179
2024-03-07,7.98044919,3.4700997,2.60689965
2024-03-08,7.98044919,3.42995352,2.58988046
2024-03-11,7.98044919,3.41591377,2.586974
2024-03-12,7.98044919,3.46844919,2.61595273
2024-03-13,7.98044919,3.44971196,2.61091825
2024-03-14,7.98044919,3.43921229,2.60342207
2024-03-15,7.98044919,3.40608359,2.5865443
2024-03-18,7.98044919,3.43386427,2.60288624
2024-03-19,7.98044919,3.44737071,2.61759033
2024-03-20,7.98044919,3.49057698,2.64089781
2024-03-21,7.98044919,3.49749222,2.64944517
2024-03-22,7.98044919,3.50324547,2.64573015
2024-03-25,7.98044919,3.49378846,2.63764754
2024-03-26,7.98044919,3.47912399,2.63026266
2024-03-27,7.98044919,3.49699744,2.65296348
2024-03-28,7.98044919,3.49271998,2.65592547
2024-04-01,7.98044919,3.49642395,2.65057754
2024-04-02,7.98044919,3.46307784,2.63138986
2024-04-03,7.98044919,3.47096972,2.63426102
2024-04-04,7.98044919,3.4222705,2.60176916
2024-04-05,7.98044919,3.46479853,2.6306467
2024-04-08,7.98044919,3.46595864,2.62966118
2024-04-09,7.98044919,3.47719194,2.63346234
2024-04-10,7.98044919,3.44813204,2.60855774
2024-04-11,7.98044919,3.50609836,2.62797792
2024-04-12,7.98044919,3.44914055,2.58973903
2024-04-15,7.98044919,3.38728659,2.55860686
2024-04-16,7.98044919,3.38307098,2.55334507
2024-04-17,7.98044919,3.34428731,2.5385852
2024-04-18,7.98044919,3.32682951,2.53297959
2024-04-19,7.98044919,3.25870212,2.51079437
2024-04-22,7.98044919,3.29480323,2.53271674
2024-04-23,7.98044919,3.34711688,2.56301962
2024-04-24,7.98044919,3.35055222,2.56356557
2024-04-25,7.98044919,3.32901728,2.55183359
2024-04-26,7.98044919,3.39643041,2.57788562
2024-04-29,7.98044919,3.40819681,2.5860793
2024-04-30,7.98044919,3.33883913,2.54539895
2024-05-01,7.98044919,3.3276783,2.53665438
2024-05-02,7.98044919,3.37789143,2.55981007
2024-05-03,7.98044919,3.44514026,2.59195294
2024-05-06,7.98044919,3.48627807,2.61871777
2024-05-07,7.98044919,3.48271904,2.62223583
2024-05-08,7.98044919,3.4763646,2.62222053
2024-05-09,7.98044919,3.48564044,2.63557012
2024-05-10,7.98044919,3.48449117,2.63991722
2024-05-13,7.98044919,3.49459227,2.6392802
2024-05-14,7.98044919,3.5208076,2.65204855
2024-05-15,7.98044919,3.57011052,2.68311976
2024-05-16,7.98044919,3.56071306,2.67753439
2024-05-17,7.98044919,3.55807966,2.68065311
2024-05-20,7.98044919,3.58130092,2.68310964
2024-05-21,7.98044919,3.58935065,2.68982244
2024-05-22,7.98044919,3.5827232,2.68254345
2024-05-23,7.98044919,3.56875404,2.66274416
2024-05-24,7.98044919,3.60815181,2.68138615
2024-05-28,7.98044919,3.62928192,2.68205328
2024-05-29,7.98044919,3.60810724,2.66229447
2024-05-30,7.98044919,3.56897811,2.64638716
2024-05-31,7.98044919,3.56853872,2.66763203
2024-06-03,7.98044919,3.58850852,2.67060933
2024-06-04,7.98044919,3.5945604,2.67462275
2024-06-05,7.98044919,3.66511004,2.70631074
2024-06-06,7.98044919,3.66195812,2.70576997
2024-06-07,7.98044919,3.6534311,2.70275245
2024-06-10,7.98044919,3.6660971,2.70972786
2024-06-11,7.98044919,3.69830058,2.71707225
2024-06-12,7.98044919,3.75478486,2.74017735
2024-06-13,7.98044919,3.76739171,2.74660212
2024-06-14,7.98044919,3.77193801,2.74552034
2024-06-17,7.98044919,3.80779153,2.76656307
2024-06-18,7.98044919,3.8089027,2.77353848
2024-06-20,7.98044919,3.7789128,2.76653271
2024-06-21,7.98044919,3.77204005,2.76221103
2024-06-24,7.98044919,3.73098344,2.75374438
2024-06-25,7.98044919,3.77807276,2.76457648
2024-06-26,7.98044919,3.79673315,2.76892358
2024-06-27,7.98044919,3.80814554,2.77143589
2024-06-28,7.98044919,3.7812605,2.7601183
2024-07-01,7.98044919,3.81254273,2.76750318
2024-07-02,7.98044919,3.84441304,2.78464874
2024-07-03,7.98044919,3.87843321,2.79880713
2024-07-05,7.98044919,3.91350209,2.81405717
2024-07-08,7.98044919,3.92437305,2.81691822
2024-07-09,7.98044919,3.92982102,2.81900576
2024-07-10,7.98044919,3.97634102,2.84778236
2024-07-11,7.98044919,3.89871413,2.82282716
2024-07-12,7.98044919,3.9232448,2.83840077
2024-07-15,7.98044919,3.93905022,2.84642267
2024-07-16,7.98044919,3.94689088,2.86460953
2024-07-17,7.98044919,3.83762358,2.82471256
2024-07-18,7.98044919,3.81081976,2.80263346
2024-07-19,7.98044919,3.78005354,2.78262192
2024-07-22,7.98044919,3.83989465,2.81265207
2024-07-23,7.98044919,3.83771521,2.80826967
2024-07-24,7.98044919,3.69805736,2.74326077
2024-07-25,7.98044919,3.66379229,2.72915322
2024-07-26,7.98044919,3.7013563,2.75942081
2024-07-29,7.98044919,3.70398304,2.76166508
2024-07-30,7.98044919,3.65647807,2.74796674
2024-07-31,7.98044919,3.75285739,2.79136648
2024-08-01,7.98044919,3.66644277,2.75314289
2024-08-02,7.98044919,3.57731146,2.702535
2024-08-05,7.98044919,3.45446941,2.62154328
2024-08-06,7.99180179,3.49003098,2.64868696
2024-08-07,7.96601746,3.45355878,2.6282003
2024-08-08,8.043458,3.55254589,2.6887609
2024-08-09,8.05563855,3.57073107,2.70132192
2024-08-12,8.06000718,3.5782602,2.70143817
2024-08-13,8.12744947,3.66504798,2.74695086
2024-08-14,8.12738118,3.66611209,2.75745446
2024-08-15,8.1995318,3.75181244,2.80194115
2024-08-16,8.20215481,3.7597493,2.8075164
2024-08-19,8.23940982,3.81200298,2.83481187
2024-08-20,8.23277915,3.79924494,2.82918603
2024-08-21,8.24526768,3.82100603,2.84118087
2024-08-22,8.19911234,3.75711132,2.81580115
2024-08-23,8.2297996,3.81222038,2.84813604
2024-08-26,8.19789224,3.77980407,2.8391538
2024-08-27,8.2060136,3.78599879,2.8436828
2024-08-28,8.17317704,3.74360904,2.82668903
2024-08-29,8.16641162,3.7351649,2.82657772
2024-08-30,8.20076602,3.77721315,2.85510651
2024-09-03,8.11741311,3.65410705,2.79471794
2024-09-04,8.11001285,3.64301869,2.79023929
2024-09-05,8.11213801,3.65226454,2.7818183
2024-09-06,8.04443846,3.55911586,2.73380342
2024-09-09,8.07646165,3.60043485,2.76546105
2024-09-10,8.10068728,3.63056135,2.77783005
2024-09-11,8.16064607,3.70938437,2.80745568
2024-09-12,8.1876068,3.74651981,2.82849841
2024-09-13,8.20011546,3.77089306,2.84379412
2024-09-16,8.18602998,3.75130725,2.84736771
2024-09-17,8.18547869,3.75896882,2.84812098
2024-09-18,8.17280524,3.74729197,2.83987153
2024-09-19,8.24825812,3.84126153,2.88808361
2024-09-20,8.24100814,3.82726031,2.88247776
2024-09-23,8.2459137,3.83279366,2.89057543
2024-09-24,8.26016549,3.85417075,2.89783418
2024-09-25,8.26253713,3.85581085,2.89244059
2024-09-26,8.28411764,3.87885719,2.90412222
2024-09-27,8.26672609,3.86378145,2.90048272
2024-09-30,8.27364744,3.87861855,2.91277077
2024-10-01,8.23168004,3.8191656,2.88561178
2024-10-02,8.23526991,3.82231294,2.88601113
2024-10-03,8.23092614,3.82089733,2.88115855
2024-10-04,8.26632413,3.86767512,2.90700326
2024-10-07,8.2329278,3.82205306,2.87913666
2024-10-08,8.27762738,3.87728581,2.90703362
2024-10-09,8.30192618,3.90046459,2.92771254
2024-10-10,8.2978821,3.89842426,2.92165182
2024-10-11,8.30225832,3.91140802,2.93933321
2024-10-14,8.32787202,3.94547276,2.96198861
2024-10-15,8.28485589,3.90557605,2.93944946
2024-10-16,8.28438221,3.91655572,2.95320357
2024-10-17,8.28606482,3.91794801,2.9526981
2024-10-18,8.30550023,3.9426711,2.9644249
2024-10-21,8.30992623,3.95343086,2.95902143
2024-10-22,8.31182826,3.96190915,2.95761633
2024-10-23,8.26397129,3.89727269,2.93043192
2024-10-24,8.28873303,3.92687859,2.93671996
2024-10-25,8.304697,3.94886749,2.93584057
2024-10-28,8.30213481,3.9592266,2.94362478
2024-10-29,8.33298852,3.99026561,2.94837617
2024-10-30,8.30789111,3.96791396,2.93864584
2024-10-31,8.23060291,3.85857003,2.88394382
2024-11-01,8.25183731,3.88944037,2.89574639
2024-11-04,8.24041087,3.87665901,2.88760331
2024-11-05,8.27970536,3.931928,2.92302163
2024-11-06,8.36925992,4.0479935,2.99696217
2024-11-07,8.42237607,4.10897743,3.01923329
2024-11-08,8.42600733,4.11267035,3.03057604
2024-11-11,8.42251945,4.11522504,3.03351286
2024-11-12,8.41419373,4.11152337,3.02473794
2024-11-13,8.40933213,4.10071654,3.02544037
2024-11-14,8.38380154,4.0744733,3.00713726
2024-11-15,8.30636613,3.98330748,2.96743255
2024-11-18,8.32778372,4.00712431,2.9790584
2024-11-19,8.3500868,4.04884645,2.99086615
2024-11-20,8.34728637,4.04429807,2.9909318
2024-11-21,8.35865763,4.04563705,3.00690476
2024-11-22,8.36358247,4.05229657,3.01733258
2024-11-25,8.36767497,4.0632121,3.02644638
2024-11-26,8.38542091,4.08868568,3.04376372
2024-11-27,8.35871998,4.06441489,3.03219365
2024-11-29,8.38763626,4.09804024,3.04919754
2024-12-02,8.42397759,4.13765541,3.05666337
2024-12-03,8.4342494,4.15406639,3.0580433
2024-12-04,8.47731541,4.20827336,3.0765488
2024-12-05,8.46709027,4.20084002,3.07079634
2024-12-06,8.4986762,4.23485353,3.07845937
2024-12-09,8.46917782,4.20860821,3.05954466
2024-12-10,8.4566981,4.19806376,3.05047652
2024-12-11,8.52096823,4.27219597,3.07538606
2024-12-12,8.49708687,4.24403775,3.05873585
2024-12-13,8.5241476,4.24913005,3.0586549
2024-12-16,8.57664459,4.30183602,3.07027581
2024-12-17,8.5597976,4.2880118,3.05841228
2024-12-18,8.43198227,4.1352544,2.968211
2024-12-19,8.41619347,4.13100672,2.96564316
2024-12-20,8.44526991,4.17361805,2.99787711
2024-12-23,8.47823178,4.21461968,3.01972346
2024-12-24,8.52702193,4.27139424,3.05306953
2024-12-26,8.52368105,4.26909736,3.05183103
2024-12-27,8.47572094,4.20548211,3.01809079
2024-12-30,8.42815127,4.15532,2.9857912
2024-12-31,8.39859172,4.11779014,2.97299768
2025-01-02,8.38991606,4.11139301,2.96638607
2025-01-03,8.44603295,4.18408378,3.00375075
2025-01-06,8.48565838,4.2359647,3.02038565
2025-01-07,8.42301081,4.15593639,2.98684755
2025-01-08,8.42184721,4.15363367,2.99150811
2025-01-10,8.36802877,4.08598398,2.94540405
2025-01-13,8.35592571,4.07030434,2.95004437
2025-01-14,8.35234473,4.06098393,2.95342595
2025-01-15,8.43129556,4.16053183,3.00751143
2025-01-16,8.40676958,4.12365418,3.00115749
2025-01-17,8.46554829,4.18590046,3.03114223
2025-01-21,8.48429612,4.21289212,3.05771997
2025-01-22,8.52935887,4.26674757,3.07648808
2025-01-23,8.53678767,4.27620251,3.09283496
2025-01-24,8.51568785,4.25501117,3.0840045
2025-01-27,8.41259106,4.12440926,3.03903751
2025-01-28,8.46414529,4.20794725,3.06705096
2025-01-29,8.45694939,4.18635276,3.05270055
2025-01-30,8.47137185,4.19689304,3.06880481
2025-01-31,8.46561699,4.18531198,3.05331709
2025-02-03,8.43484566,4.13509906,3.03008563
2025-02-04,8.47773609,4.19097985,3.05197764
2025-02-05,8.49286436,4.19914911,3.06390682
2025-02-06,8.51144101,4.22040042,3.07507261
2025-02-07,8.46575724,4.16312692,3.04596776
2025-02-10,8.50808197,4.20382743,3.06641394
2025-02-11,8.49902641,4.18881332,3.06745524
2025-02-12,8.50049891,4.19011191,3.0590999
2025-02-13,8.55322755,4.25316449,3.09099497
2025-02-14,8.56774122,4.27046424,3.09077259
2025-02-18,8.57441539,4.27355411,3.09832949
2025-02-19,8.57506102,4.27675059,3.10569413
2025-02-20,8.55841709,4.25672956,3.09223347
2025-02-21,8.48196295,4.16325686,3.03946721
2025-02-24,8.43872824,4.11270242,3.02436377
2025-02-25,8.39194262,4.05714565,3.01021057
2025-02-26,8.39985209,4.0675664,3.01062003
2025-02-27,8.30731479,3.95437128,2.96285788
2025-02-28,8.35981262,4.01895234,3.00983146
2025-03-03,8.28718674,3.912954,2.95686824
2025-03-04,8.27683917,3.89908729,2.92069147
2025-03-05,8.31829505,3.9561434,2.95328428
2025-03-06,8.23164642,3.85304917,2.90065969
2025-03-07,8.25294828,3.88012204,2.91667312
2025-03-10,8.13881578,3.72490616,2.83800143
2025-03-11,8.12675664,3.71803549,2.81652382
2025-03-12,8.172378,3.76331646,2.8302878
2025-03-13,8.09852678,3.68965571,2.79097232
2025-03-14,8.20013144,3.78584303,2.85032477
2025-03-17,8.2258851,3.79747948,2.86861283
2025-03-18,8.15367068,3.73253983,2.83805203
2025-03-19,8.20964418,3.78513918,2.86869872
2025-03-20,8.19388207,3.77252441,2.86243092
2025-03-21,8.20739176,3.79223183,2.86479143
2025-03-24,8.30362824,3.87849485,2.91534354
2025-03-25,8.3290019,3.89625107,2.91993326
2025-03-26,8.24698166,3.81674752,2.88735576
2025-03-27,8.22140783,3.79649201,2.87780733
2025-03-28,8.11309552,3.6939163,2.82100741
2025-03-31,8.11073838,3.68886231,2.83663162
2025-04-01,8.14342768,3.72097626,2.84735759
2025-04-02,8.1734901,3.75320932,2.86651517
2025-04-03,7.97568972,3.5292155,2.72778835
2025-04-04,7.72497032,3.32390603,2.56480407
2025-04-07,7.73161435,3.32720476,2.5588243
2025-04-08,7.59837737,3.25569555,2.51864942
2025-04-09,9.0705428,3.65169105,2.75830868
2025-04-10,8.5928015,3.49439402,2.66285029
2025-04-11,8.80248625,3.56628723,2.71102683
2025-04-14,8.87118304,3.58910784,2.73256516
2025-04-15,8.87755603,3.58733572,2.72784388
2025-04-16,8.53743456,3.47730293,2.66671735
2025-04-17,8.53320925,3.47288678,2.67025565
2025-04-21,8.26396954,3.38427586,2.60732442
2025-04-22,8.55047288,3.47586566,2.67281312
2025-04-23,8.80256053,3.56278796,2.71734523
2025-04-24,9.14237253,3.66044838,2.77239623
2025-04-25,9.2762361,3.70669974,2.79283748
2025-04-28,9.26525325,3.70311551,2.79462687
2025-04-29,9.34630936,3.7234135,2.81084244
2025-04-30,9.33881541,3.7202191,2.81500247
2025-05-01,9.50609699,3.77659925,2.83273445
2025-05-02,9.69611289,3.83353166,2.87445093
2025-05-05,9.60945038,3.8050665,2.85610734
2025-05-06,9.48333407,3.77210419,2.83413462
2025-05-07,9.52650016,3.78244622,2.84645278
2025-05-08,9.66048939,3.82295724,2.86296156
2025-05-09,9.64942981,3.82312341,2.86092462
2025-05-12,10.2222842,3.9893252,2.95407285
2025-05-13,10.44441083,4.0536697,2.97548456
2025-05-14,10.53161512,4.08282373,2.97853269
2025-05-15,10.54579422,4.0754691,2.99084098
2025-05-16,10.60874456,4.09653258,3.01179263
2025-05-19,10.61328591,4.09746258,3.0144313
2025-05-20,10.56063053,4.08194953,3.00273462
2025-05-21,10.35296152,4.02436034,2.9542851
2025-05-22,10.37764087,4.03568318,2.95297083
2025-05-23,10.24057008,3.99548161,2.93316142
2025-05-27,10.58346709,4.09398664,2.99317113
2025-05-28,10.51424169,4.07304228,2.9764955
2025-05-29,10.54038354,4.08902012,2.9884348
2025-05-30,10.5142587,4.07577813,2.98819219
2025-06-02,10.62636768,4.10325166,3.00044988
2025-06-03,10.74248263,4.13659172,3.01785336
2025-06-04,10.78330726,4.14971209,3.01807574
2025-06-05,10.66509939,4.11515882,3.00214819
2025-06-06,10.81425885,4.16452337,3.03301233
2025-06-09,10.82526468,4.17759293,3.03580254
2025-06-10,10.92717067,4.20398111,3.05244781
2025-06-11,10.87184715,4.18284725,3.04407224
2025-06-12,10.90642267,4.19278613,3.05570796
2025-06-13,10.70860775,4.13826972,3.02118952
2025-06-16,10.91808503,4.20104285,3.04956653
2025-06-17,10.76310391,4.16263422,3.02409598
2025-06-18,10.75786612,4.16800348,3.02316081
2025-06-20,10.68821758,4.14692293,3.01657438
2025-06-23,10.84218133,4.18606497,3.04555311
2025-06-24,11.08381415,4.24610391,3.0794249
2025-06-25,11.12279344,4.25911599,3.07941478
2025-06-26,11.27182807,4.30056076,3.10411206
2025-06-27,11.32469294,4.32306818,3.12031233
2025-06-30,11.42600198,4.34359648,3.13642696
2025-07-01,11.29985432,4.30801992,3.13291877
2025-07-02,11.40040799,4.34858633,3.14778477
2025-07-03,11.54560716,4.39293312,3.17403401
2025-07-07,11.42407755,4.35272072,3.14907881
2025-07-08,11.42980564,4.35398766,3.14682442
2025-07-09,11.53310233,4.39511673,3.1659008
2025-07-10,11.5094539,4.39923655,3.17459501
2025-07-11,11.47370838,4.38961295,3.16412671
2025-07-14,11.52137363,4.40129854,3.16857995
2025-07-15,11.52764728,4.40928871,3.1560441
2025-07-16,11.5408996,4.4205241,3.16612342
2025-07-17,11.66255741,4.45361011,3.18313743
2025-07-18,11.64588662,4.45574248,3.1828494
2025-07-21,11.71020707,4.4724879,3.18730264
2025-07-22,11.62827952,4.4551111,3.18933465
2025-07-23,11.69573751,4.48226269,3.21424937
2025-07-24,11.72472171,4.49035323,3.21649363
2025-07-25,11.76009715,4.50109175,3.22927703
2025-07-28,11.78886241,4.51607379,3.22984816
2025-07-29,11.76123328,4.49895271,3.22028961
2025-07-30,11.77947348,4.50564429,3.21626607
2025-07-31,11.69480186,4.50410457,3.20438255
2025-08-01,11.38998765,4.40338844,3.15313764
2025-08-04,11.6591704,4.48941906,3.19960574
2025-08-05,11.54569264,4.46019924,3.18406249
2025-08-06,11.70922898,4.5141205,3.20724853
2025-08-07,11.74505079,4.52974641,3.20469082
2025-08-08,11.8726005,4.57395494,3.22968649
2025-08-11,11.83889137,4.5601757,3.22159895
2025-08-12,11.95770293,4.6234007,3.25814939
2025-08-13,11.96069149,4.6300623,3.26867347
2025-08-14,11.9535367,4.62953546,3.26966417
2025-08-15,11.91445443,4.61083675,3.26019152
2025-08-18,11.90847528,4.61228443,3.25986301
2025-08-19,11.79763741,4.54515284,3.24076639
2025-08-20,11.75065597,4.51485392,3.23288592
2025-08-21,11.71322945,4.49938377,3.21994086
2025-08-22,11.83247038,4.58387466,3.26884031
2025-08-25,11.80693417,4.57379918,3.25489418
2025-08-26,11.83602014,4.5940526,3.2683499
2025-08-27,11.84666612,4.60383405,3.27616447
2025-08-28,11.89492666,4.62836056,3.2865064
2025-08-29,11.80259186,4.57513441,3.26547873
2025-09-02,11.73285215,4.53762163,3.24287417
2025-09-03,11.79322169,4.58412871,3.25941307
2025-09-04,11.86316916,4.62889991,3.28661772
2025-09-05,11.86836499,4.62734352,3.27621507
2025-09-08,11.9046389,4.64830663,3.28311471
2025-09-09,11.9265755,4.66553433,3.29194022
2025-09-10,11.92418966,4.66693537,3.30176163
2025-09-11,11.96995891,4.70041578,3.32978002
2025-09-12,11.98695807,4.72131933,3.32817253
2025-09-15,12.00264072,4.76559825,3.34383697
2025-09-16,12.00056818,4.76244466,3.33953034
2025-09-17,11.99629283,4.74695701,3.33629043
2025-09-18,12.01421536,4.79160701,3.35226833
2025-09-19,12.02781346,4.82588707,3.36864556
2025-09-22,12.03925204,4.85947202,3.38350144
2025-09-23,12.0244643,4.81351719,3.36488488
2025-09-24,12.01700864,4.797394,3.35530634
2025-09-25,12.00797714,4.77326398,3.3384994
2025-09-26,12.01607732,4.79445365,3.35820268
2025-09-29,12.024823,4.81728717,3.36705337
2025-09-30,12.03016599,4.83197059,3.38082748
2025-10-01,12.03983355,4.85226025,3.39232202
2025-10-02,12.04819145,4.87121509,3.39441968
2025-10-03,12.04819145,4.85766575,3.39464206
2025-10-06,12.04819145,4.89203118,3.40702094
2025-10-07,12.04819145,4.85933958,3.3940354
2025-10-08,12.04819145,4.9137198,3.41381469
2025-10-09,12.04819145,4.90972159,3.40440769
2025-10-10,12.04819145,4.7348237,3.3121085
2025-10-13,12.04819145,4.83934854,3.36377299
2025-10-14,12.04819145,4.80247756,3.35851095
2025-10-15,12.04819145,4.83411796,3.37203232
2025-10-16,12.04819145,4.81118616,3.35080744
2025-10-17,12.04819145,4.83622702,3.3684686
2025-10-20,12.04819145,4.90245193,3.40441781
2025-10-21,12.04819145,4.89459004,3.40452912
2025-10-22,12.04819145,4.84911291,3.38635731
2025-10-23,12.04819145,4.89205909,3.40609095
2025-10-24,12.04819145,4.94815521,3.43300732
2025-10-27,12.04819145,5.04040013,3.47519915
2025-10-28,12.04819145,5.08092156,3.48315021
2025-10-29,12.04819145,5.10885154,3.48299842
2025-10-30,12.04819145,5.02839051,3.44849998
2025-10-31,12.04819145,5.05905844,3.45752788
2025-11-03,12.04819145,5.08246337,3.46347729
2025-11-04,12.04819145,4.97881272,3.42282705
2025-11-05,12.04819145,5.01104578,3.43533254
2025-11-06,12.04819145,4.91598212,3.39693174
2025-11-07,12.04819145,4.90543726,3.40121813
2025-11-10,12.04819145,5.01688192,3.45360035
2025-11-11,12.04819145,5.00432879,3.46076779
2025-11-12,12.04819145,4.9911422,3.4629464
2025-11-13,12.04819145,4.87682508,3.4056109
2025-11-14,12.04819145,4.88327136,3.40390221
2025-11-17,12.04819145,4.84221892,3.37271476
2025-11-18,12.04819145,4.78353146,3.34486815
2025-11-19,12.04819145,4.81154683,3.35742424
2025-11-20,12.04819145,4.70787494,3.30515826
2025-11-21,12.04819145,4.74946256,3.33762495
2025-11-24,12.04819145,4.87717701,3.38924872
2025-11-25,12.04819145,4.90992608,3.41996106
2025-11-26,12.04819145,4.95024927,3.44358175
2025-11-28,12.04819145,4.98244818,3.46202135
2025-12-01,12.04819145,4.96330592,3.44359187
2025-12-02,12.04819145,4.99267943,3.45205358
2025-12-03,12.04819145,5.00129848,3.46233998
2025-12-04,12.04819145,5.01218444,3.46608042
2025-12-05,12.04819145,5.02774871,3.47279298
2025-12-08,12.04819145,5.02087596,3.46071719
2025-12-09,12.04819145,5.02739887,3.45768436
2025-12-10,12.04819145,5.04395895,3.4810222
2025-12-11,12.04819145,5.03110263,3.48826046
2025-12-12,12.04819145,4.94608697,3.45106288
2025-12-15,12.04819145,4.91671138,3.44555304
2025-12-16,12.04819145,4.92823705,3.43733912
2025-12-17,12.04819145,4.83907366,3.39749299
2025-12-18,12.04819145,4.90582542,3.42444959
2025-12-19,12.04819145,4.97006539,3.45464659
2025-12-22,12.04819145,4.99591214,3.47688241
2025-12-23,12.04819145,5.02427485,3.49270358
2025-12-24,12.04819145,5.03525035,3.50395526
2025-12-26,12.04819145,5.03094062,3.50288878
2025-12-29,12.04819145,5.00561863,3.49065652
2025-12-30,12.04819145,4.99383308,3.48585454
2025-12-31,12.04819145,4.95607083,3.46020678
2026-01-02,12.04819145,4.95471477,3.46676286
2026-01-05,12.04819145,4.98887321,3.48879111
2026-01-06,12.04819145,5.02114667,3.51041014
2026-01-07,12.04819145,5.02905979,3.4983346
2026-01-08,12.04819145,5.00682767,3.49860239
2026-01-09,12.04819145,5.04762647,3.52125755
2026-01-12,12.04819145,5.06096467,3.5268128
2026-01-13,12.04819145,5.05584029,3.51997388
2026-01-14,12.04819145,5.00506429,3.50120059
2026-01-15,12.04819145,5.01748956,3.51023343
2026-01-16,12.04819145,5.01437012,3.5079788
2026-01-20,12.04819145,4.89472873,3.43562057
2026-01-21,12.04819145,4.95240955,3.47543165
2026-01-22,12.04819145,4.99744521,3.49450309
2026-01-23,12.04819145,5.01135273,3.49564534
2026-01-26,12.04819145,5.03270191,3.51314483
2026-01-27,12.04819145,5.07870588,3.52748512
2026-01-28,12.04819145,5.08730995,3.52719684
2026-01-29,12.04819145,5.05056266,3.52263748
2026-01-30,12.04819145,5.00294691,3.50748344
2026-02-02,12.04819145,5.03072946,3.52639322
2026-02-03,12.04819145,4.9588854,3.49675747
2026-02-04,12.04819145,4.88412223,3.47902055
2026-02-05,12.04819145,4.80650575,3.43639901
2026-02-06,12.04819145,4.91112471,3.50408163
2026-02-09,12.04819145,4.95536281,3.52051958
2026-02-10,12.04819145,4.92631999,3.50888879
2026-02-11,12.04819145,4.91864343,3.50871701
2026-02-12,12.04819145,4.8185666,3.45376695
2026-02-13,12.04819145,4.80780225,3.45549069
2026-02-17,12.04819145,4.81456422,3.45905441
2026-02-18,12.04819145,4.85193415,3.47830775
2026-02-19,12.04819145,4.83681551,3.46849153
2026-02-20,12.04819145,4.88017525,3.49256191
2026-02-23,12.04819145,4.82498914,3.45628937
2026-02-24,12.04819145,4.87540072,3.48273557
2026-02-25,12.04819145,4.93689858,3.51107234
2026-02-26,12.04819145,4.87853556,3.4922334
2026-02-27,12.04819145,4.83371939,3.47707937
2026-03-02,12.04819145,4.85091669,3.47846448
2026-03-03,12.04819145,4.80140929,3.44561375
2026-03-04,12.04819145,4.86341692,3.4723381
2026-03-05,12.04819145,4.85094459,3.45273083
2026-03-06,12.04819145,4.77389953,3.40688963
2026-03-09,12.04819145,4.83963424,3.43518099
2026-03-10,12.04819145,4.83987955,3.42784647
2026-03-11,12.04819145,4.84393773,3.4249753
2026-03-12,12.04819145,4.75775759,3.37282089
2026-03-13,12.04819145,4.71369817,3.35238457
2026-03-16,12.04819145,4.77102082,3.38634719
2026-03-17,12.04819145,4.79348534,3.3947936
2026-03-18,12.04819145,4.72373325,3.34859872
2026-03-19,12.04819145,4.71056998,3.3393941
2026-03-20,12.04819145,4.61608856,3.28884174
2026-03-23,12.04819145,4.67987873,3.32650951
2026-03-24,12.04819145,4.64045764,3.3140598
2026-03-25,12.04819145,4.6762666,3.3320191
2026-03-26,12.04819145,4.56501186,3.2740214
2026-03-27,12.0177736,4.46698203,3.21927373
2026-03-30,12.00559576,4.43420338,3.20657128
2026-03-31,12.11062781,4.60393859,3.29998236
