date,equity,openLeapsValue,shortCallLiability,availableCash,openContracts,qqqAdjClose,qqqRsi,qqqIv,vixClose,vixMean,vixStd
2012-01-03,20000,0,0,20000,0,50.312572,56.593537,0.285384,22.969999,24.197707,8.12406
2012-01-04,20000,0,0,20000,0,50.524773,57.81712,0.285423,22.219999,24.189921,8.108938
2012-01-05,20000,0,0,20000,0,50.940365,60.184342,0.285412,21.48,24.179294,8.094739
2012-01-06,20000,0,0,20000,0,51.117188,61.18247,0.285416,20.629999,24.16543,8.081897
2012-01-09,20000,0,0,20000,0,50.949196,59.652458,0.285443,21.07,24.153385,8.068407
2012-01-10,20000,0,0,20000,0,51.32058,61.919651,0.285538,20.690001,24.139961,8.055581
2012-01-11,20000,0,0,20000,0,51.426697,62.566906,0.285543,21.049999,24.128031,8.042246
2012-01-12,20000,0,0,20000,0,51.63007,63.835573,0.285458,20.469999,24.113961,8.029911
2012-01-13,20000,0,0,20000,0,51.44437,61.776749,0.285494,20.91,24.101686,8.016907
2012-01-17,20000,0,0,20000,0,51.91301,64.857143,0.285562,22.200001,24.094427,8.002397
2012-01-18,20000,0,0,20000,0,52.602699,68.837407,0.285974,20.889999,24.082243,7.989554
2012-01-19,20000,0,0,20000,0,52.929874,70.541883,0.28572,19.870001,24.066288,7.978563
2012-01-20,20000,0,0,20000,0,52.850285,69.54536,0.28559,18.280001,24.044453,7.971367
2012-01-23,20000,0,0,20000,0,52.867981,69.648028,0.285428,18.67,24.024248,7.963134
2012-01-24,20000,0,0,20000,0,52.770729,68.285602,0.284981,18.91,24.005094,7.954311
2012-01-25,20000,0,0,20000,0,53.433895,72.2692,0.285356,18.309999,23.983843,7.94702
2012-01-26,20000,0,0,20000,0,53.248196,69.631661,0.285328,18.57,23.963717,7.939044
2012-01-27,20000,0,0,20000,0,53.407372,70.621416,0.285259,18.530001,23.943593,7.931171
2012-01-30,20000,0,0,20000,0,53.451565,70.90494,0.283543,19.4,23.926827,7.92128
2012-01-31,20000,0,0,20000,0,53.522312,71.381097,0.283494,19.440001,23.910331,7.91133
2012-02-01,20000,0,0,20000,0,53.955589,74.169202,0.282796,18.549999,23.890696,7.903435
2012-02-02,20000,0,0,20000,0,54.123589,75.178927,0.282807,17.98,23.869124,7.897024
2012-02-03,20000,0,0,20000,0,54.866333,79.073641,0.283253,17.1,23.844509,7.893162
2012-02-06,20000,0,0,20000,0,54.822124,78.286248,0.283186,17.76,23.822464,7.887306
2012-02-07,20000,0,0,20000,0,54.937073,78.875271,0.283146,17.65,23.80018,7.881734
2012-02-08,20000,0,0,20000,0,55.228867,80.333678,0.283109,18.16,23.779892,7.874764
2012-02-09,20000,0,0,20000,0,55.626781,82.144056,0.283218,18.629999,23.761434,7.866632
2012-02-10,20000,0,0,20000,0,55.237713,74.885281,0.283352,20.790001,23.750821,7.854529
2012-02-13,20000,0,0,20000,0,55.750576,77.684597,0.283434,19.040001,23.734057,7.845525
2012-02-14,20000,0,0,20000,0,55.892021,78.399678,0.283436,19.540001,23.719184,7.835534
2012-02-15,20000,0,0,20000,0,55.502972,71.603195,0.283565,21.139999,23.710071,7.823131
2012-02-16,20000,0,0,20000,0,56.263424,75.985437,0.283918,19.219999,23.694261,7.813841
2012-02-17,20000,0,0,20000,0,56.086567,73.157807,0.283947,17.780001,23.673509,7.807936
2012-02-21,20000,0,0,20000,0,56.245735,74.092225,0.283947,18.190001,23.654336,7.800967
2012-02-22,20000,0,0,20000,0,55.9893,69.872028,0.281744,18.190001,23.635296,7.793994
2012-02-23,20000,0,0,20000,0,56.360691,72.33016,0.281643,16.799999,23.611562,7.790822
2012-02-24,20000,0,0,20000,0,56.555222,73.547583,0.281607,17.309999,23.589758,7.786113
2012-02-27,20000,0,0,20000,0,56.634808,74.050614,0.281153,18.190001,23.571138,7.779096
2012-02-28,20000,0,0,20000,0,57.209538,77.39386,0.281385,17.959999,23.551856,7.772635
2012-02-29,20000,0,0,20000,0,56.953114,72.882144,0.280729,18.43,23.534315,7.765056
2012-03-01,20000,0,0,20000,0,57.404064,75.578418,0.28081,17.26,23.512901,7.76041
2012-03-02,20000,0,0,20000,0,57.359852,74.793236,0.279876,17.290001,23.491735,7.755652
2012-03-05,20000,0,0,20000,0,56.767422,65.042292,0.280097,18.049999,23.473288,7.74893
2012-03-06,20000,0,0,20000,0,56.210354,57.456835,0.279866,20.870001,23.464493,7.737265
2012-03-07,20000,0,0,20000,0,56.643639,61.242893,0.279968,19.07,23.449697,7.728392
2012-03-08,20000,0,0,20000,0,57.253746,65.851285,0.280098,17.950001,23.431242,7.721945
2012-03-09,20000,0,0,20000,0,57.492496,67.480807,0.279444,17.110001,23.4101,7.717641
2012-03-12,20000,0,0,20000,0,57.519009,67.665326,0.279363,15.64,23.3842,7.717773
2012-03-13,20000,0,0,20000,0,58.588928,74.061684,0.280135,14.8,23.355681,7.72077
2012-03-14,20000,0,0,20000,0,58.792309,75.07119,0.279571,15.31,23.32904,7.721826
2012-03-15,20000,0,0,20000,0,58.96032,75.905444,0.277928,15.42,23.302937,7.722409
2012-03-16,20000,0,0,20000,0,58.918682,75.23349,0.277753,14.47,23.273882,7.726282
2012-03-19,20000,0,0,20000,0,59.334984,77.388752,0.277828,15.04,23.246885,7.727959
2012-03-20,20000,0,0,20000,0,59.441265,77.917106,0.27696,15.58,23.22183,7.727719
2012-03-21,20000,0,0,20000,0,59.450108,77.963243,0.276944,15.13,23.195472,7.728892
2012-03-22,20000,0,0,20000,0,59.326099,75.57844,0.276905,15.57,23.170714,7.728517
2012-03-23,20000,0,0,20000,0,59.290695,74.874259,0.276165,14.82,23.143689,7.730571
2012-03-26,20000,0,0,20000,0,60.326996,80.578367,0.276877,14.26,23.115032,7.734527
2012-03-27,20000,0,0,20000,0,60.415577,80.975936,0.276777,15.59,23.090836,7.733822
2012-03-28,20000,0,0,20000,0,60.176445,76.427547,0.276627,15.47,23.06641,7.733423
2012-03-29,20000,0,0,20000,0,59.946133,72.220051,0.276639,15.48,23.042172,7.732918
2012-03-30,20000,0,0,20000,0,59.830975,70.140803,0.276656,15.5,23.018153,7.732279
2012-04-02,20000,0,0,20000,0,60.450993,74.412252,0.276897,15.64,22.99473,7.731141
2012-04-03,20000,0,0,20000,0,60.433289,74.08635,0.276857,15.66,22.971519,7.72988
2012-04-04,20000,0,0,20000,0,59.609562,60.753818,0.277372,16.440001,22.950915,7.726353
2012-04-05,20000,0,0,20000,0,59.981564,63.912311,0.277443,16.700001,22.931258,7.722117
2012-04-09,20000,0,0,20000,0,59.529827,57.826298,0.277615,18.809999,22.918339,7.713418
2012-04-10,20000,0,0,20000,0,58.573231,47.509263,0.278279,20.389999,22.910437,7.702615
2012-04-11,20000,0,0,20000,0,58.856682,50.336739,0.278283,20.02,22.901433,7.692262
2012-04-12,20000,0,0,20000,0,59.529827,56.350069,0.278429,17.200001,22.883727,7.686841
2012-04-13,20000,0,0,20000,0,58.626396,47.957298,0.278934,19.549999,22.873406,7.677137
2012-04-16,20000,0,0,20000,0,57.970966,42.958393,0.279284,19.549999,22.863148,7.667467
2012-04-17,20000,0,0,20000,0,59.148956,52.534671,0.280248,18.459999,22.8496,7.65952
2012-04-18,20000,0,0,20000,0,58.998394,51.348113,0.280119,18.639999,22.836687,7.65128
2012-04-19,20000,0,0,20000,0,58.334099,46.371608,0.280411,18.360001,22.822997,7.643546
2012-04-20,20000,0,0,20000,0,58.174675,45.238465,0.279215,17.440001,22.806585,7.637635
2012-04-23,20000,0,0,20000,0,57.64323,41.589995,0.279316,18.969999,22.794924,7.628917
2012-04-24,20000,0,0,20000,0,57.333252,39.584654,0.279393,18.1,22.780697,7.621697
2012-04-25,20000,0,0,20000,0,58.856682,51.867821,0.281034,16.82,22.762689,7.617189
2012-04-26,20000,0,0,20000,0,59.20211,54.144365,0.281006,16.24,22.743042,7.614094
2012-04-27,20000,0,0,20000,0,59.556396,56.421026,0.281072,16.32,22.723754,7.610762
2012-04-30,20000,0,0,20000,0,59.131268,53.019363,0.281219,17.15,22.707066,7.605443
2012-05-01,20000,0,0,20000,0,59.228676,53.708041,0.281208,16.6,22.688836,7.601376
2012-05-02,20000,0,0,20000,0,59.397003,54.937339,0.281148,16.879999,22.671548,7.596635
2012-05-03,20000,0,0,20000,0,58.768116,49.634173,0.281459,17.559999,22.65638,7.590431
2012-05-04,20000,0,0,20000,0,57.306644,39.976462,0.283056,19.16,22.646035,7.581546
2012-05-07,20000,0,0,20000,0,57.359806,40.430518,0.283037,18.940001,22.635103,7.572998
2012-05-08,20000,0,0,20000,0,57.147232,39.155041,0.283052,19.049999,22.624559,7.564319
2012-05-09,20000,0,0,20000,0,56.970066,38.076891,0.282916,20.08,22.617097,7.554444
2012-05-10,20000,0,0,20000,0,56.854935,37.357007,0.282781,18.83,22.606023,7.546138
2012-05-11,20000,0,0,20000,0,56.846073,37.298556,0.282702,19.889999,22.598105,7.536525
2012-05-14,20000,0,0,20000,0,56.314651,33.87545,0.28256,21.870001,22.595988,7.525633
2012-05-15,20000,0,0,20000,0,56.12862,32.742598,0.28178,21.969999,22.594174,7.514762
2012-05-16,20000,0,0,20000,0,55.747772,30.494286,0.281899,22.27,22.593237,7.503883
2012-05-17,20000,0,0,20000,0,54.56974,24.817615,0.282941,24.49,22.598703,7.493724
2012-05-18,20000,0,0,20000,0,53.861176,22.147077,0.283375,25.1,22.605891,7.484119
2012-05-21,20000,0,0,20000,0,55.366909,37.530701,0.285111,22.01,22.604183,7.473426
2012-05-22,20000,0,0,20000,0,55.304909,37.204705,0.284531,22.48,22.603829,7.462715
2012-05-23,20000,0,0,20000,0,55.411182,38.195675,0.284426,22.33,22.603048,7.452061
2012-05-24,20000,0,0,20000,0,55.048046,36.099336,0.28452,21.540001,22.600028,7.441653
2012-05-25,20000,0,0,20000,0,54.977188,35.687741,0.284442,21.76,22.597649,7.43121
2012-05-29,20000,0,0,20000,0,55.676903,42.642442,0.284769,21.030001,22.59322,7.421144
2012-05-30,20000,0,0,20000,0,55.207481,39.55227,0.284339,24.139999,22.597577,7.41111
2012-05-31,20000,0,0,20000,0,54.968327,38.039823,0.283123,24.059999,22.601685,7.40107
2012-06-01,20000,0,0,20000,0,53.506893,30.391793,0.285006,26.66,22.613053,7.393788
2012-06-04,20000,0,0,20000,0,53.914307,34.3542,0.284535,26.120001,22.622849,7.385752
2012-06-05,20000,0,0,20000,0,54.135746,36.470976,0.284384,24.68,22.628579,7.376228
2012-06-06,20000,0,0,20000,0,55.375767,46.813534,0.285622,22.16,22.627278,7.365989
2012-06-07,20000,0,0,20000,0,55.154331,45.392378,0.285524,21.719999,22.624765,7.355906
2012-06-08,20000,0,0,20000,0,55.68576,49.365226,0.285728,21.23,22.620912,7.346077
2012-06-11,20000,0,0,20000,0,54.746902,43.363063,0.285861,23.559999,22.623499,7.336089
2012-06-12,20000,0,0,20000,0,55.411182,48.165296,0.286195,22.09,22.622033,7.326031
2012-06-13,20000,0,0,20000,0,55.030334,45.769212,0.285958,24.27,22.626548,7.316469
2012-06-14,20000,0,0,20000,0,55.234055,47.280022,0.285001,21.68,22.623962,7.306607
2012-06-15,20000,0,0,20000,0,55.920296,52.119012,0.285299,21.110001,22.619836,7.297046
2012-06-18,20000,0,0,20000,0,56.444073,55.478001,0.285451,18.32,22.608152,7.290545
2012-06-19,20000,0,0,20000,0,57.029987,58.947432,0.285634,18.379999,22.596694,7.283959
2012-06-20,20000,0,0,20000,0,57.074383,59.206826,0.284564,17.24,22.582216,7.279411
2012-06-21,20000,0,0,20000,0,55.65395,48.621285,0.286094,20.08,22.575472,7.270728
2012-06-22,20000,0,0,20000,0,56.239883,52.401745,0.286151,18.110001,22.563468,7.264613
2012-06-25,20000,0,0,20000,0,55.156815,45.706968,0.286339,20.379999,22.557614,7.255723
2012-06-26,20000,0,0,20000,0,55.503033,47.994252,0.285828,19.719999,22.550027,7.247475
2012-06-27,20000,0,0,20000,0,55.840393,50.196008,0.285394,19.450001,22.54176,7.23955
2012-06-28,20000,0,0,20000,0,55.218952,46.306867,0.285704,19.709999,22.534229,7.231366
2012-06-29,20000,0,0,20000,0,56.958977,56.475423,0.287648,17.08,22.519761,7.227204
2012-07-02,20000,0,0,20000,0,57.127647,57.319227,0.287136,16.799999,22.50463,7.223606
2012-07-03,20000,0,0,20000,0,57.607044,59.710033,0.287241,16.66,22.489208,7.220289
2012-07-05,20000,0,0,20000,0,57.642536,59.889173,0.287221,17.5,22.476079,7.215298
2012-07-06,20000,0,0,20000,0,56.923458,54.59298,0.287205,17.1,22.461968,7.21106
2012-07-09,20000,0,0,20000,0,56.816933,53.833477,0.287194,17.98,22.450236,7.20524
2012-07-10,20000,0,0,20000,0,56.257637,49.907634,0.286582,18.719999,22.440496,7.198327
2012-07-11,20000,0,0,20000,0,55.946926,47.821219,0.286509,17.950001,22.428802,7.192575
2012-07-12,20000,0,0,20000,0,55.423141,44.447838,0.286714,18.33,22.418156,7.18624
2012-07-13,20000,0,0,20000,0,56.266518,50.502393,0.286891,16.74,22.403446,7.182718
2012-07-16,20000,0,0,20000,0,56.106724,49.40373,0.286505,17.110001,22.389767,7.178453
2012-07-17,20000,0,0,20000,0,56.399673,51.48738,0.286479,16.48,22.374536,7.175448
2012-07-18,20000,0,0,20000,0,57.163139,56.513596,0.285674,16.16,22.35856,7.173119
2012-07-19,20000,0,0,20000,0,57.793472,60.181642,0.285899,15.45,22.340846,7.172429
2012-07-20,20000,0,0,20000,0,57.029987,54.216412,0.286277,16.27,22.32532,7.169804
2012-07-23,20000,0,0,20000,0,56.337536,49.430831,0.286424,18.620001,22.315867,7.163075
2012-07-24,20000,0,0,20000,0,55.893661,46.591808,0.28658,20.469999,22.31117,7.154538
2012-07-25,20000,0,0,20000,0,55.520794,44.290571,0.286689,19.34,22.303629,7.146998
2012-07-26,20000,0,0,20000,0,56.257637,49.589388,0.285337,17.530001,22.291544,7.141962
2012-07-27,20000,0,0,20000,0,57.589279,57.463616,0.286666,16.700001,22.277424,7.138448
2012-07-30,20000,0,0,20000,0,57.544914,57.143366,0.286634,18.030001,22.266725,7.132616
2012-07-31,20000,0,0,20000,0,57.527138,57.006275,0.286569,18.93,22.258342,7.12559
2012-08-01,20000,0,0,20000,0,57.358463,55.642207,0.284869,18.959999,22.250075,7.118548
2012-08-02,20000,0,0,20000,0,57.154278,53.959001,0.284707,17.57,22.238375,7.113472
2012-08-03,20000,0,0,20000,0,58.237358,60.742798,0.279582,15.64,22.22192,7.112212
2012-08-06,20000,0,0,20000,0,58.681221,63.13975,0.279569,15.95,22.206318,7.110222
2012-08-07,20000,0,0,20000,0,59.169518,65.626238,0.26923,15.99,22.190893,7.108122
2012-08-08,20000,0,0,20000,0,59.142872,65.36711,0.263477,15.32,22.173886,7.107522
2012-08-09,20000,0,0,20000,0,59.320438,66.321465,0.25841,15.28,22.156864,7.106981
2012-08-10,20000,0,0,20000,0,59.355946,66.520141,0.253413,14.74,22.138596,7.107739
2012-08-13,20000,0,0,20000,0,59.497978,67.349864,0.253242,13.7,22.117862,7.111293
2012-08-14,20000,0,0,20000,0,59.524597,67.512364,0.252703,14.85,22.100049,7.111659
2012-08-15,20000,0,0,20000,0,59.675537,68.470624,0.252458,14.63,22.081785,7.112536
2012-08-16,20000,0,0,20000,0,60.385754,72.570366,0.252661,14.29,22.06278,7.114251
2012-08-17,20000,0,0,20000,0,60.652092,73.938918,0.24501,13.45,22.041825,7.118259
2012-08-20,20000,0,0,20000,0,60.740845,74.397333,0.24389,14.02,22.022354,7.12057
2012-08-21,20000,0,0,20000,0,60.501171,70.776735,0.243955,15.02,22.005399,7.120265
2012-08-22,20000,0,0,20000,0,60.749706,72.283066,0.239379,15.11,21.988744,7.119709
2012-08-23,20000,0,0,20000,0,60.252556,65.058969,0.239503,15.96,21.974217,7.117261
2012-08-24,20000,0,0,20000,0,60.625416,67.668795,0.23865,15.18,21.957885,7.116481
2012-08-27,20000,0,0,20000,0,60.723106,68.336111,0.236946,16.35,21.944436,7.113226
2012-08-28,20000,0,0,20000,0,60.723106,68.336111,0.234798,16.49,21.931388,7.109699
2012-08-29,20000,0,0,20000,0,60.723106,68.336111,0.234702,17.059999,21.919761,7.105176
2012-08-30,20000,0,0,20000,0,60.110535,58.826908,0.235074,17.83,21.910024,7.099497
2012-08-31,20000,0,0,20000,0,60.51004,62.492642,0.234867,17.469999,21.899477,7.094342
2012-09-04,20000,0,0,20000,0,60.447903,61.574386,0.232993,17.98,21.89019,7.088479
2012-09-05,20000,0,0,20000,0,60.385754,60.615029,0.233004,17.74,21.880378,7.082951
2012-09-06,20000,0,0,20000,0,61.726257,71.081033,0.232576,15.6,21.865566,7.081145
2012-09-07,20000,0,0,20000,0,61.637508,69.759334,0.232498,14.38,21.847953,7.082104
2012-09-10,20000,0,0,20000,0,60.847374,59.204405,0.231378,16.280001,21.834883,7.078909
2012-09-11,20000,0,0,20000,0,60.749706,58.035495,0.230972,16.41,21.822178,7.075468
2012-09-12,20000,0,0,20000,0,60.927261,59.597223,0.230509,15.8,21.808107,7.07317
2012-09-13,20000,0,0,20000,0,61.752884,65.94396,0.23045,14.05,21.790023,7.074825
2012-09-14,20000,0,0,20000,0,62.303314,69.395622,0.230053,14.51,21.773093,7.07529
2012-09-17,20000,0,0,20000,0,62.329948,69.55641,0.229841,14.59,21.756427,7.075523
2012-09-18,20000,0,0,20000,0,62.38319,69.896879,0.22984,14.18,21.738889,7.076704
2012-09-19,20000,0,0,20000,0,62.498631,70.662982,0.229754,13.88,21.720739,7.078591
2012-09-20,20000,0,0,20000,0,62.436485,69.635577,0.228688,14.07,21.703111,7.079944
2012-09-21,20000,0,0,20000,0,62.454296,69.77123,0.224987,13.98,21.685356,7.081471
2012-09-24,20000,0,0,20000,0,62.089298,63.509478,0.224851,14.15,21.668073,7.082526
2012-09-25,20000,0,0,20000,0,61.216778,51.59005,0.225229,15.43,21.653799,7.08069
2012-09-26,20000,0,0,20000,0,60.718185,46.248479,0.225208,16.809999,21.64274,7.07637
2012-09-27,20000,0,0,20000,0,61.555092,54.722696,0.224924,14.84,21.627244,7.07574
2012-09-28,20000,0,0,20000,0,61.047592,49.61457,0.224658,15.73,21.613841,7.073266
2012-10-01,20000,0,0,20000,0,60.958584,48.754977,0.222288,16.32,21.601837,7.06972
2012-10-02,20000,0,0,20000,0,61.136654,50.598991,0.219877,15.71,21.588507,7.067258
2012-10-03,20000,0,0,20000,0,61.528389,54.479641,0.218759,15.43,21.574605,7.065321
2012-10-04,20000,0,0,20000,0,61.742054,56.487389,0.216828,14.55,21.558784,7.065211
2012-10-05,20000,0,0,20000,0,61.412651,52.633124,0.216146,14.33,21.542539,7.065565
2012-10-08,20000,0,0,20000,0,60.851746,46.779887,0.216297,15.11,21.528117,7.064191
2012-10-09,20000,0,0,20000,0,59.881325,38.750699,0.213572,16.370001,21.516577,7.060484
2012-10-10,20000,0,0,20000,0,59.57864,36.63836,0.213564,16.290001,21.504911,7.056903
2012-10-11,20000,0,0,20000,0,59.391647,35.356126,0.213553,15.59,21.491737,7.054548
2012-10-12,20000,0,0,20000,0,59.364956,35.166936,0.213314,16.139999,21.479844,7.051202
2012-10-15,20000,0,0,20000,0,59.801178,40.747292,0.212396,15.27,21.466075,7.04943
2012-10-16,20000,0,0,20000,0,60.646996,49.774322,0.212104,15.22,21.452257,7.047737
2012-10-17,20000,0,0,20000,0,60.611366,49.432685,0.21165,15.07,21.438168,7.04632
2012-10-18,20000,0,0,20000,0,59.908039,43.138232,0.210777,15.03,21.424053,7.044961
2012-10-19,20000,0,0,20000,0,58.47467,33.71581,0.212784,17.059999,21.414462,7.040171
2012-10-22,20000,0,0,20000,0,58.777367,36.852628,0.212377,16.620001,21.403947,7.036013
2012-10-23,20000,0,0,20000,0,58.216454,33.672611,0.211361,18.83,21.398315,7.029326
2012-10-24,20000,0,0,20000,0,58.011707,32.567883,0.209993,18.33,21.391616,7.023094
2012-10-25,20000,0,0,20000,0,58.011707,32.567883,0.209983,18.120001,21.384488,7.017085
2012-10-26,20000,0,0,20000,0,58.180862,34.623026,0.207533,17.809999,21.376717,7.011418
2012-10-31,20000,0,0,20000,0,57.82473,32.385168,0.207679,18.6,21.370694,7.004986
2012-11-01,20000,0,0,20000,0,58.643833,41.716153,0.207263,16.690001,21.360563,7.000772
2012-11-02,20000,0,0,20000,0,58.020592,37.478108,0.205156,17.59,21.352419,6.995387
2012-11-05,20000,0,0,20000,0,58.403435,41.415368,0.205064,18.42,21.346099,6.989154
2012-11-06,20000,0,0,20000,0,58.510277,42.503569,0.203661,17.58,21.338,6.983803
2012-11-07,20000,0,0,20000,0,57.130314,33.776796,0.205644,19.08,21.333154,6.977073
2012-11-08,20000,0,0,20000,0,56.231121,29.523153,0.206418,18.49,21.327066,6.970825
2012-11-09,20000,0,0,20000,0,56.4715,31.988916,0.20604,18.610001,21.321261,6.96449
2012-11-12,20000,0,0,20000,0,56.462582,31.944258,0.201392,16.68,21.311365,6.960346
2012-11-13,20000,0,0,20000,0,56.070862,29.965608,0.201587,16.65,21.301447,6.956245
2012-11-14,20000,0,0,20000,0,55.412041,26.942894,0.200922,17.92,21.294267,6.950587
2012-11-15,20000,0,0,20000,0,55.225079,26.137139,0.200816,17.99,21.287267,6.94487
2012-11-16,20000,0,0,20000,0,55.465458,29.074058,0.200459,16.41,21.276956,6.941133
2012-11-19,20000,0,0,20000,0,56.783089,42.556988,0.20133,15.24,21.264219,6.939334
2012-11-20,20000,0,0,20000,0,56.800907,42.715578,0.199209,15.08,21.2512,6.937816
2012-11-21,20000,0,0,20000,0,56.916641,43.800866,0.198965,15.31,21.238718,6.935857
2012-11-23,20000,0,0,20000,0,57.780239,51.226409,0.198262,15.14,21.225933,6.934192
2012-11-26,20000,0,0,20000,0,58.029518,53.150657,0.198284,15.5,21.213954,6.931869
2012-11-27,20000,0,0,20000,0,57.833652,51.433616,0.196306,15.92,21.202902,6.928838
2012-11-28,20000,0,0,20000,0,58.332222,55.38463,0.196254,15.51,21.191042,6.926477
2012-11-29,20000,0,0,20000,0,58.679447,57.950328,0.192207,15.06,21.178295,6.924903
2012-11-30,20000,0,0,20000,0,58.581501,56.955343,0.192045,15.87,21.167282,6.921925
2012-12-03,20000,0,0,20000,0,58.465759,55.737489,0.187249,16.639999,21.157909,6.917809
2012-12-04,20000,0,0,20000,0,58.430153,55.345418,0.187104,17.120001,21.149566,6.913081
2012-12-05,20000,0,0,20000,0,57.780239,48.62237,0.187595,16.459999,21.139897,6.909217
2012-12-06,20000,0,0,20000,0,58.154156,52.218597,0.187317,16.58,21.130514,6.905189
2012-12-07,20000,0,0,20000,0,57.806931,48.802456,0.187439,15.9,21.119774,6.902152
2012-12-10,20000,0,0,20000,0,57.976101,50.501484,0.18746,16.049999,21.109385,6.898881
2012-12-11,20000,0,0,20000,0,58.732838,57.323944,0.186853,15.57,21.098057,6.89636
2012-12-12,20000,0,0,20000,0,58.608223,55.956195,0.18598,15.95,21.087551,6.893229
2012-12-13,20000,0,0,20000,0,58.145252,51.07991,0.185713,16.559999,21.07833,6.889222
2012-12-14,20000,0,0,20000,0,57.593273,45.939679,0.185584,17,21.070041,6.884659
2012-12-17,20000,0,0,20000,0,58.358936,53.004323,0.185144,16.34,21.060446,6.880957
2012-12-18,20000,0,0,20000,0,59.249226,59.613219,0.185899,15.57,21.049332,6.878412
2012-12-19,20000,0,0,20000,0,58.991024,57.105043,0.18593,17.360001,21.041879,6.873447
2012-12-20,20000,0,0,20000,0,58.991024,57.105043,0.185487,17.67,21.035081,6.868169
2012-12-21,20000,0,0,20000,0,58.370625,51.112337,0.182808,17.84,21.028652,6.862739
2012-12-24,20000,0,0,20000,0,58.254242,50.051217,0.181934,17.84,21.022249,6.85732
2012-12-26,20000,0,0,20000,0,57.743935,45.582665,0.182048,19.48,21.019158,6.85078
2012-12-27,20000,0,0,20000,0,57.654423,44.826664,0.181814,19.469999,21.01606,6.844263
2012-12-28,20000,0,0,20000,0,57.099358,40.356866,0.182192,22.719999,21.019461,6.837839
2012-12-31,20000,0,0,20000,0,58.307953,51.659596,0.183235,18.02,21.013486,6.832323
2013-01-02,20000,0,0,20000,0,60.161144,63.181274,0.186723,14.68,21.000895,6.831354
2013-01-03,20000,0,0,20000,0,59.847797,60.553231,0.186811,14.56,20.988115,6.830587
2013-01-04,20000,0,0,20000,0,59.650856,58.895097,0.185578,13.83,20.973941,6.831238
2013-01-07,20000,0,0,20000,0,59.668743,59.004897,0.18553,13.79,20.959743,6.83194
2013-01-08,20000,0,0,20000,0,59.552357,57.920747,0.185334,13.62,20.945266,6.832965
2013-01-09,20000,0,0,20000,0,59.776138,59.463014,0.18534,13.81,20.93122,6.83356
2013-01-10,20000,0,0,20000,0,60.134243,61.871331,0.185391,13.49,20.916601,6.834794
2013-01-11,20000,0,0,20000,0,60.214832,62.41253,0.185222,13.36,20.901784,6.83627
2013-01-14,20000,0,0,20000,0,59.946255,59.387182,0.185315,13.52,20.887339,6.837367
2013-01-15,20000,0,0,20000,0,59.650856,56.162593,0.185391,13.55,20.873008,6.838366
2013-01-16,20000,0,0,20000,0,59.892555,58.16421,0.185369,13.42,20.85848,6.839605
2013-01-17,20000,0,0,20000,0,60.179028,60.46817,0.185156,13.57,20.8443,6.840494
2013-01-18,20000,0,0,20000,0,60.044724,58.832354,0.184562,12.46,20.828019,6.843816
2013-01-22,20000,0,0,20000,0,60.143242,59.693731,0.18444,12.43,20.811744,6.847157
2013-01-23,20000,0,0,20000,0,60.510265,62.815231,0.184545,12.46,20.79559,6.850373
2013-01-24,20000,0,0,20000,0,59.677696,52.821791,0.185352,12.69,20.779942,6.853005
2013-01-25,20000,0,0,20000,0,59.982082,55.602755,0.185413,12.89,20.76474,6.855141
2013-01-28,20000,0,0,20000,0,60.116367,56.812243,0.184862,13.57,20.750904,6.855798
2013-01-29,20000,0,0,20000,0,60.125313,56.896483,0.184801,13.31,20.736622,6.856956
2013-01-30,20000,0,0,20000,0,59.999977,55.269802,0.184802,14.32,20.724329,6.856127
2013-01-31,20000,0,0,20000,0,59.865688,53.504744,0.18483,14.28,20.712008,6.85535
2013-02-01,20000,0,0,20000,0,60.57296,60.635102,0.185324,12.9,20.697099,6.857291
2013-02-04,20000,0,0,20000,0,59.516544,48.637218,0.186363,14.67,20.685619,6.855792
2013-02-05,20000,0,0,20000,0,60.393902,56.360272,0.187118,13.72,20.672376,6.85599
2013-02-06,20000,0,0,20000,0,60.196938,54.383295,0.186493,13.41,20.658596,6.856772
2013-02-07,20000,0,0,20000,0,60.25066,54.848509,0.186488,13.5,20.645038,6.857344
2013-02-08,20000,0,0,20000,0,60.868366,59.911017,0.18685,13.02,20.630624,6.858864
2013-02-11,20000,0,0,20000,0,60.886269,60.050819,0.186757,12.94,20.616113,6.860516
2013-02-12,20000,0,0,20000,0,60.635632,57.051149,0.186655,12.64,20.601092,6.862775
2013-02-13,20000,0,0,20000,0,60.850483,58.944385,0.186483,12.98,20.586767,6.864267
2013-02-14,20000,0,0,20000,0,60.832558,58.711849,0.186179,12.66,20.571895,6.866402
2013-02-15,20000,0,0,20000,0,60.653522,56.321928,0.186202,12.46,20.556704,6.868934
2013-02-19,20000,0,0,20000,0,61.092201,60.558407,0.186175,12.31,20.54129,6.871755
2013-02-20,20000,0,0,20000,0,60.152168,49.482601,0.186463,14.68,20.530354,6.869996
2013-02-21,20000,0,0,20000,0,59.507599,43.594875,0.186889,15.22,20.520466,6.867409
2013-02-22,20000,0,0,20000,0,60.107441,49.604394,0.187233,14.17,20.508662,6.866472
2013-02-25,20000,0,0,20000,0,59.364365,43.431272,0.187764,18.99,20.505844,6.8604
2013-02-26,20000,0,0,20000,0,59.588158,45.625966,0.187655,16.870001,20.499111,6.855818
2013-02-27,20000,0,0,20000,0,60.196938,51.175241,0.187995,14.73,20.488447,6.853957
2013-02-28,20000,0,0,20000,0,60.071594,50.042809,0.18801,15.51,20.479262,6.850957
2013-03-01,20000,0,0,20000,0,60.322273,52.315452,0.187695,15.36,20.469834,6.848159
2013-03-04,20000,0,0,20000,0,60.590851,54.693549,0.187677,14.01,20.45796,6.847454
2013-03-05,20000,0,0,20000,0,61.486115,61.573008,0.188252,13.48,20.445156,6.847684
2013-03-06,20000,0,0,20000,0,61.333916,59.907598,0.188277,13.53,20.432491,6.847797
2013-03-07,20000,0,0,20000,0,61.495068,61.107124,0.18786,13.06,20.419013,6.848781
2013-03-08,20000,0,0,20000,0,61.566669,61.656055,0.187462,12.59,20.404726,6.850686
2013-03-11,20000,0,0,20000,0,61.74575,63.060326,0.18728,11.56,20.388616,6.854834
2013-03-12,20000,0,0,20000,0,61.5219,60.097519,0.186922,12.27,20.373855,6.857332
2013-03-13,20000,0,0,20000,0,61.441315,59.022421,0.186873,11.83,20.358348,6.860757
2013-03-14,20000,0,0,20000,0,61.647228,60.944986,0.18691,11.3,20.341938,6.865363
2013-03-15,20000,0,0,20000,0,61.47588,58.485941,0.18566,11.3,20.325588,6.86991
2013-03-18,20000,0,0,20000,0,61.341232,56.55486,0.18564,13.36,20.313014,6.870073
2013-03-19,20000,0,0,20000,0,61.224628,54.865402,0.185628,14.39,20.302342,6.868473
2013-03-20,20000,0,0,20000,0,61.655342,59.659226,0.185808,12.67,20.288615,6.869912
2013-03-21,20000,0,0,20000,0,60.955414,50.308171,0.186142,13.99,20.277307,6.868918
2013-03-22,20000,0,0,20000,0,61.547634,56.518341,0.186485,13.57,20.265287,6.86862
2013-03-25,20000,0,0,20000,0,61.323299,53.776701,0.18654,13.74,20.253614,6.86801
2013-03-26,20000,0,0,20000,0,61.655342,57.09426,0.186629,12.77,20.24025,6.869148
2013-03-27,20000,0,0,20000,0,61.73608,57.885769,0.186631,13.15,20.227611,6.869537
2013-03-28,20000,0,0,20000,0,61.88863,59.409412,0.185504,12.7,20.214217,6.870754
2013-04-01,20000,0,0,20000,0,61.466873,53.632235,0.185683,13.58,20.202433,6.87033
2013-04-02,20000,0,0,20000,0,61.95145,58.612119,0.185853,12.78,20.189273,6.871337
2013-04-03,20000,0,0,20000,0,61.386108,51.64343,0.186127,14.21,20.17869,6.86985
2013-04-04,20000,0,0,20000,0,61.404072,51.839367,0.186111,13.89,20.167579,6.868856
2013-04-05,20000,0,0,20000,0,60.89259,46.110264,0.18598,13.92,20.156561,6.867799
2013-04-08,20000,0,0,20000,0,61.215637,49.877964,0.186087,13.19,20.144296,6.867963
2013-04-09,20000,0,0,20000,0,61.62841,54.276788,0.185515,12.84,20.131459,6.868744
2013-04-10,20000,0,0,20000,0,62.830814,64.147546,0.186798,12.36,20.117825,6.870421
2013-04-11,20000,0,0,20000,0,62.803883,63.815241,0.186567,12.24,20.104028,6.872303
2013-04-12,20000,0,0,20000,0,62.759064,63.228226,0.18552,12.06,20.089965,6.874516
2013-04-15,20000,0,0,20000,0,61.520721,49.64103,0.187014,17.27,20.085044,6.869514
2013-04-16,20000,0,0,20000,0,62.337307,56.308505,0.187184,13.96,20.074373,6.868277
2013-04-17,20000,0,0,20000,0,61.116955,46.417612,0.187795,16.51,20.068174,6.863901
2013-04-18,20000,0,0,20000,0,60.273426,41.050077,0.188055,17.559999,20.063819,6.858726
2013-04-19,20000,0,0,20000,0,61.098991,47.454288,0.187216,14.97,20.054991,6.85605
2013-04-22,20000,0,0,20000,0,61.727116,51.749303,0.187579,14.39,20.04519,6.854158
2013-04-23,20000,0,0,20000,0,62.319359,55.447097,0.187401,13.48,20.033851,6.853659
2013-04-24,20000,0,0,20000,0,62.292408,55.239631,0.187368,13.61,20.022776,6.852931
2013-04-25,20000,0,0,20000,0,62.624428,57.356515,0.187118,13.62,20.011756,6.852171
2013-04-26,20000,0,0,20000,0,62.427036,55.670816,0.187039,13.61,20.000756,6.851413
2013-04-29,20000,0,0,20000,0,63.001316,59.408576,0.184731,13.71,19.989966,6.85048
2013-04-30,20000,0,0,20000,0,63.45895,62.147592,0.184799,13.52,19.978887,6.849837
2013-05-01,20000,0,0,20000,0,63.162827,59.356538,0.184766,14.49,19.969504,6.847731
2013-05-02,20000,0,0,20000,0,63.961441,64.046163,0.185141,13.59,19.958618,6.846949
2013-05-03,20000,0,0,20000,0,64.715233,67.820383,0.185639,12.85,19.946508,6.847394
2013-05-06,20000,0,0,20000,0,64.966476,68.98888,0.185664,12.66,19.934116,6.848154
2013-05-07,20000,0,0,20000,0,64.930588,68.605655,0.185194,12.83,19.922054,6.848587
2013-05-08,20000,0,0,20000,0,65.244629,70.167296,0.182685,12.66,19.909746,6.849299
2013-05-09,20000,0,0,20000,0,65.154869,69.10915,0.182699,13.13,19.898274,6.849172
2013-05-10,20000,0,0,20000,0,65.549713,71.168837,0.182748,12.59,19.885929,6.849964
2013-05-13,20000,0,0,20000,0,65.630478,71.586169,0.182697,12.55,19.873558,6.850803
2013-05-14,20000,0,0,20000,0,65.971458,73.3407,0.182754,12.77,19.861599,6.851226
2013-05-15,20000,0,0,20000,0,66.106094,74.022787,0.18276,12.81,19.849748,6.851558
2013-05-16,20000,0,0,20000,0,66.034279,72.950621,0.182375,13.07,19.838372,6.851429
2013-05-17,20000,0,0,20000,0,66.671379,76.238692,0.18263,12.45,19.825997,6.852354
2013-05-20,20000,0,0,20000,0,66.572678,74.723247,0.182426,13.02,19.814615,6.852267
2013-05-21,20000,0,0,20000,0,66.64447,75.110787,0.180479,13.37,19.803856,6.851597
2013-05-22,20000,0,0,20000,0,66.061203,66.226913,0.180077,13.82,19.793883,6.850233
2013-05-23,20000,0,0,20000,0,65.908653,64.091751,0.177204,14.07,19.784359,6.848503
2013-05-24,20000,0,0,20000,0,65.872765,63.572478,0.177196,13.99,19.774734,6.846877
2013-05-28,20000,0,0,20000,0,66.303505,67.025612,0.177328,14.48,19.765954,6.844585
2013-05-29,20000,0,0,20000,0,65.989441,62.382254,0.177233,14.83,19.757781,6.841856
2013-05-30,20000,0,0,20000,0,66.339378,65.26935,0.177301,14.53,19.74914,6.839493
2013-05-31,20000,0,0,20000,0,65.729218,57.047928,0.177122,16.299999,19.743449,6.835274
2013-06-03,20000,0,0,20000,0,65.84584,58.133426,0.176786,16.280001,19.737743,6.831079
2013-06-04,20000,0,0,20000,0,65.50486,53.848447,0.176824,16.27,19.732039,6.826898
2013-06-05,20000,0,0,20000,0,64.652428,44.93197,0.174459,17.5,19.728374,6.821881
2013-06-06,20000,0,0,20000,0,64.966476,48.326722,0.174335,16.629999,19.723295,6.817432
2013-06-07,20000,0,0,20000,0,65.854843,56.496536,0.174969,15.14,19.715794,6.814365
2013-06-10,20000,0,0,20000,0,65.881744,56.719688,0.172974,15.44,19.708807,6.81098
2013-06-11,20000,0,0,20000,0,65.226685,49.994656,0.173358,17.07,19.704502,6.806248
2013-06-12,20000,0,0,20000,0,64.472923,43.59014,0.173648,18.59,19.702687,6.800842
2013-06-13,20000,0,0,20000,0,65.289513,50.924791,0.172945,16.41,19.697333,6.796599
2013-06-14,20000,0,0,20000,0,64.858788,47.422216,0.172623,17.15,19.693198,6.791847
2013-06-17,20000,0,0,20000,0,65.486908,52.547785,0.172721,16.799999,19.688509,6.787331
2013-06-18,20000,0,0,20000,0,66.025307,56.465387,0.172918,16.610001,19.683527,6.782959
2013-06-19,20000,0,0,20000,0,65.289513,50.347787,0.172936,16.639999,19.678611,6.778573
2013-06-20,20000,0,0,20000,0,63.737125,40.402165,0.175133,20.49,19.679919,6.773174
2013-06-21,20000,0,0,20000,0,63.398647,38.611228,0.174868,18.9,19.678663,6.767782
2013-06-24,20000,0,0,20000,0,62.768539,35.459976,0.175313,20.110001,19.679357,6.762352
2013-06-25,20000,0,0,20000,0,63.227627,39.344223,0.172776,18.469999,19.677416,6.757088
2013-06-26,20000,0,0,20000,0,63.794743,43.840586,0.172657,17.209999,19.673462,6.752385
2013-06-27,20000,0,0,20000,0,64.064796,45.897289,0.171032,16.860001,19.66896,6.747911
2013-06-28,20000,0,0,20000,0,64.154785,46.599099,0.170899,16.860001,19.664473,6.743445
2013-07-01,20000,0,0,20000,0,64.550896,49.69257,0.170904,16.370001,19.659218,6.739341
2013-07-02,20000,0,0,20000,0,64.577881,49.905473,0.170315,16.440001,19.654092,6.73519
2013-07-03,20000,0,0,20000,0,64.838913,52.020697,0.166383,16.200001,19.648601,6.731234
2013-07-05,20000,0,0,20000,0,65.334023,55.830324,0.166575,14.89,19.641048,6.728553
2013-07-08,20000,0,0,20000,0,65.397057,56.305998,0.166309,14.78,19.633344,6.725995
2013-07-09,20000,0,0,20000,0,65.793106,59.273689,0.166442,14.35,19.624984,6.723949
2013-07-10,20000,0,0,20000,0,66.171173,61.931743,0.16581,14.21,19.61643,6.722073
2013-07-11,20000,0,0,20000,0,67.485405,69.406622,0.167353,14.01,19.607587,6.720451
2013-07-12,20000,0,0,20000,0,67.782471,70.802207,0.166926,13.84,19.598504,6.719048
2013-07-15,20000,0,0,20000,0,67.935516,71.522945,0.166764,13.79,19.589371,6.717705
2013-07-16,20000,0,0,20000,0,67.84552,70.422104,0.166332,14.42,19.581256,6.715546
2013-07-17,20000,0,0,20000,0,68.016518,71.325191,0.165451,13.78,19.572163,6.714202
2013-07-18,20000,0,0,20000,0,67.84552,69.054596,0.165441,13.77,19.563083,6.712864
2013-07-19,20000,0,0,20000,0,67.143341,60.53282,0.165894,12.54,19.552109,6.713351
2013-07-22,20000,0,0,20000,0,67.341415,61.958937,0.165204,12.29,19.54078,6.714234
2013-07-23,20000,0,0,20000,0,66.846321,56.466623,0.165014,12.66,19.530062,6.714489
2013-07-24,20000,0,0,20000,0,67.062355,58.207502,0.164195,13.18,19.520187,6.713929
2013-07-25,20000,0,0,20000,0,67.485405,61.457895,0.1636,12.97,19.510016,6.71367
2013-07-26,20000,0,0,20000,0,67.84552,64.022954,0.163362,12.72,19.499488,6.713781
2013-07-29,20000,0,0,20000,0,67.719482,62.456269,0.163145,13.39,19.490031,6.712879
2013-07-30,20000,0,0,20000,0,68.079544,65.084849,0.162553,13.39,19.480603,6.711967
2013-07-31,20000,0,0,20000,0,68.205544,65.98241,0.160255,13.45,19.471296,6.710961
2013-08-01,20000,0,0,20000,0,68.898689,70.478445,0.160645,12.94,19.461233,6.71068
2013-08-02,20000,0,0,20000,0,69.285782,72.652259,0.160747,11.98,19.449723,6.711925
2013-08-05,20000,0,0,20000,0,69.330757,72.901929,0.160686,11.84,19.438034,6.713389
2013-08-06,20000,0,0,20000,0,68.916687,66.850815,0.160806,12.72,19.42773,6.713388
2013-08-07,20000,0,0,20000,0,68.790672,65.080386,0.159361,12.98,19.417856,6.712981
2013-08-08,20000,0,0,20000,0,69.132744,67.589594,0.159226,12.73,19.40763,6.712935
2013-08-09,20000,0,0,20000,0,68.853668,63.575855,0.159059,13.41,19.398473,6.711893
2013-08-12,20000,0,0,20000,0,69.015694,64.879838,0.159068,12.81,19.38843,6.711699
2013-08-13,20000,0,0,20000,0,69.402771,67.841761,0.159154,12.31,19.377656,6.712265
2013-08-14,20000,0,0,20000,0,69.141716,63.92602,0.159241,13.04,19.368024,6.711703
2013-08-15,20000,0,0,20000,0,67.971535,49.995846,0.160632,14.73,19.360986,6.709034
2013-08-16,20000,0,0,20000,0,67.944496,49.726209,0.160636,14.37,19.353424,6.706757
2013-08-19,20000,0,0,20000,0,67.827469,48.506836,0.16064,15.1,19.346989,6.703715
2013-08-20,20000,0,0,20000,0,68.12455,51.741977,0.160129,14.91,19.340287,6.700862
2013-08-21,20000,0,0,20000,0,67.89048,49.123274,0.160128,15.94,19.335158,6.697101
2013-08-22,20000,0,0,20000,0,68.556602,55.955036,0.160513,14.76,19.328268,6.694404
2013-08-23,20000,0,0,20000,0,69.015694,59.94693,0.160595,13.98,19.320226,6.692575
2013-08-26,20000,0,0,20000,0,69.051689,60.251118,0.160537,14.99,19.313724,6.689646
2013-08-27,20000,0,0,20000,0,67.638428,45.606157,0.162204,16.77,19.30991,6.685347
2013-08-28,20000,0,0,20000,0,67.899475,48.114851,0.16211,16.49,19.305689,6.681225
2013-08-29,20000,0,0,20000,0,68.376602,52.43305,0.162295,16.809999,19.301958,6.676919
2013-08-30,20000,0,0,20000,0,67.935516,48.420993,0.162508,17.01,19.298537,6.672515
2013-09-03,20000,0,0,20000,0,68.322563,51.89908,0.162628,16.610001,19.294531,6.668341
2013-09-04,20000,0,0,20000,0,69.051689,57.687498,0.162578,15.88,19.289449,6.664672
2013-09-05,20000,0,0,20000,0,69.168739,58.549854,0.16242,15.77,19.28422,6.661093
2013-09-06,20000,0,0,20000,0,69.249748,59.170068,0.162411,15.85,19.279125,6.657457
2013-09-09,20000,0,0,20000,0,70.059883,64.836586,0.162944,15.63,19.273719,6.653999
2013-09-10,20000,0,0,20000,0,70.401939,66.923851,0.160983,14.53,19.266701,6.651571
2013-09-11,20000,0,0,20000,0,70.266922,65.276744,0.160992,13.82,19.258656,6.649945
2013-09-12,20000,0,0,20000,0,70.221931,64.70527,0.160185,14.29,19.251327,6.647771
2013-09-13,20000,0,0,20000,0,70.266922,65.034923,0.160163,14.16,19.243829,6.645739
2013-09-16,20000,0,0,20000,0,70.077896,62.397968,0.160186,14.38,19.236676,6.643463
2013-09-17,20000,0,0,20000,0,70.545982,66.067123,0.159601,14.53,19.229765,6.641025
2013-09-18,20000,0,0,20000,0,71.392128,71.483982,0.159873,13.59,19.221496,6.639661
2013-09-19,20000,0,0,20000,0,71.563156,72.44159,0.159888,13.16,19.212621,6.638844
2013-09-20,20000,0,0,20000,0,71.317596,68.865761,0.159959,13.12,19.203713,6.638071
2013-09-23,20000,0,0,20000,0,71.173119,66.777206,0.159981,14.31,19.196569,6.635852
2013-09-24,20000,0,0,20000,0,71.173119,66.777206,0.159972,14.08,19.189111,6.633883
2013-09-25,20000,0,0,20000,0,70.929314,63.035755,0.160042,14.01,19.181572,6.63199
2013-09-26,20000,0,0,20000,0,71.480103,67.470032,0.160092,14.06,19.174128,6.630038
2013-09-27,20000,0,0,20000,0,71.389816,66.070857,0.159123,15.46,19.168737,6.626728
2013-09-30,20000,0,0,20000,0,71.218307,63.381947,0.158813,16.6,19.165014,6.62264
2013-10-01,20000,0,0,20000,0,71.940559,69.087385,0.158443,15.54,19.159768,6.619276
2013-10-02,20000,0,0,20000,0,71.913483,68.655507,0.158085,16.6,19.156069,6.6152
2013-10-03,20000,0,0,20000,0,71.073837,56.798303,0.158764,17.67,19.153925,6.61066
2013-10-04,20000,0,0,20000,0,71.687744,61.96991,0.15903,16.74,19.150447,6.606524
2013-10-07,20000,0,0,20000,0,71.091881,55.078111,0.159242,19.41,19.15082,6.60177
2013-10-08,20000,0,0,20000,0,69.719505,43.169959,0.161012,20.34,19.152529,6.597172
2013-10-09,20000,0,0,20000,0,69.502846,41.639368,0.160917,19.6,19.153171,6.592453
2013-10-10,20000,0,0,20000,0,70.974525,53.65838,0.162356,16.48,19.149341,6.588499
2013-10-11,20000,0,0,20000,0,71.534286,57.263516,0.161336,15.72,19.144435,6.585056
2013-10-14,20000,0,0,20000,0,72.039894,60.270036,0.161364,16.07,19.140043,6.58137
2013-10-15,20000,0,0,20000,0,71.760002,57.844065,0.161393,18.66,19.139358,6.576692
2013-10-16,20000,0,0,20000,0,72.572571,62.556207,0.161878,14.71,19.133048,6.574125
2013-10-17,20000,0,0,20000,0,72.987877,64.726419,0.161796,13.48,19.125007,6.5729
2013-10-18,20000,0,0,20000,0,74.170624,70.050244,0.162054,13.04,19.116364,6.572226
2013-10-21,20000,0,0,20000,0,74.333176,70.704666,0.162054,13.16,19.107915,6.571387
2013-10-22,20000,0,0,20000,0,74.441513,71.157017,0.161357,13.33,19.099731,6.570324
2013-10-23,20000,0,0,20000,0,73.990067,66.545852,0.158728,13.42,19.091697,6.569143
2013-10-24,20000,0,0,20000,0,74.315094,68.146334,0.1587,13.2,19.083376,6.568229
2013-10-25,20000,0,0,20000,0,74.847824,70.626751,0.158367,13.09,19.074922,6.567447
2013-10-28,20000,0,0,20000,0,74.86586,70.709908,0.158276,13.31,19.066803,6.566379
2013-10-29,20000,0,0,20000,0,74.992271,71.322711,0.158273,13.41,19.058847,6.565182
2013-10-30,20000,0,0,20000,0,74.920029,70.41601,0.158274,13.65,19.05125,6.563694
2013-10-31,20000,0,0,20000,0,74.748535,68.199571,0.158091,13.75,19.043815,6.562087
2013-11-01,20000,0,0,20000,0,74.766533,68.312299,0.15731,13.28,19.035742,6.561031
2013-11-04,20000,0,0,20000,0,74.874901,69.024308,0.156683,12.93,19.027203,6.560409
2013-11-05,20000,0,0,20000,0,74.956131,69.576144,0.15654,13.27,19.019162,6.55935
2013-11-06,20000,0,0,20000,0,74.938118,69.28139,0.156543,12.67,19.010307,6.559055
2013-11-07,20000,0,0,20000,0,73.529617,51.064516,0.155527,13.91,19.003203,6.557243
2013-11-08,20000,0,0,20000,0,74.522758,59.208948,0.154905,12.9,18.994715,6.556627
2013-11-11,20000,0,0,20000,0,74.40538,57.980712,0.154892,12.53,18.985736,6.556493
2013-11-12,20000,0,0,20000,0,74.522758,58.898902,0.154885,12.82,18.977184,6.555961
2013-11-13,20000,0,0,20000,0,75.425652,65.198529,0.155134,12.52,18.968241,6.555819
2013-11-14,20000,0,0,20000,0,75.660408,66.630635,0.154358,12.37,18.959115,6.555872
2013-11-15,20000,0,0,20000,0,75.804855,67.5164,0.15426,12.19,18.949765,6.556165
2013-11-18,20000,0,0,20000,0,75.064491,58.888216,0.154785,13.1,18.941697,6.555237
2013-11-19,20000,0,0,20000,0,74.847824,56.60828,0.152516,13.39,18.93405,6.553954
2013-11-20,20000,0,0,20000,0,74.667206,54.706813,0.152571,13.4,18.926437,6.552654
2013-11-21,20000,0,0,20000,0,75.425652,60.679567,0.152951,12.66,18.91783,6.552263
2013-11-22,20000,0,0,20000,0,75.831924,63.459262,0.152114,12.26,18.908697,6.552403
2013-11-25,20000,0,0,20000,0,76.012505,64.655287,0.152072,12.79,18.900315,6.551822
2013-11-26,20000,0,0,20000,0,76.409767,67.198859,0.152058,12.81,18.891984,6.551207
2013-11-27,20000,0,0,20000,0,76.942505,70.286933,0.151954,12.98,18.883907,6.55037
2013-11-29,20000,0,0,20000,0,77.402916,72.680717,0.151956,13.7,18.876835,6.548694
2013-12-02,20000,0,0,20000,0,77.177208,69.715524,0.151996,14.23,18.870504,6.546473
2013-12-03,20000,0,0,20000,0,77.114014,68.868358,0.151969,14.55,18.864626,6.543953
2013-12-04,20000,0,0,20000,0,77.186249,69.327184,0.151955,14.7,18.858967,6.541301
2013-12-05,20000,0,0,20000,0,77.086922,67.846449,0.15126,15.08,18.85384,6.538337
2013-12-06,20000,0,0,20000,0,77.646713,71.536298,0.151303,13.79,18.846978,6.536559
2013-12-09,20000,0,0,20000,0,77.962677,73.392316,0.151098,13.49,18.839729,6.5351
2013-12-10,20000,0,0,20000,0,77.908531,72.519628,0.1511,13.91,18.833068,6.533191
2013-12-11,20000,0,0,20000,0,76.906364,58.624899,0.151376,15.42,18.828462,6.529979
2013-12-12,20000,0,0,20000,0,76.70771,56.321287,0.151391,15.54,18.82403,6.526688
2013-12-13,20000,0,0,20000,0,76.608376,55.154224,0.151029,15.76,18.819906,6.523257
2013-12-16,20000,0,0,20000,0,77.032745,59.057457,0.150577,16.030001,18.816156,6.519668
2013-12-17,20000,0,0,20000,0,76.87928,57.121254,0.15,16.209999,18.812658,6.515985
2013-12-18,20000,0,0,20000,0,77.773102,64.434786,0.15,13.8,18.805938,6.514196
2013-12-19,20000,0,0,20000,0,77.556419,61.687888,0.15,14.15,18.799705,6.512057
2013-12-20,20000,0,0,20000,0,78.346214,67.179964,0.15,13.79,18.793008,6.510274
2013-12-23,20000,0,0,20000,0,79.170441,71.733866,0.15,13.04,18.785327,6.509316
2013-12-24,20000,0,0,20000,0,79.206657,71.918247,0.15,12.48,18.77692,6.509042
2013-12-26,20000,0,0,20000,0,79.469322,73.279598,0.15,12.33,18.768336,6.508954
2013-12-27,20000,0,0,20000,0,79.270042,70.487664,0.15,12.46,18.759947,6.508686
2013-12-30,20000,0,0,20000,0,79.152313,68.819499,0.15,13.56,18.753041,6.507117
2013-12-31,20000,0,0,20000,0,79.668587,71.954057,0.15,13.72,18.746366,6.505377
2014-01-02,20000,0,0,20000,0,79.043648,63.617065,0.15,14.23,18.740384,6.503139
2014-01-03,20000,0,0,20000,0,78.473038,57.110436,0.15,13.76,18.733796,6.501355
2014-01-06,20000,0,0,20000,0,78.183182,54.084348,0.15,13.55,18.726948,6.499785
2014-01-07,20000,0,0,20000,0,78.907799,59.816582,0.15,12.92,18.719288,6.498914
2014-01-08,20000,0,0,20000,0,79.07988,61.059864,0.15,12.87,18.711581,6.498095
2014-01-09,20000,0,0,20000,0,78.817192,58.104415,0.15,12.89,18.703921,6.497246
2014-01-10,20000,0,0,20000,0,79.070793,60.111701,0.15,12.14,18.695296,6.497328
2014-01-13,20000,0,0,20000,0,77.90239,48.566442,0.15,13.28,18.688189,6.496021
2014-01-14,20000,0,0,20000,0,79.387794,59.275223,0.15,12.28,18.67979,6.495901
2014-01-15,20000,0,0,20000,0,80.039925,62.924865,0.15,12.28,18.671414,6.49577
2014-01-16,20000,0,0,20000,0,80.049004,62.974614,0.15,12.53,18.663386,6.495314
2014-01-17,20000,0,0,20000,0,79.596138,58.740609,0.15,12.44,18.655261,6.494961
2014-01-21,20000,0,0,20000,0,80.203011,62.389859,0.15,12.87,18.647718,6.494081
2014-01-22,20000,0,0,20000,0,80.411308,63.580515,0.15,12.84,18.640156,6.493229
2014-01-23,20000,0,0,20000,0,80.139572,60.873103,0.15,13.77,18.633823,6.491376
2014-01-24,20000,0,0,20000,0,78.563606,48.084584,0.15,18.139999,18.633182,6.487178
2014-01-27,20000,0,0,20000,0,77.802765,43.349665,0.15,17.42,18.631608,6.483112
2014-01-28,20000,0,0,20000,0,77.757469,43.077703,0.15,15.8,18.62794,6.479707
2014-01-29,20000,0,0,20000,0,76.924171,38.315349,0.15,17.35,18.626287,6.475673
2014-01-30,20000,0,0,20000,0,78.346214,48.731693,0.15,17.290001,18.624561,6.471661
2014-01-31,20000,0,0,20000,0,78.137878,47.467054,0.15,18.41,18.624284,6.467483
2014-02-03,20000,0,0,20000,0,76.344536,38.262337,0.152017,21.440001,18.627912,6.4641
2014-02-04,20000,0,0,20000,0,76.906136,42.052036,0.150564,19.110001,18.628533,6.459957
2014-02-05,20000,0,0,20000,0,76.706833,41.088114,0.15,19.950001,18.630231,6.455972
2014-02-06,20000,0,0,20000,0,77.68502,47.45438,0.1503,17.23,18.628434,6.452017
2014-02-07,20000,0,0,20000,0,79.070793,54.891353,0.151625,15.29,18.624154,6.448982
2014-02-10,20000,0,0,20000,0,79.523674,57.031702,0.15133,15.26,18.619846,6.445971
2014-02-11,20000,0,0,20000,0,80.429398,61.015631,0.151827,14.51,18.614591,6.443519
2014-02-12,20000,0,0,20000,0,80.583382,61.666372,0.1517,14.3,18.60908,6.441244
2014-02-13,20000,0,0,20000,0,81.181168,64.167034,0.151858,14.14,18.60338,6.439108
2014-02-14,20000,0,0,20000,0,81.344215,64.840737,0.151852,13.57,18.596968,6.437507
2014-02-18,20000,0,0,20000,0,81.742729,66.498649,0.151837,13.87,18.590954,6.435614
2014-02-19,20000,0,0,20000,0,81.181168,62.057888,0.151971,15.5,18.587027,6.432463
2014-02-20,20000,0,0,20000,0,81.561584,63.820491,0.150702,14.79,18.582208,6.429798
2014-02-21,20000,0,0,20000,0,81.452881,62.920999,0.150041,14.68,18.577262,6.427218
2014-02-24,20000,0,0,20000,0,81.887657,65.043148,0.15,14.23,18.571759,6.425006
2014-02-25,20000,0,0,20000,0,81.797035,64.218141,0.15,13.67,18.565563,6.423303
2014-02-26,20000,0,0,20000,0,81.724617,63.524718,0.15,14.35,18.56024,6.420989
2014-02-27,20000,0,0,20000,0,82.254883,66.386793,0.15,14.04,18.55454,6.418941
2014-02-28,20000,0,0,20000,0,82.163895,65.437963,0.15,14,18.548804,6.416929
2014-03-03,20000,0,0,20000,0,81.554512,59.322675,0.15,16,18.545597,6.413524
2014-03-04,20000,0,0,20000,0,82.591377,65.26985,0.15,14.1,18.540013,6.411425
2014-03-05,20000,0,0,20000,0,82.818733,66.428876,0.15,13.89,18.534178,6.409514
2014-03-06,20000,0,0,20000,0,82.746017,65.673981,0.15,14.21,18.528759,6.40732
2014-03-07,20000,0,0,20000,0,82.3367,61.441387,0.15,14.11,18.523229,6.405212
2014-03-10,20000,0,0,20000,0,82.4095,61.911564,0.15,14.2,18.517825,6.403027
2014-03-11,20000,0,0,20000,0,82.054771,58.188278,0.15,14.8,18.513184,6.400372
2014-03-12,20000,0,0,20000,0,82.364014,60.422811,0.15,14.47,18.508142,6.397969
2014-03-13,20000,0,0,20000,0,81.199806,49.662323,0.15,16.219999,18.505293,6.394489
2014-03-14,20000,0,0,20000,0,80.645042,45.503783,0.15019,17.82,18.50444,6.390552
2014-03-17,20000,0,0,20000,0,81.354446,51.138253,0.150401,15.64,18.500882,6.387374
2014-03-18,20000,0,0,20000,0,82.3367,57.665057,0.150914,14.52,18.495943,6.384945
2014-03-19,20000,0,0,20000,0,81.891045,54.132035,0.151077,15.12,18.49176,6.38209
2014-03-20,20000,0,0,20000,0,82.118408,55.62576,0.150925,14.52,18.486844,6.379665
2014-03-21,20000,0,0,20000,0,81.130287,48.268753,0.15101,15,18.482534,6.376894
2014-03-24,20000,0,0,20000,0,80.419243,43.78144,0.151127,15.09,18.478346,6.374066
2014-03-25,20000,0,0,20000,0,80.683624,45.79909,0.151044,14.02,18.472848,6.372054
2014-03-26,20000,0,0,20000,0,79.644394,39.758713,0.151891,14.93,18.468485,6.369338
2014-03-27,20000,0,0,20000,0,79.197716,37.471156,0.152099,14.62,18.463752,6.366846
2014-03-28,20000,0,0,20000,0,79.352692,38.787098,0.152093,14.41,18.458771,6.364515
2014-03-31,20000,0,0,20000,0,79.9179,43.460542,0.151976,13.88,18.453153,6.362626
2014-04-01,20000,0,0,20000,0,81.321701,53.048482,0.153025,13.1,18.446593,6.361482
2014-04-02,20000,0,0,20000,0,81.531357,54.295069,0.152536,13.09,18.440037,6.360344
2014-04-03,20000,0,0,20000,0,80.884148,49.891339,0.152923,13.37,18.433839,6.358922
2014-04-04,20000,0,0,20000,0,78.732864,38.665444,0.156179,13.96,18.428376,6.356957
2014-04-07,20000,0,0,20000,0,77.985336,35.66266,0.156606,15.57,18.42489,6.353859
2014-04-08,20000,0,0,20000,0,78.705475,40.459823,0.156765,14.89,18.420585,6.351181
2014-04-09,20000,0,0,20000,0,80.054596,48.245386,0.156396,13.82,18.414988,6.34934
2014-04-10,20000,0,0,20000,0,77.575127,38.326343,0.161156,15.89,18.41192,6.346087
2014-04-11,20000,0,0,20000,0,76.672668,35.468065,0.161847,17.030001,18.410243,6.342413
2014-04-14,20000,0,0,20000,0,77.2743,38.747642,0.160126,16.110001,18.407455,6.33907
2014-04-15,20000,0,0,20000,0,77.529541,40.137603,0.159468,15.61,18.404068,6.335974
2014-04-16,20000,0,0,20000,0,78.559654,45.511658,0.158202,14.18,18.39896,6.333841
2014-04-17,20000,0,0,20000,0,78.577873,45.604668,0.157185,13.36,18.392874,6.332432
2014-04-21,20000,0,0,20000,0,79.161263,48.628589,0.156643,13.25,18.386671,6.331127
2014-04-22,20000,0,0,20000,0,79.790268,51.743496,0.156472,13.19,18.38041,6.329878
2014-04-23,20000,0,0,20000,0,79.088348,48.229102,0.156578,13.27,18.37426,6.328548
2014-04-24,20000,0,0,20000,0,79.844948,52.012534,0.156906,13.32,18.368185,6.327165
2014-04-25,20000,0,0,20000,0,78.568733,45.916946,0.158153,14.06,18.363013,6.325124
2014-04-28,20000,0,0,20000,0,78.82399,47.248565,0.158103,13.97,18.357746,6.323156
2014-04-29,20000,0,0,20000,0,79.452988,50.483918,0.158018,13.71,18.35218,6.32141
2014-04-30,20000,0,0,20000,0,79.662643,51.55056,0.157849,13.41,18.346268,6.319936
2014-05-01,20000,0,0,20000,0,79.899643,52.788627,0.157724,13.25,18.340179,6.318611
2014-05-02,20000,0,0,20000,0,79.753792,51.909504,0.157134,12.91,18.333699,6.317621
2014-05-05,20000,0,0,20000,0,80.173119,54.267595,0.15668,13.29,18.327688,6.316251
2014-05-06,20000,0,0,20000,0,79.133904,47.987491,0.157521,13.8,18.322298,6.314418
2014-05-07,20000,0,0,20000,0,78.906021,46.710949,0.157575,13.4,18.316445,6.312941
2014-05-08,20000,0,0,20000,0,78.833115,46.286717,0.157512,13.43,18.310641,6.311433
2014-05-09,20000,0,0,20000,0,79.12484,48.309673,0.157531,12.92,18.304247,6.310416
2014-05-12,20000,0,0,20000,0,80.428352,56.240262,0.158511,12.23,18.29705,6.310137
2014-05-13,20000,0,0,20000,0,80.483047,56.541555,0.15851,12.13,18.289751,6.309965
2014-05-14,20000,0,0,20000,0,80.063736,53.500366,0.158587,12.17,18.282518,6.309739
2014-05-15,20000,0,0,20000,0,79.434731,49.223276,0.158919,13.17,18.276482,6.308455
2014-05-16,20000,0,0,20000,0,79.954338,52.594779,0.159055,12.44,18.269599,6.307915
2014-05-19,20000,0,0,20000,0,80.510406,55.964538,0.158873,12.42,18.262709,6.307391
2014-05-20,20000,0,0,20000,0,80.218719,53.804006,0.158937,12.96,18.256471,6.306298
2014-05-21,20000,0,0,20000,0,80.984413,58.349591,0.159284,11.91,18.249013,6.306341
2014-05-22,20000,0,0,20000,0,81.339912,60.30265,0.158924,12.03,18.241714,6.306235
2014-05-23,20000,0,0,20000,0,81.932487,63.384755,0.159066,11.36,18.233646,6.306936
2014-05-27,20000,0,0,20000,0,82.953445,67.995268,0.159656,11.51,18.225773,6.307436
2014-05-28,20000,0,0,20000,0,82.698204,65.76573,0.159585,11.68,18.218117,6.307716
2014-05-29,20000,0,0,20000,0,83.226891,68.099037,0.159576,11.57,18.21035,6.30812
2014-05-30,20000,0,0,20000,0,83.236008,68.139365,0.159492,11.4,18.202404,6.308725
2014-06-02,20000,0,0,20000,0,83.153976,67.314805,0.15904,11.58,18.194685,6.309095
2014-06-03,20000,0,0,20000,0,83.117516,66.927137,0.159045,11.87,18.187322,6.309109
2014-06-04,20000,0,0,20000,0,83.427444,68.583393,0.158909,12.08,18.180221,6.308874
2014-06-05,20000,0,0,20000,0,84.129364,72.003006,0.158251,11.68,18.172671,6.309095
2014-06-06,20000,0,0,20000,0,84.612526,74.093355,0.158285,10.73,18.164037,6.310524
2014-06-09,20000,0,0,20000,0,84.548653,73.314053,0.157577,11.15,18.15591,6.31138
2014-06-10,20000,0,0,20000,0,84.694542,73.987038,0.157578,10.99,18.147616,6.312432
2014-06-11,20000,0,0,20000,0,84.676292,73.736532,0.157028,11.6,18.140046,6.312705
2014-06-12,20000,0,0,20000,0,83.910591,63.952602,0.156762,12.56,18.133603,6.311904
2014-06-13,20000,0,0,20000,0,84.156693,65.535462,0.156161,12.18,18.126736,6.311498
2014-06-16,20000,0,0,20000,0,84.22963,66.0118,0.155891,12.65,18.120426,6.310595
2014-06-17,20000,0,0,20000,0,84.275208,66.325015,0.155547,12.06,18.113452,6.310309
2014-06-18,20000,0,0,20000,0,84.749222,69.475539,0.155405,10.61,18.104828,6.311806
2014-06-19,20000,0,0,20000,0,84.694542,68.677343,0.154722,10.62,18.096234,6.313273
2014-06-20,20000,0,0,20000,0,84.794197,69.368074,0.151739,10.85,18.087924,6.314418
2014-06-23,20000,0,0,20000,0,84.812454,69.50077,0.151544,10.98,18.079782,6.31538
2014-06-24,20000,0,0,20000,0,84.730202,68.070098,0.15097,12.13,18.072975,6.31497
2014-06-25,20000,0,0,20000,0,85.269485,72.122049,0.150919,11.59,18.065566,6.31516
2014-06-26,20000,0,0,20000,0,85.315147,72.440948,0.150633,11.63,18.058219,6.315295
2014-06-27,20000,0,0,20000,0,85.689934,74.971635,0.150637,11.26,18.050467,6.315862
2014-06-30,20000,0,0,20000,0,85.836159,75.901431,0.150639,11.57,18.043087,6.316048
2014-07-01,20000,0,0,20000,0,86.777557,80.837165,0.150974,11.15,18.035245,6.31673
2014-07-02,20000,0,0,20000,0,86.92382,81.472105,0.150973,10.82,18.027045,6.31782
2014-07-03,20000,0,0,20000,0,87.472252,83.658537,0.151059,10.32,18.018297,6.319566
2014-07-07,20000,0,0,20000,0,87.207176,78.817223,0.150945,11.33,18.010714,6.319992
2014-07-08,20000,0,0,20000,0,86.156052,63.198985,0.151782,11.98,18.003884,6.319668
2014-07-09,20000,0,0,20000,0,86.795883,67.42983,0.151855,11.65,17.996697,6.319702
2014-07-10,20000,0,0,20000,0,86.521683,64.032372,0.151838,12.59,17.990588,6.318741
2014-07-11,20000,0,0,20000,0,87.079224,67.606374,0.150317,12.08,17.983916,6.318291
2014-07-14,20000,0,0,20000,0,87.600235,70.551238,0.15038,11.82,17.976967,6.318115
2014-07-15,20000,0,0,20000,0,87.298615,66.767104,0.150468,11.96,17.970191,6.31778
2014-07-16,20000,0,0,20000,0,87.64592,68.839629,0.150484,11,17.962351,6.318548
2014-07-17,20000,0,0,20000,0,86.485123,56.219871,0.151454,14.54,17.958506,6.316035
2014-07-18,20000,0,0,20000,0,87.856171,64.498219,0.152429,12.06,17.951886,6.315578
2014-07-21,20000,0,0,20000,0,87.746468,63.464158,0.151831,12.81,17.946121,6.314381
2014-07-22,20000,0,0,20000,0,88.304016,66.411543,0.151946,12.24,17.939731,6.313728
2014-07-23,20000,0,0,20000,0,88.870728,69.136888,0.151737,11.52,17.93255,6.313844
2014-07-24,20000,0,0,20000,0,88.770149,68.08108,0.151741,11.84,17.925743,6.313597
2014-07-25,20000,0,0,20000,0,88.422852,64.422641,0.151732,12.69,17.9199,6.312493
2014-07-28,20000,0,0,20000,0,88.450294,64.584589,0.151648,12.56,17.913924,6.311507
2014-07-29,20000,0,0,20000,0,88.294891,62.840163,0.151645,13.28,17.908764,6.309883
2014-07-30,20000,0,0,20000,0,88.642227,65.10855,0.151598,13.33,17.903671,6.308217
2014-07-31,20000,0,0,20000,0,86.850746,48.622179,0.153767,16.950001,17.902611,6.304788
2014-08-01,20000,0,0,20000,0,86.530815,46.364306,0.153471,17.030001,17.901643,6.301351
2014-08-04,20000,0,0,20000,0,87.124939,50.922117,0.153533,15.12,17.898559,6.298534
2014-08-05,20000,0,0,20000,0,86.45768,46.176173,0.153879,16.870001,17.89742,6.295135
2014-08-06,20000,0,0,20000,0,86.39373,45.736222,0.153669,16.370001,17.89573,6.291854
2014-08-07,20000,0,0,20000,0,86.119499,43.808654,0.153713,16.66,17.894365,6.288507
2014-08-08,20000,0,0,20000,0,86.741043,49.049899,0.153821,15.77,17.89202,6.285428
2014-08-11,20000,0,0,20000,0,87.252899,52.942622,0.153821,14.23,17.887982,6.283135
2014-08-12,20000,0,0,20000,0,87.216324,52.63317,0.15382,14.13,17.883844,6.280908
2014-08-13,20000,0,0,20000,0,88.139496,59.12703,0.15415,12.9,17.878361,6.279625
2014-08-14,20000,0,0,20000,0,88.59655,61.911198,0.154128,12.42,17.872363,6.278778
2014-08-15,20000,0,0,20000,0,89.026108,64.367831,0.152653,13.15,17.867179,6.277277
2014-08-18,20000,0,0,20000,0,89.711632,67.923459,0.152848,12.32,17.861096,6.276519
2014-08-19,20000,0,0,20000,0,90.214325,70.266525,0.152904,12.21,17.854907,6.275864
2014-08-20,20000,0,0,20000,0,90.214325,70.266525,0.15286,11.78,17.84826,6.275644
2014-08-21,20000,0,0,20000,0,90.397163,71.155311,0.152766,11.76,17.841607,6.275439
2014-08-22,20000,0,0,20000,0,90.534248,71.835088,0.152412,11.47,17.834651,6.275541
2014-08-25,20000,0,0,20000,0,90.854156,73.409942,0.152293,11.7,17.827961,6.275385
2014-08-26,20000,0,0,20000,0,90.94558,73.859779,0.152291,11.63,17.821209,6.275298
2014-08-27,20000,0,0,20000,0,90.963844,73.95458,0.15002,11.78,17.814635,6.275044
2014-08-28,20000,0,0,20000,0,90.863319,72.398346,0.15001,12.05,17.80837,6.274508
2014-08-29,20000,0,0,20000,0,91.2015,74.35357,0.15,12.09,17.802161,6.273927
2014-09-02,20000,0,0,20000,0,91.466553,75.800464,0.15,12.25,17.796139,6.273186
2014-09-03,20000,0,0,20000,0,90.927254,67.46089,0.15,12.36,17.790249,6.272335
2014-09-04,20000,0,0,20000,0,90.845024,66.263787,0.15,12.64,17.784675,6.271226
2014-09-05,20000,0,0,20000,0,91.30204,69.502898,0.15,12.09,17.778519,6.270628
2014-09-08,20000,0,0,20000,0,91.475731,70.656029,0.15,12.66,17.772991,6.269494
2014-09-09,20000,0,0,20000,0,90.717064,59.986765,0.15,13.5,17.768382,6.267679
2014-09-10,20000,0,0,20000,0,91.466553,65.525184,0.15,12.88,17.763114,6.266353
2014-09-11,20000,0,0,20000,0,91.393425,64.585848,0.15,12.8,17.757772,6.265092
2014-09-12,20000,0,0,20000,0,90.927254,58.799135,0.15,13.31,17.752989,6.263417
2014-09-15,20000,0,0,20000,0,90.049789,49.761467,0.150172,14.12,17.749087,6.261181
2014-09-16,20000,0,0,20000,0,90.835876,56.249256,0.15039,12.73,17.743702,6.259977
2014-09-17,20000,0,0,20000,0,90.972977,57.285326,0.150239,12.65,17.738242,6.25884
2014-09-18,20000,0,0,20000,0,91.658524,62.11635,0.15,12.03,17.732131,6.258273
2014-09-19,20000,0,0,20000,0,91.601692,61.495423,0.15,12.11,17.726118,6.257623
2014-09-22,20000,0,0,20000,0,90.749619,52.949311,0.15029,13.69,17.721806,6.255667
2014-09-23,20000,0,0,20000,0,90.502251,50.744528,0.150312,14.93,17.718826,6.25299
2014-09-24,20000,0,0,20000,0,91.473419,58.117955,0.150759,13.27,17.714083,6.25134
2014-09-25,20000,0,0,20000,0,89.549431,44.04945,0.153017,15.64,17.711874,6.248373
2014-09-26,20000,0,0,20000,0,90.502251,50.44683,0.153238,14.85,17.70883,6.245743
2014-09-29,20000,0,0,20000,0,90.383148,49.682127,0.153239,15.98,17.706993,6.242674
2014-09-30,20000,0,0,20000,0,90.511444,50.551662,0.153188,16.309999,17.70551,6.239522
2014-10-01,20000,0,0,20000,0,89.063805,41.778603,0.154153,16.709999,17.704454,6.236294
2014-10-02,20000,0,0,20000,0,89.063805,41.778603,0.15415,16.16,17.702818,6.233189
2014-10-03,20000,0,0,20000,0,89.943367,48.122684,0.153775,14.55,17.699481,6.230731
2014-10-06,20000,0,0,20000,0,89.750961,46.918302,0.153541,15.46,17.697114,6.227859
2014-10-07,20000,0,0,20000,0,88.477448,39.815397,0.154222,17.200001,17.696589,6.224587
2014-10-08,20000,0,0,20000,0,90.199913,50.68891,0.153839,15.11,17.693861,6.221867
2014-10-09,20000,0,0,20000,0,88.743156,43.526497,0.155157,18.76,17.694984,6.218681
2014-10-10,20000,0,0,20000,0,86.52594,35.341216,0.156467,21.24,17.698716,6.216468
2014-10-13,20000,1184.985458,0,18815.014542,1,85.169983,31.446508,0.157493,24.639999,17.706015,6.217271
2014-10-14,19999.04367,1184.029129,0,18815.014542,1,85.179131,31.501351,0.157308,22.790001,17.711355,6.216186
2014-10-15,19960.054788,1145.040246,0,18815.014542,1,84.629395,29.950645,0.157447,25.27,17.719286,6.217743
2014-10-16,19921.065048,1106.050506,0,18815.014542,1,84.098,28.490652,0.157147,25.200001,17.727128,6.219197
2014-10-17,20000.255199,1185.240657,0,18815.014542,1,85.20665,35.549482,0.157744,21.99,17.731592,6.217468
2014-10-20,20088.814015,1273.799474,0,18815.014542,1,86.480156,42.563244,0.157575,18.57,17.732469,6.214271
2014-10-21,20269.579887,1454.565346,0,18815.014542,1,88.752312,52.496128,0.160469,16.08,17.730742,6.211249
2014-10-22,20234.366815,1419.352274,0,18815.014542,1,88.294212,50.596316,0.160622,17.870001,17.730887,6.208005
2014-10-23,20338.293848,1523.279306,0,18815.014542,1,89.622681,55.612986,0.161321,16.530001,17.729635,6.204885
2014-10-24,20395.548932,1580.53439,0,18815.014542,1,90.355652,58.138728,0.161506,16.110001,17.727948,6.20187
2014-10-27,20397.342178,1582.327637,0,18815.014542,1,90.419792,58.362009,0.161324,16.040001,17.726191,6.198878
2014-10-28,20508.750727,1693.736185,0,18815.014542,1,91.784935,62.897963,0.162225,14.39,17.722723,6.196585
2014-10-29,20480.888049,1665.873507,0,18815.014542,1,91.445923,61.117367,0.162311,15.15,17.720052,6.193919
2014-10-30,20495.473587,1680.459046,0,18815.014542,1,91.638351,61.778779,0.162305,14.52,17.716732,6.19156
2014-10-31,20599.844335,1784.829793,0,18815.014542,1,92.902725,65.885088,0.162998,14.03,17.712912,6.189485
2014-11-03,20619.910659,1804.896118,0,18815.014542,1,93.177551,66.721984,0.163016,14.73,17.709824,6.187022
2014-11-04,20593.678628,1778.664086,0,18815.014542,1,92.866043,64.782088,0.163093,14.89,17.706908,6.184484
2014-11-05,20593.567769,1778.553228,0,18815.014542,1,92.875198,64.814467,0.163095,14.17,17.703254,6.18233
2014-11-06,20616.873943,1801.859402,0,18815.014542,1,93.168373,65.895763,0.163113,13.67,17.699092,6.180494
2014-11-07,20603.378444,1788.363902,0,18815.014542,1,93.085922,65.288093,0.161367,13.12,17.694371,6.179054
2014-11-10,20625.877128,1810.862586,0,18815.014542,1,93.415764,66.61446,0.160697,12.67,17.689197,6.177972
2014-11-11,20649.391803,1834.377261,0,18815.014542,1,93.708946,67.792499,0.160691,12.92,17.68429,6.176685
2014-11-12,20662.302673,1847.288131,0,18815.014542,1,93.873871,68.466568,0.160693,13.02,17.679496,6.175317
2014-11-13,20693.628761,1878.614219,0,18815.014542,1,94.277,70.113108,0.160185,13.79,17.675503,6.173401
2014-11-14,20717.482846,1902.468305,0,18815.014542,1,94.570175,71.287306,0.160185,13.31,17.671026,6.171815
2014-11-17,20691.162493,1876.147951,0,18815.014542,1,94.286186,68.480657,0.160248,13.99,17.667254,6.169775
2014-11-18,20748.956897,1933.942355,0,18815.014542,1,94.991631,71.484035,0.159924,13.86,17.663357,6.167816
2014-11-19,20711.822321,1896.80778,0,18815.014542,1,94.561035,67.270479,0.159993,13.96,17.659571,6.165796
2014-11-20,20746.690955,1931.676413,0,18815.014542,1,94.982468,69.184938,0.159998,13.58,17.655403,6.164022
2014-11-21,20760.289354,1945.274812,0,18815.014542,1,95.16571,70.006458,0.159622,12.9,17.650551,6.162745
2014-11-24,20821.642779,2006.628237,0,18815.014542,1,95.907806,73.130598,0.159744,12.62,17.645423,6.161694
2014-11-25,20833.39296,2018.378418,0,18815.014542,1,96.054413,73.713129,0.159736,12.25,17.639929,6.160959
2014-11-26,20886.605512,2071.590971,0,18815.014542,1,96.677437,76.08588,0.159792,12.07,17.634262,6.160383
2014-11-28,20923.716188,2108.701646,0,18815.014542,1,97.126373,77.651298,0.15969,13.33,17.629888,6.158778
2014-12-01,20827.407051,2012.39251,0,18815.014542,1,96.026932,66.219068,0.160254,14.16,17.626365,6.15664
2014-12-02,20859.719916,2044.705374,0,18815.014542,1,96.411736,67.995099,0.160234,12.85,17.621521,6.155394
2014-12-03,20873.923923,2058.909382,0,18815.014542,1,96.585823,68.794426,0.160225,12.5,17.616332,6.154431
2014-12-04,20869.122362,2054.10782,0,18815.014542,1,96.540009,68.310902,0.160233,12.38,17.611032,6.153568
2014-12-05,20869.01015,2053.995609,0,18815.014542,1,96.549156,68.358722,0.160214,11.89,17.605248,6.153143
2014-12-08,20807.407229,1992.392687,0,18815.014542,1,95.862015,60.921791,0.160321,14.21,17.601818,6.150978
2014-12-09,20832.536636,2017.522094,0,18815.014542,1,96.164375,62.837663,0.160298,15.35,17.599546,6.148287
2014-12-10,20706.164216,1891.149674,0,18815.014542,1,94.652641,49.714228,0.161533,18.530001,17.600484,6.145255
2014-12-11,20741.024332,1926.00979,0,18815.014542,1,95.101563,52.862508,0.160753,20.08,17.602981,6.142661
2014-12-12,20654.400017,1839.385476,0,18815.014542,1,94.066261,45.748896,0.161323,21.08,17.606479,6.140557
2014-12-15,20572.618277,1757.603735,0,18815.014542,1,93.095093,40.273958,0.161861,20.42,17.609307,6.138116
2014-12-16,20453.737319,1638.722778,0,18815.014542,1,91.601692,33.612544,0.16303,23.57,17.615291,6.137937
2014-12-17,20593.181476,1778.166934,0,18815.014542,1,93.26918,44.625905,0.164322,19.440001,17.617121,6.135127
2014-12-18,20786.08483,1971.070289,0,18815.014542,1,95.51387,55.361412,0.166127,16.809999,17.616313,6.132103
2014-12-19,20821.020896,2006.006354,0,18815.014542,1,95.934143,57.040729,0.166125,16.49,17.615185,6.129134
2014-12-22,20837.78839,2022.773848,0,18815.014542,1,96.173225,58.008525,0.16576,15.25,17.61282,6.126522
2014-12-23,20806.822388,1991.807846,0,18815.014542,1,95.832962,56.07242,0.165433,14.8,17.61001,6.124103
2014-12-24,20813.02001,1998.005469,0,18815.014542,1,95.915726,56.453138,0.165432,14.37,17.606776,6.121899
2014-12-26,20870.148287,2055.133746,0,18815.014542,1,96.596245,59.556947,0.165578,14.5,17.603679,6.11963
2014-12-29,20865.813854,2050.799312,0,18815.014542,1,96.57785,59.433636,0.165534,15.06,17.601145,6.117105
2014-12-30,20810.262967,1995.248425,0,18815.014542,1,95.934143,55.131765,0.165755,15.92,17.599473,6.114288
2014-12-31,20726.868016,1911.853474,0,18815.014542,1,94.950119,49.261778,0.166141,19.200001,17.601064,6.111454
2015-01-02,20700.270091,1885.255549,0,18815.014542,1,94.6651,47.678312,0.16588,17.790001,17.601251,6.108418
2015-01-05,20584.305839,1769.291298,0,18815.014542,1,93.276443,40.797522,0.166647,19.92,17.603552,6.105821
2015-01-06,20483.945335,1668.930794,0,18815.014542,1,92.025772,35.788084,0.167433,21.120001,17.607037,6.103796
2015-01-07,20580.757916,1765.743374,0,18815.014542,1,93.212074,42.944411,0.167754,19.309999,17.608723,6.101006
2015-01-08,20732.80578,1917.791239,0,18815.014542,1,94.996124,51.668178,0.169176,17.01,17.608131,6.098014
2015-01-09,20679.964173,1864.949632,0,18815.014542,1,94.370781,48.848784,0.169335,17.549999,17.608073,6.094998
2015-01-12,20597.299472,1782.28493,0,18815.014542,1,93.38681,44.714247,0.169839,19.6,17.610039,6.092307
2015-01-13,20590.810263,1775.795722,0,18815.014542,1,93.359215,44.600235,0.168808,20.559999,17.612949,6.090004
2015-01-14,20543.575394,1728.560853,0,18815.014542,1,92.844238,42.426168,0.167546,21.48,17.616759,6.08821
2015-01-15,20446.909961,1631.89542,0,18815.014542,1,91.639534,37.785899,0.168099,22.389999,17.621457,6.087053
2015-01-16,20534.753041,1719.7385,0,18815.014542,1,92.715492,43.707752,0.168628,20.950001,17.62473,6.084952
2015-01-20,20591.633864,1776.619323,0,18815.014542,1,93.451149,47.394666,0.168687,19.889999,17.626955,6.082374
2015-01-21,20629.935241,1814.9207,0,18815.014542,1,93.929375,49.700969,0.168565,18.85,17.628155,6.079506
2015-01-22,20779.090326,1964.075785,0,18815.014542,1,95.66745,57.067937,0.169884,16.4,17.626951,6.076644
2015-01-23,20796.007127,1980.992586,0,18815.014542,1,95.878983,57.87656,0.169822,16.66,17.626004,6.07374
2015-01-26,20778.684657,1963.670115,0,18815.014542,1,95.768585,57.270299,0.16802,15.52,17.623943,6.071122
2015-01-27,20577.900478,1762.885937,0,18815.014542,1,93.28566,45.680457,0.170667,17.219999,17.623548,6.068164
2015-01-28,20538.303367,1723.288826,0,18815.014542,1,92.807419,43.840159,0.170805,20.440001,17.626299,6.065836
2015-01-29,20609.8491,1794.834558,0,18815.014542,1,93.699455,48.044604,0.170573,18.76,17.627405,6.062977
2015-01-30,20545.994921,1730.98038,0,18815.014542,1,92.972977,45.084321,0.169567,20.969999,17.630663,6.060917
2015-02-02,20610.579968,1795.565426,0,18815.014542,1,93.782242,48.864107,0.169789,19.43,17.632415,6.058223
2015-02-03,20678.426333,1863.411791,0,18815.014542,1,94.683426,52.763159,0.167649,17.33,17.632121,6.05528
2015-02-04,20670.056069,1855.041527,0,18815.014542,1,94.600685,52.368345,0.16748,18.33,17.632799,6.052374
2015-02-05,20738.981847,1923.967305,0,18815.014542,1,95.419167,55.884943,0.16769,16.85,17.632039,6.049481
2015-02-06,20687.831872,1872.81733,0,18815.014542,1,94.839783,52.90722,0.167291,17.290001,17.631707,6.046553
2015-02-09,20656.072925,1841.058383,0,18815.014542,1,94.536316,51.363483,0.166116,18.549999,17.632597,6.043688
2015-02-10,20782.650934,1967.636392,0,18815.014542,1,96.007713,57.793875,0.166948,17.23,17.632207,6.040772
2015-02-11,20810.568296,1995.553754,0,18815.014542,1,96.357155,59.174377,0.166498,16.959999,17.631557,6.037883
2015-02-12,20908.391846,2093.377304,0,18815.014542,1,97.47908,63.322361,0.167001,15.34,17.629343,6.035383
2015-02-13,20981.115061,2166.100519,0,18815.014542,1,98.315933,66.089955,0.167074,14.69,17.626506,6.033158
2015-02-17,20985.688953,2170.674411,0,18815.014542,1,98.407898,66.390096,0.167067,15.8,17.624744,6.030512
2015-02-18,20996.813698,2181.799156,0,18815.014542,1,98.545837,66.863848,0.166995,15.45,17.622649,6.027982
2015-02-19,21038.700183,2223.685642,0,18815.014542,1,99.033218,68.550635,0.166816,15.29,17.620404,6.025512
2015-02-20,21097.065431,2282.05089,0,18815.014542,1,99.695358,70.730545,0.1669,14.3,17.617212,6.023492
2015-02-23,21103.466311,2288.45177,0,18815.014542,1,99.796509,71.060549,0.166881,14.56,17.614275,6.021341
2015-02-24,21108.984845,2293.970303,0,18815.014542,1,99.870071,71.313859,0.166792,13.69,17.610509,6.019676
2015-02-25,21085.954755,2270.940214,0,18815.014542,1,99.621788,69.114945,0.166823,13.84,17.606894,6.017919
2015-02-26,21130.585812,2315.57127,0,18815.014542,1,100.127579,71.071821,0.166889,13.91,17.603352,6.016122
2015-02-27,21090.076649,2275.062108,0,18815.014542,1,99.68618,67.077556,0.166867,13.34,17.599273,6.014686
2015-03-02,21169.103027,2354.088485,0,18815.014542,1,100.587395,70.698421,0.167144,13.04,17.594914,6.01346
2015-03-03,21125.622848,2310.608306,0,18815.014542,1,100.11837,66.593505,0.166979,13.86,17.591347,6.011693
2015-03-04,21088.917244,2273.902702,0,18815.014542,1,99.732155,63.332585,0.166463,14.23,17.588139,6.009718
2015-03-05,21103.693764,2288.679222,0,18815.014542,1,99.906876,64.186962,0.16645,14.04,17.584757,6.007849
2015-03-06,21003.289013,2188.274472,0,18815.014542,1,98.775749,55.216955,0.167075,15.2,17.582486,6.005436
2015-03-09,21025.706015,2210.691474,0,18815.014542,1,99.060822,56.853472,0.166956,15.06,17.580086,6.00308
2015-03-10,20866.814816,2051.800275,0,18815.014542,1,97.221611,45.341204,0.168583,16.690001,17.57924,6.000286
2015-03-11,20817.398036,2002.383494,0,18815.014542,1,96.660614,42.513435,0.168655,16.870001,17.578566,5.997473
2015-03-12,20871.883994,2056.869452,0,18815.014542,1,97.295174,46.572381,0.168762,15.42,17.576518,5.994994
2015-03-13,20831.983635,2016.969093,0,18815.014542,1,96.872116,44.325342,0.167916,16,17.575024,5.992346
2015-03-16,20939.648152,2124.63361,0,18815.014542,1,98.122826,51.738817,0.168296,15.61,17.573163,5.98981
2015-03-17,20951.877057,2136.862515,0,18815.014542,1,98.279167,52.588681,0.168025,15.66,17.571353,5.987263
2015-03-18,21036.207261,2221.192719,0,18815.014542,1,99.244751,57.559539,0.16783,13.97,17.567949,5.985454
2015-03-19,21048.085431,2233.070889,0,18815.014542,1,99.391876,58.277338,0.167668,14.07,17.564646,5.98359
2015-03-20,21105.141075,2290.126534,0,18815.014542,1,100.035248,61.355361,0.16779,13.02,17.560358,5.982393
2015-03-23,21083.601114,2268.586572,0,18815.014542,1,99.841698,59.923138,0.167103,13.41,17.556447,5.980928
2015-03-24,21049.772852,2234.758311,0,18815.014542,1,99.482231,57.250224,0.166786,13.62,17.55274,5.979329
2015-03-25,20853.496862,2038.482321,0,18815.014542,1,97.205551,43.895413,0.169226,15.44,17.550753,5.976864
2015-03-26,20821.845057,2006.830515,0,18815.014542,1,96.873711,42.344906,0.168494,15.8,17.549107,5.974294
2015-03-27,20854.321103,2039.306561,0,18815.014542,1,97.260849,44.794848,0.168361,15.07,17.546779,5.971969
2015-03-30,20950.765869,2135.751327,0,18815.014542,1,98.376152,51.225072,0.168835,14.51,17.543931,5.969889
2015-03-31,20859.311866,2044.297325,0,18815.014542,1,97.33461,45.853653,0.169228,15.29,17.541818,5.967487
2015-04-01,20811.602613,1996.588072,0,18815.014542,1,96.827614,43.464449,0.168188,15.11,17.539541,5.965154
2015-04-02,20816.267746,2001.253204,0,18815.014542,1,96.892159,43.865454,0.168173,14.67,17.536857,5.963007
2015-04-06,20881.738826,2066.724285,0,18815.014542,1,97.684822,48.679724,0.168086,14.74,17.534243,5.96083
2015-04-07,20858.251986,2043.237445,0,18815.014542,1,97.518929,47.756602,0.164767,14.78,17.531671,5.958639
2015-04-08,20925.275554,2110.261013,0,18815.014542,1,98.29319,52.302783,0.164507,13.98,17.528358,5.956844
2015-04-09,20979.083705,2164.069163,0,18815.014542,1,98.910736,55.619965,0.164331,13.09,17.524222,5.955606
2015-04-10,21012.213386,2197.198845,0,18815.014542,1,99.316292,57.70051,0.16323,12.58,17.519618,5.954742
2015-04-13,20977.368634,2162.354093,0,18815.014542,1,99.067444,55.966754,0.158574,13.94,17.516288,5.95297
2015-04-14,20949.323783,2134.309241,0,18815.014542,1,98.781677,53.961567,0.157907,13.67,17.512714,5.951356
2015-04-15,21004.167147,2189.152605,0,18815.014542,1,99.399254,57.505019,0.15782,12.84,17.508375,5.950294
2015-04-16,20990.777313,2175.762771,0,18815.014542,1,99.261002,56.457424,0.157821,12.6,17.503822,5.949409
2015-04-17,20851.905514,2036.890973,0,18815.014542,1,97.712494,46.286364,0.158399,13.89,17.500473,5.947667
2015-04-20,20982.827303,2167.812762,0,18815.014542,1,99.178055,54.619195,0.159288,13.3,17.496583,5.946284
2015-04-21,21020.117565,2205.103023,0,18815.014542,1,99.602036,56.711419,0.159149,13.25,17.492655,5.944933
2015-04-22,21068.544181,2253.52964,0,18815.014542,1,100.145874,59.303237,0.159019,12.71,17.488235,5.943962
2015-04-23,21101.523199,2286.508657,0,18815.014542,1,100.523788,61.04851,0.158622,12.48,17.48361,5.943163
2015-04-24,21227.117409,2412.102867,0,18815.014542,1,101.887939,66.6142,0.159002,12.29,17.478819,5.942513
2015-04-27,21198.513172,2383.49863,0,18815.014542,1,101.629829,64.729575,0.157723,13.12,17.474802,5.941245
2015-04-28,21178.941289,2363.926747,0,18815.014542,1,101.427078,63.216598,0.157742,12.41,17.470138,5.940495
2015-04-29,21119.444029,2304.429487,0,18815.014542,1,100.791077,58.590289,0.15776,13.39,17.466385,5.939049
2015-04-30,20976.193382,2161.178841,0,18815.014542,1,99.205666,48.969743,0.159029,14.55,17.463704,5.936974
2015-05-01,21095.885036,2280.870495,0,18815.014542,1,100.514557,55.470557,0.159686,12.7,17.45933,5.936001
2015-05-04,21108.497134,2293.482592,0,18815.014542,1,100.680473,56.231707,0.159655,12.85,17.455101,5.934917
2015-05-05,20960.689125,2145.674583,0,18815.014542,1,99.03978,47.572104,0.16092,14.31,17.452218,5.932958
2015-05-06,20897.176679,2082.162138,0,18815.014542,1,98.357689,44.503702,0.160322,15.15,17.45011,5.930648
2015-05-07,20949.516622,2134.50208,0,18815.014542,1,98.947617,47.648756,0.160376,15.13,17.447987,5.928347
2015-05-08,21061.937919,2246.923377,0,18815.014542,1,100.182739,53.580236,0.160953,12.86,17.443793,5.927258
2015-05-11,21024.201183,2209.186642,0,18815.014542,1,99.795609,51.606572,0.161023,13.85,17.440511,5.925544
2015-05-12,20980.455578,2165.441036,0,18815.014542,1,99.343948,49.323792,0.160079,13.86,17.437245,5.923825
2015-05-13,20998.023534,2183.008992,0,18815.014542,1,99.546761,50.385092,0.160085,13.76,17.433892,5.922162
2015-05-14,21131.642724,2316.628182,0,18815.014542,1,101.003029,57.300103,0.160755,12.74,17.429617,5.921157
2015-05-15,21130.177841,2315.163299,0,18815.014542,1,101.003029,57.300103,0.160409,12.38,17.425023,5.92042
2015-05-18,21168.31503,2353.300488,0,18815.014542,1,101.445496,59.299017,0.160322,12.73,17.420755,5.919419
2015-05-19,21156.997594,2341.983052,0,18815.014542,1,101.334862,58.560829,0.160178,12.85,17.416603,5.918331
2015-05-20,21161.960598,2346.946056,0,18815.014542,1,101.399406,58.88242,0.160084,12.88,17.412486,5.917221
2015-05-21,21209.395896,2394.381354,0,18815.014542,1,101.924782,61.501397,0.159833,12.11,17.407679,5.91669
2015-05-22,21199.081732,2384.06719,0,18815.014542,1,101.823418,60.698096,0.159795,12.13,17.402899,5.91614
2015-05-26,21088.402047,2273.387505,0,18815.014542,1,100.652794,52.215805,0.160306,14.06,17.399873,5.914315
2015-05-27,21238.410819,2423.396277,0,18815.014542,1,102.275047,60.461768,0.16074,13.27,17.396139,5.912942
2015-05-28,21216.088981,2401.07444,0,18815.014542,1,102.044579,58.906524,0.160714,13.31,17.392448,5.911544
2015-05-29,21158.940682,2343.926141,0,18815.014542,1,101.436287,54.893058,0.160782,13.84,17.389242,5.909838
2015-06-01,21188.052029,2373.037488,0,18815.014542,1,101.777313,56.675244,0.160809,13.97,17.386159,5.908062
2015-06-02,21157.397184,2342.382642,0,18815.014542,1,101.45472,54.482347,0.160866,14.24,17.383324,5.906153
2015-06-03,21184.769507,2369.754965,0,18815.014542,1,101.758881,56.203032,0.160881,13.66,17.379973,5.904549
2015-06-04,21112.756666,2297.742124,0,18815.014542,1,100.984634,50.925655,0.16116,14.71,17.377572,5.902434
2015-06-05,21089.442347,2274.427805,0,18815.014542,1,100.74498,49.38004,0.160942,14.21,17.374726,5.900543
2015-06-08,20993.832208,2178.817666,0,18815.014542,1,99.721855,43.333392,0.16136,15.29,17.372855,5.898223
2015-06-09,20977.86429,2162.849748,0,18815.014542,1,99.555931,42.426069,0.161375,14.47,17.370251,5.896216
2015-06-10,21103.305774,2288.291233,0,18815.014542,1,100.920074,51.430178,0.162118,13.22,17.366532,5.89488
2015-06-11,21116.044071,2301.029529,0,18815.014542,1,101.067581,52.298898,0.162117,12.85,17.362489,5.893788
2015-06-12,21038.789808,2223.775266,0,18815.014542,1,100.238037,47.187364,0.162046,13.78,17.359284,5.892123
2015-06-15,20990.891589,2175.877047,0,18815.014542,1,99.740318,44.384395,0.162167,15.39,17.357525,5.889782
2015-06-16,21039.932479,2224.917938,0,18815.014542,1,100.284111,48.017545,0.162268,14.81,17.35525,5.887642
2015-06-17,21064.479593,2249.465051,0,18815.014542,1,100.560608,49.812781,0.162286,14.5,17.352703,5.885631
2015-06-18,21200.31716,2385.302618,0,18815.014542,1,102.026184,58.077286,0.16302,13.19,17.348993,5.884317
2015-06-19,21152.885768,2337.871227,0,18815.014542,1,101.521744,54.736223,0.163155,13.96,17.345975,5.882564
2015-06-22,21220.12144,2405.106898,0,18815.014542,1,102.270073,58.546103,0.163348,12.74,17.341877,5.881549
2015-06-23,21227.017075,2412.002533,0,18815.014542,1,102.353218,58.959438,0.163347,12.11,17.337227,5.881001
2015-06-24,21177.402047,2362.387506,0,18815.014542,1,101.826607,55.204929,0.163488,13.26,17.333606,5.879642
2015-06-25,21157.520882,2342.506341,0,18815.014542,1,101.623383,53.781606,0.16338,14.01,17.330657,5.877865
2015-06-26,21094.703485,2279.688943,0,18815.014542,1,100.948975,49.244152,0.163618,14.02,17.327722,5.876083
2015-06-29,20879.691703,2064.677161,0,18815.014542,1,98.565437,37.274652,0.166188,18.85,17.32907,5.873653
2015-06-30,20910.463246,2095.448704,0,18815.014542,1,98.916512,39.603261,0.166222,18.23,17.329867,5.871112
2015-07-01,20980.262617,2165.248076,0,18815.014542,1,99.701767,44.56081,0.16599,16.09,17.328771,5.868629
2015-07-02,20981.883111,2166.868569,0,18815.014542,1,99.7295,44.733348,0.165985,16.790001,17.328295,5.866056
2015-07-06,20957.103221,2142.088679,0,18815.014542,1,99.49852,43.518542,0.165876,17.01,17.328014,5.863472
2015-07-07,20978.834248,2163.819706,0,18815.014542,1,99.747986,45.24795,0.165838,16.09,17.326922,5.860999
2015-07-08,20822.538734,2007.524192,0,18815.014542,1,98.011131,36.799606,0.166565,19.66,17.328978,5.858824
2015-07-09,20816.257602,2001.24306,0,18815.014542,1,97.955704,36.564975,0.166363,19.969999,17.331303,5.856767
2015-07-10,20951.823844,2136.809303,0,18815.014542,1,99.452332,46.48649,0.167234,16.83,17.330862,5.854207
2015-07-13,21110.655635,2295.641094,0,18815.014542,1,101.198433,55.275411,0.168307,13.9,17.327847,5.852516
2015-07-14,21171.244613,2356.230071,0,18815.014542,1,101.863579,58.098556,0.168336,13.37,17.324372,5.851119
2015-07-15,21180.531132,2365.516591,0,18815.014542,1,101.974449,58.568024,0.168266,13.23,17.320781,5.849807
2015-07-16,21315.033106,2500.018564,0,18815.014542,1,103.41568,64.185469,0.168988,12.11,17.316214,5.849275
2015-07-17,21457.597538,0,0,21457.597538,0,104.94001,68.976453,0.168973,11.95,17.311515,5.848868
2015-07-20,21457.597538,0,0,21457.597538,0,105.300301,69.998036,0.16804,12.25,17.307087,5.848223
2015-07-21,21457.597538,0,0,21457.597538,0,105.235649,69.555424,0.168031,12.22,17.30264,5.847599
2015-07-22,21457.597538,0,0,21457.597538,0,104.043861,61.798005,0.168521,12.12,17.298114,5.847049
2015-07-23,21457.597538,0,0,21457.597538,0,103.655891,59.472659,0.16846,12.64,17.294049,5.846114
2015-07-24,21457.597538,0,0,21457.597538,0,102.639633,53.765649,0.168915,13.74,17.29095,5.844505
2015-07-27,21457.597538,0,0,21457.597538,0,101.789711,49.488492,0.169166,15.6,17.289477,5.84217
2015-07-28,21457.597538,0,0,21457.597538,0,102.667328,53.593723,0.16944,13.44,17.286127,5.840729
2015-07-29,21457.597538,0,0,21457.597538,0,103.055374,55.322731,0.169459,12.5,17.281965,5.839893
2015-07-30,21457.597538,0,0,21457.597538,0,103.545006,57.475655,0.169484,12.13,17.277489,5.839328
2015-07-31,21457.597538,0,0,21457.597538,0,103.424896,56.753176,0.167594,12.12,17.273012,5.838768
2015-08-03,21457.597538,0,0,21457.597538,0,103.101517,54.757437,0.167574,12.56,17.268925,5.837884
2015-08-04,21457.597538,0,0,21457.597538,0,102.907547,53.541228,0.167439,13,17.265225,5.836705
2015-08-05,21457.597538,0,0,21457.597538,0,103.702057,57.686856,0.167347,12.51,17.261108,5.835853
2015-08-06,21457.597538,0,0,21457.597538,0,102.039116,48.027008,0.168561,13.77,17.258088,5.83423
2015-08-07,21457.597538,0,0,21457.597538,0,101.90979,47.36277,0.168514,13.39,17.254745,5.832814
2015-08-10,21457.597538,0,0,21457.597538,0,103.073837,53.585258,0.168821,12.23,17.250406,5.832163
2015-08-11,21457.597538,0,0,21457.597538,0,101.752724,46.820376,0.169488,13.71,17.247351,5.830571
2015-08-12,21457.597538,0,0,21457.597538,0,102.103783,48.67464,0.169518,13.61,17.244216,5.829034
2015-08-13,21457.597538,0,0,21457.597538,0,101.937492,47.824004,0.169118,13.49,17.240982,5.827562
2015-08-14,21457.597538,0,0,21457.597538,0,102.094559,48.735302,0.169031,12.83,17.237186,5.826489
2015-08-17,21457.597538,0,0,21457.597538,0,102.944489,53.471136,0.169208,13.02,17.23356,5.825294
2015-08-18,21457.597538,0,0,21457.597538,0,102.4179,50.366621,0.16913,13.79,17.230601,5.823664
2015-08-19,21457.597538,0,0,21457.597538,0,101.743484,46.632374,0.169235,15.25,17.228901,5.821451
2015-08-20,21457.597538,0,0,21457.597538,0,98.925735,34.967418,0.17267,19.139999,17.23054,5.819221
2015-08-21,21457.597538,1429.467404,0,20028.130134,1,94.602127,24.7407,0.180924,28.030001,17.239794,5.82531
2015-08-24,21240.265381,2642.11429,0,18598.151091,2,90.962173,19.555403,0.186996,40.740002,17.259914,5.863274
2015-08-25,21192.716756,5406.825654,0,15785.891102,4,90.620338,19.149498,0.187003,36.02,17.275962,5.886392
2015-08-26,22647.716623,6861.825521,0,15785.891102,4,95.184181,37.732567,0.196079,30.32,17.287111,5.896219
2015-08-27,23407.221098,7621.329996,0,15785.891102,4,97.595383,44.933807,0.198331,26.1,17.294637,5.899322
2015-08-28,23397.34617,7611.455067,0,15785.891102,4,97.57695,44.891066,0.198325,26.049999,17.302108,5.902346
2015-08-31,23027.487392,7241.59629,0,15785.891102,4,96.366707,42.062071,0.198872,28.43,17.311594,5.908767
2015-09-01,22206.408163,6420.51706,0,15785.891102,4,93.354935,35.984598,0.20251,31.4,17.323595,5.920543
2015-09-02,23013.555298,7227.664195,0,15785.891102,4,95.987907,43.650005,0.205094,26.09,17.331055,5.923545
2015-09-03,22871.515606,7085.624503,0,15785.891102,4,95.516747,42.665462,0.205183,25.610001,17.338095,5.925943
2015-09-04,22543.27616,6757.385057,0,15785.891102,4,94.380409,40.304306,0.205618,27.799999,17.346984,5.931267
2015-09-08,23357.731738,7571.840636,0,15785.891102,4,97.041092,47.614513,0.208272,24.9,17.353396,5.93283
2015-09-09,23031.669911,7245.778809,0,15785.891102,4,95.950958,45.173651,0.208479,26.23,17.360925,5.935943
2015-09-10,23341.684708,7555.793606,0,15785.891102,4,96.994888,47.926588,0.208646,24.370001,17.366864,5.936933
2015-09-11,23500.707692,7714.816589,0,15785.891102,4,97.530739,49.332926,0.208738,23.200001,17.371804,5.936843
2015-09-14,23397.408046,7611.516944,0,15785.891102,4,97.235138,48.553913,0.208676,24.25,17.377623,5.937701
2015-09-15,23743.34752,7957.456418,0,15785.891102,4,98.380676,51.734678,0.208779,22.540001,17.381986,5.937086
2015-09-16,23907.308634,8121.417531,0,15785.891102,4,98.935013,53.241252,0.208634,21.35,17.385338,5.935696
2015-09-17,23914.35224,8128.461138,0,15785.891102,4,98.971931,53.345701,0.20863,21.139999,17.388506,5.934192
2015-09-18,23488.441954,7702.550852,0,15785.891102,4,97.564278,48.863791,0.209189,22.280001,17.392631,5.933388
2015-09-21,23568.772978,7782.881875,0,15785.891102,4,97.869896,49.848963,0.209214,20.139999,17.394945,5.931422
2015-09-22,23132.259543,7346.368441,0,15785.891102,4,96.406662,45.344651,0.209706,22.440001,17.399192,5.930729
2015-09-23,23149.505831,7363.614729,0,15785.891102,4,96.480759,45.612654,0.209676,22.129999,17.403171,5.92982
2015-09-24,23034.996846,7249.105743,0,15785.891102,4,96.128822,44.496603,0.209352,23.469999,17.408269,5.929934
2015-09-25,22767.496963,6981.60586,0,15785.891102,4,95.313858,41.937652,0.208018,23.620001,17.413484,5.930174
2015-09-28,22023.128596,7832.060832,0,14191.067764,5,92.60041,34.768216,0.210558,27.629999,17.422055,5.935066
2015-09-29,21852.540476,7661.472711,0,14191.067764,5,92.118797,33.668044,0.210648,26.83,17.429941,5.938825
2015-09-30,22633.013052,8441.945288,0,14191.067764,5,94.239586,42.322992,0.212394,24.5,17.435863,5.939861
2015-10-01,22762.426252,8571.358487,0,14191.067764,5,94.665604,43.906319,0.211549,22.549999,17.440142,5.939216
2015-10-02,23385.651009,9194.583244,0,14191.067764,5,96.323311,49.693377,0.212543,20.940001,17.443069,5.937593
2015-10-05,23893.794077,9702.726312,0,14191.067764,5,97.703178,53.951997,0.212893,19.540001,17.44482,5.935419
2015-10-06,23715.085549,9524.017785,0,14191.067764,5,97.240189,52.350654,0.21296,19.4,17.446452,5.933208
2015-10-07,23916.819158,9725.751394,0,14191.067764,5,97.82357,54.195463,0.212338,18.4,17.447248,5.930796
2015-10-08,24034.816112,9843.748348,0,14191.067764,5,98.21254,55.43438,0.211161,17.42,17.447225,5.928322
2015-10-09,24181.185153,9990.117389,0,14191.067764,5,98.657066,56.870129,0.210268,17.08,17.446919,5.925861
2015-10-12,24210.915224,10019.84746,0,14191.067764,5,98.897865,57.665761,0.207984,16.17,17.445857,5.923508
2015-10-13,23944.002119,9752.934355,0,14191.067764,5,98.258835,54.777808,0.207226,17.67,17.446043,5.921047
2015-10-14,23878.654776,9687.587011,0,14191.067764,5,98.101425,54.059618,0.207242,18.030001,17.446528,5.918609
2015-10-15,24510.251538,10319.183774,0,14191.067764,5,99.712822,59.8613,0.207924,16.049999,17.445369,5.916288
2015-10-16,24665.655257,10474.587492,0,14191.067764,5,100.129547,61.225074,0.207798,15.05,17.443383,5.914234
2015-10-19,24867.161538,10676.093773,0,14191.067764,5,100.70372,63.086076,0.207349,14.98,17.441342,5.912207
2015-10-20,24645.360143,10454.292379,0,14191.067764,5,100.18515,60.272465,0.206761,15.75,17.439942,5.909958
2015-10-21,24358.053081,10166.985316,0,14191.067764,5,99.573906,57.043038,0.204646,16.700001,17.43933,5.907549
2015-10-22,25180.892361,10989.824596,0,14191.067764,5,101.602058,63.945933,0.205893,14.45,17.43686,5.905731
2015-10-23,26368.284029,12177.216265,0,14191.067764,5,104.44519,70.98482,0.207724,14.46,17.434401,5.90391
2015-10-26,26375.505055,12184.437291,0,14191.067764,5,104.51001,71.123238,0.207526,15.29,17.432632,5.901793
2015-10-27,26458.584525,12267.516761,0,14191.067764,5,104.723022,71.602671,0.207533,15.43,17.430981,5.899638
2015-10-28,26806.96827,12615.900506,0,14191.067764,5,105.593529,73.536335,0.207015,14.33,17.428427,5.897877
2015-10-29,26731.060818,12539.993053,0,14191.067764,5,105.426811,72.517878,0.206968,14.61,17.426107,5.896002
2015-10-30,26530.145342,12339.077578,0,14191.067764,5,104.954536,69.578121,0.207048,15.07,17.424169,5.893963
2015-11-02,27006.98418,12815.916415,0,14191.067764,5,106.139931,72.582452,0.206842,14.15,17.421479,5.892286
2015-11-03,27158.19836,12967.130596,0,14191.067764,5,106.510361,73.464352,0.206852,14.54,17.419113,5.890444
2015-11-04,27155.936509,12964.868744,0,14191.067764,5,106.519608,73.487277,0.2068,15.51,17.417547,5.888279
2015-11-05,27030.025547,12838.957783,0,14191.067764,5,106.232529,71.424155,0.206836,15.05,17.415607,5.886253
2015-11-06,27055.585082,12864.517318,0,14191.067764,5,106.306633,71.645445,0.206812,14.33,17.413079,5.884503
2015-11-09,26572.865619,12381.797855,0,14191.067764,5,105.176788,63.563247,0.207243,16.52,17.412349,5.882148
2015-11-10,26455.576124,12264.508359,0,14191.067764,5,104.908218,61.779199,0.207242,15.29,17.410613,5.880054
2015-11-11,26396.029028,12204.961264,0,14191.067764,5,104.778572,60.890736,0.207227,16.059999,17.40951,5.877777
2015-11-12,25975.880912,11784.813147,0,14191.067764,5,103.75985,54.284513,0.207582,18.370001,17.410294,5.875439
2015-11-13,25168.226531,10977.158766,0,14191.067764,5,101.722458,44.002413,0.208942,20.08,17.412471,5.873536
2015-11-16,25755.647672,11564.579908,0,14191.067764,5,103.185677,51.157618,0.209589,18.16,17.413081,5.871178
2015-11-17,25775.935603,11584.867839,0,14191.067764,5,103.250511,51.453618,0.20955,18.84,17.414243,5.868927
2015-11-18,26606.00013,12414.932365,0,14191.067764,5,105.232361,59.52783,0.210572,16.85,17.413784,5.866559
2015-11-19,26629.969571,12438.901807,0,14191.067764,5,105.306435,59.796972,0.210488,16.99,17.413439,5.864184
2015-11-20,26924.274117,12733.206353,0,14191.067764,5,106.019539,62.389963,0.21057,15.47,17.41186,5.862061
2015-11-23,26780.45261,12589.384845,0,14191.067764,5,105.713913,60.586368,0.210599,15.62,17.410406,5.859902
2015-11-24,26733.169348,12542.101583,0,14191.067764,5,105.621323,60.020282,0.210419,15.93,17.409205,5.857675
2015-11-25,26766.440706,12575.372941,0,14191.067764,5,105.713913,60.418558,0.210415,15.19,17.407407,5.85564
2015-11-27,26815.592753,12624.524989,0,14191.067764,5,105.862114,61.086765,0.210291,15.12,17.405555,5.853629
2015-11-30,26686.209799,12495.142034,0,14191.067764,5,105.593529,59.138249,0.210256,16.129999,17.404523,5.851371
2015-12-01,27122.233108,12931.165343,0,14191.067764,5,106.649307,63.999429,0.210096,14.67,17.402312,5.84952
2015-12-02,26841.400653,12650.332889,0,14191.067764,5,105.991768,59.270156,0.210201,15.91,17.401107,5.847309
2015-12-03,26106.145647,11915.077883,0,14191.067764,5,104.195145,48.684275,0.211236,18.110001,17.401679,5.844982
2015-12-04,27146.79135,12955.723585,0,14191.067764,5,106.630768,59.297547,0.212999,14.81,17.399589,5.843086
2015-12-07,26929.139361,12738.071596,0,14191.067764,5,106.149185,56.796257,0.21308,15.84,17.398332,5.840897
2015-12-08,26924.288829,12733.221064,0,14191.067764,5,106.15844,56.833939,0.212888,17.6,17.398494,5.838546
2015-12-09,26261.631696,12070.563932,0,14191.067764,5,104.547089,48.845506,0.213693,19.610001,17.400274,5.836533
2015-12-10,26437.078794,12246.011029,0,14191.067764,5,105.019348,51.018513,0.21286,19.34,17.401833,5.834444
2015-12-11,25474.168772,11283.101008,0,14191.067764,5,102.602242,41.339298,0.214685,24.389999,17.407446,5.83546
2015-12-14,25768.249457,11577.181692,0,14191.067764,5,103.380157,44.958589,0.214432,22.73,17.411717,5.835064
2015-12-15,26015.143827,11824.076063,0,14191.067764,5,104.009911,47.768122,0.214148,20.950001,17.414555,5.833583
2015-12-16,26645.388581,12454.320817,0,14191.067764,5,105.556488,53.980685,0.213895,17.860001,17.414912,5.831257
2015-12-17,25998.67092,11807.603156,0,14191.067764,5,104.019157,47.883849,0.213633,18.940001,17.416133,5.82908
2015-12-18,25172.585858,10981.518093,0,14191.067764,5,102.023834,41.355154,0.213089,20.700001,17.41876,5.827486
2015-12-21,25620.108026,11429.040262,0,14191.067764,5,103.157127,45.869483,0.213425,18.700001,17.419784,5.825268
2015-12-22,25893.643827,11702.576063,0,14191.067764,5,103.835243,48.427637,0.213541,16.6,17.419129,5.822985
2015-12-23,26207.662547,12016.594782,0,14191.067764,5,104.606216,51.248565,0.21366,15.57,17.417654,5.820893
2015-12-24,26194.407764,12003.339999,0,14191.067764,5,104.587646,51.175955,0.21366,15.74,17.416316,5.818763
2015-12-28,26146.42285,11955.355086,0,14191.067764,5,104.531921,50.942705,0.213509,16.91,17.415912,5.81646
2015-12-29,26839.582752,12648.514987,0,14191.067764,5,106.176117,57.148651,0.214295,16.08,17.414849,5.814264
2015-12-30,26436.115952,12245.048187,0,14191.067764,5,105.219337,52.950863,0.214426,17.290001,17.414749,5.811951
2015-12-31,25892.252465,11701.184701,0,14191.067764,5,103.909531,47.777015,0.214602,18.209999,17.415382,5.809681
2016-01-04,25009.283544,10818.21578,0,14191.067764,5,101.717278,40.622568,0.216137,20.700001,17.41799,5.80811
2016-01-05,24919.390765,10728.323,0,14191.067764,5,101.54081,40.101994,0.215389,19.34,17.419516,5.806055
2016-01-06,24521.26414,10330.196376,0,14191.067764,5,100.565399,37.259748,0.215081,20.59,17.42203,5.804437
2016-01-07,23358.998303,10913.210442,0,12445.787861,6,97.416359,29.893478,0.21799,24.99,17.428027,5.806045
2016-01-08,22974.485471,10528.697611,0,12445.787861,6,96.617493,28.361617,0.217043,27.01,17.435614,5.810004
2016-01-11,23082.003046,12341.2581,0,10740.744946,7,96.914757,29.803114,0.216924,24.299999,17.441044,5.810912
2016-01-12,23656.935664,12916.190718,0,10740.744946,7,98.038742,35.119144,0.216979,22.469999,17.44502,5.810333
2016-01-13,22054.918854,11314.173908,0,10740.744946,7,94.657478,28.200392,0.221073,25.219999,17.451161,5.812145
2016-01-14,23095.346236,12354.60129,0,10740.744946,7,96.673225,36.262037,0.222402,23.950001,17.45629,5.812717
2016-01-15,21679.745241,10939.000295,0,10740.744946,7,93.672791,30.730951,0.225077,27.02,17.463833,5.816627
2016-01-19,21732.848193,12685.907562,0,9046.94063,8,93.877159,31.497394,0.224658,26.049999,17.470599,5.819327
2016-01-20,21558.534992,12511.594362,0,9046.94063,8,93.589211,30.977314,0.22449,27.59,17.478567,5.82396
2016-01-21,21597.580232,12550.639602,0,9046.94063,8,93.682106,31.371016,0.224409,26.690001,17.485814,5.827397
2016-01-22,23173.755983,14126.815352,0,9046.94063,8,96.394524,41.80821,0.225944,22.34,17.489631,5.826694
2016-01-25,22352.479112,13305.538481,0,9046.94063,8,94.96402,38.484105,0.226642,24.15,17.494863,5.827394
2016-01-26,22837.088342,13790.147712,0,9046.94063,8,95.818642,41.477774,0.226895,22.5,17.498791,5.826792
2016-01-27,21483.699254,12436.758623,0,9046.94063,8,93.431274,36.180836,0.226725,23.110001,17.503192,5.826625
2016-01-28,22225.059881,13178.119251,0,9046.94063,8,94.750381,40.687943,0.227261,22.42,17.507045,5.825965
2016-01-29,23381.231978,14334.291347,0,9046.94063,8,96.728951,46.761316,0.228319,20.200001,17.509154,5.82417
2016-02-01,23497.648313,14450.707683,0,9046.94063,8,96.989059,47.522084,0.22814,19.98,17.511088,5.822299
2016-02-02,22330.293963,13283.353332,0,9046.94063,8,94.889709,42.271723,0.229437,21.98,17.514582,5.821362
2016-02-03,22058.439876,13011.499246,0,9046.94063,8,94.434525,41.208634,0.229223,21.65,17.517813,5.820234
2016-02-04,22043.583881,12996.643251,0,9046.94063,8,94.425232,41.185862,0.22922,21.84,17.521187,5.819213
2016-02-05,20387.887618,13044.718291,0,7343.169327,9,91.146133,34.037953,0.232871,23.379999,17.525757,5.819242
2016-02-08,19565.278096,13885.503607,0,5679.774489,10,89.752739,31.53353,0.23348,26,17.532362,5.821781
2016-02-09,19374.082809,13694.30832,0,5679.774489,10,89.47403,31.041547,0.233478,26.540001,17.539377,5.824939
2016-02-10,19552.567848,13872.793359,0,5679.774489,10,89.817757,32.441471,0.232767,26.290001,17.546187,5.827785
2016-02-11,19455.022832,13775.248343,0,5679.774489,10,89.687698,32.175307,0.232724,28.139999,17.554425,5.833002
2016-02-12,20349.125376,14669.350887,0,5679.774489,10,91.053253,37.933194,0.233022,25.4,17.560521,5.834834
2016-02-16,21746.398174,16066.623685,0,5679.774489,10,93.106155,45.432986,0.234355,24.110001,17.565606,5.835421
2016-02-17,23278.827426,17599.052938,0,5679.774489,10,95.214806,51.866631,0.235917,22.309999,17.569286,5.834652
2016-02-18,22515.294027,16835.519538,0,5679.774489,10,94.127975,48.680775,0.236302,21.639999,17.572442,5.833489
2016-02-19,22696.577948,17016.803459,0,5679.774489,10,94.406631,49.536641,0.236252,20.530001,17.574733,5.831809
2016-02-22,23779.804514,18100.030026,0,5679.774489,10,95.939362,54.073649,0.236919,19.379999,17.57613,5.829766
2016-02-23,22678.550249,16998.77576,0,5679.774489,10,94.360214,49.16881,0.237734,20.98,17.578763,5.828278
2016-02-24,23315.776925,17636.002436,0,5679.774489,10,95.261276,51.852483,0.238018,20.719999,17.58119,5.826678
2016-02-25,23989.013786,18309.239298,0,5679.774489,10,96.199493,54.543573,0.238303,19.110001,17.582371,5.824581
2016-02-26,23886.195443,18206.420954,0,5679.774489,10,96.078712,54.124176,0.238224,19.809999,17.58409,5.822661
2016-02-29,23237.846226,17558.071737,0,5679.774489,10,95.214806,51.097707,0.238408,20.549999,17.586376,5.820997
2016-03-01,25567.015871,19887.241382,0,5679.774489,10,98.270973,59.685819,0.241191,17.700001,17.586464,5.818753
2016-03-02,25579.713249,19899.93876,0,5679.774489,10,98.308128,59.7783,0.241129,17.09,17.586082,5.816528
2016-03-03,25427.779944,19748.005456,0,5679.774489,10,98.122353,59.048903,0.241095,16.700001,17.5854,5.81434
2016-03-04,25442.591365,19762.816877,0,5679.774489,10,98.159515,59.156265,0.241086,16.860001,17.584842,5.812138
2016-03-07,24947.284991,19267.510502,0,5679.774489,10,97.555687,56.561516,0.240813,17.35,17.584662,5.809908
2016-03-08,24350.26023,18670.485741,0,5679.774489,10,96.747559,53.198379,0.240991,18.67,17.585495,5.807754
2016-03-09,24755.018837,19075.244348,0,5679.774489,10,97.369911,55.397859,0.240066,18.34,17.586074,5.805563
2016-03-10,24629.583988,18949.809499,0,5679.774489,10,97.221298,54.736344,0.239971,18.049999,17.586429,5.80335
2016-03-11,25910.774965,20231.000476,0,5679.774489,10,98.921204,60.54064,0.240743,16.5,17.585597,5.801204
2016-03-14,25997.126926,20317.352438,0,5679.774489,10,99.088455,61.069596,0.240692,16.92,17.585088,5.799012
2016-03-15,25937.069256,20257.294767,0,5679.774489,10,99.051292,60.87433,0.240203,16.84,17.584518,5.79683
2016-03-16,26602.015122,20922.240634,0,5679.774489,10,99.933731,63.831601,0.24043,14.99,17.582536,5.795057
2016-03-17,26535.896608,20856.122119,0,5679.774489,10,99.878029,63.505305,0.240146,14.44,17.580137,5.793494
2016-03-18,26642.780131,20963.005642,0,5679.774489,10,100.034561,64.061279,0.240147,14.02,17.577422,5.792117
2016-03-21,26901.61933,21221.844841,0,5679.774489,10,100.42585,65.477107,0.240067,13.79,17.574535,5.790851
2016-03-22,27126.077799,21446.30331,0,5679.774489,10,100.733299,66.590823,0.240084,14.17,17.571942,5.789407
2016-03-23,26484.967651,20805.193162,0,5679.774489,10,99.904091,60.885791,0.240251,14.94,17.569939,5.787657
2016-03-24,26429.897184,20750.122695,0,5679.774489,10,99.932045,61.007073,0.238624,14.74,17.567787,5.785981
2016-03-28,26272.242452,20592.467963,0,5679.774489,10,99.792282,60.005271,0.238593,15.24,17.566018,5.784136
2016-03-29,27520.379406,21840.604917,0,5679.774489,10,101.394783,66.747677,0.239302,13.82,17.563174,5.782859
2016-03-30,27880.924214,22201.149725,0,5679.774489,10,101.888588,68.509389,0.238987,13.56,17.560137,5.781715
2016-03-31,27738.847141,22059.072652,0,5679.774489,10,101.739502,67.349245,0.238642,13.95,17.5574,5.780376
2016-04-01,28584.852467,22905.077979,0,5679.774489,10,102.820267,71.161744,0.238877,13.1,17.554023,5.779487
2016-04-04,28240.468169,22560.69368,0,5679.774489,10,102.42894,68.062761,0.238926,14.12,17.551423,5.77807
2016-04-05,27458.719235,21778.944746,0,5679.774489,10,101.441353,60.859614,0.239029,15.42,17.549811,5.77618
2016-04-06,28785.844686,23106.070198,0,5679.774489,10,103.109108,67.176941,0.239803,14.09,17.547196,5.774778
2016-04-07,27625.796277,21946.021789,0,5679.774489,10,101.627739,58.192502,0.240269,16.16,17.546148,5.772721
2016-04-08,27550.918311,21871.143822,0,5679.774489,10,101.553169,57.773627,0.240158,15.36,17.544498,5.770853
2016-04-11,27223.405281,21543.630793,0,5679.774489,10,101.180511,55.618997,0.240153,16.26,17.543529,5.768783
2016-04-12,27878.416396,22198.641907,0,5679.774489,10,102.028328,59.33472,0.240337,14.85,17.5415,5.767081
2016-04-13,28911.936518,23232.162029,0,5679.774489,10,103.332703,64.288527,0.240783,13.84,17.538712,5.765803
2016-04-14,28902.746971,23222.972482,0,5679.774489,10,103.342018,64.321954,0.240672,13.72,17.535839,5.764583
2016-04-15,28683.50906,23003.734572,0,5679.774489,10,103.081146,62.55603,0.240687,13.62,17.532895,5.763414
2016-04-18,29058.447497,23378.673008,0,5679.774489,10,103.630859,64.752069,0.240004,13.35,17.529752,5.762388
2016-04-19,28522.244706,22842.470217,0,5679.774489,10,102.997261,60.358107,0.239473,13.24,17.526532,5.761422
2016-04-20,28574.440005,22894.665516,0,5679.774489,10,103.081146,60.737973,0.239424,13.28,17.523346,5.760433
2016-04-21,28566.149904,22886.375415,0,5679.774489,10,103.090446,60.782842,0.239338,13.95,17.520667,5.759103
2016-04-22,27353.794544,21674.020056,0,5679.774489,10,101.534538,50.404704,0.240002,13.22,17.517446,5.758147
2016-04-25,27295.390327,21615.615838,0,5679.774489,10,101.534538,50.404704,0.239455,14.08,17.514873,5.756759
2016-04-26,26900.855507,21221.081018,0,5679.774489,10,101.040718,47.42418,0.239507,13.96,17.512214,5.755425
2016-04-27,26270.400943,20590.626454,0,5679.774489,10,100.230194,42.936426,0.239689,13.77,17.509417,5.754182
2016-04-28,25349.433614,19669.659125,0,5679.774489,10,99.019005,37.261952,0.240013,15.22,17.507707,5.752371
2016-04-29,24918.948795,19239.174306,0,5679.774489,10,98.497253,35.109372,0.239343,15.7,17.506358,5.750435
2016-05-02,25572.835615,19893.061126,0,5679.774489,10,99.428955,41.597547,0.239091,14.68,17.504251,5.748807
2016-05-03,24874.581521,19194.807033,0,5679.774489,10,98.506599,37.590496,0.239341,15.6,17.502832,5.746898
2016-05-04,24363.137831,18683.363342,0,5679.774489,10,97.873047,35.09009,0.238654,16.049999,17.50175,5.744893
2016-05-05,24324.01587,18644.241381,0,5679.774489,10,97.845078,34.979471,0.238511,15.91,17.500565,5.742918
2016-05-06,24698.737958,19018.963469,0,5679.774489,10,98.366837,38.852046,0.238488,14.72,17.498498,5.741282
2016-05-09,24852.562946,19172.788458,0,5679.774489,10,98.646347,40.883337,0.238043,14.57,17.496322,5.739702
2016-05-10,25883.330086,20203.555598,0,5679.774489,10,99.997269,49.59807,0.238562,13.63,17.493452,5.738537
2016-05-11,25190.484209,19510.709721,0,5679.774489,10,99.093544,44.836338,0.238749,14.69,17.491372,5.736915
2016-05-12,24849.609039,19169.83455,0,5679.774489,10,98.655624,42.697182,0.238795,14.41,17.489088,5.7354
2016-05-13,24541.565772,18861.791283,0,5679.774489,10,98.29229,40.951446,0.238189,15.04,17.487274,5.733661
2016-05-16,25447.636682,19767.862193,0,5679.774489,10,99.522118,48.610512,0.238664,14.68,17.485196,5.732046
2016-05-17,24509.96015,18830.185661,0,5679.774489,10,98.273674,42.573584,0.239079,15.57,17.48378,5.730161
2016-05-18,24763.401378,19083.62689,0,5679.774489,10,98.627716,44.672046,0.239118,15.95,17.482646,5.728193
2016-05-19,24370.356798,18690.58231,0,5679.774489,10,98.115273,42.264676,0.239194,16.33,17.481795,5.726162
2016-05-20,25179.283276,19499.508788,0,5679.774489,10,99.196045,48.56081,0.23948,15.2,17.480111,5.724382
2016-05-23,25041.82191,19362.047421,0,5679.774489,10,99.06559,47.88205,0.239482,15.82,17.478886,5.722447
2016-05-24,26577.126316,20897.351827,0,5679.774489,10,101.050072,57.592585,0.240274,14.42,17.476632,5.720939
2016-05-25,27108.415113,21428.640624,0,5679.774489,10,101.776779,60.495284,0.239658,13.9,17.473999,5.719655
2016-05-26,27329.897483,21650.122994,0,5679.774489,10,102.074913,61.65488,0.239669,13.43,17.471023,5.718601
2016-05-27,27735.036385,22055.261896,0,5679.774489,10,102.60598,63.698967,0.239641,13.12,17.467824,5.717714
2016-05-31,27837.801463,22158.026975,0,5679.774489,10,102.80162,64.450786,0.239618,14.19,17.465415,5.716302
2016-06-01,27831.225646,22151.451157,0,5679.774489,10,102.810959,64.488592,0.239587,14.2,17.463018,5.714886
2016-06-02,27988.223985,22308.449496,0,5679.774489,10,103.025246,65.397961,0.239573,13.63,17.460205,5.713731
2016-06-03,27586.879272,21907.104783,0,5679.774489,10,102.540779,61.559806,0.239463,13.47,17.45728,5.712657
2016-06-06,27844.528292,22164.753803,0,5679.774489,10,102.913475,63.342186,0.239483,13.65,17.454491,5.711492
2016-06-07,27613.951647,21934.177158,0,5679.774489,10,102.652573,61.202776,0.239183,14.05,17.451999,5.710142
2016-06-08,27741.499647,22061.725159,0,5679.774489,10,102.82959,62.137183,0.239181,14.08,17.449532,5.70878
2016-06-09,27576.507102,21896.732613,0,5679.774489,10,102.661873,60.646828,0.238638,14.64,17.447478,5.707198
2016-06-10,26659.762512,20979.988024,0,5679.774489,10,101.497269,51.423535,0.239029,17.030001,17.447173,5.705122
2016-06-13,25961.627164,20281.852675,0,5679.774489,10,100.64946,45.945496,0.239036,20.969999,17.449745,5.703832
2016-06-14,25945.815292,20266.040803,0,5679.774489,10,100.64946,45.945496,0.238961,20.5,17.451969,5.702345
2016-06-15,25707.511661,20027.737173,0,5679.774489,10,100.360634,44.089791,0.238897,20.139999,17.453929,5.700727
2016-06-16,25924.62888,20244.854392,0,5679.774489,10,100.658737,46.491943,0.238901,19.370001,17.455324,5.698884
2016-06-17,24998.300206,19318.525717,0,5679.774489,10,99.478905,39.295886,0.23868,19.41,17.456747,5.697052
2016-06-20,25439.026548,19759.252059,0,5679.774489,10,100.10482,44.227792,0.23873,18.370001,17.457411,5.695032
2016-06-21,25665.493959,19985.71947,0,5679.774489,10,100.422417,46.598587,0.238596,18.48,17.458154,5.693028
2016-06-22,25465.762892,19785.988404,0,5679.774489,10,100.179527,45.022348,0.23861,21.17,17.46085,5.691837
2016-06-23,26580.989676,20901.215187,0,5679.774489,10,101.60881,54.727053,0.239142,17.25,17.460697,5.689773
2016-06-24,23578.056205,17898.281716,0,5679.774489,10,97.423775,35.157535,0.244398,25.76,17.466715,5.692097
2016-06-27,22178.385017,18348.024926,0,3830.360092,11,95.490051,29.846788,0.245439,23.85,17.471341,5.692627
2016-06-28,23815.293254,19984.933162,0,3830.360092,11,97.582603,40.347781,0.245176,18.75,17.472266,5.690668
2016-06-29,25251.53245,21421.172358,0,3830.360092,11,99.310776,47.356277,0.246047,16.639999,17.471664,5.688652
2016-06-30,26205.528609,22375.168518,0,3830.360092,11,100.459778,51.441207,0.246251,15.63,17.470333,5.686809
2016-07-01,26620.195599,22789.835507,0,3830.360092,11,100.964249,53.159737,0.246323,14.77,17.468382,5.685216
2016-07-05,26043.90967,22213.549579,0,3830.360092,11,100.347694,50.793713,0.246419,15.58,17.467018,5.683388
2016-07-06,26731.652515,22901.292424,0,3830.360092,11,101.169739,53.749425,0.246594,14.96,17.465209,5.681735
2016-07-07,26936.73313,23106.373039,0,3830.360092,11,101.468658,54.812357,0.245702,14.76,17.463259,5.680149
2016-07-08,28302.897119,24472.537028,0,3830.360092,11,103.038078,60.008965,0.246377,13.2,17.460187,5.679254
2016-07-11,28752.23206,24921.871968,0,3830.360092,11,103.626579,61.783732,0.245807,13.54,17.457365,5.678183
2016-07-12,29168.512146,25338.152055,0,3830.360092,11,104.149719,63.341177,0.245,13.55,17.454554,5.677106
2016-07-13,28927.343893,25096.983801,0,3830.360092,11,103.897499,62.028665,0.244895,13.04,17.45138,5.676297
2016-07-14,29546.28392,25715.923829,0,3830.360092,11,104.607483,64.2729,0.245026,12.82,17.448053,5.675614
2016-07-15,29361.49505,25531.134959,0,3830.360092,11,104.439308,63.318262,0.244458,12.67,17.444623,5.675019
2016-07-18,29916.051552,26085.69146,0,3830.360092,11,105.130585,65.581246,0.243954,12.44,17.441033,5.674565
2016-07-19,29559.520243,25729.160151,0,3830.360092,11,104.74762,63.253125,0.243959,11.97,17.437111,5.674421
2016-07-20,30657.811587,26827.451496,0,3830.360092,11,105.971367,67.25356,0.244357,11.77,17.433052,5.674414
2016-07-21,30411.028508,26580.668417,0,3830.360092,11,105.728462,65.724093,0.243986,12.74,17.429692,5.673771
2016-07-22,30793.588209,26963.228118,0,3830.360092,11,106.167511,67.177086,0.243992,12.02,17.425823,5.673585
2016-07-25,30748.568756,26918.208664,0,3830.360092,11,106.176857,67.208952,0.243697,12.87,17.422566,5.672863
2016-07-26,30837.050178,27006.690086,0,3830.360092,11,106.298317,67.648531,0.243487,13.05,17.419443,5.672039
2016-07-27,31492.746383,27662.386292,0,3830.360092,11,107.036308,70.257459,0.243412,12.83,17.416167,5.671339
2016-07-28,31820.787965,27990.427874,0,3830.360092,11,107.409958,71.510185,0.243406,12.72,17.412817,5.670702
2016-07-29,32019.598792,28189.2387,0,3830.360092,11,107.643494,72.295601,0.243356,11.87,17.408867,5.67061
2016-08-01,32505.569576,28675.209484,0,3830.360092,11,108.213348,74.167057,0.243428,12.44,17.405328,5.67014
2016-08-02,31737.942472,27907.582381,0,3830.360092,11,107.391281,67.122893,0.243576,13.37,17.402456,5.669142
2016-08-03,32050.905028,28220.544936,0,3830.360092,11,107.746231,68.513447,0.243593,12.86,17.399225,5.668419
2016-08-04,32316.543198,28486.183106,0,3830.360092,11,108.054543,69.711775,0.243446,12.42,17.395686,5.667958
2016-08-05,33249.013563,29418.653471,0,3830.360092,11,109.091446,73.381007,0.242908,11.39,17.39142,5.668203
2016-08-08,33093.225306,29262.865214,0,3830.360092,11,108.970009,72.276681,0.242907,11.5,17.387239,5.668363
2016-08-09,33303.695853,29473.335761,0,3830.360092,11,109.222229,73.179486,0.242552,11.66,17.383177,5.668404
2016-08-10,33011.771482,29181.411391,0,3830.360092,11,108.941971,70.434761,0.24206,12.05,17.379398,5.668172
2016-08-11,33435.756395,29605.396303,0,3830.360092,11,109.409035,72.299427,0.242078,11.68,17.375361,5.668193
2016-08-12,33491.604765,29661.244674,0,3830.360092,11,109.483795,72.597342,0.242067,11.55,17.371239,5.668304
2016-08-15,33890.673326,30060.313235,0,3830.360092,11,109.950851,74.44635,0.242109,11.81,17.367306,5.668227
2016-08-16,33302.259653,29471.899562,0,3830.360092,11,109.343666,68.020606,0.242018,12.64,17.363965,5.667616
2016-08-17,33470.088366,29639.728274,0,3830.360092,11,109.539833,68.952978,0.241938,12.19,17.360311,5.667281
2016-08-18,33478.032093,29647.672002,0,3830.360092,11,109.567863,69.091649,0.241797,11.43,17.356126,5.66747
2016-08-19,33362.907183,29532.547092,0,3830.360092,11,109.539833,68.760907,0.239368,11.34,17.351883,5.667722
2016-08-22,33212.656011,27035.969487,0,6176.686524,10,109.623924,69.236683,0.233122,12.27,17.348302,5.667329
2016-08-23,33236.820357,24386.160583,0,8850.659774,9,109.820084,70.370321,0.228135,12.38,17.344803,5.666866
2016-08-24,32676.513185,18604.555576,0,14071.957609,7,109.11013,61.532392,0.228236,13.45,17.342062,5.665812
2016-08-25,32405.769818,18333.812209,0,14071.957609,7,108.932648,59.519901,0.220678,13.63,17.339451,5.664673
2016-08-26,32452.959967,18381.002358,0,14071.957609,7,109.091446,60.75662,0.218701,13.65,17.336859,5.663526
2016-08-29,32518.622141,18446.664532,0,14071.957609,7,109.240898,61.935293,0.218703,12.94,17.333771,5.662734
2016-08-30,32286.497076,18214.539467,0,14071.957609,7,108.885941,57.51674,0.218194,13.12,17.330814,5.661846
2016-08-31,32141.468997,18069.511388,0,14071.957609,7,108.773819,56.153979,0.214718,13.42,17.328072,5.660807
2016-09-01,32253.744685,18181.787076,0,14071.957609,7,109.054085,58.782849,0.212216,13.48,17.325375,5.659738
2016-09-02,32459.831245,18387.873637,0,14071.957609,7,109.409035,61.898592,0.212141,11.98,17.321632,5.659523
2016-09-06,32836.253351,18764.295742,0,14071.957609,7,110.090973,67.051802,0.211713,12.02,17.317922,5.659279
2016-09-07,32821.450974,18749.493365,0,14071.957609,7,110.156387,67.505802,0.209163,11.94,17.314161,5.659086
2016-09-08,32412.322214,18340.364605,0,14071.957609,7,109.511795,58.894044,0.208821,12.51,17.310804,5.658532
2016-09-09,30781.070684,16709.113075,0,14071.957609,7,106.756027,37.102243,0.210769,17.5,17.310936,5.656557
2016-09-12,31924.129,17852.171392,0,14071.957609,7,108.671059,50.742242,0.211713,15.16,17.309435,5.654867
2016-09-13,31336.020069,17264.06246,0,14071.957609,7,107.699554,45.367281,0.211974,17.85,17.309812,5.652911
2016-09-14,31629.460471,17557.502862,0,14071.957609,7,108.213348,48.475749,0.211601,18.139999,17.31039,5.650983
2016-09-15,32655.486374,18583.528765,0,14071.957609,7,109.894821,57.082075,0.212278,16.299999,17.309687,5.649076
2016-09-16,32615.510673,18543.553064,0,14071.957609,7,109.842369,56.763558,0.212281,15.37,17.308337,5.647341
2016-09-19,32287.658405,18215.700796,0,14071.957609,7,109.364754,53.818683,0.211616,15.53,17.3071,5.64557
2016-09-20,32405.094148,18333.13654,0,14071.957609,7,109.570793,54.905552,0.211599,15.92,17.306136,5.643725
2016-09-21,33048.665072,18976.707464,0,14071.957609,7,110.647797,60.180927,0.211065,13.3,17.303354,5.642752
2016-09-22,33589.058351,19517.100742,0,14071.957609,7,111.528091,63.898436,0.211251,12.02,17.299688,5.642509
2016-09-23,33142.140077,19070.182468,0,14071.957609,7,110.816338,59.09453,0.211356,12.29,17.296214,5.642093
2016-09-26,32547.702384,18475.744775,0,14071.957609,7,109.889229,53.456934,0.211349,14.5,17.294276,5.640617
2016-09-27,33162.253188,16431.770235,0,16730.482953,6,110.975548,58.457823,0.20864,13.1,17.291371,5.639742
2016-09-28,33252.998258,16522.515305,0,16730.482953,6,111.162857,59.270445,0.20852,12.39,17.287979,5.639263
2016-09-29,32797.707584,16067.224631,0,16730.482953,6,110.357437,54.347483,0.207045,14.02,17.285719,5.637967
2016-09-30,33228.973668,16498.490715,0,16730.482953,6,111.181572,58.175547,0.207155,13.29,17.282958,5.636996
2016-10-03,33110.073963,16379.59101,0,16730.482953,6,111.022392,57.178262,0.206187,13.57,17.280394,5.635892
2016-10-04,33004.308363,16273.82541,0,16730.482953,6,110.853813,56.08178,0.205543,13.63,17.277874,5.634762
2016-10-05,33205.892987,16475.410034,0,16730.482953,6,111.247124,58.100588,0.205478,12.99,17.274917,5.633942
2016-10-06,33167.923783,16437.440829,0,16730.482953,6,111.190964,57.692787,0.205377,12.84,17.271861,5.633203
2016-10-07,33031.541594,16301.058641,0,16730.482953,6,110.947456,55.861935,0.20536,13.48,17.269249,5.63214
2016-10-10,33387.228599,16656.745646,0,16730.482953,6,111.649826,59.822465,0.205422,13.38,17.266573,5.631125
2016-10-11,32546.287745,15815.804792,0,16730.482953,6,110.057777,49.073589,0.206179,15.36,17.265261,5.629409
2016-10-12,32487.752776,15757.269823,0,16730.482953,6,109.964149,48.521428,0.206017,15.91,17.26433,5.627585
2016-10-13,32274.681402,15544.198449,0,16730.482953,6,109.570793,46.170969,0.20606,16.690001,17.263935,5.625671
2016-10-14,32323.295365,15592.812412,0,16730.482953,6,109.701904,47.090967,0.205175,16.120001,17.26315,5.623819
2016-10-17,32145.295173,15414.812219,0,16730.482953,6,109.402199,45.189672,0.205158,16.209999,17.262428,5.621956
2016-10-18,32654.859986,15924.377033,0,16730.482953,6,110.376183,51.975686,0.205311,15.28,17.261069,5.620267
2016-10-19,32641.653102,15911.170149,0,16730.482953,6,110.366814,51.90911,0.205204,14.41,17.259116,5.618836
2016-10-20,32563.459207,15832.976253,0,16730.482953,6,110.23571,50.926077,0.205063,13.75,17.256715,5.617662
2016-10-21,32755.798073,16025.315119,0,16730.482953,6,110.647797,53.882387,0.203718,13.34,17.254036,5.616673
2016-10-24,33418.154204,16687.671251,0,16730.482953,6,111.977608,61.865973,0.201544,13.02,17.251141,5.615843
2016-10-25,33220.647102,16490.164149,0,16730.482953,6,111.62175,58.926218,0.201586,13.46,17.248552,5.614798
2016-10-26,32809.74717,16079.264217,0,16730.482953,6,110.86319,53.130572,0.201754,14.24,17.246498,5.61343
2016-10-27,32531.20545,15800.722497,0,16730.482953,6,110.357437,49.625998,0.201601,15.36,17.245211,5.61173
2016-10-28,32158.714472,15428.231519,0,16730.482953,6,109.664436,45.22409,0.20174,16.190001,17.244492,5.609884
2016-10-31,32083.226024,15352.743071,0,16730.482953,6,109.561424,44.590924,0.201667,17.059999,17.244366,5.607973
2016-11-01,31638.638612,14908.155659,0,16730.482953,6,108.737305,39.791151,0.201437,18.559999,17.245262,5.606168
2016-11-02,31179.264041,14448.781088,0,16730.482953,6,107.866364,35.448497,0.201632,19.32,17.246673,5.604521
2016-11-03,30629.762619,13899.279666,0,16730.482953,6,106.808113,31.018763,0.201982,22.08,17.249959,5.604031
2016-11-04,30430.578303,13700.09535,0,16730.482953,6,106.433517,29.608329,0.202,22.51,17.253533,5.603804
2016-11-07,31754.207838,15023.724884,0,16730.482953,6,108.962067,47.095337,0.203953,18.709999,17.254521,5.602028
2016-11-08,32118.799242,15388.316289,0,16730.482953,6,109.673813,50.800389,0.203682,18.74,17.255529,5.60026
2016-11-09,32380.921332,15650.438379,0,16730.482953,6,110.179512,53.302714,0.203725,14.38,17.25358,5.598861
2016-11-10,31450.293509,14719.810556,0,16730.482953,6,108.400162,44.689895,0.204676,14.74,17.251877,5.597345
2016-11-11,31462.656559,14732.173606,0,16730.482953,6,108.447014,44.942166,0.204328,14.17,17.24979,5.596023
2016-11-14,30855.506102,14125.023148,0,16730.482953,6,107.351273,40.311385,0.203285,14.48,17.247916,5.594592
2016-11-15,31625.38092,14894.897967,0,16730.482953,6,108.840332,48.132744,0.203235,13.37,17.245294,5.593608
2016-11-16,31961.168112,15230.685159,0,16730.482953,6,109.486496,51.125612,0.20335,13.72,17.242912,5.592468
2016-11-17,32362.068893,15631.58594,0,16730.482953,6,110.282539,54.601118,0.202266,13.35,17.240284,5.591493
2016-11-18,32136.738854,15406.2559,0,16730.482953,6,109.870476,52.519184,0.20232,12.85,17.237321,5.590768
2016-11-21,32730.207817,15999.724864,0,16730.482953,6,111.013,57.372527,0.202535,12.42,17.234073,5.590282
2016-11-22,32904.824936,16174.341983,0,16730.482953,6,111.350143,58.713632,0.20253,12.41,17.230822,5.589799
2016-11-23,32657.452156,15926.969203,0,16730.482953,6,110.900635,56.175978,0.20259,12.43,17.227589,5.589304
2016-11-25,32835.917353,16105.434399,0,16730.482953,6,111.256516,57.733523,0.202621,12.34,17.2243,5.58886
2016-11-28,32680.382528,15949.899575,0,16730.482953,6,111.003647,56.204977,0.202638,13.15,17.22156,5.587979
2016-11-29,32880.594882,16150.111929,0,16730.482953,6,111.387604,58.022336,0.202649,12.9,17.218656,5.587223
2016-11-30,32153.668015,15423.185062,0,16730.482953,6,110.039063,50.150788,0.202851,13.33,17.216044,5.586254
2016-12-01,31156.023237,14425.540284,0,16730.482953,6,108.137955,41.58563,0.203803,14.07,17.213933,5.584972
2016-12-02,31246.819713,14516.33676,0,16730.482953,6,108.353355,42.778093,0.202762,14.12,17.211858,5.583673
2016-12-05,31647.439573,14916.95662,0,16730.482953,6,109.196182,47.310466,0.201079,12.14,17.208458,5.583344
2016-12-06,31779.230578,15048.747624,0,16730.482953,6,109.458435,48.672781,0.201021,11.79,17.204829,5.583234
2016-12-07,32521.49973,15791.016777,0,16730.482953,6,110.84446,55.257124,0.201576,12.22,17.201493,5.582854
2016-12-08,32609.883254,15879.4003,0,16730.482953,6,111.041107,56.117248,0.200722,12.64,17.198441,5.582232
2016-12-09,33076.554533,16346.07158,0,16730.482953,6,111.912056,59.802948,0.200862,11.75,17.194799,5.582142
2016-12-12,32759.024421,16028.541468,0,16730.482953,6,111.406349,56.818874,0.198937,12.64,17.191757,5.581518
2016-12-13,33522.565129,16792.082176,0,16730.482953,6,112.811081,62.427274,0.199288,12.72,17.188772,5.58085
2016-12-14,33386.868466,16656.385513,0,16730.482953,6,112.576973,61.005209,0.199189,13.19,17.186104,5.579942
2016-12-15,33469.257321,16738.774368,0,16730.482953,6,112.754898,61.718941,0.198433,12.79,17.183173,5.579236
2016-12-16,33225.253977,16494.771023,0,16730.482953,6,112.336929,58.987574,0.197675,12.2,17.179853,5.578858
2016-12-19,33443.190368,16712.707415,0,16730.482953,6,112.797195,61.032663,0.1963,11.71,17.176212,5.578785
2016-12-20,33670.848723,16940.36577,0,16730.482953,6,113.22924,62.902673,0.195924,11.45,17.172402,5.578883
2016-12-21,33616.474377,16885.991424,0,16730.482953,6,113.144707,62.27298,0.195787,11.27,17.168477,5.579104
2016-12-22,33432.564782,16702.081828,0,16730.482953,6,112.825356,59.836037,0.195638,11.43,17.164664,5.57921
2016-12-23,33467.683522,16737.200569,0,16730.482953,6,112.90049,60.230359,0.195638,11.44,17.160863,5.579306
2016-12-27,33765.254449,17034.771496,0,16730.482953,6,113.482826,63.242541,0.195722,11.99,17.157432,5.579044
2016-12-28,33264.833866,16534.350913,0,16730.482953,6,112.599915,56.282228,0.195095,12.95,17.154642,5.578245
2016-12-29,33167.277223,16436.79427,0,16730.482953,6,112.440239,55.10113,0.194784,13.37,17.152134,5.577246
2016-12-30,32525.563868,15795.080915,0,16730.482953,6,111.284958,47.357612,0.194593,14.04,17.150073,5.575973
2017-01-03,33030.061204,16299.578251,0,16730.482953,6,112.280579,53.431429,0.193119,12.85,17.147227,5.575224
2017-01-04,33361.815026,16631.332072,0,16730.482953,6,112.89109,56.72839,0.193196,11.85,17.143724,5.575043
2017-01-05,33707.141463,16976.65851,0,16730.482953,6,113.5298,59.924995,0.192914,11.67,17.140106,5.574976
2017-01-06,34222.313833,17491.830879,0,16730.482953,6,114.525436,64.346495,0.189201,11.32,17.136262,5.57514
2017-01-09,34413.342814,17682.859861,0,16730.482953,6,114.901131,65.876418,0.188924,11.56,17.132581,5.57514
2017-01-10,34550.261544,17819.778591,0,16730.482953,6,115.154739,66.908693,0.188911,11.49,17.128859,5.575183
2017-01-11,34715.726069,17985.243116,0,16730.482953,6,115.464706,68.175858,0.188475,11.26,17.12499,5.575381
2017-01-12,34568.453763,17837.97081,0,16730.482953,6,115.286217,66.594465,0.18351,11.54,17.121311,5.575386
2017-01-13,34774.518387,18044.035433,0,16730.482953,6,115.68074,68.342425,0.181904,11.23,17.117433,5.575598
2017-01-17,34523.432145,17792.949192,0,16730.482953,6,115.333214,65.110482,0.177768,11.87,17.11398,5.575388
2017-01-18,34651.9512,14964.271442,0,19687.679758,5,115.568031,66.271135,0.177767,12.48,17.110934,5.57482
2017-01-19,34620.191443,14932.511685,0,19687.679758,5,115.511673,65.706164,0.177712,12.78,17.108088,5.574092
2017-01-20,34736.305904,15048.626147,0,19687.679758,5,115.765289,67.066791,0.177719,11.54,17.104432,5.574087
2017-01-23,34749.183185,15061.503428,0,19687.679758,5,115.859184,67.579641,0.174557,11.77,17.100932,5.573932
2017-01-24,35113.285587,12656.343557,0,22456.942029,4,116.638779,71.542146,0.173677,11.07,17.096977,5.574243
2017-01-25,35563.004093,10229.56328,0,25333.440812,3,117.812889,76.250159,0.173753,10.81,17.092857,5.574739
2017-01-26,35588.807845,10255.367033,0,25333.440812,3,117.934967,76.682113,0.170895,10.63,17.088625,5.575365
2017-01-27,35650.375932,10316.93512,0,25333.440812,3,118.160431,77.496175,0.17017,10.58,17.084365,5.576026
2017-01-30,35371.250086,10037.809274,0,25333.440812,3,117.239914,67.183515,0.168808,11.88,17.080961,5.57579
2017-01-31,35300.428139,9966.987327,0,25333.440812,3,117.005119,64.814311,0.168825,11.99,17.077634,5.575486
2017-02-01,35528.831857,10195.391044,0,25333.440812,3,117.812889,68.880242,0.166767,11.81,17.074193,5.575289
2017-02-02,35495.926074,10162.485262,0,25333.440812,3,117.709564,67.800968,0.166641,11.93,17.070836,5.575017
2017-02-03,35592.437868,10258.997056,0,25333.440812,3,118.047699,69.485992,0.166654,10.97,17.066856,5.575375
2017-02-06,35614.75324,6801.348914,0,28813.404326,2,118.188583,70.18606,0.160836,11.37,17.063142,5.575454
2017-02-07,35695.744234,3263.050689,0,32432.693545,1,118.620667,72.286101,0.159641,11.29,17.059381,5.575584
2017-02-08,35713.810759,3281.117215,0,32432.693545,1,118.817924,73.213727,0.159562,11.45,17.055729,5.575605
2017-02-09,35754.637794,3321.944249,0,32432.693545,1,119.249985,75.173831,0.159557,10.88,17.051711,5.576015
2017-02-10,35791.899712,3359.206167,0,32432.693545,1,119.64447,76.840207,0.159548,10.85,17.047679,5.576443
2017-02-13,35854.088042,3421.394497,0,32432.693545,1,120.320747,79.393736,0.158752,11.07,17.043795,5.576712
2017-02-14,35890.600324,3457.90678,0,32432.693545,1,120.72464,80.758246,0.156711,10.74,17.039701,5.577214
2017-02-15,35957.631143,3524.937599,0,32432.693545,1,121.438469,82.911937,0.154697,11.97,17.036411,5.576899
2017-02-16,35952.58421,3519.890665,0,32432.693545,1,121.400902,82.38929,0.153977,11.76,17.03299,5.576708
2017-02-17,36003.201655,3570.50811,0,32432.693545,1,121.92691,83.917921,0.15401,11.49,17.029397,5.576685
2017-02-21,36058.127661,3625.434116,0,32432.693545,1,122.528,85.470027,0.153007,11.57,17.025861,5.576608
2017-02-22,36060.958119,3628.264574,0,32432.693545,1,122.574997,85.587151,0.151539,11.74,17.02244,5.576424
2017-02-23,36014.871504,3582.177959,0,32432.693545,1,122.114738,78.881065,0.151303,11.71,17.019004,5.576256
2017-02-24,36036.865419,3604.171874,0,32432.693545,1,122.349579,79.752794,0.150934,11.47,17.015417,5.576237
2017-02-27,36049.228443,3616.534898,0,32432.693545,1,122.499863,80.312831,0.150911,12.09,17.012235,5.57584
2017-02-28,36011.307186,3578.613642,0,32432.693545,1,122.124138,74.746312,0.150509,12.92,17.009593,5.575009
2017-03-01,36141.28336,3708.589815,0,32432.693545,1,123.457924,80.036166,0.15,12.54,17.00671,5.574365
2017-03-02,36079.523131,3646.829586,0,32432.693545,1,122.83799,72.440841,0.15,11.81,17.003359,5.574129
2017-03-03,36100.905257,3668.211712,0,32432.693545,1,123.063416,73.428306,0.15,10.96,16.999465,5.574443
2017-03-06,36071.767818,3639.074273,0,32432.693545,1,122.791031,70.157218,0.15,11.24,16.995757,5.574563
2017-03-07,36050.668848,3617.975303,0,32432.693545,1,122.584389,67.693469,0.15,11.45,16.992188,5.574543
2017-03-08,36071.122945,3638.4294,0,32432.693545,1,122.80043,68.922256,0.15,11.86,16.988887,5.574269
2017-03-09,36079.577012,3646.883467,0,32432.693545,1,122.894363,69.466052,0.15,12.3,16.985874,5.573744
2017-03-10,36129.633849,3696.940304,0,32432.693545,1,123.41095,72.333221,0.15,11.66,16.982453,5.573587
2017-03-13,36147.645505,3714.95196,0,32432.693545,1,123.617569,73.408749,0.15,11.35,16.978838,5.573624
2017-03-14,36117.263128,3684.569583,0,32432.693545,1,123.317024,69.195071,0.15,12.3,16.975837,5.573095
2017-03-15,36191.459979,3758.766434,0,32432.693545,1,124.077858,73.363364,0.15,11.63,16.97241,5.572951
2017-03-16,36182.342917,3749.649372,0,32432.693545,1,123.993271,72.193766,0.15,11.21,16.968719,5.573073
2017-03-17,36177.30033,3744.606785,0,32432.693545,1,123.950005,71.565287,0.15,11.28,16.965077,5.573147
2017-03-20,36186.112619,3753.419074,0,32432.693545,1,124.062965,72.244648,0.15,11.34,16.961478,5.573179
2017-03-21,35999.956894,3567.263349,0,32432.693545,1,122.180511,50.563945,0.15,12.47,16.958606,5.572553
2017-03-22,36080.658256,3647.964711,0,32432.693545,1,123.008759,56.71842,0.15,12.81,16.955955,5.571758
2017-03-23,36049.301977,3616.608432,0,32432.693545,1,122.698181,54.00346,0.15,13.12,16.953506,5.570821
2017-03-24,36073.533531,3640.839986,0,32432.693545,1,122.952286,55.864907,0.15,12.96,16.950957,5.569956
2017-03-27,36090.660224,3657.966679,0,32432.693545,1,123.149963,57.312208,0.15,12.5,16.948119,5.569313
2017-03-28,36164.120709,3731.427164,0,32432.693545,1,123.902939,62.373657,0.15,11.53,16.944665,5.569217
2017-03-29,36220.024209,3787.330664,0,32432.693545,1,124.477119,65.712244,0.15,11.42,16.941146,5.569187
2017-03-30,36239.707052,3807.013507,0,32432.693545,1,124.684196,66.854499,0.15,11.54,16.937708,5.569081
2017-03-31,36230.561198,3797.867653,0,32432.693545,1,124.599426,65.886848,0.15,12.37,16.934803,5.5685
2017-04-03,36220.811304,3788.11776,0,32432.693545,1,124.524162,64.987461,0.15,12.38,16.931907,5.567913
2017-04-04,36239.572554,3806.879009,0,32432.693545,1,124.721832,66.289001,0.15,11.79,16.92864,5.567652
2017-04-05,36188.585071,3755.891526,0,32432.693545,1,124.213547,60.102072,0.15,12.89,16.926076,5.566813
2017-04-06,36194.321877,3761.628332,0,32432.693545,1,124.279457,60.615395,0.15,12.39,16.923198,5.566218
2017-04-07,36187.038938,3754.345393,0,32432.693545,1,124.213547,59.787011,0.15,12.87,16.920628,5.565388
2017-04-10,36189.370918,3756.677373,0,32432.693545,1,124.26062,60.205304,0.15,14.05,16.918809,5.564093
2017-04-11,36135.611439,3702.917894,0,32432.693545,1,123.724091,53.388721,0.15,15.07,16.917638,5.562524
2017-04-12,36085.608239,3652.914694,0,32432.693545,1,123.225235,47.952365,0.15,15.77,16.916911,5.560837
2017-04-13,36036.567138,3603.873593,0,32432.693545,1,122.735771,43.294165,0.15,15.96,16.916306,5.559129
2017-04-17,36133.750327,3701.056782,0,32432.693545,1,123.752342,53.41576,0.15,14.66,16.91488,5.55766
2017-04-18,36114.388768,3681.695223,0,32432.693545,1,123.564117,51.579957,0.15,14.42,16.913304,5.556257
2017-04-19,36133.132535,3700.43899,0,32432.693545,1,123.761772,53.391453,0.15,14.93,16.912052,5.554726
2017-04-20,36234.704507,3802.010962,0,32432.693545,1,124.797089,61.513585,0.15,14.15,16.910309,5.553405
2017-04-21,36231.147243,3798.453698,0,32432.693545,1,124.768898,61.200849,0.15,14.63,16.908871,5.551948
2017-04-24,36378.003551,3945.310007,0,32432.693545,1,126.274879,69.981016,0.15,10.84,16.905047,5.552288
2017-04-25,36467.7991,4035.105555,0,32432.693545,1,127.187813,73.845032,0.15,10.76,16.901178,5.55268
2017-04-26,36449.298233,4016.604689,0,32432.693545,1,127.008995,71.893005,0.15,10.85,16.897369,5.553007
2017-04-27,36524.223362,0,0,36524.223362,0,127.771385,74.935156,0.15,10.36,16.893258,5.55368
2017-04-28,36524.223362,0,0,36524.223362,0,127.997253,75.771818,0.15,10.82,16.889441,5.554021
2017-05-01,36524.223362,0,0,36524.223362,0,129.136108,79.489404,0.15,10.11,16.885182,5.554874
2017-05-02,36524.223362,0,0,36524.223362,0,129.352631,80.114149,0.15,10.59,16.88123,5.555369
2017-05-03,36524.223362,0,0,36524.223362,0,128.938492,75.384438,0.15,10.68,16.87734,5.555796
2017-05-04,36524.223362,0,0,36524.223362,0,128.98558,75.561107,0.15,10.46,16.873317,5.556377
2017-05-05,36524.223362,0,0,36524.223362,0,129.456207,77.313625,0.15,10.57,16.869367,5.556876
2017-05-08,36524.223362,0,0,36524.223362,0,129.738541,78.318121,0.15,9.77,16.864922,5.557974
2017-05-09,36524.223362,0,0,36524.223362,0,130.190338,79.855252,0.15,9.96,16.860601,5.558918
2017-05-10,36524.223362,0,0,36524.223362,0,130.265625,80.108325,0.15,10.21,16.856442,5.559667
2017-05-11,36524.223362,0,0,36524.223362,0,130.162094,78.645167,0.15,10.6,16.852531,5.560128
2017-05-12,36524.223362,0,0,36524.223362,0,130.453857,79.766734,0.15,10.4,16.848501,5.560729
2017-05-15,36524.223362,0,0,36524.223362,0,130.868027,81.270521,0.15,10.42,16.844488,5.561312
2017-05-16,36524.223362,0,0,36524.223362,0,131.413986,83.058042,0.15,10.65,16.840624,5.561729
2017-05-17,36524.223362,0,0,36524.223362,0,128.072556,50.985704,0.15,15.59,16.839844,5.560081
2017-05-18,36524.223362,0,0,36524.223362,0,129.192688,56.982457,0.15,14.66,16.838486,5.558614
2017-05-19,36524.223362,0,0,36524.223362,0,129.738541,59.577852,0.15,12.04,16.835498,5.558172
2017-05-22,36524.223362,0,0,36524.223362,0,130.830353,64.226972,0.15,10.93,16.831823,5.558394
2017-05-23,36524.223362,0,0,36524.223362,0,130.962112,64.753817,0.15,10.72,16.828022,5.558754
2017-05-24,36524.223362,0,0,36524.223362,0,131.564529,67.136878,0.15,10.02,16.823791,5.559617
2017-05-25,36524.223362,0,0,36524.223362,0,132.684616,71.05546,0.15,9.99,16.819547,5.560498
2017-05-26,36524.223362,0,0,36524.223362,0,132.919769,71.815292,0.15,9.81,16.815196,5.561513
2017-05-30,36524.223362,0,0,36524.223362,0,133.032867,72.193376,0.15,10.38,16.811203,5.562097
2017-05-31,36524.223362,0,0,36524.223362,0,132.985779,71.761745,0.15,10.41,16.807235,5.562655
2017-06-01,36524.223362,0,0,36524.223362,0,133.503464,73.62849,0.15,9.89,16.802949,5.563595
2017-06-02,36524.223362,0,0,36524.223362,0,135.028244,78.199742,0.15,9.75,16.798582,5.56464
2017-06-05,36524.223362,0,0,36524.223362,0,134.999985,77.930127,0.15,10.07,16.794418,5.565434
2017-06-06,36524.223362,0,0,36524.223362,0,134.463516,72.798788,0.15,10.45,16.790495,5.565949
2017-06-07,36524.223362,0,0,36524.223362,0,134.990616,74.570512,0.15,10.39,16.786539,5.566502
2017-06-08,36524.223362,0,0,36524.223362,0,135.13179,75.039444,0.15,10.16,16.782446,5.567218
2017-06-09,36524.223362,0,0,36524.223362,0,131.752777,50.862978,0.15,10.7,16.778691,5.56755
2017-06-12,36524.223362,0,0,36524.223362,0,131.046844,47.425255,0.15,11.46,16.77541,5.567398
2017-06-13,36524.223362,0,0,36524.223362,0,132.110428,52.621002,0.15,10.42,16.771492,5.567918
2017-06-14,36524.223362,0,0,36524.223362,0,131.536255,49.761937,0.15,10.64,16.767714,5.568281
2017-06-15,36524.223362,0,0,36524.223362,0,130.952774,46.9691,0.15,10.9,16.764101,5.56847
2017-06-16,36524.223362,0,0,36524.223362,0,130.384567,44.358219,0.15,10.38,16.760172,5.569007
2017-06-19,36524.223362,0,0,36524.223362,0,132.564758,54.751482,0.15,10.37,16.756242,5.569548
2017-06-20,36524.223362,0,0,36524.223362,0,131.52655,49.965253,0.15,10.86,16.752618,5.569754
2017-06-21,36524.223362,0,0,36524.223362,0,132.828995,55.250283,0.15,10.75,16.748931,5.570029
2017-06-22,36524.223362,0,0,36524.223362,0,132.791214,55.068574,0.15,10.48,16.745083,5.570484
2017-06-23,36524.223362,0,0,36524.223362,0,133.300934,57.117683,0.15,10.02,16.740957,5.571265
2017-06-26,36524.223362,0,0,36524.223362,0,132.677963,53.883312,0.15,9.9,16.736763,5.572131
2017-06-27,36524.223362,0,0,36524.223362,0,130.271271,43.609377,0.15,11.06,16.733284,5.572194
2017-06-28,36524.223362,0,0,36524.223362,0,132.14949,51.397791,0.15,10.03,16.729179,5.572956
2017-06-29,36524.223362,0,0,36524.223362,0,129.856064,43.497708,0.15,11.44,16.725942,5.572786
2017-06-30,36524.223362,0,0,36524.223362,0,129.903229,43.689397,0.15,11.18,16.72255,5.572769
2017-07-03,36524.223362,0,0,36524.223362,0,128.534744,39.501907,0.15,11.22,16.719187,5.572725
2017-07-05,36524.223362,0,0,36524.223362,0,129.799438,44.770329,0.15,11.07,16.715736,5.572771
2017-07-06,36524.223362,0,0,36524.223362,0,128.629059,41.195051,0.15,12.54,16.713187,5.572024
2017-07-07,36524.223362,0,0,36524.223362,0,130.01651,46.635646,0.15,11.19,16.709817,5.571993
2017-07-10,36524.223362,0,0,36524.223362,0,130.86586,49.703428,0.15,11.11,16.706402,5.572009
2017-07-11,36524.223362,0,0,36524.223362,0,131.233994,51.01779,0.15,10.89,16.702858,5.57216
2017-07-12,36524.223362,0,0,36524.223362,0,132.791214,56.228507,0.15,10.3,16.698959,5.572703
2017-07-13,36524.223362,0,0,36524.223362,0,133.083801,57.150847,0.15,9.9,16.69482,5.57353
2017-07-14,36524.223362,0,0,36524.223362,0,134.131393,60.370712,0.15,9.51,16.69045,5.574651
2017-07-17,36524.223362,0,0,36524.223362,0,134.197479,60.571993,0.15,9.82,16.686274,5.575529
2017-07-18,36524.223362,0,0,36524.223362,0,135.09407,63.295771,0.15,9.89,16.682145,5.576351
2017-07-19,36524.223362,0,0,36524.223362,0,135.886856,65.561251,0.15,9.79,16.67796,5.577243
2017-07-20,36524.223362,0,0,36524.223362,0,136.066193,66.071412,0.15,9.58,16.673653,5.57829
2017-07-21,36524.223362,0,0,36524.223362,0,136.009583,65.740356,0.15,9.36,16.669218,5.579505
2017-07-24,36524.223362,0,0,36524.223362,0,136.632462,67.660427,0.15,9.43,16.66483,5.580659
2017-07-25,36524.223362,0,0,36524.223362,0,136.283264,65.44596,0.15,9.43,16.660448,5.581809
2017-07-26,36524.223362,0,0,36524.223362,0,136.726822,66.92669,0.15,9.6,16.656174,5.582821
2017-07-27,36524.223362,0,0,36524.223362,0,135.867996,61.437013,0.15,10.11,16.652214,5.583453
2017-07-28,36524.223362,0,0,36524.223362,0,135.75473,60.729513,0.15,10.29,16.648368,5.583956
2017-07-31,36524.223362,0,0,36524.223362,0,135.179031,57.128461,0.15,10.26,16.644508,5.584476
2017-08-01,36524.223362,0,0,36524.223362,0,135.490509,58.560198,0.15,10.09,16.64055,5.585111
2017-08-02,36524.223362,0,0,36524.223362,0,135.858505,60.249242,0.15,10.28,16.636711,5.585611
2017-08-03,36524.223362,0,0,36524.223362,0,135.330017,56.676491,0.15,10.44,16.632973,5.585999
2017-08-04,36524.223362,0,0,36524.223362,0,135.575378,57.923993,0.15,10.03,16.628993,5.586666
2017-08-07,36524.223362,0,0,36524.223362,0,136.434235,62.043993,0.15,9.93,16.624958,5.587402
2017-08-08,36524.223362,0,0,36524.223362,0,136.198257,60.296994,0.15,10.96,16.621547,5.587448
2017-08-09,36524.223362,0,0,36524.223362,0,136.018967,58.939091,0.15,11.11,16.618231,5.587402
2017-08-10,36524.223362,0,0,36524.223362,0,133.102676,42.265841,0.15,16.040001,16.617883,5.585738
2017-08-11,36524.223362,0,0,36524.223362,0,134.112549,47.775349,0.15,15.51,16.617218,5.584125
2017-08-14,36524.223362,0,0,36524.223362,0,135.839645,55.582137,0.15,12.33,16.614643,5.583435
2017-08-15,36524.223362,0,0,36524.223362,0,135.934052,55.969589,0.15,12.04,16.611897,5.582883
2017-08-16,36524.223362,0,0,36524.223362,0,136.169998,56.979616,0.15,11.74,16.608974,5.582483
2017-08-17,36524.223362,0,0,36524.223362,0,133.385757,44.118505,0.15,15.55,16.608339,5.580869
2017-08-18,36524.223362,0,0,36524.223362,0,133.291428,43.758138,0.15,14.26,16.606932,5.579492
2017-08-21,36524.223362,0,0,36524.223362,0,133.121552,43.07576,0.15,13.19,16.604886,5.578447
2017-08-22,36524.223362,0,0,36524.223362,0,135.15065,52.586669,0.15,11.35,16.601741,5.578258
2017-08-23,36524.223362,0,0,36524.223362,0,134.669373,50.434247,0.15,12.25,16.599139,5.577604
2017-08-24,36524.223362,0,0,36524.223362,0,134.27298,48.667377,0.15,12.23,16.596527,5.576958
2017-08-25,36524.223362,0,0,36524.223362,0,133.989807,47.390124,0.15,11.28,16.593351,5.576806
2017-08-28,36524.223362,0,0,36524.223362,0,134.405106,49.48405,0.15,11.32,16.590203,5.576628
2017-08-29,36524.223362,0,0,36524.223362,0,134.933655,52.097203,0.15,11.7,16.587285,5.576243
2017-08-30,36524.223362,0,0,36524.223362,0,136.519211,58.956255,0.15,11.22,16.584085,5.57612
2017-08-31,36524.223362,0,0,36524.223362,0,137.982071,64.068219,0.15,10.59,16.580513,5.576377
2017-09-01,36524.223362,0,0,36524.223362,0,137.793289,62.978104,0.15,10.13,16.576671,5.576937
2017-09-05,36524.223362,0,0,36524.223362,0,136.556961,56.230355,0.15,12.23,16.574083,5.576285
2017-09-06,36524.223362,0,0,36524.223362,0,136.972198,57.863321,0.15,11.63,16.571142,5.575929
2017-09-07,36524.223362,0,0,36524.223362,0,137.293091,59.132236,0.15,11.55,16.568157,5.575615
2017-09-08,36524.223362,0,0,36524.223362,0,136.104004,52.78843,0.15,12.12,16.565514,5.575012
2017-09-11,36524.223362,0,0,36524.223362,0,137.670609,59.025364,0.15,10.73,16.562049,5.575169
2017-09-12,36524.223362,0,0,36524.223362,0,138.000946,60.218759,0.15,10.58,16.558499,5.575418
2017-09-13,36524.223362,0,0,36524.223362,0,138.189682,60.919109,0.15,10.5,16.554905,5.575716
2017-09-14,36524.223362,0,0,36524.223362,0,137.378052,56.326713,0.15,10.44,16.55128,5.57605
2017-09-15,36524.223362,0,0,36524.223362,0,137.84996,58.295302,0.15,10.17,16.5475,5.576561
2017-09-18,36524.223362,0,0,36524.223362,0,137.669235,57.231359,0.15,10.15,16.543712,5.577081
2017-09-19,36524.223362,0,0,36524.223362,0,137.905731,58.303795,0.15,10.18,16.539947,5.577579
2017-09-20,36524.223362,0,0,36524.223362,0,137.480103,55.60155,0.15,9.78,16.535949,5.578351
2017-09-21,36524.223362,0,0,36524.223362,0,136.638306,50.605919,0.15,9.67,16.531891,5.579199
2017-09-22,36524.223362,0,0,36524.223362,0,136.50589,49.847233,0.15,9.59,16.527791,5.580101
2017-09-25,36524.223362,0,0,36524.223362,0,135.068176,42.412411,0.15,10.21,16.524061,5.580564
2017-09-26,36524.223362,0,0,36524.223362,0,135.418137,44.579281,0.15,10.17,16.520313,5.581051
2017-09-27,36524.223362,0,0,36524.223362,0,136.638306,51.439984,0.15,9.87,16.516392,5.581741
2017-09-28,36524.223362,0,0,36524.223362,0,136.591019,51.175581,0.15,9.55,16.512286,5.582657
2017-09-29,36524.223362,0,0,36524.223362,0,137.574677,56.217048,0.15,9.51,16.508163,5.583598
2017-10-02,36524.223362,0,0,36524.223362,0,137.697678,56.817498,0.15,9.45,16.504008,5.58458
2017-10-03,36524.223362,0,0,36524.223362,0,137.990845,58.285904,0.15,9.51,16.499894,5.585513
2017-10-04,36524.223362,0,0,36524.223362,0,138.123276,58.964724,0.15,9.63,16.495855,5.586353
2017-10-05,36524.223362,0,0,36524.223362,0,139.475876,65.194642,0.15,9.19,16.491563,5.587518
2017-10-06,36524.223362,0,0,36524.223362,0,139.665039,65.972686,0.15,9.65,16.487546,5.588336
2017-10-09,36524.223362,0,0,36524.223362,0,139.504227,64.649589,0.15,10.33,16.483932,5.588686
2017-10-10,36524.223362,0,0,36524.223362,0,139.608292,65.136853,0.15,10.08,16.480176,5.589198
2017-10-11,36524.223362,0,0,36524.223362,0,140.024429,67.090338,0.15,9.85,16.47629,5.589864
2017-10-12,36524.223362,0,0,36524.223362,0,139.769119,64.695197,0.15,9.91,16.472443,5.590485
2017-10-13,36524.223362,0,0,36524.223362,0,140.308258,67.346267,0.15,9.61,16.468425,5.591314
2017-10-16,36524.223362,0,0,36524.223362,0,140.790588,69.549264,0.15,9.91,16.464587,5.591927
2017-10-17,36524.223362,0,0,36524.223362,0,140.970306,70.351884,0.15,10.31,16.460988,5.592272
2017-10-18,36524.223362,0,0,36524.223362,0,140.800095,68.510056,0.15,10.07,16.457253,5.592771
2017-10-19,36524.223362,0,0,36524.223362,0,140.279846,63.074626,0.15,10.05,16.453511,5.593281
2017-10-20,36524.223362,0,0,36524.223362,0,140.658188,65.23477,0.15,9.97,16.449726,5.593841
2017-10-23,36524.223362,0,0,36524.223362,0,139.740677,56.589035,0.15,11.07,16.446587,5.593717
2017-10-24,36524.223362,0,0,36524.223362,0,139.977127,58.129131,0.15,11.16,16.443504,5.593542
2017-10-25,36524.223362,0,0,36524.223362,0,139.447495,53.546652,0.15,11.23,16.440466,5.593327
2017-10-26,36524.223362,0,0,36524.223362,0,139.002991,49.985151,0.15,11.3,16.437472,5.593073
2017-10-27,36524.223362,0,0,36524.223362,0,143.051208,69.730893,0.15,9.8,16.433609,5.593737
2017-10-30,36524.223362,0,0,36524.223362,0,143.372772,70.719758,0.15,10.5,16.430157,5.59394
2017-10-31,36524.223362,0,0,36524.223362,0,143.911911,72.350705,0.15,10.18,16.426523,5.594343
2017-11-01,36524.223362,0,0,36524.223362,0,143.864685,71.972526,0.15,10.2,16.422905,5.59473
2017-11-02,36524.223362,0,0,36524.223362,0,143.590363,69.693692,0.15,9.93,16.419135,5.595292
2017-11-03,36524.223362,0,0,36524.223362,0,144.971283,74.133599,0.15,9.14,16.41491,5.596415
2017-11-06,36524.223362,0,0,36524.223362,0,145.463104,75.509724,0.15,9.4,16.410841,5.597342
2017-11-07,36524.223362,0,0,36524.223362,0,145.548264,75.750292,0.15,9.89,16.407061,5.59792
2017-11-08,36524.223362,0,0,36524.223362,0,146.134674,77.396816,0.15,9.78,16.403221,5.59857
2017-11-09,36524.223362,0,0,36524.223362,0,145.3685,70.64737,0.15,10.5,16.399803,5.59875
2017-11-10,36524.223362,0,0,36524.223362,0,145.359085,70.565937,0.15,11.29,16.396846,5.598479
2017-11-13,36524.223362,0,0,36524.223362,0,145.538803,71.247266,0.15,11.5,16.394014,5.598098
2017-11-14,36524.223362,0,0,36524.223362,0,145.009109,66.37084,0.15,11.59,16.391237,5.59767
2017-11-15,36524.223362,0,0,36524.223362,0,144.328079,60.625508,0.15,13.13,16.389353,5.596601
2017-11-16,36524.223362,0,0,36524.223362,0,146.172562,68.562831,0.15,11.76,16.38668,5.59609
2017-11-17,36524.223362,0,0,36524.223362,0,145.614487,64.336904,0.15,11.43,16.38382,5.595741
2017-11-20,36524.223362,0,0,36524.223362,0,145.500992,63.479988,0.15,10.65,16.380513,5.595821
2017-11-21,36524.223362,0,0,36524.223362,0,147.080536,69.557184,0.15,9.73,16.37668,5.596485
2017-11-22,36524.223362,0,0,36524.223362,0,147.260269,70.16556,0.15,9.88,16.372938,5.597044
2017-11-24,36524.223362,0,0,36524.223362,0,147.799377,71.974689,0.15,9.67,16.369079,5.597743
2017-11-27,36524.223362,0,0,36524.223362,0,147.733215,71.402443,0.15,9.87,16.365339,5.598302
2017-11-28,36524.223362,0,0,36524.223362,0,148.111572,72.737341,0.15,10.03,16.361696,5.598753
2017-11-29,36524.223362,0,0,36524.223362,0,145.529327,54.156983,0.15,10.7,16.358443,5.598789
2017-11-30,36524.223362,0,0,36524.223362,0,146.749512,59.430593,0.15,11.28,16.355526,5.598503
2017-12-01,36524.223362,0,0,36524.223362,0,146.125259,55.888371,0.15,11.43,16.352698,5.598139
2017-12-04,36524.223362,0,0,36524.223362,0,144.441574,47.640735,0.15,11.68,16.350017,5.597651
2017-12-05,36524.223362,0,0,36524.223362,0,144.536209,48.104304,0.15,11.33,16.347139,5.597335
2017-12-06,36524.223362,0,0,36524.223362,0,145.188812,51.305992,0.15,11.02,16.344086,5.597183
2017-12-07,36524.223362,0,0,36524.223362,0,145.680679,53.628118,0.15,10.16,16.340544,5.597536
2017-12-08,36524.223362,0,0,36524.223362,0,146.323837,56.546168,0.15,9.58,16.336674,5.59827
2017-12-11,36524.223362,0,0,36524.223362,0,147.458893,61.187989,0.15,9.34,16.332672,5.599169
2017-12-12,36524.223362,0,0,36524.223362,0,147.260269,59.980539,0.15,9.92,16.329005,5.599667
2017-12-13,36524.223362,0,0,36524.223362,0,147.544022,61.159715,0.15,10.18,16.325491,5.599995
2017-12-14,36524.223362,0,0,36524.223362,0,147.439957,60.456161,0.15,10.49,16.322159,5.600132
2017-12-15,36524.223362,0,0,36524.223362,0,149.11412,67.027605,0.15,9.42,16.318219,5.60096
2017-12-18,36524.223362,0,0,36524.223362,0,150.364334,70.91471,0.15,9.53,16.314347,5.601709
2017-12-19,36524.223362,0,0,36524.223362,0,149.473389,65.031043,0.15,10.03,16.310764,5.602121
2017-12-20,36524.223362,0,0,36524.223362,0,149.312225,63.996689,0.15,9.72,16.307009,5.602733
2017-12-21,36524.223362,0,0,36524.223362,0,149.331177,64.069062,0.15,9.62,16.3032,5.603409
2017-12-22,36524.223362,0,0,36524.223362,0,149.160614,62.844643,0.15,9.9,16.299556,5.603896
2017-12-26,36524.223362,0,0,36524.223362,0,148.35495,57.276473,0.15,10.25,16.296115,5.604158
2017-12-27,36524.223362,0,0,36524.223362,0,148.373871,57.371997,0.15,10.47,16.292803,5.604286
2017-12-28,36524.223362,0,0,36524.223362,0,148.553925,58.32687,0.15,10.18,16.28933,5.604587
2017-12-29,36524.223362,0,0,36524.223362,0,147.634583,51.930509,0.15,11.04,16.286349,5.604391
2018-01-02,36524.223362,0,0,36524.223362,0,150.222168,63.922743,0.15,9.77,16.28265,5.60495
2018-01-03,36524.223362,0,0,36524.223362,0,151.681793,68.670755,0.15,9.15,16.278605,5.605933
2018-01-04,36524.223362,0,0,36524.223362,0,151.947189,69.45783,0.15,9.22,16.274603,5.606863
2018-01-05,36524.223362,0,0,36524.223362,0,153.473236,73.569592,0.15,9.22,16.270606,5.607788
2018-01-08,36524.223362,0,0,36524.223362,0,154.070343,74.988446,0.15,9.52,16.266784,5.6085
2018-01-09,36524.223362,0,0,36524.223362,0,154.079803,75.011335,0.15,10.08,16.263282,5.608843
2018-01-10,36524.223362,0,0,36524.223362,0,153.719635,72.29871,0.15,9.82,16.259638,5.609349
2018-01-11,36524.223362,0,0,36524.223362,0,154.771713,75.128136,0.15,9.88,16.256032,5.609814
2018-01-12,36524.223362,0,0,36524.223362,0,155.909134,77.77155,0.15,10.16,16.252588,5.610099
2018-01-16,36524.223362,0,0,36524.223362,0,155.463699,74.435118,0.15,11.66,16.249994,5.609576
2018-01-17,36524.223362,0,0,36524.223362,0,157.141327,78.224184,0.15,11.91,16.247545,5.60894
2018-01-18,36524.223362,0,0,36524.223362,0,157.1698,78.283016,0.15,12.22,16.245274,5.608173
2018-01-19,36524.223362,0,0,36524.223362,0,157.662628,79.32424,0.15,11.27,16.242469,5.607835
2018-01-22,36524.223362,0,0,36524.223362,0,159.349777,82.429947,0.15,11.03,16.239532,5.607619
2018-01-23,36524.223362,0,0,36524.223362,0,160.667236,84.40046,0.15,11.1,16.236639,5.607366
2018-01-24,36524.223362,0,0,36524.223362,0,159.624664,77.037354,0.15,11.47,16.233956,5.606927
2018-01-25,36524.223362,0,0,36524.223362,0,159.56781,76.644673,0.15,11.58,16.231339,5.606436
2018-01-26,36524.223362,0,0,36524.223362,0,162.013184,81.105711,0.15,11.08,16.228443,5.60619
2018-01-29,36524.223362,0,0,36524.223362,0,161.226471,76.071542,0.15,13.84,16.227101,5.6049
2018-01-30,36524.223362,0,0,36524.223362,0,159.899536,68.363903,0.15,14.79,16.226294,5.603428
2018-01-31,36524.223362,0,0,36524.223362,0,160.563019,70.000629,0.15,13.54,16.224787,5.602217
2018-02-01,36524.223362,0,0,36524.223362,0,159.19812,62.802412,0.15,13.47,16.223242,5.601024
2018-02-02,36524.223362,0,0,36524.223362,0,156.022888,49.937437,0.15,17.309999,16.223851,5.599513
2018-02-05,36524.223362,1930.002841,0,34594.220521,1,149.871445,34.985271,0.15,37.32,16.235669,5.620168
2018-02-06,36807.47029,2213.249769,0,34594.220521,1,153.842865,46.187715,0.15,29.98,16.243365,5.627999
2018-02-07,36661.231071,2067.01055,0,34594.220521,1,151.852386,42.257626,0.15,27.73,16.249793,5.63298
2018-02-08,36249.915034,5532.21929,0,30717.695744,3,145.445038,32.632064,0.153502,33.459999,16.259418,5.646093
2018-02-09,36795.686496,6077.990751,0,30717.695744,3,147.956802,38.542023,0.15471,29.059999,16.266574,5.652621
2018-02-12,37377.62566,6659.929916,0,30717.695744,3,150.582321,44.065724,0.155981,25.610001,16.271793,5.655355
2018-02-13,37544.857251,6827.161506,0,30717.695744,3,151.359573,45.623813,0.155961,24.969999,16.27665,5.65751
2018-02-14,38210.278536,7492.582791,0,30717.695744,3,154.193588,50.985078,0.157365,19.26,16.278315,5.656369
2018-02-15,38899.22752,8181.531776,0,30717.695744,3,157.05603,55.732549,0.15864,19.129999,16.279905,5.655192
2018-02-16,38731.599705,8013.903961,0,30717.695744,3,156.354614,54.343539,0.158769,19.459999,16.281678,5.654113
2018-02-20,38786.492902,8068.797158,0,30717.695744,3,156.667435,54.88359,0.158724,20.6,16.284084,5.653456
2018-02-21,38677.02236,7959.326616,0,30717.695744,3,156.221939,53.905677,0.15872,20.02,16.286164,5.652568
2018-02-22,38668.141679,7950.445935,0,30717.695744,3,156.202942,53.861604,0.158724,18.719999,16.287518,5.651286
2018-02-23,39455.096913,8737.401169,0,30717.695744,3,159.397171,59.811348,0.160297,16.49,16.287631,5.649715
2018-02-26,39969.831994,9252.136249,0,30717.695744,3,161.510849,63.193676,0.160952,15.8,16.28736,5.648156
2018-02-27,39491.50881,8773.813065,0,30717.695744,3,159.510895,58.202321,0.161772,18.59,16.288639,5.646846
2018-02-28,39243.816586,8526.120842,0,30717.695744,3,158.487289,55.774173,0.161947,19.85,16.290616,5.645901
2018-03-01,38645.527212,7927.831468,0,30717.695744,3,155.899673,50.085643,0.162866,22.469999,16.294046,5.646211
2018-03-02,38979.42988,8261.734136,0,30717.695744,3,157.330872,52.94431,0.163004,19.59,16.295874,5.645177
2018-03-05,39389.778175,8672.082431,0,30717.695744,3,159.074875,56.233664,0.163446,18.73,16.297223,5.643903
2018-03-06,39547.496391,8829.800647,0,30717.695744,3,159.747894,57.469233,0.163444,18.360001,16.298366,5.642547
2018-03-07,39632.038486,8914.342742,0,30717.695744,3,160.117493,58.167667,0.163418,17.76,16.299175,5.641089
2018-03-08,39843.863673,9126.167929,0,30717.695744,3,160.998978,59.860687,0.163503,16.540001,16.299308,5.639529
2018-03-09,40639.41075,9921.715006,0,30717.695744,3,164.126877,65.237054,0.164949,14.64,16.29839,5.638104
2018-03-12,40845.768166,10128.072422,0,30717.695744,3,164.99884,66.580884,0.164984,15.78,16.298104,5.636558
2018-03-13,40295.554262,9577.858517,0,30717.695744,3,162.752533,60.131942,0.165943,16.35,16.298133,5.635
2018-03-14,40283.099274,9565.40353,0,30717.695744,3,162.72406,60.052543,0.165896,17.23,16.298647,5.633485
2018-03-15,40241.679723,9523.983979,0,30717.695744,3,162.581909,59.629218,0.165801,16.59,16.298808,5.631934
2018-03-16,40118.738239,9401.042495,0,30717.695744,3,162.098511,58.128591,0.165859,15.8,16.298533,5.630392
2018-03-19,39306.59086,8588.895116,0,30717.695744,3,158.639999,48.68791,0.16806,19.02,16.300033,5.629201
2018-03-20,39426.958745,8709.263,0,30717.695744,3,159.162109,50.007905,0.168083,18.200001,16.30108,5.627826
2018-03-21,39238.009726,8520.313981,0,30717.695744,3,158.469055,48.234136,0.167061,17.860001,16.301938,5.626395
2018-03-22,38375.464584,7657.76884,0,30717.695744,3,154.557663,39.679955,0.16981,23.34,16.305812,5.627268
2018-03-23,37531.888134,9014.991842,0,28516.896292,4,150.484818,33.097722,0.172966,24.870001,16.310523,5.629304
2018-03-26,39305.157736,10788.261444,0,28516.896292,4,156.07666,46.274866,0.17818,21.030001,16.313117,5.628843
2018-03-27,37937.160608,9420.264316,0,28516.896292,4,151.025986,38.834746,0.182747,22.5,16.316516,5.629164
2018-03-28,37454.813214,8937.916922,0,28516.896292,4,149.28862,36.651735,0.183237,22.870001,16.320115,5.629713
2018-03-29,38255.588353,9738.692061,0,28516.896292,4,152.022842,42.16204,0.184367,19.969999,16.322119,5.628816
2018-04-02,37100.983021,8584.086729,0,28516.896292,4,147.636703,36.654017,0.187861,23.620001,16.326122,5.629867
2018-04-03,37562.6918,9045.795508,0,28516.896292,4,149.298126,39.859011,0.188277,21.1,16.328739,5.629432
2018-04-04,38243.430751,9726.534459,0,28516.896292,4,151.652588,44.169953,0.18912,20.059999,16.330784,5.628566
2018-04-05,38487.445858,9970.549566,0,28516.896292,4,152.516495,45.707752,0.189209,18.940001,16.332212,5.627355
2018-04-06,37476.038204,8959.141912,0,28516.896292,4,148.700058,40.412107,0.191705,21.49,16.335036,5.627108
2018-04-09,37749.160075,9232.263783,0,28516.896292,4,149.744339,42.37932,0.191854,21.77,16.338009,5.627004
2018-04-10,38727.549716,10210.653424,0,28516.896292,4,153.048141,48.205191,0.193508,20.469999,16.340268,5.626294
2018-04-11,38471.03901,9954.142718,0,28516.896292,4,152.165207,46.842121,0.19367,20.24,16.342399,5.625495
2018-04-12,39004.797671,10487.901379,0,28516.896292,4,153.997574,50.00183,0.194033,18.49,16.343572,5.624182
2018-04-13,38767.119752,10250.22346,0,28516.896292,4,153.200058,48.646508,0.19408,17.41,16.344154,5.622701
2018-04-16,39089.535452,10572.63916,0,28516.896292,4,154.367798,50.751457,0.194159,16.559999,16.344272,5.621168
2018-04-17,40111.202042,11594.30575,0,28516.896292,4,157.690536,56.247041,0.195499,15.25,16.343675,5.619693
2018-04-18,40202.006993,11685.110701,0,28516.896292,4,158.013397,56.752039,0.19548,15.6,16.34327,5.618187
2018-04-19,39766.276055,11249.379763,0,28516.896292,4,156.560806,53.746349,0.195862,15.96,16.343061,5.616663
2018-04-20,39048.668633,10531.772341,0,28516.896292,4,154.082962,48.980891,0.196702,16.879999,16.343353,5.615147
2018-04-23,38915.6159,10398.719608,0,28516.896292,4,153.69368,48.25697,0.196739,16.34,16.343351,5.613619
2018-04-24,38017.406918,9500.510626,0,28516.896292,4,150.437408,42.586984,0.198078,18.02,16.344263,5.612228
2018-04-25,38056.64115,9539.744858,0,28516.896292,4,150.617737,42.986494,0.197923,17.84,16.345076,5.61081
2018-04-26,38995.228576,10478.332284,0,28516.896292,4,153.788666,49.624586,0.19938,16.24,16.345019,5.609286
2018-04-27,39013.126029,10496.229737,0,28516.896292,4,153.883591,49.812966,0.199281,15.41,16.344511,5.607804
2018-04-30,38682.816223,10165.919931,0,28516.896292,4,152.791809,47.60783,0.1995,15.93,16.344286,5.60629
2018-05-01,39187.054594,10670.158302,0,28516.896292,4,154.538635,51.320908,0.199671,15.49,16.343823,5.604804
2018-05-02,38918.852986,10401.956694,0,28516.896292,4,153.627243,49.35554,0.199825,15.97,16.343621,5.603291
2018-05-03,38904.927453,10388.031161,0,28516.896292,4,153.608261,49.313182,0.199773,15.9,16.34338,5.601782
2018-05-04,39787.351801,11270.455509,0,28516.896292,4,156.522812,55.61224,0.20095,14.77,16.342528,5.600384
2018-05-07,40161.745455,11644.849164,0,28516.896292,4,157.823502,58.113948,0.201122,14.75,16.341667,5.598991
2018-05-08,40106.060339,11589.164047,0,28516.896292,4,157.662125,57.67959,0.201127,14.71,16.340784,5.597604
2018-05-09,40630.966449,12114.070158,0,28516.896292,4,159.380447,61.020409,0.201464,13.42,16.339205,5.596502
2018-05-10,41142.914191,12626.017899,0,28516.896292,4,161.032333,63.965393,0.201786,13.23,16.337526,5.595456
2018-05-11,41088.657499,12571.761207,0,28516.896292,4,160.880478,63.490507,0.201788,12.65,16.335535,5.594601
2018-05-14,41153.111168,12636.214876,0,28516.896292,4,161.155746,64.012076,0.201784,12.93,16.333697,5.59365
2018-05-15,40606.688175,12089.791884,0,28516.896292,4,159.370972,58.205966,0.202275,14.63,16.332778,5.59228
2018-05-16,40926.353808,12409.457516,0,28516.896292,4,160.424698,60.484819,0.202354,13.42,16.331208,5.591181
2018-05-17,40665.584667,12148.688375,0,28516.896292,4,159.807648,58.474138,0.199892,13.43,16.329644,5.590079
2018-05-18,40402.27211,11885.375818,0,28516.896292,4,158.981705,55.800226,0.1998,13.42,16.328078,5.588981
2018-05-21,40656.615127,12139.718835,0,28516.896292,4,159.874069,58.033114,0.199841,13.08,16.326329,5.587984
2018-05-22,40580.249954,12063.353663,0,28516.896292,4,159.665237,57.303543,0.19965,13.22,16.324658,5.586944
2018-05-23,40996.66755,12479.771258,0,28516.896292,4,161.013382,60.735313,0.199859,12.58,16.322645,5.586116
2018-05-24,40973.612319,12456.716027,0,28516.896292,4,160.965881,60.550645,0.199812,12.53,16.320607,5.585306
2018-05-25,41011.602859,12494.706567,0,28516.896292,4,161.127319,60.984831,0.199598,13.22,16.318942,5.584268
2018-05-29,40763.921124,12247.024832,0,28516.896292,4,160.415253,57.954946,0.199692,17.02,16.319318,5.582792
2018-05-30,41119.039868,12602.143576,0,28516.896292,4,161.564026,61.295823,0.199839,14.94,16.318578,5.581385
2018-05-31,41079.296802,12562.40051,0,28516.896292,4,161.459595,60.822681,0.199841,15.43,16.318102,5.579925
2018-06-01,41893.460922,13376.56463,0,28516.896292,4,163.994385,67.400328,0.200596,13.46,16.31657,5.578821
2018-06-04,42345.303022,13828.40673,0,28516.896292,4,165.475433,70.515237,0.200436,12.74,16.314655,5.577941
2018-06-05,42504.970852,13988.07456,0,28516.896292,4,165.988083,71.529304,0.200451,12.4,16.312559,5.577182
2018-06-06,42814.078963,14297.182672,0,28516.896292,4,166.956436,73.390945,0.200457,11.64,16.310059,5.576737
2018-06-07,42370.681442,13853.78515,0,28516.896292,4,165.598846,66.7966,0.200714,12.13,16.307824,5.576082
2018-06-08,42366.746758,13849.850466,0,28516.896292,4,165.608322,66.81901,0.200716,12.18,16.305617,5.575408
2018-06-11,42433.496954,13916.600662,0,28516.896292,4,166.054535,67.917135,0.198244,12.35,16.303504,5.574668
2018-06-12,42710.581761,14193.685469,0,28516.896292,4,166.927948,70.009371,0.198166,12.34,16.301388,5.573931
2018-06-13,42696.367751,14179.471459,0,28516.896292,4,166.918472,69.956069,0.197984,12.94,16.299594,5.572984
2018-06-14,43252.2608,14735.364509,0,28516.896292,4,168.608353,73.78873,0.198184,12.12,16.297365,5.572333
2018-06-15,43049.281885,14532.385593,0,28516.896292,4,168.019714,70.418884,0.19815,11.98,16.295064,5.571738
2018-06-18,42994.155598,14477.259306,0,28516.896292,4,167.922668,69.852495,0.198054,12.31,16.292941,5.571012
2018-06-19,42811.347948,14294.451656,0,28516.896292,4,167.447006,67.007662,0.197215,13.35,16.291374,5.569942
2018-06-20,43195.467526,14678.571234,0,28516.896292,4,168.636246,70.267944,0.197067,12.79,16.28951,5.569045
2018-06-21,42704.286106,14187.389815,0,28516.896292,4,167.171097,62.122943,0.19712,14.64,16.288633,5.567693
2018-06-22,42575.879168,14058.982876,0,28516.896292,4,166.800034,60.219151,0.197151,13.77,16.287294,5.566515
2018-06-25,41385.076293,12868.180001,0,28516.896292,4,163.042007,45.13353,0.199157,17.33,16.287848,5.565087
2018-06-26,41588.876588,13071.980296,0,28516.896292,4,163.707993,47.637001,0.199086,15.92,16.287653,5.563614
2018-06-27,40862.103443,12345.207151,0,28516.896292,4,161.481689,40.916011,0.198521,17.91,16.288514,5.562262
2018-06-28,41283.635551,12766.739259,0,28516.896292,4,162.870743,46.03216,0.198076,16.85,16.288812,5.560801
2018-06-29,41387.378699,12870.482407,0,28516.896292,4,163.308395,47.572538,0.196852,16.09,16.288706,5.559328
2018-07-02,41720.515121,13203.618829,0,28516.896292,4,164.402466,51.313645,0.196972,15.6,16.288341,5.557876
2018-07-03,41106.23648,12589.340188,0,28516.896292,4,162.49968,45.264077,0.197065,16.139999,16.288263,5.556405
2018-07-05,41742.6062,13225.709908,0,28516.896292,4,164.516602,51.756596,0.197254,14.97,16.287565,5.555016
2018-07-06,42579.568456,14062.672164,0,28516.896292,4,167.075974,58.485837,0.197649,13.37,16.286021,5.553951
2018-07-09,43054.131023,14537.234731,0,28516.896292,4,168.579147,61.851467,0.197535,12.69,16.28412,5.553097
2018-07-10,43086.022739,14569.126447,0,28516.896292,4,168.70285,62.123609,0.197425,12.64,16.282193,5.55226
2018-07-11,42796.88719,14279.990898,0,28516.896292,4,167.846573,58.986784,0.197548,13.63,16.280792,5.551128
2018-07-12,43769.303635,15252.407343,0,28516.896292,4,170.738831,65.350833,0.198068,12.58,16.278838,5.550313
2018-07-13,43810.502625,15293.606333,0,28516.896292,4,170.881531,65.634174,0.198063,12.18,16.276675,5.549646
2018-07-16,43648.622964,15131.726672,0,28516.896292,4,170.472427,64.017916,0.197932,12.83,16.274858,5.548746
2018-07-17,43994.91601,15478.019718,0,28516.896292,4,171.50946,66.284415,0.198026,12.06,16.272636,5.548127
2018-07-18,43876.300294,15359.404002,0,28516.896292,4,171.185974,64.910896,0.197937,12.1,16.270437,5.547491
2018-07-19,43580.443023,15063.546731,0,28516.896292,4,170.329788,61.290835,0.197977,12.87,16.268647,5.546578
2018-07-20,43560.669673,15043.773381,0,28516.896292,4,170.291672,61.127393,0.197981,12.86,16.266853,5.545669
2018-07-23,43723.258799,15206.362507,0,28516.896292,4,170.834,62.653388,0.197993,12.62,16.264934,5.544841
2018-07-24,43955.024174,15438.127883,0,28516.896292,4,171.53801,64.596327,0.197982,12.41,16.262907,5.544087
2018-07-25,44780.799353,16263.903061,0,28516.896292,4,173.935577,70.269072,0.198548,12.29,16.26082,5.543377
2018-07-26,43890.311281,15373.414989,0,28516.896292,4,171.300186,59.065908,0.199482,12.14,16.258655,5.542725
2018-07-27,43116.893587,14599.997295,0,28516.896292,4,168.98822,51.333753,0.200053,13.03,16.256961,5.541763
2018-07-30,42322.703271,13805.806979,0,28516.896292,4,166.600266,44.809077,0.200862,14.26,16.255913,5.540497
2018-07-31,42737.002879,14220.106587,0,28516.896292,4,167.875122,48.567563,0.200934,12.83,16.254116,5.539599
2018-08-01,42941.790267,14424.893975,0,28516.896292,4,168.512558,50.386854,0.200958,13.15,16.25249,5.538602
2018-08-02,43714.597407,15197.701115,0,28516.896292,4,170.80542,56.365719,0.201519,12.19,16.250361,5.537931
2018-08-03,43883.133606,15366.237315,0,28516.896292,4,171.328674,57.620863,0.201452,11.64,16.247948,5.537486
2018-08-06,44206.454616,15689.558324,0,28516.896292,4,172.337204,60.008634,0.201536,11.27,16.245343,5.537207
2018-08-07,44412.511288,15895.614996,0,28516.896292,4,172.965118,61.464425,0.201458,10.93,16.242563,5.537092
2018-08-08,44476.724344,15959.828052,0,28516.896292,4,173.174454,61.961568,0.201433,10.85,16.239744,5.537017
2018-08-09,44433.591754,15916.695462,0,28516.896292,4,173.069748,61.533958,0.201423,11.27,16.237147,5.536735
2018-08-10,43943.938291,15427.041999,0,28516.896292,4,171.747314,56.253598,0.199843,13.16,16.23554,5.535735
2018-08-13,43855.239001,15338.342709,0,28516.896292,4,171.557053,55.515481,0.199704,14.78,16.234781,5.534389
2018-08-14,44207.564964,15690.668672,0,28516.896292,4,172.632126,58.804707,0.199297,13.31,16.233255,5.533348
2018-08-15,43493.822487,14976.926195,0,28516.896292,4,170.519974,50.849629,0.199932,14.64,16.232424,5.532024
2018-08-16,43677.181231,15160.284939,0,28516.896292,4,171.081345,52.681816,0.19995,13.45,16.230974,5.530947
2018-08-17,43649.799793,15132.903501,0,28516.896292,4,171.119385,52.810188,0.198257,12.64,16.229104,5.530113
2018-08-20,43576.904311,15060.008019,0,28516.896292,4,170.967133,52.199787,0.198259,12.49,16.227158,5.529331
2018-08-21,43783.824958,15266.928666,0,28516.896292,4,171.595123,54.534091,0.198266,12.86,16.225406,5.528425
2018-08-22,43991.254101,15474.357809,0,28516.896292,4,172.261063,56.935746,0.197566,12.25,16.223339,5.52773
2018-08-23,43898.436437,15381.540145,0,28516.896292,4,172.013718,55.757646,0.197512,12.41,16.221357,5.526976
2018-08-24,44445.19535,15928.299058,0,28516.896292,4,173.612076,61.326507,0.197704,11.99,16.219158,5.526381
2018-08-27,45044.436006,16527.539714,0,28516.896292,4,175.381699,66.373181,0.197971,12.16,16.217051,5.52572
2018-08-28,45127.104532,16610.20824,0,28516.896292,4,175.63855,67.045373,0.197956,12.5,16.215122,5.524934
2018-08-29,45839.582928,17322.686636,0,28516.896292,4,177.665024,71.829915,0.198321,12.25,16.213065,5.524238
2018-08-30,45715.351316,17198.455024,0,28516.896292,4,177.351105,70.131291,0.197939,13.53,16.211674,5.523143
2018-08-31,45783.577291,17266.680999,0,28516.896292,4,177.579422,70.674471,0.197599,12.86,16.209938,5.522239
2018-09-04,45488.690883,16971.794591,0,28516.896292,4,176.818283,66.343033,0.197681,13.16,16.208358,5.521244
2018-09-05,44687.700792,16170.8045,0,28516.896292,4,174.534958,55.378309,0.19803,13.91,16.207169,5.520062
2018-09-06,44146.277717,15629.381426,0,28516.896292,4,172.974609,49.373061,0.198374,14.65,16.206363,5.518747
2018-09-07,43911.469556,15394.573264,0,28516.896292,4,172.30867,47.029072,0.19845,14.88,16.205677,5.517402
2018-09-10,44084.181289,15567.284997,0,28516.896292,4,172.889038,49.288634,0.198134,14.16,16.20462,5.516171
2018-09-11,44534.194088,16017.297796,0,28516.896292,4,174.220978,54.125094,0.197896,13.22,16.203079,5.515163
2018-09-12,44349.605566,15832.709274,0,28516.896292,4,173.707199,52.062455,0.197943,13.14,16.201497,5.514177
2018-09-13,44995.331737,16478.435445,0,28516.896292,4,175.562408,58.249554,0.198285,12.37,16.19952,5.513441
2018-09-14,44806.593481,16289.69719,0,28516.896292,4,175.048676,56.090662,0.19817,12.07,16.19739,5.512816
2018-09-17,43926.154715,15409.258423,0,28516.896292,4,172.527512,46.903311,0.199014,13.68,16.196093,5.51169
2018-09-18,44415.396938,15898.500646,0,28516.896292,4,173.954605,51.723576,0.199191,12.79,16.194338,5.510812
2018-09-19,44362.265715,15845.369423,0,28516.896292,4,173.821396,51.255826,0.199199,11.75,16.192049,5.510315
2018-09-20,45030.783165,16513.886873,0,28516.896292,4,175.743256,57.260946,0.199506,11.8,16.189789,5.509797
2018-09-21,44687.186364,16170.290072,0,28516.896292,4,174.782333,53.698776,0.199474,11.68,16.187469,5.509329
2018-09-24,44835.847781,16318.951489,0,28516.896292,4,175.268387,55.216371,0.199471,12.2,16.185419,5.508654
2018-09-25,44903.992549,16387.096257,0,28516.896292,4,175.506683,55.978186,0.198983,12.42,16.183484,5.507899
2018-09-26,44940.296367,16423.400075,0,28516.896292,4,175.630554,56.393444,0.198975,12.89,16.181793,5.506989
2018-09-27,45456.712978,16939.816687,0,28516.896292,4,177.117477,61.132978,0.198945,12.41,16.179856,5.506238
2018-09-28,45436.266426,16919.370134,0,28516.896292,4,177.07933,60.949952,0.198944,12.12,16.177773,5.505593
2018-10-01,45541.596115,17024.699823,0,28516.896292,4,177.441498,62.109794,0.19881,12,16.175631,5.504993
2018-10-02,45393.471536,16876.575244,0,28516.896292,4,177.041168,59.988795,0.198848,12.05,16.173516,5.504374
2018-10-03,45453.959401,16937.063109,0,28516.896292,4,177.231796,60.67741,0.198844,11.61,16.171178,5.503932
2018-10-04,44278.558649,15761.662357,0,28516.896292,4,173.829163,45.593586,0.200342,14.22,16.170179,5.5027
2018-10-05,43544.743214,15027.846922,0,28516.896292,4,171.70372,39.061497,0.200683,14.82,16.169488,5.501375
2018-10-08,43168.36765,14651.471359,0,28516.896292,4,170.655289,36.298902,0.200855,15.69,16.169243,5.499978
2018-10-09,43349.558643,14832.662351,0,28516.896292,4,171.208115,38.758408,0.200863,15.95,16.169131,5.498574
2018-10-10,40998.277868,15256.580052,0,25741.697816,5,163.678482,24.744697,0.208243,22.959999,16.172601,5.499311
2018-10-11,40223.195516,14481.497699,0,25741.697816,5,161.648407,22.393778,0.208816,24.98,16.177099,5.501507
2018-10-12,42037.187697,16295.489881,0,25741.697816,5,166.147064,36.737377,0.211271,21.309999,16.179719,5.501325
2018-10-15,41232.658508,15490.960691,0,25741.697816,5,164.136047,33.73567,0.211799,21.299999,16.182332,5.501136
2018-10-16,43194.920287,17453.222471,0,25741.697816,5,168.911087,45.187738,0.214433,17.620001,16.183065,5.499829
2018-10-17,43212.19276,17470.494944,0,25741.697816,5,168.977783,45.329861,0.214433,17.4,16.183685,5.498495
2018-10-18,41698.168824,15956.471008,0,25741.697816,5,165.060532,38.943096,0.216375,20.059999,16.18566,5.49779
2018-10-19,41627.044761,15885.346944,0,25741.697816,5,164.908066,38.71446,0.21632,19.889999,16.187546,5.497025
2018-10-22,41931.718119,16190.020302,0,25741.697816,5,165.756287,40.796937,0.216373,19.639999,16.189303,5.496177
2018-10-23,41678.999206,15937.30139,0,25741.697816,5,165.146271,39.750808,0.216263,20.709999,16.191602,5.495724
2018-10-24,39041.76874,16157.469368,0,22884.299372,6,157.588089,29.617229,0.223647,25.23,16.196197,5.498104
2018-10-25,41584.055321,18699.755949,0,22884.299372,6,163.039948,41.251197,0.227178,24.219999,16.200274,5.499682
2018-10-26,39787.725221,16903.425848,0,22884.299372,6,158.846252,36.282971,0.229379,24.16,16.204317,5.501209
2018-10-29,38305.127271,18282.570425,0,20022.556846,7,155.577026,32.951245,0.228277,24.700001,16.208629,5.503142
2018-10-30,39605.437726,19582.880881,0,20022.556846,7,158.140823,37.776748,0.229073,23.35,16.212253,5.504096
2018-10-31,41575.09349,21552.536645,0,20022.556846,7,161.858078,44.062773,0.230674,21.23,16.214797,5.50386
2018-11-01,42709.686818,22687.129972,0,20022.556846,7,163.992996,47.352393,0.23117,19.34,16.216381,5.502914
2018-11-02,41386.620833,21364.063988,0,20022.556846,7,161.438675,44.01702,0.23197,19.51,16.21805,5.502019
2018-11-05,41124.929248,21102.372403,0,20022.556846,7,161.038391,43.499928,0.231737,19.959999,16.219944,5.501269
2018-11-06,41752.572819,21730.015974,0,20022.556846,7,162.258362,45.597572,0.231868,19.91,16.221812,5.500503
2018-11-07,44589.604835,24567.04799,0,20022.556846,7,167.348007,53.374824,0.23473,16.360001,16.221882,5.499112
2018-11-08,43999.502765,23976.94592,0,20022.556846,7,166.280457,51.705166,0.23484,16.719999,16.222133,5.497732
2018-11-09,42522.515798,22499.958952,0,20022.556846,7,163.478363,47.504621,0.235678,17.360001,16.222708,5.496402
2018-11-12,40057.952605,20035.395759,0,20022.556846,7,158.531693,41.149151,0.238631,20.450001,16.224843,5.495834
2018-11-13,40110.375908,20087.819063,0,20022.556846,7,158.665085,41.376914,0.23863,20.02,16.226759,5.495108
2018-11-14,39495.204183,19472.647337,0,20022.556846,7,157.454666,39.869072,0.238775,21.25,16.229294,5.494879
2018-11-15,40908.83903,20886.282184,0,20022.556846,7,160.209152,44.798935,0.239568,19.98,16.231185,5.494138
2018-11-16,40587.961266,20565.404421,0,20022.556846,7,159.646851,44.005776,0.239156,18.139999,16.232147,5.49292
2018-11-19,38124.98528,18102.428434,0,20022.556846,7,154.461853,37.425761,0.242435,20.1,16.234096,5.492222
2018-11-20,36846.112121,19745.231841,0,17100.88028,8,151.697815,34.467056,0.243424,22.48,16.237241,5.492626
2018-11-21,37442.355299,20341.475019,0,17100.88028,8,152.851105,36.715127,0.243252,20.799999,16.239537,5.492197
2018-11-23,36820.421259,19719.540979,0,17100.88028,8,151.745483,35.459291,0.24341,21.52,16.242193,5.492092
2018-11-26,38769.344843,21668.464563,0,17100.88028,8,155.252991,42.21234,0.244899,18.9,16.243529,5.491034
2018-11-27,39046.811914,21945.931634,0,17100.88028,8,155.777145,43.169302,0.244927,19.02,16.244925,5.490006
2018-11-28,42062.336556,24961.456276,0,17100.88028,8,160.790573,51.450683,0.247807,18.49,16.246052,5.488857
2018-11-29,41690.329515,24589.449235,0,17100.88028,8,160.266388,50.62011,0.246904,18.790001,16.247329,5.487775
2018-11-30,42354.688209,25253.807929,0,17100.88028,8,161.429184,52.453718,0.246855,18.07,16.248244,5.486549
2018-12-03,44031.551232,26930.670952,0,17100.88028,8,164.250381,56.658777,0.247627,16.440001,16.24834,5.485174
2018-12-04,40519.526231,23418.645951,0,17100.88028,8,157.950287,46.72144,0.251732,20.74,16.250591,5.484721
2018-12-06,41131.495333,24030.615053,0,17100.88028,8,159.065384,48.44499,0.251859,21.190001,16.253066,5.48446
2018-12-07,38334.191339,21233.311059,0,17100.88028,8,153.813736,41.616771,0.255082,23.23,16.25656,5.485309
2018-12-10,39183.376997,22082.496717,0,17100.88028,8,155.42453,44.214015,0.255347,22.639999,16.259755,5.485794
2018-12-11,39451.286736,22350.406456,0,17100.88028,8,155.939178,45.055038,0.255325,21.76,16.262506,5.485801
2018-12-12,40208.368596,23107.488316,0,17100.88028,8,157.311707,47.335365,0.255372,21.459999,16.265105,5.48566
2018-12-13,40217.200154,23116.319874,0,17100.88028,8,157.35936,47.416961,0.255365,20.65,16.267296,5.485164
2018-12-14,38162.856215,21061.975935,0,17100.88028,8,153.527802,41.808041,0.2571,21.629999,16.269975,5.485103
2018-12-17,36333.060844,19232.180564,0,17100.88028,8,150.04895,37.473753,0.258585,24.52,16.274094,5.48683
2018-12-18,36798.061745,19697.181465,0,17100.88028,8,150.992523,39.311512,0.25834,25.58,16.278738,5.489398
2018-12-19,34946.526659,20846.342001,0,14100.184658,9,147.284943,34.963053,0.259867,25.58,16.283377,5.491958
2018-12-20,33746.193851,22606.678274,0,11139.515576,10,145.149918,32.718615,0.260357,28.379999,16.289407,5.497227
2018-12-21,31161.542372,25774.626951,0,5386.915421,12,140.65123,28.558534,0.263062,30.110001,16.296293,5.504508
2018-12-24,28733.732839,26201.514031,0,2532.218807,13,137.163361,25.817696,0.264749,36.07,16.30614,5.5208
2018-12-26,36507.342837,33975.12403,0,2532.218807,13,145.727753,40.833383,0.274649,30.41,16.313161,5.528388
2018-12-27,36959.368308,34427.149501,0,2532.218807,13,146.291687,41.670621,0.274615,29.959999,16.31995,5.535387
2018-12-28,36865.754755,34333.535948,0,2532.218807,13,146.215195,41.584665,0.274615,28.34,16.325927,5.540498
2018-12-31,37862.739362,35330.520555,0,2532.218807,13,147.448212,43.604113,0.274799,25.42,16.330447,5.542829
2019-01-02,38317.965342,35785.746535,0,2532.218807,13,148.040878,44.595576,0.27474,23.219999,16.33387,5.543579
2019-01-03,34351.548883,31819.330076,0,2532.218807,13,143.204285,38.62744,0.276817,25.450001,16.338396,5.545923
2019-01-04,39956.389582,37424.170774,0,2532.218807,13,149.331253,48.102539,0.281144,21.379999,16.340898,5.545683
2019-01-07,41487.074958,38954.856151,0,2532.218807,13,151.109116,50.491067,0.281498,21.4,16.343408,5.545452
2019-01-08,42691.761058,40159.54225,0,2532.218807,13,152.475967,52.308398,0.28145,20.469999,16.345454,5.544838
2019-01-09,43812.718112,41280.499305,0,2532.218807,13,153.718536,53.962808,0.281581,19.98,16.347255,5.544053
2019-01-10,44191.303104,41659.084296,0,2532.218807,13,154.158218,54.563441,0.281602,19.5,16.348816,5.543124
2019-01-11,43643.431894,41111.213087,0,2532.218807,13,153.594284,53.597568,0.281622,18.190001,16.349728,5.541902
2019-01-14,42320.944809,39788.726002,0,2532.218807,13,152.237015,51.246294,0.281702,19.07,16.351074,5.540861
2019-01-15,45100.659519,42568.440712,0,2532.218807,13,155.209671,55.81789,0.282525,18.6,16.352186,5.539715
2019-01-16,45042.749321,42510.530514,0,2532.218807,13,155.18103,55.763636,0.282505,19.040001,16.353515,5.538668
2019-01-17,46149.030186,43616.811379,0,2532.218807,13,156.40448,57.656984,0.282367,18.059999,16.354358,5.537428
2019-01-18,47609.351028,45077.132221,0,2532.218807,13,157.952911,59.990977,0.282616,17.799999,16.355072,5.536154
2019-01-22,44596.350456,42064.131649,0,2532.218807,13,154.789047,53.501706,0.283633,20.799999,16.357266,5.535667
2019-01-23,44728.967608,42196.7488,0,2532.218807,13,154.989822,53.842919,0.283344,19.52,16.358826,5.534747
2019-01-24,45632.009079,43099.790272,0,2532.218807,13,155.993454,55.596999,0.283276,18.889999,16.360074,5.533667
2019-01-25,47387.844088,44855.625281,0,2532.218807,13,157.857346,58.733462,0.283535,17.42,16.360596,5.532352
2019-01-28,45486.822302,42954.603494,0,2532.218807,13,155.90744,54.403978,0.283924,18.870001,16.361833,5.531269
2019-01-29,44052.895895,41520.677088,0,2532.218807,13,154.435379,51.327876,0.283547,19.129999,16.363195,5.530248
2019-01-30,47853.634443,45321.415636,0,2532.218807,13,158.363953,58.131648,0.285111,17.66,16.363834,5.528961
2019-01-31,50144.696504,47612.477697,0,2532.218807,13,160.734482,61.618153,0.2855,16.57,16.363935,5.527602
2019-02-01,49455.324702,46923.105894,0,2532.218807,13,160.055786,60.07568,0.285502,16.139999,16.363825,5.526245
2019-02-04,51323.004498,48790.78569,0,2532.218807,13,162.043961,62.997816,0.2857,15.73,16.363514,5.524904
2019-02-05,52642.439348,50110.220541,0,2532.218807,13,163.477676,64.987913,0.28485,15.57,16.363124,5.523575
2019-02-06,51794.71998,49262.501172,0,2532.218807,13,162.990219,63.732842,0.280687,15.38,16.362641,5.522261
2019-02-07,49508.031829,46975.813021,0,2532.218807,13,160.801315,58.289096,0.279445,16.370001,16.362645,5.520905
2019-02-08,49751.300508,47219.081701,0,2532.218807,13,161.116806,58.834865,0.279,15.72,16.36233,5.519569
2019-02-11,49116.536614,46584.317807,0,2532.218807,13,160.963791,58.435502,0.274074,15.97,16.362137,5.518222
2019-02-12,51429.354141,48897.135333,0,2532.218807,13,163.343903,62.679091,0.273874,15.43,16.361681,5.516908
2019-02-13,51453.108601,48920.889794,0,2532.218807,13,163.458557,62.87572,0.27309,15.65,16.361332,5.515579
2019-02-14,51620.32029,49088.101482,0,2532.218807,13,163.659286,63.240865,0.27303,16.219999,16.361263,5.514229
2019-02-15,52216.978945,49684.760138,0,2532.218807,13,164.347504,64.529052,0.272186,14.91,16.360553,5.512973
2019-02-19,52361.259933,49829.041126,0,2532.218807,13,164.672501,65.15014,0.271315,14.88,16.359829,5.511721
2019-02-20,52298.754868,49766.536061,0,2532.218807,13,164.643845,65.041998,0.271258,14.02,16.358685,5.510616
2019-02-21,51664.566002,49132.347195,0,2532.218807,13,164.041611,62.686994,0.271289,14.46,16.357758,5.509429
2019-02-22,52871.2692,50339.050393,0,2532.218807,13,165.255554,65.406037,0.271401,13.51,16.356367,5.508443
2019-02-25,53399.01534,50866.796532,0,2532.218807,13,165.857773,66.702349,0.271431,14.85,16.355632,5.507198
2019-02-26,53464.325053,50932.106245,0,2532.218807,13,166.0298,67.081816,0.270361,15.17,16.355054,5.505917
2019-02-27,53293.553991,50761.335183,0,2532.218807,13,165.924622,66.582204,0.269908,14.7,16.354247,5.504695
2019-02-28,52843.60579,50311.386983,0,2532.218807,13,165.542313,64.69605,0.269499,14.78,16.35348,5.503462
2019-03-01,53988.263267,51456.04446,0,2532.218807,13,166.689346,67.656466,0.269503,13.57,16.352124,5.502464
2019-03-04,53874.860012,51342.641205,0,2532.218807,13,166.718018,67.72931,0.268755,14.63,16.351285,5.501255
2019-03-05,53957.920475,51425.701668,0,2532.218807,13,166.842285,68.065023,0.268543,14.74,16.350501,5.500031
2019-03-06,52941.633962,50409.415155,0,2532.218807,13,165.895981,62.714624,0.268321,15.74,16.350204,5.498709
2019-03-07,50873.966028,48341.747221,0,2532.218807,13,163.860046,53.052253,0.268695,16.59,16.350321,5.497374
2019-03-08,50594.056475,48061.837668,0,2532.218807,13,163.611542,51.99916,0.268689,16.049999,16.350175,5.496042
2019-03-11,54049.232159,51517.013352,0,2532.218807,13,167.014297,62.868172,0.269736,14.33,16.349194,5.494886
2019-03-12,54901.93147,45269.62112,0,9632.310349,11,167.931915,65.159273,0.268832,13.77,16.347942,5.493846
2019-03-13,55988.566127,46356.255778,0,9632.310349,11,169.193649,68.076061,0.268906,13.41,16.346516,5.492893
2019-03-14,55680.227691,46047.917341,0,9632.310349,11,168.906921,66.709305,0.2684,13.5,16.345136,5.491918
2019-03-15,57054.412116,47422.101767,0,9632.310349,11,170.474472,70.22843,0.268621,12.88,16.343456,5.491117
2019-03-18,57344.254684,47711.944335,0,9632.310349,11,170.880478,71.081115,0.268631,13.1,16.341885,5.49025
2019-03-19,57832.318937,48200.008588,0,9632.310349,11,171.455017,72.290562,0.26863,13.56,16.340538,5.489261
2019-03-20,58339.536347,45209.755724,0,13129.780623,10,172.134888,73.692645,0.26738,13.91,16.339361,5.488192
2019-03-21,60562.901092,47433.120469,0,13129.780623,10,174.825729,78.359814,0.267978,13.63,16.33805,5.487187
2019-03-22,57473.351568,44343.570945,0,13129.780623,10,170.985779,61.572376,0.269286,16.48,16.338119,5.485861
2019-03-25,57047.224493,40359.991567,0,16687.232926,9,170.660233,60.391142,0.267571,16.33,16.338115,5.484534
2019-03-26,57506.581282,40819.348356,0,16687.232926,9,171.455017,62.293064,0.265618,14.68,16.337314,5.48333
2019-03-27,56502.791644,39815.558718,0,16687.232926,9,170.353821,58.128321,0.262187,15.15,16.336741,5.482067
2019-03-28,56611.539025,39924.306099,0,16687.232926,9,170.74646,59.176351,0.25912,14.43,16.33582,5.480904
2019-03-29,57530.791572,40843.558647,0,16687.232926,9,172.039124,62.503842,0.258849,13.71,16.334554,5.479884
2019-04-01,59149.751398,42462.518472,0,16687.232926,9,174.318176,67.529045,0.258428,13.4,16.333139,5.478941
2019-04-02,59504.66259,42817.429664,0,16687.232926,9,174.978912,68.833166,0.255946,13.36,16.331706,5.478009
2019-04-03,60233.311012,43546.078086,0,16687.232926,9,175.98439,70.757858,0.255705,13.74,16.330458,5.476985
2019-04-04,60134.109282,43446.876356,0,16687.232926,9,175.917374,70.445598,0.255069,13.58,16.329133,5.475998
2019-04-05,60805.18307,44117.950144,0,16687.232926,9,176.827042,72.236615,0.255055,12.82,16.327445,5.475221
2019-04-08,61004.205528,44316.972602,0,16687.232926,9,177.2771,73.105014,0.253144,13.18,16.325931,5.474338
2019-04-09,60509.684997,43822.452072,0,16687.232926,9,176.654678,69.850995,0.25308,14.28,16.324947,5.473205
2019-04-10,61157.433963,44470.201037,0,16687.232926,9,177.602661,71.902363,0.251857,13.3,16.323494,5.472291
2019-04-11,60813.85904,44126.626114,0,16687.232926,9,177.181366,69.634759,0.251766,13.02,16.321907,5.471455
2019-04-12,61366.758413,44679.525487,0,16687.232926,9,177.947464,71.401028,0.251434,12.01,16.319837,5.470957
2019-04-15,61332.061709,44644.828783,0,16687.232926,9,177.976181,71.468025,0.251338,12.32,16.317917,5.470345
2019-04-16,61779.709468,45092.476542,0,16687.232926,9,178.588974,72.925563,0.25122,12.18,16.315933,5.469783
2019-04-17,62186.651504,45499.418578,0,16687.232926,9,179.211411,74.358408,0.250003,12.6,16.314151,5.469077
2019-04-18,62346.632154,45659.399228,0,16687.232926,9,179.441223,74.886858,0.249998,12.09,16.312127,5.468548
2019-04-22,62658.772062,45971.539136,0,16687.232926,9,179.948822,76.060423,0.249737,12.42,16.310263,5.467901
2019-04-23,64408.121356,47720.88843,0,16687.232926,9,182.237366,80.487709,0.249362,12.28,16.308334,5.467302
2019-04-24,63942.256019,47255.023093,0,16687.232926,9,181.662857,76.655186,0.249374,13.14,16.306818,5.466433
2019-04-25,64442.912194,47755.679268,0,16687.232926,9,182.400162,78.096641,0.247983,13.25,16.305356,5.465534
2019-04-26,64553.668224,47866.435298,0,16687.232926,9,182.562943,78.413549,0.247983,12.73,16.303647,5.464786
2019-04-29,64732.022794,48044.789868,0,16687.232926,9,182.917267,79.121658,0.246806,13.11,16.302121,5.463926
2019-04-30,63611.530658,46924.297732,0,16687.232926,9,181.500107,69.32631,0.247015,13.12,16.300602,5.463063
2019-05-01,63132.226584,46444.993658,0,16687.232926,9,180.91597,65.714963,0.246882,14.8,16.299885,5.461856
2019-05-02,62491.710296,45804.47737,0,16687.232926,9,180.130768,61.106955,0.246617,14.42,16.298989,5.460707
2019-05-03,64747.184973,48059.952047,0,16687.232926,9,183.003479,69.526164,0.247165,12.87,16.297353,5.459918
2019-05-06,63821.323925,47134.090999,0,16687.232926,9,181.883102,63.731721,0.247299,15.44,16.296945,5.458648
2019-05-07,61057.500921,44370.267995,0,16687.232926,9,178.340012,49.641664,0.247531,19.32,16.298385,5.457746
2019-05-08,60686.531219,43999.298294,0,16687.232926,9,177.889984,48.184508,0.247381,19.4,16.299862,5.456865
2019-05-09,59937.401662,43250.168736,0,16687.232926,9,176.932419,45.147753,0.247475,19.1,16.301195,5.455908
2019-05-10,60074.844591,43387.611665,0,16687.232926,9,177.152603,45.990649,0.247161,16.040001,16.30107,5.454612
2019-05-13,55539.255683,38852.022757,0,16687.232926,9,171.004944,31.456306,0.250563,20.549999,16.303091,5.454102
2019-05-14,56935.342494,40248.109568,0,16687.232926,9,172.881821,37.907979,0.250886,18.059999,16.303926,5.452939
2019-05-15,58783.368339,42096.135413,0,16687.232926,9,175.323639,45.142401,0.251421,16.440001,16.30399,5.451644
2019-05-16,60103.265916,43416.03299,0,16687.232926,9,177.085632,49.696879,0.251307,15.29,16.303509,5.450394
2019-05-17,58715.926646,42028.693721,0,16687.232926,9,175.275757,45.51664,0.251522,15.96,16.303346,5.449105
2019-05-20,56473.123415,39785.890489,0,16687.232926,9,172.316833,39.645345,0.252336,16.309999,16.303349,5.447812
2019-05-21,57814.778893,41127.545967,0,16687.232926,9,174.117081,44.348844,0.252539,14.95,16.302707,5.446599
2019-05-22,57212.657446,40525.424521,0,16687.232926,9,173.341415,42.801124,0.252526,14.75,16.301972,5.445412
2019-05-23,55251.801772,38564.568846,0,16687.232926,9,170.68895,37.926781,0.253225,16.92,16.302264,5.444139
2019-05-24,55160.67974,38473.446815,0,16687.232926,9,170.602783,37.776275,0.253036,15.85,16.30205,5.442858
2019-05-28,54616.069814,37928.836888,0,16687.232926,9,169.961212,36.611308,0.253081,17.5,16.302617,5.441631
2019-05-29,53582.513456,36895.28053,0,16687.232926,9,168.563095,34.140453,0.253283,17.9,16.303373,5.440455
2019-05-30,54081.665864,37394.432938,0,16687.232926,9,169.27179,36.480576,0.253268,17.299999,16.303844,5.439211
2019-05-31,52130.656372,35443.423446,0,16687.232926,9,166.571335,31.838286,0.253882,18.709999,16.304981,5.438176
2019-06-03,49538.580618,32851.347692,0,16687.232926,9,162.903793,26.842379,0.255298,18.860001,16.306188,5.437175
2019-06-04,52863.775954,36176.543029,0,16687.232926,9,167.490631,39.606185,0.256786,16.969999,16.306501,5.43591
2019-06-05,53745.587044,37058.354118,0,16687.232926,9,168.735474,42.536398,0.256713,16.09,16.306399,5.434628
2019-06-06,54715.746265,38028.513339,0,16687.232926,9,170.076157,45.597794,0.25686,15.93,16.306222,5.433352
2019-06-07,57178.492767,40491.259841,0,16687.232926,9,173.360626,52.302046,0.257784,16.299999,16.306219,5.43207
2019-06-10,58652.227564,41964.994638,0,16687.232926,9,175.381149,55.902299,0.257952,15.94,16.306046,5.430795
2019-06-11,58815.282534,42128.049608,0,16687.232926,9,175.620514,56.322898,0.257956,15.99,16.305897,5.42952
2019-06-12,58032.99467,41345.761744,0,16687.232926,9,174.605438,53.971949,0.25804,15.91,16.305711,5.428248
2019-06-13,58797.525345,42110.292419,0,16687.232926,9,175.639648,55.987658,0.25806,15.82,16.305482,5.42698
2019-06-14,58216.150557,41528.917632,0,16687.232926,9,174.892715,54.143455,0.258115,15.28,16.305,5.425749
2019-06-17,58950.703404,42263.470478,0,16687.232926,9,175.946091,56.328214,0.257936,15.35,16.304551,5.424512
2019-06-18,60910.52388,44223.290954,0,16687.232926,9,178.502838,61.164584,0.258464,15.15,16.304008,5.423294
2019-06-19,61410.146188,44722.913262,0,16687.232926,9,179.173111,62.341985,0.258496,14.33,16.303081,5.422189
2019-06-20,62691.334615,46004.101689,0,16687.232926,9,180.839386,65.169084,0.258694,14.75,16.302352,5.42102
2019-06-21,62459.731837,45772.498912,0,16687.232926,9,180.571213,64.33201,0.258574,15.4,16.301929,5.419782
2019-06-24,62400.305842,45713.072916,0,16687.232926,9,180.576996,64.342646,0.258347,15.26,16.30144,5.418557
2019-06-25,60025.880917,43338.647992,0,16687.232926,9,177.477158,54.893232,0.259194,16.280001,16.30143,5.417286
2019-06-26,60579.446653,43892.213727,0,16687.232926,9,178.302505,56.715938,0.257756,16.209999,16.301387,5.416017
2019-06-27,61086.229256,44398.99633,0,16687.232926,9,178.983841,58.216949,0.257751,15.82,16.301162,5.414758
2019-06-28,61222.762659,44535.529734,0,16687.232926,9,179.214172,58.737885,0.257197,15.08,16.30059,5.413554
2019-07-01,63061.393762,46374.160836,0,16687.232926,9,181.632614,63.836184,0.257484,14.06,16.299541,5.412504
2019-07-02,63608.111992,46920.879066,0,16687.232926,9,182.352432,65.213875,0.257504,12.93,16.297965,5.411728
2019-07-03,64671.419376,47984.18645,0,16687.232926,9,183.724792,67.737396,0.257535,12.57,16.296223,5.411062
2019-07-05,64325.044649,47637.811723,0,16687.232926,9,183.35051,66.324241,0.257141,13.28,16.294813,5.41019
2019-07-08,63250.148123,46562.915197,0,16687.232926,9,182.064499,61.571235,0.256901,13.96,16.293723,5.409161
2019-07-09,63926.520115,47239.287189,0,16687.232926,9,182.976212,63.564734,0.256322,14.09,16.292694,5.408108
2019-07-10,65353.159303,48665.926377,0,16687.232926,9,184.799637,67.22655,0.256371,13.03,16.291171,5.407304
2019-07-11,65228.828299,48541.595373,0,16687.232926,9,184.665253,66.694553,0.256374,12.93,16.289604,5.40653
2019-07-12,66058.434678,49371.201752,0,16687.232926,9,185.73053,68.802173,0.256371,12.39,16.287786,5.405925
2019-07-15,66452.69795,49765.465024,0,16687.232926,9,186.325577,69.946235,0.255605,12.68,16.286104,5.405226
2019-07-16,65671.99523,48984.762304,0,16687.232926,9,185.36586,65.757826,0.25569,12.86,16.284509,5.404472
2019-07-17,64931.104827,48243.871901,0,16687.232926,9,184.454132,61.961913,0.255747,13.97,16.283431,5.403444
2019-07-18,65077.660789,48390.427863,0,16687.232926,9,184.665253,62.50171,0.255655,13.53,16.28215,5.402513
2019-07-19,63992.79445,47305.561524,0,16687.232926,9,183.312119,56.925799,0.255807,14.45,16.281298,5.4014
2019-07-22,65099.283954,48412.051028,0,16687.232926,9,184.770844,60.968372,0.255891,13.53,16.280019,5.400469
2019-07-23,66049.74404,49362.511114,0,16687.232926,9,185.980042,63.985711,0.255999,12.61,16.278313,5.399794
2019-07-24,67081.685209,50394.452283,0,16687.232926,9,187.285233,66.955138,0.2561,12.07,16.276359,5.399301
2019-07-25,65650.941215,48963.708289,0,16687.232926,9,185.509827,59.739604,0.256335,12.74,16.274717,5.398584
2019-07-26,67154.337387,50467.104461,0,16687.232926,9,187.419586,64.207859,0.256093,12.16,16.272807,5.398059
2019-07-29,66562.469793,49875.236867,0,16687.232926,9,186.776596,61.724015,0.255447,12.83,16.271211,5.397316
2019-07-30,65881.342281,49194.109355,0,16687.232926,9,185.970474,58.660212,0.254958,13.94,16.27013,5.396297
2019-07-31,63813.496797,47126.263871,0,16687.232926,9,183.398468,50.11319,0.254933,16.120001,16.27006,5.395047
2019-08-01,63071.631352,46384.398426,0,16687.232926,9,182.486771,47.472735,0.254864,17.870001,16.270801,5.393907
2019-08-02,60967.508301,44280.275375,0,16687.232926,9,179.799622,40.670764,0.255477,17.610001,16.271421,5.392734
2019-08-05,56167.018433,42977.276378,0,13189.742055,10,173.446396,29.799377,0.258647,24.59,16.275271,5.394455
2019-08-06,58184.052281,44994.310226,0,13189.742055,10,175.874435,36.757005,0.259156,20.17,16.277072,5.393857
2019-08-07,58956.941348,45767.199293,0,13189.742055,10,176.824524,39.29246,0.259141,19.49,16.278558,5.393052
2019-08-08,62254.190254,49064.448199,0,13189.742055,10,180.672897,48.328751,0.26038,16.91,16.278849,5.391822
2019-08-09,60799.824703,47610.082648,0,13189.742055,10,178.974274,45.135243,0.260633,17.969999,16.27963,5.390699
2019-08-12,59023.05268,45833.310626,0,13189.742055,10,176.920517,41.559478,0.261008,21.09,16.281851,5.390445
2019-08-13,62337.695308,49147.953253,0,13189.742055,10,180.797638,49.666404,0.26212,17.52,16.282423,5.389266
2019-08-14,57889.130528,44699.388473,0,13189.742055,10,175.394608,41.108188,0.264667,22.1,16.285106,5.389471
2019-08-15,57695.124515,44505.38246,0,13189.742055,10,175.193039,40.825555,0.264567,21.18,16.287363,5.389253
2019-08-16,60035.115442,46845.373387,0,13189.742055,10,178.00499,46.365532,0.264827,18.469999,16.288369,5.388214
2019-08-19,62400.175106,49210.433051,0,13189.742055,10,180.836105,51.308228,0.265463,16.879999,16.288641,5.386987
2019-08-20,61195.506277,48005.764222,0,13189.742055,10,179.434937,48.906077,0.265637,17.5,16.289199,5.385809
2019-08-21,62538.720588,49348.978533,0,13189.742055,10,181.028015,51.676241,0.265836,15.8,16.288974,5.384579
2019-08-22,62018.062527,48828.320472,0,13189.742055,10,180.442596,50.590761,0.265836,16.68,16.289154,5.383347
2019-08-23,57342.4594,44152.717345,0,13189.742055,10,174.732407,41.445838,0.268618,19.870001,16.2908,5.382656
2019-08-26,59499.309262,46309.567207,0,13189.742055,10,177.371597,46.27927,0.269209,19.32,16.292192,5.38181
2019-08-27,59153.815743,45964.073688,0,13189.742055,10,176.99733,45.703115,0.268997,20.309999,16.294038,5.381263
2019-08-28,59650.351378,46460.609323,0,13189.742055,10,177.630707,46.907733,0.268757,19.35,16.295441,5.380425
2019-08-29,61950.871921,48761.129866,0,13189.742055,10,180.346664,51.841646,0.269364,17.879999,16.296168,5.379297
2019-08-30,61546.650777,48356.908722,0,13189.742055,10,179.914749,51.029486,0.269032,18.98,16.297399,5.378369
2019-09-03,59994.811864,46805.069809,0,13189.742055,10,178.168106,47.770286,0.269281,19.66,16.298941,5.377618
2019-09-04,62176.281726,48986.539671,0,13189.742055,10,180.740082,52.573764,0.269824,17.33,16.299413,5.37643
2019-09-05,65033.658515,51843.91646,0,13189.742055,10,184.051056,57.936837,0.270642,16.27,16.2994,5.375198
2019-09-06,64834.072475,51644.33042,0,13189.742055,10,183.868713,57.550858,0.270182,15,16.298805,5.374039
2019-09-09,64428.487423,51238.745368,0,13189.742055,10,183.484863,56.694592,0.269969,15.27,16.298334,5.372853
2019-09-10,63950.889488,50761.147433,0,13189.742055,10,182.957031,55.472363,0.26995,15.2,16.297832,5.371675
2019-09-11,65423.267227,52233.525172,0,13189.742055,10,184.674881,58.600462,0.270146,14.61,16.29706,5.370567
2019-09-12,66064.67342,52874.931365,0,13189.742055,10,185.442612,59.954447,0.270039,14.22,16.296111,5.369523
2019-09-13,65467.900109,52278.158054,0,13189.742055,10,184.780457,58.186868,0.270051,13.74,16.294943,5.368574
2019-09-16,64677.567819,51487.825764,0,13189.742055,10,183.955124,55.971833,0.26982,14.67,16.294201,5.36746
2019-09-17,65423.430852,52233.688797,0,13189.742055,10,184.838013,57.821561,0.26985,14.44,16.293355,5.36638
2019-09-18,65310.285844,52120.543789,0,13189.742055,10,184.761261,57.595029,0.269268,13.95,16.292286,5.365389
2019-09-19,65549.019362,52359.277307,0,13189.742055,10,185.068314,58.298905,0.269102,14.05,16.291263,5.364379
2019-09-20,63843.159966,50653.417912,0,13189.742055,10,183.11055,52.3341,0.269416,15.32,16.29082,5.363196
2019-09-23,63834.327753,50644.585698,0,13189.742055,10,183.191345,52.549866,0.269102,14.91,16.290191,5.362054
2019-09-24,61739.149493,48549.407438,0,13189.742055,10,180.758408,45.82332,0.269508,17.049999,16.290537,5.360857
2019-09-25,63473.10419,50283.362135,0,13189.742055,10,182.787521,51.409697,0.269814,15.96,16.290387,5.359641
2019-09-26,62872.936995,49683.19494,0,13189.742055,10,182.114304,49.582927,0.26985,16.07,16.290287,5.358423
2019-09-27,60936.515184,47746.773129,0,13189.742055,10,179.854431,43.938762,0.270275,17.219999,16.290709,5.357241
2019-09-30,62334.984291,49145.242236,0,13189.742055,10,181.566147,48.701981,0.270324,16.24,16.290686,5.356023
2019-10-01,61054.574438,47864.832383,0,13189.742055,10,180.085236,45.12942,0.270507,18.559999,16.291717,5.355024
2019-10-02,58451.032527,45261.290472,0,13189.742055,10,176.9888,38.7318,0.271301,20.559999,16.293656,5.35458
2019-10-03,60079.102769,46889.360714,0,13189.742055,10,178.931305,44.086781,0.271604,19.120001,16.294939,5.353703
2019-10-04,62327.28342,49137.541365,0,13189.742055,10,181.566147,50.417181,0.272164,17.040001,16.295277,5.352511
2019-10-07,61747.664261,48557.922206,0,13189.742055,10,181.018051,49.170073,0.271177,17.860001,16.295986,5.3514
2019-10-08,59427.677586,46237.935531,0,13189.742055,10,178.306259,43.444198,0.271383,20.280001,16.297792,5.350859
2019-10-09,60888.338485,47698.59643,0,13189.742055,10,180.046814,47.6574,0.271519,18.639999,16.298854,5.349878
2019-10-10,62064.063585,48874.32153,0,13189.742055,10,181.441193,50.818339,0.271645,17.57,16.299429,5.348735
2019-10-11,63846.20257,50656.460515,0,13189.742055,10,183.777954,55.651769,0.266543,15.58,16.299104,5.347545
2019-10-14,63746.160684,50556.418629,0,13189.742055,10,183.758713,55.603312,0.266088,14.57,16.298321,5.346461
2019-10-15,65708.9008,52519.158745,0,13189.742055,10,186.095474,60.142267,0.264509,13.54,16.297074,5.345573
2019-10-16,65265.233965,52075.49191,0,13189.742055,10,185.633896,58.862128,0.264095,13.68,16.295891,5.344654
2019-10-17,65591.634507,52401.892453,0,13189.742055,10,186.124344,59.840266,0.261917,13.79,16.294758,5.343711
2019-10-18,64008.042983,50818.300928,0,13189.742055,10,184.335739,54.7295,0.262194,14.25,16.293835,5.34268
2019-10-21,65329.994729,52140.252674,0,13189.742055,10,185.970459,58.239983,0.260815,14,16.292799,5.341696
2019-10-22,64011.842041,50822.099986,0,13189.742055,10,184.489563,54.143915,0.261008,14.46,16.291972,5.340632
2019-10-23,64301.397905,51111.65585,0,13189.742055,10,184.845352,54.963444,0.260953,14.01,16.290943,5.339647
2019-10-24,65875.608257,48110.709618,0,17764.898639,9,186.64357,58.955998,0.261141,13.71,16.289779,5.338724
2019-10-25,66854.697468,49089.798829,0,17764.898639,9,188.134125,61.965879,0.254989,12.65,16.288139,5.338079
2019-10-28,68217.655391,50452.756751,0,17764.898639,9,189.990143,65.371186,0.252056,13.11,16.286707,5.337303
2019-10-29,66947.137998,44324.080173,0,22623.057824,8,188.518814,60.729311,0.250207,13.2,16.285317,5.336502
2019-10-30,67559.333521,44936.275696,0,22623.057824,8,189.432373,62.509397,0.248914,12.33,16.283537,5.335961
2019-10-31,67588.619833,44965.562009,0,22623.057824,8,189.51889,62.681919,0.248207,13.22,16.282159,5.335156
2019-11-01,68795.942958,46172.885133,0,22623.057824,8,191.240204,66.031135,0.246926,12.3,16.280369,5.334624
2019-11-04,69610.096374,46987.038549,0,22623.057824,8,192.423035,68.146697,0.246561,12.83,16.278818,5.333926
2019-11-05,69654.381023,47031.323199,0,22623.057824,8,192.528854,68.336686,0.245775,13.1,16.27739,5.333153
2019-11-06,69321.707802,46698.649977,0,22623.057824,8,192.096085,66.587473,0.245771,12.62,16.275748,5.332518
2019-11-07,69778.132248,47155.074423,0,22623.057824,8,192.740387,67.904663,0.245653,12.73,16.274156,5.33185
2019-11-08,70268.736142,43165.058715,0,27103.677427,7,193.509644,69.453027,0.242978,12.07,16.27227,5.331397
2019-11-11,70061.567711,42957.890284,0,27103.677427,7,193.250061,68.256387,0.242844,12.69,16.270664,5.33074
2019-11-12,70396.174638,43292.497211,0,27103.677427,7,193.80777,69.473326,0.241932,12.68,16.269054,5.330087
2019-11-13,70360.96181,43257.284383,0,27103.677427,7,193.855881,69.581661,0.238956,13,16.26759,5.329342
2019-11-14,70248.890112,43145.212685,0,27103.677427,7,193.702042,68.741589,0.238964,13.05,16.266149,5.328583
2019-11-15,71168.090399,36880.125754,0,34287.964645,6,195.125259,72.097801,0.238874,12.05,16.264261,5.328136
2019-11-18,71210.352369,36922.387724,0,34287.964645,6,195.279099,72.442235,0.238046,12.46,16.262559,5.327551
2019-11-19,71360.910466,37072.945821,0,34287.964645,6,195.567566,73.11248,0.237991,12.86,16.261038,5.326845
2019-11-20,70640.258756,30660.990749,0,39979.268007,5,194.394379,66.074051,0.234626,12.78,16.259481,5.326163
2019-11-21,70415.75051,30436.482503,0,39979.268007,5,193.961639,63.640386,0.233542,13.13,16.258083,5.325383
2019-11-22,70463.926744,30484.658737,0,39979.268007,5,194.086639,64.052265,0.233407,12.34,16.256333,5.324837
2019-11-25,71515.367844,31536.099838,0,39979.268007,5,196.384979,70.638257,0.233556,11.87,16.254375,5.324454
2019-11-26,71664.437271,31685.169264,0,39979.268007,5,196.759979,71.553998,0.232074,11.54,16.252271,5.324197
2019-11-27,72304.191752,32324.923745,0,39979.268007,5,198.135117,74.673373,0.232169,11.75,16.250263,5.323858
2019-11-29,71827.961348,31848.693341,0,39979.268007,5,197.231186,69.294183,0.229291,12.62,16.248645,5.323223
2019-12-02,70859.468288,30880.200281,0,39979.268007,5,195.211761,59.058624,0.229626,14.91,16.248048,5.322111
2019-12-03,70137.216431,30157.948424,0,39979.268007,5,193.682755,52.710068,0.229728,15.96,16.24792,5.320929
2019-12-04,70577.702298,30598.434291,0,39979.268007,5,194.663681,55.979402,0.228916,14.8,16.247275,5.319831
2019-12-05,70688.272991,30709.004984,0,39979.268007,5,195.04834,57.228143,0.223846,14.52,16.246506,5.318771
2019-12-06,71666.498848,31687.230841,0,39979.268007,5,197.13501,63.308689,0.224032,13.62,16.245338,5.317876
2019-12-09,71178.313274,31199.045267,0,39979.268007,5,196.240753,59.410687,0.22026,15.86,16.245167,5.3167
2019-12-10,71090.208372,31110.940365,0,39979.268007,5,196.077255,58.699072,0.219975,15.68,16.244916,5.315531
2019-12-11,71574.641916,31595.373909,0,39979.268007,5,197.115784,61.826805,0.220019,14.99,16.244358,5.314415
2019-12-12,72264.705815,32285.437808,0,39979.268007,5,198.587097,65.780596,0.219957,13.94,16.243335,5.313457
2019-12-13,72568.429324,32589.161317,0,39979.268007,5,199.241028,67.396908,0.219974,12.63,16.241731,5.312822
2019-12-16,73481.826617,12034.773074,0,61447.053544,2,201.241226,71.786601,0.218068,12.14,16.239911,5.312346
2019-12-17,73486.682225,12039.628682,0,61447.053544,2,201.356659,72.020729,0.216144,12.29,16.23816,5.311818
2019-12-18,73511.041145,12063.987601,0,61447.053544,2,201.510483,72.350013,0.216057,12.58,16.236538,5.311199
2019-12-19,73725.849373,12278.79583,0,61447.053544,2,202.770187,74.950007,0.213857,12.5,16.234883,5.310604
2019-12-20,73868.733447,5234.422984,0,68634.310462,1,203.58757,76.494507,0.213025,12.51,16.233233,5.310006
2019-12-23,73889.970618,5255.660156,0,68634.310462,1,204.125351,77.478392,0.209326,12.61,16.231629,5.309377
2019-12-24,73884.428922,5250.11846,0,68634.310462,1,204.231354,77.676741,0.206865,12.67,16.230053,5.308731
2019-12-26,73979.718174,5345.407712,0,68634.310462,1,206.033508,80.776463,0.194479,12.65,16.22847,5.30809
2019-12-27,73962.274072,5327.963609,0,68634.310462,1,205.860062,79.630415,0.194474,13.43,16.227233,5.307242
2019-12-30,73836.986914,5202.676451,0,68634.310462,1,204.51088,71.171525,0.194694,14.82,16.226611,5.306152
2019-12-31,73868.676033,5234.365571,0,68634.310462,1,204.896347,72.083936,0.194509,13.78,16.22553,5.305228
2020-01-02,74176.663206,5542.352744,0,68634.310462,1,208.317551,78.567542,0.195342,12.47,16.223872,5.304643
2020-01-03,73984.250237,5349.939775,0,68634.310462,1,206.409332,68.948708,0.191281,14.02,16.222899,5.303674
2020-01-06,74073.033309,5438.722847,0,68634.310462,1,207.739334,71.561996,0.185074,13.85,16.221853,5.302738
2020-01-07,74066.865735,5432.555273,0,68634.310462,1,207.710388,71.421114,0.184646,13.79,16.22078,5.301814
2020-01-08,74207.877706,5573.567243,0,68634.310462,1,209.271637,74.353791,0.184564,13.45,16.219559,5.300965
2020-01-09,74369.675798,5735.365336,0,68634.310462,1,211.044891,77.21384,0.184581,12.54,16.217938,5.300359
2020-01-10,74318.255257,5683.944795,0,68634.310462,1,210.505203,74.49107,0.184628,12.56,16.216328,5.299747
2020-01-13,74539.231459,5904.920997,0,68634.310462,1,212.933792,78.214032,0.18494,12.32,16.214613,5.299211
2020-01-14,74458.544236,5824.233774,0,68634.310462,1,212.095352,74.188391,0.184642,12.39,16.21293,5.298652
2020-01-15,74460.276748,5825.966285,0,68634.310462,1,212.182083,74.335544,0.183364,12.42,16.211262,5.298083
2020-01-16,74649.038158,6014.727696,0,68634.310462,1,214.2155,77.564921,0.183626,12.32,16.209552,5.297546
2020-01-17,74746.210793,6111.900331,0,68634.310462,1,215.275604,79.045307,0.183508,12.1,16.207746,5.297082
2020-01-21,74729.496228,6095.185765,0,68634.310462,1,215.179199,78.537777,0.183228,12.85,16.206271,5.296386
2020-01-22,74775.421929,6141.111467,0,68634.310462,1,215.747833,79.378817,0.181401,12.91,16.204824,5.295673
2020-01-23,74839.167088,6204.856626,0,68634.310462,1,216.441681,80.388686,0.181415,12.98,16.203409,5.294942
2020-01-24,74667.004689,6032.694227,0,68634.310462,1,214.620255,70.612586,0.181688,14.56,16.202689,5.293892
2020-01-27,74253.810882,5619.500419,0,68634.310462,1,210.18718,53.54513,0.183167,18.23,16.203577,5.292901
2020-01-28,74552.447666,5918.137203,0,68634.310462,1,213.415619,60.94803,0.183214,16.280001,16.203611,5.291741
2020-01-29,74581.666022,5947.35556,0,68634.310462,1,213.762589,61.655259,0.182757,16.389999,16.203693,5.290583
2020-01-30,74644.121621,6009.811159,0,68634.310462,1,214.523926,63.228859,0.18051,15.49,16.20338,5.289445
2020-01-31,74325.671451,5691.360988,0,68634.310462,1,211.122009,52.801665,0.180931,18.84,16.204534,5.288575
2020-02-03,74620.87658,5986.566118,0,68634.310462,1,214.311874,59.539451,0.181585,17.969999,16.205306,5.287546
2020-02-04,75086.286223,6451.97576,0,68634.310462,1,219.217194,67.275846,0.182916,16.049999,16.205238,5.28639
2020-02-05,75152.724234,6518.413772,0,68634.310462,1,219.940018,68.23955,0.182704,15.15,16.204777,5.285281
2020-02-06,75332.374516,6698.064053,0,68634.310462,1,221.838516,70.68172,0.182851,14.96,16.204233,5.28419
2020-02-07,75237.79256,6603.482098,0,68634.310462,1,220.88443,67.857808,0.182109,15.47,16.203913,5.283057
2020-02-10,75489.296954,6854.986492,0,68634.310462,1,223.55394,71.311478,0.182564,15.04,16.203405,5.28196
2020-02-11,75491.350554,6857.040092,0,68634.310462,1,223.592484,71.359329,0.182549,15.18,16.202958,5.28085
2020-02-12,75697.998555,7063.688093,0,68634.310462,1,225.770477,73.998531,0.182119,13.74,16.201884,5.279949
2020-02-13,75668.641697,7034.331234,0,68634.310462,1,225.481354,73.036387,0.182143,14.15,16.20099,5.278971
2020-02-14,75729.259189,7094.948727,0,68634.310462,1,226.12709,73.854057,0.182153,13.68,16.199891,5.278083
2020-02-18,75731.235886,7096.925424,0,68634.310462,1,226.213806,73.968221,0.182123,14.83,16.199294,5.27701
2020-02-19,75939.603514,7305.293052,0,68634.310462,1,228.382172,76.707082,0.182391,14.38,16.198502,5.275997
2020-02-20,75734.249722,7099.93926,0,68634.310462,1,226.261993,69.056489,0.182828,15.56,16.198225,5.274865
2020-02-21,75319.313601,6685.003139,0,68634.310462,1,221.915649,56.594901,0.184409,17.08,16.198608,5.27375
2020-02-24,74525.108139,5890.797677,0,68634.310462,1,213.357788,40.932379,0.190561,25.030001,16.202448,5.275817
2020-02-25,74000.452794,8725.47578,0,65274.977014,2,207.556213,34.052264,0.193595,27.85,16.20751,5.280256
2020-02-26,74170.213027,8895.236013,0,65274.977014,2,208.625961,36.182315,0.193662,27.559999,16.212441,5.284409
2020-02-27,72680.087637,14020.784339,0,58659.303298,4,198.179214,27.008107,0.203563,39.16,16.222406,5.304856
2020-02-28,72714.909043,20692.17613,0,52022.732913,6,198.33345,27.301189,0.20353,40.110001,16.232773,5.327001
2020-03-02,77683.885073,25661.152159,0,52022.732913,6,208.56813,43.510229,0.211932,33.419998,16.24023,5.337863
2020-03-03,74864.052915,22841.320002,0,52022.732913,6,201.879913,37.608999,0.215706,36.82,16.249154,5.353885
2020-03-04,78928.034954,26905.30204,0,52022.732913,6,210.302811,47.302431,0.221012,31.99,16.255977,5.362747
2020-03-05,76188.60896,24165.876047,0,52022.732913,6,203.913345,41.974824,0.224141,39.619999,16.266101,5.383596
2020-03-06,74695.48985,22672.756937,0,52022.732913,6,200.472839,39.401447,0.224606,41.939999,16.27722,5.408883
2020-03-09,69900.518943,25002.63248,0,44897.886463,8,186.547134,31.092444,0.240983,54.459999,16.293749,5.465755
2020-03-10,75926.252649,31028.366186,0,44897.886463,8,196.704727,40.884935,0.247931,47.299999,16.307166,5.502504
2020-03-11,71653.765979,26755.879516,0,44897.886463,8,188.137253,36.210706,0.253718,53.900002,16.323426,5.556591
2020-03-12,65066.603869,27566.664991,0,37499.938878,10,170.886719,29.017252,0.278813,75.470001,16.348997,5.689887
2020-03-13,75696.418548,38196.479669,0,37499.938878,10,185.361725,39.820407,0.295366,57.830002,16.366923,5.753643
2020-03-16,65298.83462,35806.812883,0,29492.021737,12,163.157669,31.820234,0.332705,82.690002,16.395572,5.915252
2020-03-17,75647.253317,46155.23158,0,29492.021737,12,175.531876,39.156538,0.344119,75.910004,16.421269,6.041891
2020-03-18,71749.04957,42257.027833,0,29492.021737,12,170.19281,37.292005,0.346099,76.449997,16.447177,6.167974
2020-03-19,72488.006934,42995.985197,0,29492.021737,12,171.214355,37.901297,0.346141,72,16.471143,6.273663
2020-03-20,67810.954677,38318.932939,0,29492.021737,12,164.506866,35.464689,0.348933,66.040001,16.492518,6.356211
2020-03-23,67694.576223,38202.554486,0,29492.021737,12,164.625656,35.54372,0.347929,61.59,16.511957,6.423443
2020-03-24,78459.022569,48967.000832,0,29492.021737,12,177.373901,43.535359,0.359293,61.669998,16.531413,6.490104
2020-03-25,77401.42412,47909.402383,0,29492.021737,12,176.060364,42.944539,0.359367,63.950001,16.551835,6.5629
2020-03-26,85363.027491,55871.005754,0,29492.021737,12,185.331802,48.279878,0.364494,61,16.570969,6.625977
2020-03-27,80417.839728,50925.817991,0,29492.021737,12,178.957748,45.153715,0.366943,65.540001,16.59204,6.701977
2020-03-30,85841.322798,56349.301061,0,29492.021737,12,185.467041,48.799746,0.369311,57.080002,16.609454,6.752943
2020-03-31,84483.714807,54991.69307,0,29492.021737,12,183.883163,47.964214,0.369138,53.540001,16.625331,6.794776
2020-04-01,78578.248367,49086.22663,0,29492.021737,12,176.070068,43.965304,0.372805,57.060001,16.642707,6.844833
2020-04-02,81443.850067,51951.82833,0,29492.021737,12,179.643417,46.175551,0.373521,50.91,16.657427,6.880117
2020-04-03,79426.581814,49934.560076,0,29492.021737,12,177.093781,44.817188,0.373918,46.799999,16.670369,6.906937
2020-04-06,90606.334284,61114.312546,0,29492.021737,12,189.755066,52.318512,0.382939,45.240002,16.682631,6.930773
2020-04-07,90502.157145,61010.135408,0,29492.021737,12,189.67778,52.271802,0.38293,46.700001,16.695508,6.957122
2020-04-08,93977.426277,64485.40454,0,29492.021737,12,193.705109,54.548987,0.38371,43.349998,16.706938,6.977495
2020-04-09,94175.309647,64683.28791,0,29492.021737,12,193.985123,54.710782,0.383665,41.669998,16.717638,6.995117
2020-04-13,95854.244489,66362.222752,0,29492.021737,12,196.080917,55.974019,0.383853,41.169998,16.728115,7.011909
2020-04-14,103706.403277,74214.38154,0,29492.021737,12,204.608688,60.769037,0.387148,37.759998,16.737122,7.023905
2020-04-15,101592.951017,72100.92928,0,29492.021737,12,202.261826,58.868819,0.38742,40.84,16.74744,7.040086
2020-04-16,104925.72631,75433.704573,0,29492.021737,12,205.95108,60.936701,0.387978,40.110001,16.757437,7.05515
2020-04-17,106689.185719,77197.163982,0,29492.021737,12,207.921249,62.034427,0.388111,38.150002,16.766587,7.067502
2020-04-20,104367.182934,74875.161197,0,29492.021737,12,205.458527,59.773279,0.3884,43.830002,16.778157,7.088114
2020-04-21,97865.676602,68373.654865,0,29492.021737,12,197.877182,53.328993,0.391076,45.41,16.790393,7.111273
2020-04-22,103158.679103,73666.657366,0,29492.021737,12,203.749084,57.179653,0.392334,41.98,16.801153,7.12879
2020-04-23,102728.59692,73236.575183,0,29492.021737,12,203.314514,56.806103,0.392322,41.380001,16.811648,7.14534
2020-04-24,105617.093386,76125.071648,0,29492.021737,12,206.520935,58.937657,0.392723,35.93,16.819808,7.154725
2020-04-27,107017.358464,77525.336726,0,29492.021737,12,208.182022,60.037876,0.392826,33.290001,16.826834,7.161282
2020-04-28,103501.942919,74009.921182,0,29492.021737,12,204.261002,56.20932,0.393521,33.57,16.833974,7.168098
2020-04-29,110262.347609,80770.325871,0,29492.021737,12,211.504272,61.139254,0.395553,31.23,16.840111,7.17273
2020-04-30,110139.477248,80647.45551,0,29492.021737,12,211.417389,61.05047,0.395528,34.150002,16.847486,7.180097
2020-05-01,104821.728933,75329.707196,0,29492.021737,12,205.458527,55.136667,0.397035,37.189999,16.85615,7.190833
2020-05-04,106848.561267,77356.539529,0,29492.021737,12,207.853653,56.942096,0.396832,35.970001,16.864287,7.20011
2020-05-05,108973.909411,79481.887674,0,29492.021737,12,210.210129,58.702965,0.396961,33.610001,16.871413,7.206861
2020-05-06,110052.553139,80560.531402,0,29492.021737,12,211.504272,59.67822,0.396265,34.119999,16.878749,7.214103
2020-05-07,112559.226017,83067.20428,0,29492.021737,12,214.227753,61.726654,0.396512,31.440001,16.88494,7.218816
2020-05-08,115286.704912,85794.683175,0,29492.021737,12,217.163696,63.858226,0.396743,27.98,16.889656,7.220904
2020-05-11,117006.082803,87514.061066,0,29492.021737,12,219.104919,65.236817,0.396862,27.57,16.894193,7.222725
2020-05-12,112509.744946,83017.723208,0,29492.021737,12,214.517517,59.464383,0.395357,33.040001,16.901049,7.228851
2020-05-13,109994.381525,80502.359788,0,29492.021737,12,211.832657,56.323201,0.395503,35.279999,16.90885,7.237228
2020-05-14,112170.497484,82678.475747,0,29492.021737,12,214.237396,58.440756,0.395384,32.610001,16.915511,7.242916
2020-05-15,113417.576601,83925.554864,0,29492.021737,12,215.628143,59.658895,0.395288,31.889999,16.921862,7.247943
2020-05-18,117110.996597,87618.974859,0,29492.021737,12,219.645767,63.030085,0.39563,29.299999,16.927109,7.250886
2020-05-19,116493.089259,87001.067522,0,29492.021737,12,219.095276,62.262323,0.395062,30.530001,16.932873,7.254755
2020-05-20,120665.62838,91173.606643,0,29492.021737,12,223.470184,65.825104,0.395546,27.99,16.937556,7.256786
2020-05-21,118321.216197,88829.19446,0,29492.021737,12,221.036453,62.301395,0.395752,29.530001,16.942887,7.259874
2020-05-22,118959.852513,89467.830775,0,29492.021737,12,221.799393,62.970597,0.39527,28.16,16.947634,7.262004
2020-05-26,118228.471201,88736.449463,0,29492.021737,12,221.200638,62.039819,0.395291,28.01,16.952314,7.264032
2020-05-27,119338.501706,89846.479969,0,29492.021737,12,222.407852,63.220241,0.395284,27.620001,16.956825,7.265807
2020-05-28,119006.365783,89514.344046,0,29492.021737,12,222.118103,62.716148,0.395135,28.59,16.961741,7.268207
2020-05-29,122118.839268,84920.498894,0,37198.340374,11,225.372757,65.995985,0.395447,27.51,16.966198,7.269904
2020-06-01,122552.953665,85354.613291,0,37198.340374,11,226.048813,66.652222,0.394909,28.23,16.970954,7.272053
2020-06-02,123767.397514,86569.057141,0,37198.340374,11,227.565109,68.137464,0.393948,26.84,16.97512,7.273345
2020-06-03,124523.30844,87324.968067,0,37198.340374,11,228.588806,69.136871,0.392677,25.66,16.978785,7.273997
2020-06-04,123071.147192,85872.806818,0,37198.340374,11,226.985611,65.663238,0.392732,25.809999,16.982509,7.274724
2020-06-05,127084.758408,89886.418034,0,37198.340374,11,231.486145,70.191003,0.393274,24.52,16.985687,7.274836
2020-06-08,128539.7048,72698.354249,0,55841.350551,9,233.282471,71.78995,0.392761,25.809999,16.989406,7.275558
2020-06-09,129729.59984,53816.578049,0,75913.021791,7,234.97258,73.244137,0.392628,27.57,16.993863,7.277265
2020-06-10,131281.963671,55368.94188,0,75913.021791,7,237.792603,75.51236,0.392841,27.57,16.998316,7.278968
2020-06-11,125114.967437,49201.945646,0,75913.021791,7,226.010223,54.661869,0.397686,40.790001,17.008329,7.293785
2020-06-12,126058.085866,50145.064075,0,75913.021791,7,227.806549,56.628139,0.397729,36.09,17.016357,7.302746
2020-06-15,127493.056153,51580.034362,0,75913.021791,7,230.578308,59.543691,0.397898,34.400002,17.023667,7.309907
2020-06-16,129662.149381,53749.12759,0,75913.021791,7,234.537979,63.335502,0.398315,33.669998,17.030664,7.316334
2020-06-17,130026.942292,54113.920501,0,75913.021791,7,235.28157,64.017545,0.398001,33.470001,17.037571,7.322554
2020-06-18,130352.872704,54439.850913,0,75913.021791,7,235.919006,64.625047,0.397993,32.939999,17.04425,7.328265
2020-06-19,130298.122066,54385.100275,0,75913.021791,7,235.880417,64.553992,0.397874,35.119999,17.051839,7.336081
2020-06-22,131804.43379,55891.411999,0,75913.021791,7,238.709198,67.384929,0.398075,31.77,17.058015,7.340735
2020-06-23,132921.260055,57008.238264,0,75913.021791,7,240.740845,69.282435,0.398171,31.370001,17.064018,7.345046
2020-06-24,130144.952463,54231.930672,0,75913.021791,7,235.777817,60.085966,0.398429,33.84,17.071052,7.351536
2020-06-25,131371.110813,55458.089022,0,75913.021791,7,238.022324,62.509652,0.398533,32.220001,17.077402,7.356534
2020-06-26,128309.43479,52396.413,0,75913.021791,7,232.401398,53.713273,0.399651,34.73,17.084797,7.363862
2020-06-29,129634.255169,53721.233378,0,75913.021791,7,234.936142,56.674115,0.399824,31.780001,17.090951,7.368458
2020-06-30,132186.409722,56273.387931,0,75913.021791,7,239.541214,61.493383,0.400157,30.43,17.096534,7.371968
2020-07-01,133740.905476,39950.682049,0,93790.223427,5,242.337204,64.104115,0.400341,28.620001,17.101356,7.374194
2020-07-02,134374.764452,40584.541025,0,93790.223427,5,243.981857,65.582311,0.400325,27.68,17.10578,7.375824
2020-07-06,136749.015581,8150.723422,0,128598.292159,1,249.980087,70.374049,0.401269,27.940001,17.110309,7.377608
2020-07-07,136609.214883,8010.922723,0,128598.292159,1,248.257919,67.469646,0.401266,29.43,17.115458,7.380364
2020-07-08,136865.522831,8267.230672,0,128598.292159,1,251.527939,70.00131,0.401493,28.08,17.120038,7.382224
2020-07-09,137029.686385,0,0,137029.686385,0,253.646667,71.546436,0.401449,29.26,17.125106,7.384849
2020-07-10,137029.686385,0,0,137029.686385,0,255.378494,72.780548,0.401497,27.290001,17.129349,7.386227
2020-07-13,137029.686385,0,0,137029.686385,0,250.125153,63.74818,0.402333,32.189999,17.135632,7.39109
2020-07-14,137029.686385,0,0,137029.686385,0,251.895523,65.310595,0.402387,29.52,17.140796,7.393874
2020-07-15,137029.686385,0,0,137029.686385,0,252.40834,65.770795,0.402315,27.76,17.145223,7.395511
2020-07-16,137029.686385,0,0,137029.686385,0,250.686279,62.759855,0.402364,28,17.149746,7.397289
2020-07-17,137029.686385,0,0,137029.686385,0,250.976532,63.066756,0.402364,25.68,17.153299,7.397796
2020-07-20,137029.686385,0,0,137029.686385,0,258.096954,69.67021,0.403508,24.459999,17.156341,7.397758
2020-07-21,137029.686385,0,0,137029.686385,0,255.407379,64.946613,0.403679,24.84,17.159538,7.397878
2020-07-22,137029.686385,0,0,137029.686385,0,256.307159,65.782432,0.403639,24.32,17.162517,7.397781
2020-07-23,137029.686385,0,0,137029.686385,0,249.612442,55.230301,0.404948,26.08,17.166225,7.398477
2020-07-24,137029.686385,0,0,137029.686385,0,247.242157,52.046992,0.404949,25.84,17.16983,7.399052
2020-07-27,137029.686385,0,0,137029.686385,0,251.653748,57.013107,0.405289,24.74,17.172975,7.399123
2020-07-28,137029.686385,0,0,137029.686385,0,248.451462,52.743213,0.405599,25.440001,17.176408,7.399504
2020-07-29,137029.686385,0,0,137029.686385,0,251.315048,55.922258,0.405734,24.1,17.179282,7.399312
2020-07-30,137029.686385,0,0,137029.686385,0,252.630844,57.342273,0.405353,24.76,17.182427,7.399388
2020-07-31,137029.686385,0,0,137029.686385,0,257.139221,61.874444,0.40576,24.459999,17.185446,7.399337
2020-08-03,137029.686385,0,0,137029.686385,0,260.612396,64.962812,0.405546,24.280001,17.188387,7.399213
2020-08-04,137029.686385,0,0,137029.686385,0,261.579742,65.793917,0.403036,23.76,17.191111,7.398888
2020-08-05,137029.686385,0,0,137029.686385,0,262.228027,66.369658,0.402767,22.99,17.193513,7.398296
2020-08-06,137029.686385,0,0,137029.686385,0,265.701141,69.346409,0.40298,22.65,17.195772,7.397597
2020-08-07,137029.686385,0,0,137029.686385,0,262.634338,63.962608,0.402575,22.209999,17.197848,7.396769
2020-08-10,137029.686385,0,0,137029.686385,0,261.512085,62.063749,0.40242,22.129999,17.199888,7.395918
2020-08-11,137029.686385,0,0,137029.686385,0,256.558716,54.388877,0.402878,24.030001,17.202713,7.395693
2020-08-12,137029.686385,0,0,137029.686385,0,263.011627,61.132052,0.403125,22.280001,17.204812,7.394884
2020-08-13,137029.686385,0,0,137029.686385,0,263.611481,61.698916,0.401298,22.129999,17.206847,7.394033
2020-08-14,137029.686385,0,0,137029.686385,0,263.301849,61.202733,0.401298,22.049999,17.208848,7.39316
2020-08-17,137029.686385,0,0,137029.686385,0,266.358948,64.258932,0.401107,21.35,17.210557,7.392112
2020-08-18,137029.686385,0,0,137029.686385,0,268.922821,66.632879,0.400859,21.51,17.212332,7.391102
2020-08-19,137029.686385,0,0,137029.686385,0,267.113617,63.431169,0.400826,22.540001,17.21453,7.390369
2020-08-20,137029.686385,0,0,137029.686385,0,270.81897,66.935332,0.400999,22.719999,17.2168,7.38969
2020-08-21,137029.686385,0,0,137029.686385,0,272.695801,68.577776,0.401007,22.540001,17.218994,7.388957
2020-08-24,137029.686385,0,0,137029.686385,0,274.39856,70.032208,0.39897,22.370001,17.221117,7.388174
2020-08-25,137029.686385,0,0,137029.686385,0,276.555939,71.812423,0.39872,22.030001,17.223097,7.387296
2020-08-26,137029.686385,0,0,137029.686385,0,282.457397,76.01055,0.399367,23.27,17.225587,7.386794
2020-08-27,137029.686385,0,0,137029.686385,0,281.576996,74.234282,0.399407,24.469999,17.228568,7.386735
2020-08-28,137029.686385,0,0,137029.686385,0,283.00885,75.247396,0.399102,22.959999,17.230926,7.38613
2020-08-31,137029.686385,0,0,137029.686385,0,285.282379,76.806815,0.39914,26.41,17.2347,7.386956
2020-09-01,137029.686385,0,0,137029.686385,0,290.158325,79.752914,0.399306,26.120001,17.238352,7.387634
2020-09-02,137029.686385,0,0,137029.686385,0,292.905945,81.20196,0.399129,26.57,17.242186,7.388537
2020-09-03,137029.686385,0,0,137029.686385,0,278.055542,57.323028,0.403858,33.599998,17.248903,7.394453
2020-09-04,137029.686385,0,0,137029.686385,0,274.350189,53.125197,0.40425,30.75,17.254446,7.397994
2020-09-08,137029.686385,0,0,137029.686385,0,261.163788,41.482739,0.408808,31.459999,17.260275,7.40207
2020-09-09,137029.686385,0,0,137029.686385,0,268.835632,48.547662,0.410108,28.809999,17.265012,7.404247
2020-09-10,137029.686385,0,0,137029.686385,0,263.475983,44.505118,0.410821,29.709999,17.270115,7.407016
2020-09-11,137029.686385,0,0,137029.686385,0,261.647461,43.183953,0.410931,26.870001,17.274049,7.408048
2020-09-14,137029.686385,0,0,137029.686385,0,266.204132,47.376332,0.411329,25.85,17.277562,7.408563
2020-09-15,137029.686385,0,0,137029.686385,0,269.977325,50.625263,0.411545,25.59,17.280966,7.408955
2020-09-16,137029.686385,0,0,137029.686385,0,265.672058,47.055453,0.412067,26.040001,17.284552,7.409557
2020-09-17,137029.686385,0,0,137029.686385,0,261.521759,43.845721,0.412577,26.459999,17.288306,7.410365
2020-09-18,137029.686385,0,0,137029.686385,0,258.184052,41.399968,0.41293,25.83,17.2918,7.410863
2020-09-21,137029.686385,0,0,137029.686385,0,258.803223,42.045797,0.41268,27.780001,17.296087,7.412381
2020-09-22,137029.686385,0,0,137029.686385,0,263.611481,46.93656,0.413184,26.860001,17.299996,7.413388
2020-09-23,137029.686385,0,0,137029.686385,0,255.562225,40.73858,0.414639,28.58,17.304604,7.415378
2020-09-24,137029.686385,0,0,137029.686385,0,256.752319,41.95893,0.41449,28.51,17.309179,7.41732
2020-09-25,137029.686385,0,0,137029.686385,0,262.721405,47.768648,0.415256,26.379999,17.312882,7.41807
2020-09-28,137029.686385,0,0,137029.686385,0,268.177795,52.453742,0.415545,26.190001,17.316503,7.418723
2020-09-29,137029.686385,0,0,137029.686385,0,266.968536,51.354324,0.415501,26.27,17.320155,7.419413
2020-09-30,137029.686385,0,0,137029.686385,0,268.796997,52.959809,0.415383,26.370001,17.323844,7.42015
2020-10-01,137029.686385,0,0,137029.686385,0,273.063416,56.562211,0.415101,26.700001,17.327665,7.421051
2020-10-02,137029.686385,0,0,137029.686385,0,265.381927,49.249308,0.416534,27.629999,17.331862,7.422452
2020-10-05,137029.686385,0,0,137029.686385,0,271.041443,53.971157,0.416901,27.959999,17.336189,7.424038
2020-10-06,137029.686385,0,0,137029.686385,0,266.204132,49.713651,0.417528,29.48,17.341131,7.426569
2020-10-07,137029.686385,0,0,137029.686385,0,270.809326,53.476321,0.417465,28.059999,17.345492,7.428205
2020-10-08,137029.686385,0,0,137029.686385,0,272.250763,54.620871,0.417375,26.360001,17.349158,7.428918
2020-10-09,137029.686385,0,0,137029.686385,0,276.410858,57.844238,0.417628,25,17.352268,7.429009
2020-10-12,137029.686385,0,0,137029.686385,0,284.943726,63.561528,0.418838,25.07,17.355404,7.429128
2020-10-13,137029.686385,0,0,137029.686385,0,284.934021,63.550971,0.418838,26.07,17.358944,7.429694
2020-10-14,137029.686385,0,0,137029.686385,0,282.554169,60.880643,0.418807,26.4,17.362615,7.430419
2020-10-15,137029.686385,0,0,137029.686385,0,280.65799,58.762021,0.418899,26.969999,17.366514,7.431431
2020-10-16,137029.686385,0,0,137029.686385,0,279.11972,57.028212,0.418985,27.41,17.370588,7.432676
2020-10-19,137029.686385,0,0,137029.686385,0,274.562988,52.122151,0.419328,29.18,17.375377,7.434973
2020-10-20,137029.686385,0,0,137029.686385,0,275.153076,52.689756,0.419238,29.35,17.380231,7.437374
2020-10-21,137029.686385,0,0,137029.686385,0,274.940277,52.448276,0.41909,28.65,17.384797,7.439326
2020-10-22,137029.686385,0,0,137029.686385,0,274.930634,52.436548,0.419094,28.110001,17.389141,7.44095
2020-10-23,137029.686385,0,0,137029.686385,0,275.472382,53.071428,0.418981,27.549999,17.393255,7.442251
2020-10-26,137029.686385,0,0,137029.686385,0,271.341339,47.828738,0.419384,32.459999,17.399352,7.446916
2020-10-27,137029.686385,0,0,137029.686385,0,273.460114,50.528103,0.419333,33.349998,17.405805,7.452317
2020-10-28,137029.686385,0,0,137029.686385,0,262.798828,39.463508,0.422098,40.279999,17.415055,7.464994
2020-10-29,137029.686385,0,0,137029.686385,0,267.394165,45.049107,0.422515,37.59,17.423209,7.474499
2020-10-30,137029.686385,0,0,137029.686385,0,260.612396,39.287806,0.42376,38.02,17.431531,7.484447
2020-11-02,137029.686385,0,0,137029.686385,0,261.19281,39.995101,0.423658,37.130001,17.439487,7.493399
2020-11-03,137029.686385,0,0,137029.686385,0,265.710846,45.333853,0.424047,35.549999,17.446799,7.500718
2020-11-04,137029.686385,0,0,137029.686385,0,277.571777,56.32089,0.427086,29.57,17.451691,7.503157
2020-11-05,137029.686385,0,0,137029.686385,0,284.808319,61.416132,0.428055,27.58,17.455777,7.504401
2020-11-06,137029.686385,0,0,137029.686385,0,285.021149,61.558162,0.42805,24.860001,17.458762,7.50436
2020-11-09,137029.686385,0,0,137029.686385,0,279.197144,55.533853,0.428868,25.75,17.462104,7.504693
2020-11-10,137029.686385,0,0,137029.686385,0,274.195374,50.924547,0.429495,24.799999,17.46506,7.504626
2020-11-11,137029.686385,0,0,137029.686385,0,280.328979,55.772385,0.430212,23.450001,17.467471,7.504075
2020-11-12,137029.686385,0,0,137029.686385,0,279.013306,54.528096,0.430273,25.35,17.470644,7.504231
2020-11-13,137029.686385,0,0,137029.686385,0,281.460907,56.473598,0.430353,23.1,17.472909,7.50357
2020-11-16,137029.686385,0,0,137029.686385,0,283.657043,58.201629,0.430363,22.450001,17.474912,7.502724
2020-11-17,137029.686385,0,0,137029.686385,0,282.757294,57.199694,0.430398,22.709999,17.477016,7.50195
2020-11-18,137029.686385,0,0,137029.686385,0,280.667603,54.838483,0.43053,23.84,17.479574,7.501526
2020-11-19,137029.686385,0,0,137029.686385,0,282.863708,56.854226,0.430504,23.110001,17.481836,7.500867
2020-11-20,137029.686385,0,0,137029.686385,0,280.928833,54.544288,0.430598,23.700001,17.484333,7.500396
2020-11-23,137029.686385,0,0,137029.686385,0,280.938568,54.554293,0.4306,22.66,17.486411,7.499606
2020-11-24,137029.686385,0,0,137029.686385,0,284.885681,58.538843,0.430683,21.639999,17.488078,7.498563
2020-11-25,137029.686385,0,0,137029.686385,0,286.636841,60.205847,0.430719,21.25,17.489587,7.497436
2020-11-27,137029.686385,0,0,137029.686385,0,289.277985,62.645294,0.430768,20.84,17.49093,7.496233
2020-11-30,137029.686385,0,0,137029.686385,0,289.868103,63.188282,0.430706,20.57,17.492164,7.494983
2020-12-01,137029.686385,0,0,137029.686385,0,293.583069,66.49055,0.430679,20.77,17.493478,7.493768
2020-12-02,137029.686385,0,0,137029.686385,0,293.960449,66.816208,0.430528,21.17,17.49495,7.492628
2020-12-03,137029.686385,0,0,137029.686385,0,294.376465,67.194697,0.430508,21.280001,17.496465,7.491511
2020-12-04,137029.686385,0,0,137029.686385,0,295.576141,68.316957,0.430518,20.790001,17.497783,7.490301
2020-12-07,137029.686385,0,0,137029.686385,0,297.249725,69.865697,0.430409,21.299999,17.499304,7.489188
2020-12-08,137029.686385,0,0,137029.686385,0,298.255951,70.790209,0.430349,20.68,17.500576,7.48796
2020-12-09,137029.686385,0,0,137029.686385,0,291.503143,57.942581,0.431348,22.27,17.502482,7.48707
2020-12-10,137029.686385,0,0,137029.686385,0,292.673767,59.320866,0.431335,22.52,17.504487,7.486246
2020-12-11,137029.686385,0,0,137029.686385,0,292.025482,58.183682,0.4313,23.309999,17.506805,7.485649
2020-12-14,137029.686385,0,0,137029.686385,0,294.144196,60.826725,0.43135,24.719999,17.509685,7.485542
2020-12-15,137029.686385,0,0,137029.686385,0,297.288513,64.420849,0.431369,22.889999,17.511832,7.484819
2020-12-16,137029.686385,0,0,137029.686385,0,298.923431,66.15943,0.431393,22.5,17.513821,7.483989
2020-12-17,137029.686385,0,0,137029.686385,0,300.877716,68.162148,0.431432,21.93,17.515582,7.483016
2020-12-18,137029.686385,0,0,137029.686385,0,299.968292,66.198808,0.431432,21.57,17.517198,7.481961
2020-12-21,137029.686385,0,0,137029.686385,0,299.407074,64.955389,0.431441,25.16,17.520243,7.482026
2020-12-22,137029.686385,0,0,137029.686385,0,300.221252,65.954468,0.431441,24.23,17.522915,7.481733
2020-12-23,137029.686385,0,0,137029.686385,0,298.709351,62.397077,0.431512,23.309999,17.525219,7.481135
2020-12-24,137029.686385,0,0,137029.686385,0,300.027374,64.20942,0.431437,21.530001,17.526813,7.480072
2020-12-28,137029.686385,0,0,137029.686385,0,303.051331,68.017987,0.431549,21.700001,17.528473,7.479047
2020-12-29,137029.686385,0,0,137029.686385,0,303.322723,68.343571,0.431439,23.08,17.53068,7.478378
2020-12-30,137029.686385,0,0,137029.686385,0,303.332428,68.355976,0.431443,22.77,17.532762,7.477621
2020-12-31,137029.686385,0,0,137029.686385,0,304.078766,69.350724,0.431066,22.75,17.534835,7.476858
2021-01-04,137029.686385,0,0,137029.686385,0,299.785156,58.045882,0.431288,26.969999,17.538582,7.477737
2021-01-05,137029.686385,0,0,137029.686385,0,302.256561,61.89613,0.431323,25.34,17.541679,7.477868
2021-01-06,137029.686385,0,0,137029.686385,0,298.06958,53.018741,0.431716,25.07,17.544667,7.477887
2021-01-07,137029.686385,0,0,137029.686385,0,305.280487,62.890246,0.432498,22.370001,17.546581,7.477021
2021-01-08,137029.686385,0,0,137029.686385,0,309.205811,66.960007,0.43263,21.559999,17.548172,7.475965
2021-01-11,137029.686385,0,0,137029.686385,0,304.737823,59.025151,0.433032,24.08,17.550761,7.475614
2021-01-12,137029.686385,0,0,137029.686385,0,304.253204,58.219283,0.43288,23.33,17.553051,7.475017
2021-01-13,137029.686385,0,0,137029.686385,0,306.307831,60.670927,0.432878,22.209999,17.554895,7.474111
2021-01-14,137029.686385,0,0,137029.686385,0,304.669891,57.761104,0.432954,23.25,17.55715,7.47349
2021-01-15,137029.686385,0,0,137029.686385,0,302.256561,53.676292,0.432989,24.34,17.559834,7.473229
2021-01-19,137029.686385,0,0,137029.686385,0,306.666443,59.3354,0.433255,23.24,17.562081,7.472604
2021-01-20,137029.686385,0,0,137029.686385,0,313.799896,66.470896,0.434022,21.58,17.563669,7.471553
2021-01-21,137029.686385,0,0,137029.686385,0,316.309998,68.561382,0.43409,21.32,17.565154,7.470449
2021-01-22,137029.686385,0,0,137029.686385,0,315.398987,66.930339,0.434117,21.91,17.566871,7.469472
2021-01-25,137029.686385,0,0,137029.686385,0,318.006165,69.18935,0.434026,23.190001,17.569092,7.468832
2021-01-26,137029.686385,0,0,137029.686385,0,318.471497,69.588652,0.433184,23.02,17.571244,7.468142
2021-01-27,137029.686385,0,0,137029.686385,0,309.593475,54.955191,0.434356,37.209999,17.578994,7.476853
2021-01-28,137029.686385,0,0,137029.686385,0,311.425262,56.965969,0.434388,30.209999,17.583976,7.479586
2021-01-29,137029.686385,0,0,137029.686385,0,304.873444,48.608033,0.435238,33.09,17.590091,7.484447
2021-02-01,137029.686385,0,0,137029.686385,0,312.491425,56.584197,0.435625,30.24,17.595077,7.487185
2021-02-02,137029.686385,0,0,137029.686385,0,317.589447,60.951829,0.435681,25.559999,17.598215,7.487378
2021-02-03,137029.686385,0,0,137029.686385,0,316.329498,59.362385,0.43499,22.91,17.600307,7.486645
2021-02-04,137029.686385,0,0,137029.686385,0,320.070587,62.490148,0.43516,21.77,17.601949,7.485628
2021-02-05,137029.686385,0,0,137029.686385,0,321.156189,63.371168,0.435082,20.870001,17.603235,7.484435
2021-02-08,137029.686385,0,0,137029.686385,0,323.307709,65.119725,0.435071,21.24,17.604666,7.48331
2021-02-09,137029.686385,0,0,137029.686385,0,323.239899,65.014384,0.434891,21.629999,17.606249,7.482264
2021-02-10,137029.686385,0,0,137029.686385,0,322.503296,63.806907,0.434912,21.99,17.607972,7.481297
2021-02-11,137029.686385,0,0,137029.686385,0,324.276917,65.469859,0.434826,21.25,17.609403,7.480175
2021-02-12,137029.686385,0,0,137029.686385,0,326.089355,67.131806,0.434842,19.969999,17.61033,7.478852
2021-02-16,137029.686385,0,0,137029.686385,0,325.207367,65.480176,0.434867,21.459999,17.611841,7.477772
2021-02-17,137029.686385,0,0,137029.686385,0,323.646942,62.548176,0.43493,21.5,17.613367,7.476701
2021-02-18,137029.686385,0,0,137029.686385,0,322.231964,59.927741,0.434875,22.49,17.61528,7.475857
2021-02-19,137029.686385,0,0,137029.686385,0,320.826569,57.357451,0.43474,22.049999,17.61702,7.474907
2021-02-22,137029.686385,0,0,137029.686385,0,312.510773,45.046195,0.435292,23.450001,17.619306,7.474333
2021-02-23,137029.686385,0,0,137029.686385,0,311.580322,43.910517,0.432557,23.110001,17.621458,7.473658
2021-02-24,137029.686385,0,0,137029.686385,0,314.148743,47.821167,0.431209,21.34,17.622914,7.472556
2021-02-25,137029.686385,0,0,137029.686385,0,303.196686,36.223468,0.433483,28.889999,17.627326,7.474419
2021-02-26,137029.686385,0,0,137029.686385,0,304.4664,38.097826,0.428791,27.950001,17.631366,7.475745
2021-03-01,137029.686385,0,0,137029.686385,0,313.625397,49.603641,0.430097,23.35,17.633603,7.475138
2021-03-02,137029.686385,0,0,137029.686385,0,308.595215,44.690623,0.426645,24.1,17.636132,7.474769
2021-03-03,137029.686385,0,0,137029.686385,0,299.63974,37.558309,0.426297,26.67,17.639664,7.475442
2021-03-04,137029.686385,8503.375792,0,128526.310593,1,294.735565,34.327453,0.424204,28.57,17.643935,7.477103
2021-03-05,137315.335116,8789.024523,0,128526.310593,1,299.17453,39.408182,0.422737,24.66,17.646676,7.476928
2021-03-08,136721.60388,16586.421344,0,120135.182536,2,290.703644,34.002131,0.423711,25.469999,17.649731,7.477066
2021-03-09,138129.339029,17994.156493,0,120135.182536,2,302.169373,45.000114,0.416724,24.030001,17.652221,7.476669
2021-03-10,137864.66076,17729.478224,0,120135.182536,2,301.306854,44.400703,0.412186,22.559999,17.654136,7.475838
2021-03-11,138769.732175,18634.549639,0,120135.182536,2,308.246307,50.153594,0.409176,21.91,17.655796,7.474852
2021-03-12,137899.928502,17764.745966,0,120135.182536,2,305.745728,48.21752,0.391926,20.690001,17.656979,7.473634
2021-03-15,138012.965967,17877.783431,0,120135.182536,2,309.011902,50.884512,0.380335,20.030001,17.657903,7.472324
2021-03-16,137296.367074,17161.184537,0,120135.182536,2,310.708069,52.259625,0.346814,19.790001,17.658734,7.470986
2021-03-17,137177.448896,17042.266359,0,120135.182536,2,311.987427,53.321194,0.336245,19.23,17.659346,7.469595
2021-03-18,135770.340985,15635.158448,0,120135.182536,2,302.431061,45.230608,0.336277,21.58,17.660872,7.468542
2021-03-19,135914.606712,15779.424176,0,120135.182536,2,303.497162,46.211142,0.33625,20.950001,17.662152,7.46737
2021-03-22,136625.161284,16489.978747,0,120135.182536,2,309.188812,51.231018,0.332942,18.879999,17.662625,7.465955
2021-03-23,136420.474481,16285.291944,0,120135.182536,2,307.839783,50.039015,0.333037,20.299999,17.663651,7.464684
2021-03-24,135352.614479,15217.431943,0,120135.182536,2,302.648041,45.638052,0.322334,21.200001,17.665025,7.463559
2021-03-25,135263.285569,15128.103032,0,120135.182536,2,302.123993,45.20586,0.322162,19.809999,17.665859,7.462228
2021-03-26,135770.096264,15634.913727,0,120135.182536,2,306.655914,49.646776,0.317048,18.860001,17.666322,7.460815
2021-03-29,135643.432529,15508.249993,0,120135.182536,2,306.568604,49.563433,0.313912,20.74,17.667516,7.459612
2021-03-30,135338.673682,15203.491146,0,120135.182536,2,305.025574,48.028912,0.311408,19.610001,17.668269,7.458263
2021-03-31,136021.578221,15886.395685,0,120135.182536,2,309.69342,52.790659,0.311549,19.4,17.668941,7.456893
2021-04-01,136683.513769,16548.331232,0,120135.182536,2,314.972565,57.530005,0.307195,17.33,17.66881,7.45545
2021-04-05,137608.172755,17472.990219,0,120135.182536,2,321.260895,62.375298,0.307168,17.91,17.668903,7.454006
2021-04-06,137548.256213,17413.073677,0,120135.182536,2,321.037689,62.104456,0.306539,18.120001,17.669078,7.452566
2021-04-07,137372.19056,17237.008023,0,120135.182536,2,321.814026,62.710932,0.29582,17.16,17.668881,7.451129
2021-04-08,137890.925554,17755.743018,0,120135.182536,2,325.171722,65.297713,0.295971,16.950001,17.668602,7.4497
2021-04-09,138169.866826,18034.68429,0,120135.182536,2,327.141663,66.754857,0.295136,16.690001,17.668224,7.448282
2021-04-12,138078.435482,17943.252946,0,120135.182536,2,326.714722,66.106982,0.295163,16.91,17.66793,7.446856
2021-04-13,138674.099129,18538.916593,0,120135.182536,2,330.528473,69.001147,0.295201,16.65,17.667537,7.445442
2021-04-14,137944.950116,17809.76758,0,120135.182536,2,326.559448,62.974271,0.291624,16.99,17.667275,7.444014
2021-04-15,138721.012354,18585.829818,0,120135.182536,2,331.508636,66.861208,0.291604,16.57,17.666851,7.442607
2021-04-16,138758.256356,18623.073819,0,120135.182536,2,331.89679,67.152454,0.290958,16.25,17.666304,7.441221
2021-04-19,138253.924353,18118.741816,0,120135.182536,2,328.859375,62.521813,0.291115,17.290001,17.666158,7.439787
2021-04-20,137860.038934,17724.856398,0,120135.182536,2,326.462463,59.06074,0.290854,18.68,17.66655,7.438378
2021-04-21,138196.45276,18061.270223,0,120135.182536,2,329.257263,61.721567,0.287054,17.5,17.666485,7.436943
2021-04-22,137524.52905,17389.346514,0,120135.182536,2,325.288208,56.141004,0.285672,18.709999,17.666888,7.435536
2021-04-23,138171.156283,18035.973746,0,120135.182536,2,329.383453,60.145065,0.285916,17.33,17.666758,7.434105
2021-04-26,138478.529035,18343.346498,0,120135.182536,2,331.528076,62.096598,0.285491,17.639999,17.666748,7.432672
2021-04-27,138240.668931,18105.486394,0,120135.182536,2,330.091827,59.978468,0.285492,17.559999,17.666706,7.43124
2021-04-28,138028.33855,17893.156014,0,120135.182536,2,328.975861,58.314043,0.284457,17.280001,17.666558,7.429813
2021-04-29,138139.101394,18003.918858,0,120135.182536,2,330.159668,59.594954,0.281681,17.610001,17.666536,7.428382
2021-04-30,137789.950376,17654.76784,0,120135.182536,2,327.995728,56.195718,0.281847,18.610001,17.666899,7.426976
2021-05-03,137431.432446,17296.24991,0,120135.182536,2,326.248901,53.540832,0.279601,18.309999,17.667146,7.425557
2021-05-04,136521.131602,16385.949066,0,120135.182536,2,320.377838,45.722341,0.280379,19.48,17.667843,7.424214
2021-05-05,136341.19766,16206.015124,0,120135.182536,2,319.300598,44.440032,0.280208,19.15,17.668413,7.422844
2021-05-06,136708.693687,16573.511151,0,120135.182536,2,321.707275,47.952059,0.280244,18.389999,17.66869,7.421431
2021-05-07,137104.723235,16969.540699,0,120135.182536,2,324.317749,51.530934,0.280031,16.690001,17.668314,7.42003
2021-05-10,135845.753214,15710.570678,0,120135.182536,2,316.12735,41.815708,0.281554,19.66,17.669079,7.418708
2021-05-11,135767.429722,15632.247186,0,120135.182536,2,315.690643,41.367874,0.281434,21.84,17.670679,7.417734
2021-05-12,134542.216688,21067.635074,0,113474.581614,3,307.519592,34.025237,0.282087,27.59,17.674484,7.418854
2021-05-13,135035.377896,21560.796282,0,113474.581614,3,309.897156,37.501384,0.281679,23.129999,17.676576,7.418201
2021-05-14,136585.414961,23110.833347,0,113474.581614,3,316.738647,46.273636,0.282492,18.809999,17.67701,7.416811
2021-05-17,136118.545431,22643.963817,0,113474.581614,3,314.817291,44.38929,0.282577,19.719999,17.677793,7.415498
2021-05-18,135607.083942,22132.502329,0,113474.581614,3,312.691925,42.335562,0.28201,21.34,17.679196,7.414423
2021-05-19,135673.147308,22198.565694,0,113474.581614,3,313.050995,42.816913,0.281971,22.18,17.680919,7.413526
2021-05-20,137024.922734,23550.34112,0,113474.581614,3,319.106476,50.344802,0.281914,20.67,17.682063,7.412338
2021-05-21,136600.068763,23125.48715,0,113474.581614,3,317.340363,48.345775,0.281646,20.15,17.683007,7.411077
2021-05-24,137806.779558,24332.197945,0,113474.581614,3,322.677673,54.256998,0.282229,18.4,17.683281,7.409672
2021-05-25,137895.557239,24420.975626,0,113474.581614,3,323.124146,54.723763,0.282184,18.84,17.683723,7.40829
2021-05-26,138142.402462,24667.820849,0,113474.581614,3,324.249878,55.944438,0.282155,17.360001,17.6836,7.406876
2021-05-27,137851.205721,24376.624107,0,113474.581614,3,323.036743,54.247114,0.282205,16.74,17.683239,7.405484
2021-05-28,138057.303727,24582.722114,0,113474.581614,3,324.055725,55.469224,0.281773,16.76,17.682887,7.404092
2021-06-01,137760.125406,24285.543792,0,113474.581614,3,322.978546,53.832255,0.281825,17.9,17.682969,7.402679
2021-06-02,137890.66192,24416.080306,0,113474.581614,3,323.609406,54.675875,0.281754,17.48,17.682892,7.401267
2021-06-03,137116.262429,23641.680815,0,113474.581614,3,320.241943,49.478546,0.282088,18.040001,17.683028,7.399858
2021-06-04,138375.505611,24900.923997,0,113474.581614,3,325.6763,56.641453,0.282517,16.42,17.682547,7.398488
2021-06-07,138531.158482,25056.576868,0,113474.581614,3,326.646729,57.792268,0.281671,16.42,17.682066,7.397119
2021-06-08,138550.922468,25076.340854,0,113474.581614,3,326.802002,57.984427,0.281569,17.07,17.681832,7.395719
2021-06-09,138553.173299,25078.591685,0,113474.581614,3,326.879608,58.087134,0.281483,17.889999,17.681912,7.394311
2021-06-10,139338.474971,25863.893357,0,113474.581614,3,330.285889,62.428404,0.281404,16.1,17.681309,7.392968
2021-06-11,139259.803412,25785.221798,0,113474.581614,3,331.149597,63.461849,0.274311,15.65,17.680537,7.391667
2021-06-14,139983.72389,26509.142276,0,113474.581614,3,334.322845,67.048019,0.274372,16.389999,17.680046,7.390303
2021-06-15,139444.041553,25969.45994,0,113474.581614,3,332.139496,62.502479,0.274246,17.02,17.679795,7.388909
2021-06-16,139120.963946,25646.382332,0,113474.581614,3,330.926392,60.065865,0.27367,18.15,17.679973,7.387509
2021-06-17,140126.505843,26651.924229,0,113474.581614,3,335.128387,65.135892,0.273995,17.75,17.68,7.386105
2021-06-18,139491.727345,26017.145731,0,113474.581614,3,332.498505,60.00145,0.274216,20.700001,17.681147,7.384937
2021-06-21,139952.064104,26477.48249,0,113474.581614,3,334.56488,62.502556,0.274271,17.889999,17.681226,7.383535
2021-06-22,140688.083826,27213.502213,0,113474.581614,3,337.683716,65.962097,0.274143,16.66,17.680839,7.38216
2021-06-23,140711.034536,27236.452922,0,113474.581614,3,337.848755,66.140122,0.274012,16.32,17.680322,7.380807
2021-06-24,141162.019063,27687.437449,0,113474.581614,3,339.937714,68.393445,0.272765,15.97,17.679674,7.379482
2021-06-25,141042.291715,27567.710101,0,113474.581614,3,339.519897,67.426924,0.272612,15.62,17.678893,7.378192
2021-06-28,141968.839373,28494.257759,0,113474.581614,3,343.648987,71.685458,0.271199,15.76,17.678166,7.376888
2021-06-29,142256.593116,28782.011502,0,113474.581614,3,344.892578,72.837273,0.270979,16.02,17.677538,7.37556
2021-06-30,142080.519497,28605.937884,0,113474.581614,3,344.34848,71.467447,0.270145,15.83,17.676838,7.374251
2021-07-01,142092.511854,28617.93024,0,113474.581614,3,344.484558,71.611245,0.26987,15.48,17.676007,7.372979
2021-07-02,143071.419821,29596.838208,0,113474.581614,3,348.438782,75.478618,0.270062,15.07,17.675021,7.371758
2021-07-06,143353.877729,29879.296115,0,113474.581614,3,349.944672,76.776158,0.268676,16.440001,17.674554,7.370402
2021-07-07,143521.539029,30046.957416,0,113474.581614,3,350.683014,77.407393,0.268494,16.200001,17.673996,7.369064
2021-07-08,142969.90895,29495.327337,0,113474.581614,3,348.565125,71.41148,0.268269,19,17.674497,7.367716
2021-07-09,143502.453731,30027.872117,0,113474.581614,3,350.741364,73.668505,0.268199,16.18,17.673933,7.366381
2021-07-12,143810.305425,30335.723812,0,113474.581614,3,352.111328,75.006221,0.268135,16.17,17.673365,7.365047
2021-07-13,143754.875739,30280.294125,0,113474.581614,3,352.111328,75.006221,0.266819,17.120001,17.673156,7.363664
2021-07-14,143900.053616,30425.472003,0,113474.581614,3,352.742798,75.66706,0.266732,16.33,17.672649,7.36232
2021-07-15,143268.169844,29793.58823,0,113474.581614,3,350.265259,68.063284,0.26692,17.01,17.672399,7.360942
2021-07-16,142545.736974,29071.15536,0,113474.581614,3,347.428436,60.559181,0.266981,18.450001,17.672692,7.359569
2021-07-19,141807.854396,28333.272783,0,113474.581614,3,344.581726,54.111928,0.267226,22.5,17.674512,7.358779
2021-07-20,142740.655915,29266.074301,0,113474.581614,3,348.584595,60.482734,0.265573,19.73,17.675286,7.3575
2021-07-21,143398.877901,29924.296287,0,113474.581614,3,351.275818,64.092226,0.265314,17.91,17.675375,7.356115
2021-07-22,143978.183338,30503.601724,0,113474.581614,3,353.597748,66.901246,0.265377,17.690001,17.67538,7.354729
2021-07-23,144964.246697,31489.665083,0,113474.581614,3,357.726837,71.213853,0.263549,17.200001,17.675201,7.35335
2021-07-26,144991.381189,31516.799576,0,113474.581614,3,358.008667,71.486933,0.263219,17.58,17.675166,7.351967
2021-07-27,143959.229091,30484.647477,0,113474.581614,3,354.064117,62.543878,0.26292,19.360001,17.675799,7.350656
2021-07-28,144278.215244,30803.63363,0,113474.581614,3,355.424255,64.206646,0.262382,18.309999,17.676038,7.349284
2021-07-29,144419.664084,30945.08247,0,113474.581614,3,356.055817,64.983955,0.262103,17.700001,17.676047,7.347903
2021-07-30,143935.275365,30460.693751,0,113474.581614,3,354.200073,60.805453,0.262182,18.24,17.676258,7.34653
2021-08-02,143884.290522,30409.708909,0,113474.581614,3,354.229279,60.84812,0.261445,19.459999,17.676928,7.345231
2021-08-03,144412.312345,30937.730731,0,113474.581614,3,356.376404,63.954808,0.261099,18.040001,17.677065,7.343855
2021-08-04,144532.56186,31057.980246,0,113474.581614,3,356.891296,64.678621,0.261083,17.969999,17.677174,7.342479
2021-08-05,145107.048078,31632.466464,0,113474.581614,3,359.15509,67.745357,0.26115,17.280001,17.677026,7.341105
2021-08-06,144679.557178,31204.975564,0,113474.581614,3,357.581116,63.61003,0.260842,16.15,17.676453,7.339788
2021-08-09,144801.344489,31326.762875,0,113474.581614,3,358.241821,64.587234,0.260387,16.719999,17.676094,7.338435
2021-08-10,144317.025633,30842.444019,0,113474.581614,3,356.405548,59.782273,0.260416,16.790001,17.675762,7.33708
2021-08-11,144113.209538,30638.627924,0,113474.581614,3,355.793427,58.227189,0.259284,16.17,17.675198,7.335763
2021-08-12,144385.407611,30910.825997,0,113474.581614,3,357.075958,60.543089,0.257744,15.59,17.674418,7.3345
2021-08-13,144698.374565,31223.792951,0,113474.581614,3,358.329193,62.718155,0.257756,15.45,17.673585,7.333253
2021-08-16,144703.600793,31229.01918,0,113474.581614,3,358.48468,62.990743,0.257741,16.120001,17.673004,7.331943
2021-08-17,143875.759878,30401.178264,0,113474.581614,3,355.327118,54.306998,0.257723,17.91,17.673093,7.330573
2021-08-18,142990.864679,29516.283066,0,113474.581614,3,351.907196,46.784214,0.257847,21.57,17.67455,7.329589
2021-08-19,143410.258516,29935.676902,0,113474.581614,3,353.607452,50.458515,0.257714,21.67,17.676043,7.328626
2021-08-20,144335.702564,30861.12095,0,113474.581614,3,357.270294,57.298645,0.2575,18.559999,17.676373,7.327276
2021-08-23,145703.910355,32229.328741,0,113474.581614,3,362.6138,64.910137,0.257935,17.15,17.676176,7.325915
2021-08-24,145980.728967,32506.147353,0,113474.581614,3,363.721344,66.252854,0.257873,17.219999,17.676006,7.324552
2021-08-25,146075.295486,32600.713872,0,113474.581614,3,364.13913,66.769411,0.257746,16.790001,17.675675,7.323205
2021-08-26,145430.201092,31955.619478,0,113474.581614,3,361.826752,61.186901,0.256767,18.84,17.67611,7.321873
2021-08-27,146346.299546,32871.717933,0,113474.581614,3,365.343842,65.862081,0.256931,16.389999,17.67563,7.320549
2021-08-30,147402.877359,33928.295745,0,113474.581614,3,369.443848,70.346281,0.257173,16.190001,17.675076,7.319241
2021-08-31,147308.270784,33833.689171,0,113474.581614,3,369.1427,69.62288,0.257046,16.48,17.674631,7.317913
2021-09-01,147440.288215,33965.706601,0,113474.581614,3,369.75473,70.291526,0.256331,16.110001,17.674048,7.316612
2021-09-02,147377.296064,33902.71445,0,113474.581614,3,369.579865,69.81866,0.256133,16.41,17.673578,7.31529
2021-09-03,147458.731012,33984.149398,0,113474.581614,3,370.716522,71.176032,0.248072,16.41,17.673108,7.313969
2021-09-07,147540.220564,34065.638951,0,113474.581614,3,371.241211,71.806362,0.247451,18.139999,17.673281,7.312613
2021-09-08,146995.152109,33520.570495,0,113474.581614,3,369.948975,67.869811,0.239939,17.959999,17.673388,7.311255
2021-09-09,146586.778464,33112.196851,0,113474.581614,3,368.6763,64.140365,0.237697,18.799999,17.673807,7.309928
2021-09-10,145795.537534,32320.955921,0,113474.581614,3,365.878235,56.756127,0.23654,20.950001,17.675024,7.308842
2021-09-13,145691.07229,32216.490676,0,113474.581614,3,365.62561,56.127844,0.236342,19.370001,17.675654,7.307556
2021-09-14,145383.634778,31909.053165,0,113474.581614,3,364.585999,53.503016,0.235613,19.459999,17.676316,7.30628
2021-09-15,146091.733637,32617.152023,0,113474.581614,3,367.296631,58.89997,0.235224,18.18,17.676503,7.30493
2021-09-16,146127.073814,32652.4922,0,113474.581614,3,367.549286,59.373315,0.2343,18.690001,17.676879,7.3036
2021-09-17,144938.21278,31463.631167,0,113474.581614,3,363.196716,48.920593,0.233942,20.809999,17.678042,7.302494
2021-09-20,142936.289048,29461.707434,0,113474.581614,3,355.691925,36.868319,0.234841,25.709999,17.68102,7.302778
2021-09-21,143040.647461,29566.065847,0,113474.581614,3,356.129578,37.830224,0.234837,24.360001,17.683495,7.302556
2021-09-22,143891.972061,30417.390447,0,113474.581614,3,359.455994,44.723943,0.234129,20.870001,17.684676,7.30146
2021-09-23,144690.639075,31216.057462,0,113474.581614,3,362.772583,50.605021,0.231076,18.629999,17.685026,7.30013
2021-09-24,144770.72018,31296.138567,0,113474.581614,3,363.113098,51.17934,0.231043,17.75,17.68505,7.298778
2021-09-27,143933.338306,30458.756692,0,113474.581614,3,360.2146,46.249852,0.229843,18.76,17.685448,7.297456
2021-09-28,141271.651728,27797.070114,0,113474.581614,3,350.021423,33.888194,0.231458,23.25,17.687506,7.29689
2021-09-29,141109.070883,27634.489269,0,113474.581614,3,349.447662,33.347887,0.231383,22.559999,17.689308,7.296142
2021-09-30,140763.076952,27288.495339,0,113474.581614,3,348.163727,32.113977,0.231349,23.139999,17.691323,7.295546
2021-10-01,141298.578788,27823.997174,0,113474.581614,3,350.322937,36.377441,0.230753,21.1,17.692583,7.294491
2021-10-04,139327.420114,25852.8385,0,113474.581614,3,342.96991,29.56738,0.229563,22.959999,17.694529,7.293846
2021-10-05,140491.325876,27016.744262,0,113474.581614,3,347.59964,37.500915,0.228774,21.299999,17.69586,7.292828
2021-10-06,141033.504505,27558.922891,0,113474.581614,3,349.826874,40.947027,0.227716,21,17.69708,7.291758
2021-10-07,141850.857023,28376.27541,0,113474.581614,3,353.03653,45.601989,0.227101,19.540001,17.69776,7.290498
2021-10-08,141377.672038,27903.090424,0,113474.581614,3,351.276184,43.573285,0.227158,18.77,17.698156,7.289182
2021-10-11,140628.153835,27153.572221,0,113474.581614,3,348.58197,40.596532,0.226755,20,17.699004,7.287971
2021-10-12,140227.195377,26752.613763,0,113474.581614,3,347.36618,39.292049,0.224015,19.85,17.699797,7.286744
2021-10-13,140950.238378,27475.656764,0,113474.581614,3,350.147827,43.745862,0.224179,18.639999,17.700144,7.285424
2021-10-14,142666.432525,29191.850912,0,113474.581614,3,356.596436,52.454404,0.224875,16.860001,17.699834,7.284099
2021-10-15,143254.892071,29780.310457,0,113474.581614,3,358.843231,55.064535,0.224777,16.299999,17.699319,7.282807
2021-10-18,144198.42007,30723.838457,0,113474.581614,3,362.451721,58.961203,0.224901,16.309999,17.698808,7.281515
2021-10-19,144912.772953,31438.191339,0,113474.581614,3,365.194489,61.681175,0.224044,15.7,17.698072,7.280276
2021-10-20,144773.340006,31298.758392,0,113474.581614,3,364.717926,60.925587,0.22406,15.49,17.69726,7.27906
2021-10-21,145371.16543,31896.583816,0,113474.581614,3,366.94519,63.194815,0.224128,15.01,17.696272,7.277903
2021-10-22,144528.341022,31053.759409,0,113474.581614,3,363.862091,58.159712,0.224418,15.43,17.695439,7.276695
2021-10-25,145517.577898,32042.996284,0,113474.581614,3,367.587128,62.089869,0.22468,15.24,17.694537,7.27551
2021-10-26,145806.496859,32331.915245,0,113474.581614,3,368.744629,63.245196,0.223837,15.98,17.693907,7.274248
2021-10-27,146028.352624,32553.771011,0,113474.581614,3,369.600525,64.116028,0.223701,16.98,17.693645,7.272925
2021-10-28,147049.22187,33574.640256,0,113474.581614,3,373.705048,68.028166,0.218499,16.530001,17.693218,7.271624
2021-10-29,147535.813366,34061.231752,0,113474.581614,3,375.543335,69.625369,0.217696,16.26,17.692693,7.270341
2021-11-01,147822.047008,34347.465395,0,113474.581614,3,376.827179,70.725307,0.215258,16.41,17.692222,7.269049
2021-11-02,148254.231671,34779.650057,0,113474.581614,3,378.402863,72.062478,0.215281,16.030001,17.691613,7.267786
2021-11-03,149365.365578,35890.783965,0,113474.581614,3,382.419891,75.175584,0.214731,15.1,17.690663,7.266623
2021-11-04,150660.295873,37185.714259,0,113474.581614,3,387.32193,78.346538,0.209071,15.44,17.689839,7.265419
2021-11-05,150727.836934,37253.25532,0,113474.581614,3,387.691559,78.568834,0.206992,16.48,17.689396,7.264125
2021-11-08,150551.81194,37077.230326,0,113474.581614,3,387.166321,77.353603,0.207014,17.219999,17.689224,7.262801
2021-11-09,149763.032079,36288.450466,0,113474.581614,3,384.501343,71.325568,0.205568,17.780001,17.689257,7.261472
2021-11-10,148143.507805,34668.926191,0,113474.581614,3,378.85022,60.550104,0.20516,18.73,17.689638,7.26017
2021-11-11,148409.40004,34934.818426,0,113474.581614,3,379.900665,61.708136,0.203627,17.66,17.689627,7.258843
2021-11-12,149540.173067,36065.591453,0,113474.581614,3,383.898254,65.820148,0.203804,16.290001,17.689115,7.257565
2021-11-15,149486.202533,36011.620919,0,113474.581614,3,383.810669,65.653796,0.203613,16.49,17.688677,7.256274
2021-11-16,150257.906954,36783.325341,0,113474.581614,3,386.543854,68.34263,0.203583,16.370001,17.688196,7.254993
2021-11-17,150306.774465,36832.192852,0,113474.581614,3,386.748047,68.540778,0.203515,17.110001,17.687985,7.253676
2021-11-18,151447.943675,37973.362062,0,113474.581614,3,390.755249,72.216082,0.203537,17.59,17.687949,7.252352
2021-11-19,152065.423423,38590.841809,0,113474.581614,3,392.93399,73.994983,0.203451,17.91,17.68803,7.25103
2021-11-22,150732.64551,37258.063897,0,113474.581614,3,388.372345,64.66036,0.203812,19.17,17.68857,7.249762
2021-11-23,150218.140989,36743.559376,0,113474.581614,3,386.602173,61.422198,0.203928,19.379999,17.689187,7.248512
2021-11-24,150559.162333,37084.58072,0,113474.581614,3,387.847137,62.831993,0.203369,18.58,17.689512,7.24721
2021-11-26,148460.074985,34985.493371,0,113474.581614,3,380.494019,50.981636,0.204744,28.620001,17.693494,7.248893
2021-11-29,150807.672739,37333.091126,0,113474.581614,3,388.751709,60.085964,0.205971,22.959999,17.695412,7.248269
2021-11-30,149178.775056,35704.193443,0,113474.581614,3,383.042297,52.785933,0.206857,27.190001,17.698868,7.249213
2021-12-01,147331.524276,33856.942663,0,113474.581614,3,376.525665,45.927278,0.207537,31.120001,17.703752,7.252414
2021-12-02,148091.88758,34617.305967,0,113474.581614,3,379.239258,48.904489,0.20767,27.950001,17.707479,7.253727
2021-12-03,146241.489884,32766.90827,0,113474.581614,3,372.644928,42.745214,0.208859,30.67,17.712193,7.256619
2021-12-06,147055.312052,33580.730438,0,113474.581614,3,375.630829,46.058028,0.208997,27.18,17.715634,7.257544
2021-12-07,150294.221755,36819.640141,0,113474.581614,3,386.942596,56.359797,0.211747,21.889999,17.717151,7.256661
2021-12-08,150779.992919,37305.411306,0,113474.581614,3,388.673798,57.691521,0.211768,19.9,17.717944,7.255462
2021-12-09,149125.609441,35651.027827,0,113474.581614,3,382.954742,52.041634,0.210666,21.58,17.719346,7.254518
2021-12-10,150306.897047,36832.315433,0,113474.581614,3,387.117706,55.460895,0.210961,18.690001,17.719699,7.253224
2021-12-13,148698.539905,35223.958291,0,113474.581614,3,381.525055,50.275043,0.21176,20.309999,17.720639,7.252075
2021-12-14,147576.527148,34101.945534,0,113474.581614,3,377.576202,46.937757,0.212074,21.889999,17.722151,7.251194
2021-12-15,150026.988773,36552.40716,0,113474.581614,3,386.183868,54.091499,0.213335,19.290001,17.722719,7.249941
2021-12-16,147241.679493,33767.097879,0,113474.581614,3,376.253357,46.330991,0.215727,20.57,17.723751,7.248829
2021-12-17,146705.520741,33230.939127,0,113474.581614,3,374.37616,45.016211,0.215738,21.57,17.725145,7.247885
2021-12-20,145666.890982,32192.309368,0,113474.581614,3,370.744568,42.503306,0.216064,22.870001,17.727008,7.247233
2021-12-21,148007.168582,34532.586969,0,113474.581614,3,379.041962,49.446899,0.217543,21.01,17.728197,7.24619
2021-12-22,149308.69947,35834.117856,0,113474.581614,3,383.658142,52.857857,0.217946,18.629999,17.728523,7.244898
2021-12-23,150121.19033,36646.608716,0,113474.581614,3,386.550568,54.910747,0.217965,17.959999,17.728607,7.243588
2021-12-27,151918.541273,38443.95966,0,113474.581614,3,392.939209,59.142844,0.218707,17.68,17.72859,7.242278
2021-12-28,151386.129483,37911.54787,0,113474.581614,3,391.118042,57.486412,0.218547,17.540001,17.728521,7.240969
2021-12-29,151360.38232,37885.800707,0,113474.581614,3,391.059601,57.430825,0.218552,16.950001,17.72824,7.239675
2021-12-30,151017.818931,37543.237318,0,113474.581614,3,389.890961,56.259315,0.218601,17.33,17.728096,7.238371
2021-12-31,150316.118978,36841.537365,0,113474.581614,3,387.456268,53.797197,0.218767,17.219999,17.727913,7.23707
2022-01-03,151347.32587,37872.744257,0,113474.581614,3,391.186096,56.908453,0.218243,16.6,17.727505,7.235795
2022-01-04,149895.83157,36421.249957,0,113474.581614,3,386.112335,51.798569,0.218727,16.91,17.72721,7.234505
2022-01-05,146577.351776,33102.770162,0,113474.581614,3,374.250488,42.247673,0.221392,19.73,17.727933,7.233299
2022-01-06,146466.079345,32991.497731,0,113474.581614,3,373.987579,42.06255,0.219658,19.610001,17.728612,7.232083
2022-01-07,145324.775386,31850.193772,0,113474.581614,3,369.936249,39.21124,0.21963,18.76,17.728983,7.230805
2022-01-10,145349.969383,31875.387769,0,113474.581614,3,370.179779,39.47683,0.218858,19.4,17.729586,7.229571
2022-01-11,146906.529252,33431.947638,0,113474.581614,3,375.740509,45.348392,0.219496,18.41,17.729831,7.22828
2022-01-12,147314.765695,33840.184081,0,113474.581614,3,377.23056,46.836717,0.219413,17.620001,17.729791,7.226979
2022-01-13,144701.955803,31227.37419,0,113474.581614,3,367.793732,39.500003,0.221526,20.309999,17.73072,7.225843
2022-01-14,145324.820287,31850.238674,0,113474.581614,3,370.082306,41.877832,0.221374,19.190001,17.731245,7.224595
2022-01-18,142769.486971,29294.905357,0,113474.581614,3,360.869415,35.781131,0.222946,22.790001,17.733065,7.223933
2022-01-19,141655.639252,28181.057638,0,113474.581614,3,356.905823,33.520162,0.221752,23.85,17.735264,7.223565
2022-01-20,140400.681464,33291.851818,0,107108.829646,4,352.270172,31.049035,0.222166,25.59,17.738088,7.223801
2022-01-21,137228.163516,30119.33387,0,107108.829646,4,342.502136,26.599246,0.224759,28.85,17.74208,7.225573
2022-01-24,137692.165995,36855.936915,0,100836.22908,5,344.07016,28.373816,0.224615,29.9,17.746448,7.227949
2022-01-25,134632.130824,33795.901744,0,100836.22908,5,336.094055,25.055494,0.226414,31.16,17.751264,7.231119
2022-01-26,134253.183789,33416.95471,0,100836.22908,5,335.568176,24.84915,0.223809,31.959999,17.756364,7.234831
2022-01-27,132945.231779,32109.002699,0,100836.22908,5,332.188873,23.509304,0.224057,30.49,17.760933,7.237552
2022-01-28,137084.301293,36248.072213,0,100836.22908,5,342.609375,35.12549,0.225551,27.66,17.764483,7.238682
2022-01-31,141532.950182,40696.721102,0,100836.22908,5,353.565369,44.643972,0.22675,24.83,17.767017,7.23862
2022-02-01,142473.469746,41637.240666,0,100836.22908,5,355.970856,46.499995,0.226089,21.959999,17.76852,7.237758
2022-02-02,143666.876115,42830.647036,0,100836.22908,5,358.863312,48.726186,0.226211,22.09,17.770068,7.236923
2022-02-03,137975.055869,37138.82679,0,100836.22908,5,344.313568,39.763023,0.23132,24.35,17.772425,7.236698
2022-02-04,139725.164859,38888.935779,0,100836.22908,5,348.657104,43.12645,0.231757,23.219999,17.774375,7.236136
2022-02-07,138540.411386,37704.182306,0,100836.22908,5,345.852295,41.514458,0.231849,22.860001,17.776195,7.23548
2022-02-08,140109.187158,39272.958078,0,100836.22908,5,349.738129,44.603791,0.232217,21.440001,17.777506,7.234517
2022-02-09,143201.732514,42365.503434,0,100836.22908,5,357.149292,50.025672,0.233514,19.959999,17.778287,7.23334
2022-02-10,139956.921659,39120.692579,0,100836.22908,5,349.066101,44.867637,0.235099,23.91,17.780479,7.232976
2022-02-11,135724.681826,34888.452746,0,100836.22908,5,337.993134,38.94389,0.238228,27.360001,17.783903,7.23395
2022-02-14,135823.795246,34987.566166,0,100836.22908,5,338.411865,39.270417,0.238207,28.33,17.787671,7.235404
2022-02-15,139224.587536,38388.358457,0,100836.22908,5,346.826202,45.569822,0.239923,25.700001,17.790496,7.235656
2022-02-16,139165.18806,38328.95898,0,100836.22908,5,346.738586,45.516878,0.239858,24.290001,17.792817,7.235407
2022-02-17,135249.216664,34412.987585,0,100836.22908,5,336.425201,39.673716,0.24257,28.110001,17.796499,7.23674
2022-02-18,133658.83906,32822.60998,0,100836.22908,5,332.588074,37.732896,0.240882,27.75,17.80005,7.237891
2022-02-22,132330.593058,31494.363979,0,100836.22908,5,329.247742,36.078283,0.241171,28.809999,17.803976,7.239586
2022-02-23,129322.066811,34680.662337,0,94641.404474,6,320.814026,32.234877,0.243011,31.02,17.808688,7.242595
2022-02-24,134005.693616,39364.289143,0,94641.404474,6,331.594788,40.901711,0.242425,30.32,17.813147,7.245155
2022-02-25,136372.090775,41730.686301,0,94641.404474,6,336.736847,44.544792,0.243053,27.59,17.81663,7.246213
2022-02-28,136572.183383,41930.77891,0,94641.404474,6,337.73999,45.253812,0.240508,30.15,17.821022,7.24866
2022-03-01,134170.407917,39529.003444,0,94641.404474,6,332.568573,42.254508,0.240437,33.32,17.82654,7.253267
2022-03-02,136568.522913,41927.118439,0,94641.404474,6,338.149048,46.384083,0.238547,30.74,17.831135,7.256066
2022-03-03,134305.364481,39663.960007,0,94641.404474,6,333.318573,43.485191,0.238343,30.48,17.835635,7.258697
2022-03-04,132103.236869,37461.832395,0,94641.404474,6,328.488129,40.742999,0.238388,31.98,17.840665,7.262305
2022-03-07,126902.625561,38316.512328,0,88586.113233,7,316.373047,34.813382,0.240181,36.450001,17.84728,7.269486
2022-03-08,125740.571855,49030.347961,0,76710.223894,9,314.902557,34.163468,0.235767,35.130001,17.853422,7.275492
2022-03-09,133477.994268,56767.770374,0,76710.223894,9,326.238464,42.997916,0.239491,32.450001,17.858607,7.2794
2022-03-10,130922.646649,54212.422754,0,76710.223894,9,322.615662,41.09979,0.238351,30.23,17.863001,7.28184
2022-03-11,126735.791282,50025.567388,0,76710.223894,9,315.925171,37.782619,0.239491,30.75,17.867575,7.284595
2022-03-14,122958.977797,46248.753903,0,76710.223894,9,309.85788,35.022093,0.240297,31.77,17.872509,7.288009
2022-03-15,129347.405173,52637.181278,0,76710.223894,9,319.577148,42.295426,0.243051,29.83,17.876751,7.290195
2022-03-16,137569.579302,60859.355407,0,76710.223894,9,331.42926,49.690827,0.246881,26.67,17.879869,7.290782
2022-03-17,139962.586795,63252.362901,0,76710.223894,9,335.441589,51.936529,0.244376,25.67,17.88263,7.290965
2022-03-18,144820.652413,68110.428519,0,76710.223894,9,342.307404,55.589691,0.245507,23.870001,17.884752,7.290544
2022-03-21,143933.032909,67222.809014,0,76710.223894,9,341.355743,54.966067,0.244566,23.530001,17.886752,7.290026
2022-03-22,148760.135182,72049.911288,0,76710.223894,9,348.064301,58.500378,0.245565,22.940001,17.888541,7.289355
2022-03-23,145142.635228,68432.411334,0,76710.223894,9,343.062073,55.032204,0.245323,23.57,17.890552,7.288848
2022-03-24,150691.338372,73981.114478,0,76710.223894,9,350.687195,59.020412,0.246658,21.67,17.89189,7.287905
2022-03-25,150377.518104,73667.294209,0,76710.223894,9,350.394714,58.804973,0.246062,20.809999,17.892922,7.286822
2022-03-28,154276.437475,77566.213581,0,76710.223894,9,355.816132,61.602812,0.246702,19.629999,17.893536,7.285606
2022-03-29,158836.882356,82126.658462,0,76710.223894,9,361.939697,64.532896,0.247397,18.9,17.893892,7.284343
2022-03-30,155815.119692,79104.895798,0,76710.223894,9,357.941864,61.246881,0.24718,19.33,17.894399,7.283105
2022-03-31,152497.025075,75786.801181,0,76710.223894,9,353.50528,57.733502,0.246888,20.559999,17.895341,7.281991
2022-04-01,151853.67382,75143.449925,0,76710.223894,9,352.832489,57.197662,0.245804,19.629999,17.895953,7.280777
2022-04-04,157201.423185,80491.199291,0,76710.223894,9,360.096741,61.36695,0.24697,18.57,17.896191,7.279503
2022-04-05,151461.938486,74751.714592,0,76710.223894,9,352.101135,55.014821,0.248484,21.030001,17.897297,7.278456
2022-04-06,146079.241194,69369.0173,0,76710.223894,9,344.456543,49.716118,0.249624,22.1,17.89878,7.2776
2022-04-07,146610.994088,69900.770194,0,76710.223894,9,345.275574,50.268767,0.24954,21.549999,17.900067,7.276639
2022-04-08,143246.629047,66536.405153,0,76710.223894,9,340.448944,46.991099,0.250122,21.16,17.901216,7.275614
2022-04-11,137750.727483,61040.503589,0,76710.223894,9,332.394775,42.062503,0.251405,24.370001,17.903495,7.275345
2022-04-12,136722.560468,60012.336574,0,76710.223894,9,330.990692,41.250251,0.251035,24.26,17.905734,7.275041
2022-04-13,141322.593599,64612.369705,0,76710.223894,9,337.718719,46.574118,0.251547,21.82,17.907113,7.27413
2022-04-14,136216.547014,59506.32312,0,76710.223894,9,329.996002,41.882517,0.25308,22.700001,17.9088,7.273406
2022-04-18,136200.134331,59489.910437,0,76710.223894,9,330.249573,42.088795,0.25284,22.17,17.910299,7.272565
2022-04-19,141314.202012,64603.978118,0,76710.223894,9,337.63092,47.887236,0.254069,21.370001,17.911516,7.271575
2022-04-20,137964.317651,61254.093757,0,76710.223894,9,332.706726,44.673689,0.254487,20.32,17.912363,7.270436
2022-04-21,133436.526811,56726.302916,0,76710.223894,9,325.822723,40.574409,0.255311,22.68,17.914039,7.269707
2022-04-22,128089.111902,51378.888008,0,76710.223894,9,317.290771,36.147268,0.256841,28.209999,17.917656,7.270991
2022-04-25,130603.71331,53893.489416,0,76710.223894,9,321.366608,39.541056,0.257186,27.02,17.920854,7.271715
2022-04-26,123485.990313,46775.766419,0,76710.223894,9,309.236633,33.78577,0.261225,33.52,17.926331,7.276311
2022-04-27,123218.647095,52842.225389,0,70376.421706,10,308.866058,33.624751,0.261201,31.6,17.93113,7.279543
2022-04-28,131211.9419,60835.520194,0,70376.421706,10,319.835724,42.379151,0.264547,29.99,17.935361,7.281769
2022-04-29,122069.292768,51692.871061,0,70376.421706,10,305.443604,35.722211,0.270118,33.400002,17.940786,7.28625
2022-05-02,125432.292724,55055.871018,0,70376.421706,10,310.543274,39.357204,0.270803,32.34,17.945835,7.28996
2022-05-03,125493.507866,55117.08616,0,70376.421706,10,310.874786,39.596342,0.269941,29.25,17.949797,7.291754
2022-05-04,133152.945003,62776.523297,0,70376.421706,10,321.386078,46.764555,0.272865,25.42,17.952414,7.291817
2022-05-05,122937.415895,52560.994189,0,70376.421706,10,305.199768,39.074676,0.279676,31.200001,17.957054,7.294754
2022-05-06,120535.273986,50158.85228,0,70376.421706,10,301.543274,37.571656,0.279857,30.190001,17.961338,7.297067
2022-05-09,113378.867751,55600.874256,0,57777.993495,12,289.744751,33.14177,0.282248,34.75,17.967214,7.302548
2022-05-10,116020.582054,58242.588559,0,57777.993495,12,293.264832,35.582099,0.282638,32.990002,17.97247,7.306675
2022-05-11,109655.457246,58086.379602,0,51569.077644,13,284.5672,32.432158,0.283191,32.560001,17.977573,7.310489
2022-05-12,109042.734115,57473.656471,0,51569.077644,13,283.894318,32.194705,0.283037,31.77,17.982395,7.313759
2022-05-13,117875.605252,66306.527608,0,51569.077644,13,294.415436,39.636598,0.285217,28.870001,17.986201,7.315313
2022-05-16,114924.882783,63355.805139,0,51569.077644,13,291.002655,38.173047,0.285459,27.469999,17.989514,7.316183
2022-05-17,121434.35034,69865.272696,0,51569.077644,13,298.539978,43.164475,0.287035,26.1,17.992347,7.316475
2022-05-18,110489.35442,58920.276777,0,51569.077644,13,283.884644,36.922755,0.29327,30.959999,17.996875,7.319209
2022-05-19,109087.929756,57518.852112,0,51569.077644,13,282.363434,36.335419,0.292383,29.35,18.000838,7.321004
2022-05-20,108341.88297,56772.805326,0,51569.077644,13,281.485901,35.979861,0.292336,29.43,18.004826,7.322839
2022-05-23,111823.840289,60254.762646,0,51569.077644,13,286.16626,39.386678,0.29232,28.48,18.008479,7.324175
2022-05-24,107213.109313,55644.03167,0,51569.077644,13,280.081787,36.655794,0.293397,29.450001,18.012469,7.326013
2022-05-25,110269.035805,58699.958161,0,51569.077644,13,284.001617,39.563064,0.293871,28.370001,18.016079,7.327288
2022-05-26,116847.960172,65278.882529,0,51569.077644,13,291.870514,45.018464,0.295738,27.5,18.019383,7.328149
2022-05-27,125252.505922,73683.428278,0,51569.077644,13,301.397034,50.807762,0.298274,25.719999,18.022065,7.328282
2022-05-31,124312.387426,72743.309782,0,51569.077644,13,300.597412,50.328735,0.298265,26.190001,18.024909,7.328591
2022-06-01,122370.211206,70801.133562,0,51569.077644,13,298.374207,48.946966,0.298375,25.690001,18.027577,7.32871
2022-06-02,129659.072144,78089.9945,0,51569.077644,13,306.545441,53.951125,0.29992,24.719999,18.029906,7.328498
2022-06-03,122844.35924,71275.281596,0,51569.077644,13,298.569214,48.911323,0.300857,24.790001,18.032257,7.328307
2022-06-06,123503.295417,71934.217773,0,51569.077644,13,299.563873,49.544295,0.300863,25.07,18.034704,7.328208
2022-06-07,125693.734099,74124.656455,0,51569.077644,13,302.147797,51.234588,0.301052,24.02,18.036785,7.327783
2022-06-08,123779.348491,72210.270847,0,51569.077644,13,299.973419,49.724973,0.301166,23.959999,18.038843,7.327342
2022-06-09,117233.48673,65664.409086,0,51569.077644,13,291.93869,44.506457,0.302599,26.09,18.041639,7.327605
2022-06-10,109484.645825,57915.568181,0,51569.077644,13,281.641846,38.875682,0.305544,27.75,18.04501,7.328565
2022-06-13,100444.998713,48875.92107,0,51569.077644,13,268.54657,33.134282,0.310448,34.02,18.050555,7.333335
2022-06-14,100720.209829,55407.967433,0,45312.242396,14,269.034149,33.527917,0.310389,32.689999,18.055635,7.337132
2022-06-15,106284.704109,60972.461713,0,45312.242396,14,275.75238,38.868066,0.311874,29.620001,18.059646,7.33902
2022-06-16,98069.043102,65181.494967,0,32887.548136,16,264.626831,33.997178,0.315211,32.950001,18.064809,7.342983
2022-06-17,100971.030118,68083.481982,0,32887.548136,16,267.844543,36.476649,0.315486,31.129999,18.069338,7.345739
2022-06-21,107290.386017,74402.837881,0,32887.548136,16,274.602051,41.451039,0.316888,30.190001,18.073538,7.34793
2022-06-22,106785.602844,73898.054709,0,32887.548136,16,274.201538,41.244885,0.316657,28.950001,18.077305,7.349445
2022-06-23,110762.905066,77875.356931,0,32887.548136,16,278.285217,44.287375,0.317207,29.049999,18.081105,7.351009
2022-06-24,120781.006994,87893.458858,0,32887.548136,16,287.820282,50.705898,0.319786,27.23,18.084271,7.351707
2022-06-27,118411.298152,85523.750016,0,32887.548136,16,285.710052,49.350813,0.319886,26.950001,18.087339,7.352284
2022-06-28,110040.394457,77152.846321,0,32887.548136,16,277.005463,44.113776,0.321565,28.360001,18.090892,7.353494
2022-06-29,110202.106653,77314.558518,0,32887.548136,16,277.25946,44.299521,0.321527,28.16,18.094374,7.354606
2022-06-30,106885.159621,73997.611485,0,32887.548136,16,273.820557,42.251976,0.321828,28.709999,18.098044,7.355983
2022-07-01,108560.801342,75673.253206,0,32887.548136,16,275.62793,43.724182,0.32195,26.700001,18.101016,7.356449
2022-07-05,112922.66333,80035.115194,0,32887.548136,16,280.346588,47.488138,0.322326,27.540001,18.104276,7.35727
2022-07-06,114638.192075,81750.643939,0,32887.548136,16,282.144165,48.890556,0.322384,26.73,18.107255,7.357745
2022-07-07,120890.926143,88003.378008,0,32887.548136,16,288.181763,53.392851,0.323447,26.08,18.110007,7.357966
2022-07-08,121172.385882,88284.837746,0,32887.548136,16,288.543304,53.656123,0.323394,24.639999,18.11226,7.357696
2022-07-11,114862.10204,81974.553905,0,32887.548136,16,282.378723,48.613691,0.324248,26.17,18.11504,7.357948
2022-07-12,112102.55909,79215.010955,0,32887.548136,16,279.643158,46.524259,0.324372,27.290001,18.118203,7.358652
2022-07-13,111459.361922,78571.813786,0,32887.548136,16,279.066803,46.074932,0.324373,26.82,18.121203,7.359156
2022-07-14,112363.74534,79476.197204,0,32887.548136,16,280.063293,47.027511,0.324401,26.4,18.124056,7.359493
2022-07-15,117495.844426,84608.29629,0,32887.548136,16,285.143433,51.710764,0.325106,24.23,18.126159,7.359097
2022-07-18,114834.757935,81947.2098,0,32887.548136,16,282.730408,49.473384,0.325119,25.299999,18.128629,7.359034
2022-07-19,124042.997901,91155.449766,0,32887.548136,16,291.425201,56.737067,0.327129,24.5,18.130823,7.358716
2022-07-20,128893.280022,96005.731886,0,32887.548136,16,296.046234,60.026166,0.327393,23.879999,18.132801,7.358222
2022-07-21,133459.297796,100571.74966,0,32887.548136,16,300.29599,62.825266,0.327729,23.110001,18.134513,7.357535
2022-07-22,127822.734342,94935.186206,0,32887.548136,16,295.030273,57.456664,0.328251,23.030001,18.136197,7.35683
2022-07-25,125740.80303,92853.254894,0,32887.548136,16,293.349823,55.817398,0.327969,23.360001,18.137992,7.356203
2022-07-26,119835.502535,86947.954399,0,32887.548136,16,287.585785,50.495711,0.328759,24.690001,18.140244,7.355941
2022-07-27,133308.799326,100421.25119,0,32887.548136,16,299.739197,59.3056,0.332413,23.24,18.141996,7.355284
2022-07-28,136461.983785,103574.435649,0,32887.548136,16,302.669922,61.103239,0.332603,22.33,18.143434,7.35443
2022-07-29,142661.296285,109773.748149,0,32887.548136,16,308.189789,64.301786,0.333348,21.33,18.144528,7.353404
2022-08-01,142188.88669,109301.338554,0,32887.548136,16,308.00415,64.110847,0.333301,22.84,18.146139,7.352657
2022-08-02,141077.122544,108189.574408,0,32887.548136,16,307.085754,63.112381,0.333313,23.93,18.148124,7.352175
2022-08-03,150807.57865,117920.030514,0,32887.548136,16,315.448608,67.999642,0.334843,21.950001,18.149427,7.351251
2022-08-04,152440.551348,119553.003212,0,32887.548136,16,316.923737,68.785248,0.334893,21.440001,18.150555,7.350243
2022-08-05,149367.929318,116480.381182,0,32887.548136,16,314.334869,65.73516,0.33492,21.15,18.151583,7.349193
2022-08-08,147940.813702,115053.265567,0,32887.548136,16,313.318756,64.525768,0.334904,21.290001,18.152658,7.348163
2022-08-09,143866.547377,110978.999241,0,32887.548136,16,309.77243,60.352413,0.335145,21.77,18.153897,7.347209
2022-08-10,154041.015813,121153.467678,0,32887.548136,16,318.418457,66.1078,0.33679,19.74,18.15444,7.34601
2022-08-11,151862.733927,118975.185792,0,32887.548136,16,316.611115,64.015838,0.336846,20.200001,18.15514,7.34485
2022-08-12,159160.786711,126273.238575,0,32887.548136,16,322.775787,67.763058,0.337644,19.530001,18.155611,7.343637
2022-08-15,162029.129591,129141.581455,0,32887.548136,16,325.384125,69.223407,0.337764,19.950001,18.156224,7.342456
2022-08-16,161034.046131,128146.497995,0,32887.548136,16,324.622162,68.250738,0.337771,19.690001,18.156749,7.341255
2022-08-17,156580.517764,123692.969628,0,32887.548136,16,320.919434,63.575793,0.33788,19.9,18.157345,7.34007
2022-08-18,157370.93903,124483.390894,0,32887.548136,16,321.691254,64.127377,0.337712,19.559999,18.157824,7.338862
2022-08-19,150103.794799,117216.246663,0,32887.548136,16,315.419159,56.623297,0.338449,20.6,18.158658,7.337747
2022-08-22,140645.942363,107758.394227,0,32887.548136,16,307.115173,48.526845,0.339657,23.799999,18.160584,7.337234
2022-08-23,140173.707336,107286.1592,0,32887.548136,16,306.861145,48.299325,0.339147,24.110001,18.162614,7.336805
2022-08-24,141079.199621,108191.651485,0,32887.548136,16,307.750153,49.197034,0.339145,22.82,18.164203,7.336057
2022-08-25,147289.214079,114401.665944,0,32887.548136,16,313.191803,54.414679,0.33984,21.780001,18.165437,7.33511
2022-08-26,133581.455765,100693.907629,0,32887.548136,16,300.354614,43.154701,0.34336,25.559999,18.167958,7.33513
2022-08-29,130115.373964,97227.825829,0,32887.548136,16,297.39447,41.045515,0.343306,26.209999,18.170699,7.335382
2022-08-30,126495.081456,93607.53332,0,32887.548136,16,294.082489,38.762752,0.343226,26.209999,18.173438,7.335633
2022-08-31,124623.461172,91735.913036,0,32887.548136,16,292.372833,37.600255,0.343277,25.870001,18.176059,7.335758
2022-09-01,124665.550664,91778.002529,0,32887.548136,16,292.499878,37.749656,0.343267,25.559999,18.178573,7.335774
2022-09-02,120376.452226,87488.90409,0,32887.548136,16,288.367371,34.82856,0.343637,25.469999,18.181055,7.335759
2022-09-06,117924.801307,88659.282336,0,29265.518971,16,286.296295,33.432301,0.343683,26.91,18.184025,7.336277
2022-09-07,123992.508286,94726.989315,0,29265.518971,16,292.079895,40.594467,0.344596,24.639999,18.186221,7.335995
2022-09-08,125509.685025,96244.166054,0,29265.518971,16,293.594055,42.343458,0.344661,23.610001,18.188065,7.335429
2022-09-09,132495.666218,98471.467184,0,34024.199034,15,300.012726,49.174687,0.345707,22.790001,18.18963,7.334673
2022-09-12,135935.089274,101910.89024,0,34024.199034,15,303.578552,52.538931,0.345941,23.870001,18.19156,7.334174
2022-09-13,120614.202552,86590.003518,0,34024.199034,15,286.931305,39.420169,0.352329,27.27,18.194643,7.334836
2022-09-14,122748.093787,88723.894752,0,34024.199034,15,289.207581,41.568617,0.352482,26.16,18.197348,7.335059
2022-09-15,118150.717602,84126.518567,0,34024.199034,15,284.391235,38.460554,0.352851,26.27,18.200088,7.335322
2022-09-16,116450.549755,82426.35072,0,34024.199034,15,282.652191,37.373951,0.352899,26.299999,18.202837,7.335594
2022-09-19,118265.872103,84241.673068,0,34024.199034,15,284.853302,39.696238,0.352812,25.76,18.2054,7.33567
2022-09-20,115920.622505,81896.42347,0,34024.199034,15,282.582672,38.125633,0.352099,27.16,18.208437,7.336279
2022-09-21,111296.580523,84347.781185,0,26948.799339,16,277.522797,34.819514,0.35269,27.99,18.211753,7.337246
2022-09-22,107911.392893,80962.593554,0,26948.799339,16,274.107117,32.754628,0.352735,27.35,18.214849,7.337931
2022-09-23,103645.988387,76697.189048,0,26948.799339,16,269.644226,30.231942,0.352997,29.92,18.218814,7.33985
2022-09-26,102365.956344,82251.622273,0,20114.334071,17,268.528503,29.617801,0.353005,32.259998,18.223569,7.343154
2022-09-27,102370.514152,82256.180081,0,20114.334071,17,268.636108,29.765988,0.352915,32.599998,18.228436,7.346674
2022-09-28,107568.464717,87454.130646,0,20114.334071,17,273.979919,36.874161,0.352233,30.18,18.232481,7.34872
2022-09-29,99865.14673,79750.812658,0,20114.334071,17,266.081726,31.758195,0.353863,31.84,18.237084,7.351738
2022-09-30,95494.841038,75380.506967,0,20114.334071,17,261.569824,29.260688,0.354372,31.620001,18.24161,7.354613
2022-10-03,101478.28061,81363.946538,0,20114.334071,17,267.706329,36.567211,0.355465,30.1,18.245619,7.356601
2022-10-04,110230.758448,90116.424376,0,20114.334071,17,276.123291,44.964042,0.356701,29.07,18.249277,7.358048
2022-10-05,109902.10728,89787.773209,0,20114.334071,17,275.97641,44.852463,0.356287,28.549999,18.252757,7.359241
2022-10-06,107565.232879,87450.898808,0,20114.334071,17,273.803741,43.146855,0.356276,30.52,18.2569,7.36145
2022-10-07,97609.651084,77495.317013,0,20114.334071,17,263.370667,36.056336,0.358952,31.360001,18.261323,7.364144
2022-10-10,94848.234437,81485.112237,0,13363.1222,18,260.737976,34.514961,0.359081,32.450001,18.266112,7.367513
2022-10-11,91178.606972,84462.078981,0,6716.527991,19,257.155853,32.480387,0.359317,33.630001,18.271296,7.371673
2022-10-12,90991.345338,90915.134558,0,76.210779,20,257.06781,32.429787,0.359308,33.57,18.276455,7.375783
2022-10-13,98154.007894,98077.797114,0,76.210779,20,263.096588,39.392428,0.360331,31.940001,18.281062,7.378805
2022-10-14,89145.707277,89069.496498,0,76.210779,20,255.188629,34.387085,0.361289,32.02,18.285693,7.381872
2022-10-17,99142.407966,99066.197187,0,76.210779,20,263.615356,42.736872,0.363449,31.370001,18.290101,7.384534
2022-10-18,101508.168942,101431.958163,0,76.210779,20,265.699951,44.614583,0.363363,30.5,18.294214,7.38669
2022-10-19,100215.965258,100139.754478,0,76.210779,20,264.731079,43.894156,0.363221,30.76,18.298411,7.388987
2022-10-20,98520.228861,98444.018081,0,76.210779,20,263.380432,42.855248,0.36325,29.98,18.302343,7.390851
2022-10-21,106115.292073,106039.081294,0,76.210779,20,269.556152,48.820109,0.364329,29.690001,18.306174,7.392559
2022-10-24,109509.420953,109433.210174,0,76.210779,20,272.521576,51.441164,0.364516,29.85,18.310057,7.394347
2022-10-25,116660.577128,116584.366348,0,76.210779,20,278.158936,56.049212,0.365187,28.459999,18.31347,7.395445
2022-10-26,109050.466922,108974.256142,0,76.210779,20,272.012695,50.430224,0.366038,27.280001,18.316484,7.396029
2022-10-27,103035.280346,102959.069566,0,76.210779,20,267.060394,46.394364,0.366592,27.389999,18.319533,7.396656
2022-10-28,113400.617975,113324.407196,0,76.210779,20,275.232574,53.068905,0.368233,25.75,18.322029,7.396667
2022-10-31,109135.318241,109059.107462,0,76.210779,20,272.032318,50.421281,0.368373,25.879999,18.324567,7.396722
2022-11-01,105647.788102,105571.577323,0,76.210779,20,269.252716,48.173238,0.368487,25.809999,18.32708,7.396751
2022-11-02,95079.650831,95003.440052,0,76.210779,20,260.023499,41.549232,0.370617,25.860001,18.329607,7.396797
2022-11-03,89256.103585,89179.892805,0,76.210779,20,254.94397,38.41815,0.370976,25.299999,18.331946,7.396657
2022-11-04,93880.856681,93804.645902,0,76.210779,20,259.044769,42.204783,0.371176,24.549999,18.334031,7.396293
2022-11-07,96959.970059,96883.759279,0,76.210779,20,261.892761,44.745873,0.371468,24.35,18.336048,7.395873
2022-11-08,99141.716513,99065.505734,0,76.210779,20,263.801392,46.445266,0.371619,25.540001,18.338462,7.395809
2022-11-09,92163.34685,92087.136071,0,76.210779,20,257.713806,42.007505,0.372486,26.09,18.341059,7.395931
2022-11-10,117351.686999,117275.47622,0,76.210779,20,276.730011,56.113823,0.382242,23.530001,18.342796,7.395302
2022-11-11,123939.904367,123863.693588,0,76.210779,20,281.829071,58.994131,0.382928,22.52,18.344195,7.394458
2022-11-14,120398.128128,117495.293352,0,2902.834776,19,279.362762,57.044003,0.382778,23.73,18.345997,7.393877
2022-11-15,125177.777105,122274.942329,0,2902.834776,19,283.228607,59.314275,0.3832,24.540001,18.34807,7.393508
2022-11-16,120335.274845,117432.440069,0,2902.834776,19,279.362762,56.12011,0.383363,24.110001,18.349997,7.393022
2022-11-17,119478.461246,116575.626469,0,2902.834776,19,278.746185,55.605775,0.383358,23.93,18.351862,7.39249
2022-11-18,119330.566912,116427.732135,0,2902.834776,19,278.755981,55.612736,0.383107,23.120001,18.353456,7.391768
2022-11-21,115559.99757,112657.162794,0,2902.834776,19,275.888397,52.99347,0.383168,22.360001,18.354795,7.390895
2022-11-22,120357.650314,117454.815538,0,2902.834776,19,279.861938,56.080288,0.383429,21.290001,18.355775,7.389855
2022-11-23,123776.42311,120873.588333,0,2902.834776,19,282.670837,58.171363,0.383647,20.35,18.356441,7.388711
2022-11-25,121275.832888,118372.998112,0,2902.834776,19,280.81131,56.261626,0.383663,20.5,18.357156,7.387581
2022-11-28,115880.45341,112977.618634,0,2902.834776,19,276.690918,52.174279,0.383405,22.209999,18.358442,7.386683
2022-11-29,113047.641344,110144.806568,0,2902.834776,19,274.596497,50.178745,0.382499,21.889999,18.35962,7.385732
2022-11-30,129201.223729,126298.388953,0,2902.834776,19,287.114075,60.020654,0.386107,20.58,18.36036,7.384612
2022-12-01,129432.333426,126529.498649,0,2902.834776,19,287.466492,60.258682,0.385634,19.84,18.360853,7.38343
2022-12-02,127856.57402,124953.739244,0,2902.834776,19,286.321442,59.028952,0.385522,19.059999,18.361086,7.38221
2022-12-05,121545.589922,118642.755146,0,2902.834776,19,281.51593,54.044246,0.385484,20.75,18.361882,7.381109
2022-12-06,114467.869899,111565.035122,0,2902.834776,19,275.682831,48.67153,0.38606,22.17,18.36315,7.380207
2022-12-07,112603.681248,109700.846472,0,2902.834776,19,274.557251,47.686384,0.384275,22.68,18.364587,7.379398
2022-12-08,116476.872676,113574.037899,0,2902.834776,19,277.806549,50.783344,0.384535,22.290001,18.365894,7.378517
2022-12-09,114165.486962,111262.652185,0,2902.834776,19,276.035156,49.077599,0.38424,22.83,18.367379,7.377739
2022-12-12,118078.37783,115175.543054,0,2902.834776,19,279.499847,52.44231,0.384321,25,18.369584,7.377503
2022-12-13,121654.523548,118751.688772,0,2902.834776,19,282.504395,55.206412,0.384256,22.549999,18.370974,7.37667
2022-12-14,118950.900977,116048.066201,0,2902.834776,19,280.410004,52.898394,0.38417,21.139999,18.371894,7.375616
2022-12-15,107764.742953,104861.908177,0,2902.834776,19,270.994843,43.994113,0.385131,22.83,18.373375,7.374838
2022-12-16,104416.77288,101513.938104,0,2902.834776,19,268.411011,41.909204,0.384113,22.620001,18.374786,7.374019
2022-12-19,99849.304798,96946.470021,0,2902.834776,19,264.638885,39.003182,0.384396,22.42,18.376129,7.373163
2022-12-20,99485.820784,96582.986007,0,2902.834776,19,264.432922,38.844798,0.384264,21.48,18.377159,7.372156
2022-12-21,103652.600031,100749.765254,0,2902.834776,19,268.268738,43.450464,0.383693,20.07,18.377721,7.370997
2022-12-22,96237.67521,93334.840433,0,2902.834776,19,261.705566,38.155565,0.384372,21.969999,18.378912,7.370064
2022-12-23,96769.056281,93866.221505,0,2902.834776,19,262.294098,38.874888,0.384245,20.870001,18.379738,7.368982
2022-12-27,92189.820978,89286.986202,0,2902.834776,19,258.585754,36.031111,0.383936,21.65,18.380822,7.368001
2022-12-28,88433.031578,85530.196802,0,2902.834776,19,255.171661,33.59456,0.384173,22.139999,18.382068,7.367097
2022-12-29,95421.208749,92518.373973,0,2902.834776,19,261.391571,41.372942,0.385413,21.440001,18.38308,7.366087
2022-12-30,95145.966489,92243.131712,0,2902.834776,19,261.234619,41.241665,0.385411,21.67,18.384169,7.36511
2023-01-03,92793.115258,89890.280481,0,2902.834776,19,259.46875,39.714797,0.385421,22.9,18.385664,7.364348
2023-01-04,94023.887109,91121.052332,0,2902.834776,19,260.704834,41.351597,0.385262,22.01,18.386863,7.363425
2023-01-05,89480.913344,86578.078567,0,2902.834776,19,256.623627,37.710956,0.385393,22.459999,18.38821,7.362579
2023-01-06,97181.54148,94278.706703,0,2902.834776,19,263.706909,46.512667,0.385287,21.129999,18.389117,7.36153
2023-01-09,98831.140009,95928.305233,0,2902.834776,19,265.41394,48.40482,0.385401,21.969999,18.390301,7.360601
2023-01-10,101294.898431,98392.063654,0,2902.834776,19,267.660492,50.868179,0.385408,20.58,18.391024,7.359492
2023-01-11,106709.948423,103807.113646,0,2902.834776,19,272.291107,55.576228,0.386035,21.09,18.391916,7.358439
2023-01-12,108249.798471,105346.963695,0,2902.834776,19,273.762665,56.986824,0.385629,18.83,18.392061,7.357228
2023-01-13,110399.099086,107496.26431,0,2902.834776,19,275.646301,58.790623,0.385702,18.35,18.392047,7.356013
2023-01-17,110404.970724,107502.135947,0,2902.834776,19,276.205475,59.335794,0.384627,19.360001,18.392366,7.354819
2023-01-18,106080.560595,103177.725819,0,2902.834776,19,272.614807,54.362442,0.384791,20.34,18.393009,7.353691
2023-01-19,102643.115812,99740.281036,0,2902.834776,19,269.936584,50.933264,0.383848,20.52,18.39371,7.352579
2023-01-20,111541.229725,108638.394949,0,2902.834776,19,277.323853,58.676313,0.385143,19.85,18.394191,7.351414
2023-01-23,118880.748827,115977.914051,0,2902.834776,19,283.484924,63.806287,0.38585,19.809999,18.394657,7.350247
2023-01-24,117748.509001,114845.674224,0,2902.834776,19,282.906097,63.014814,0.384453,19.200001,18.394923,7.34905
2023-01-25,116857.602923,113954.768146,0,2902.834776,19,282.278229,62.114753,0.384403,19.08,18.395148,7.34785
2023-01-26,123538.204706,120635.36993,0,2902.834776,19,287.781921,66.616044,0.384183,18.73,18.395258,7.346642
2023-01-27,127097.39959,124194.564814,0,2902.834776,19,290.646576,68.700565,0.384388,18.51,18.395296,7.345433
2023-01-30,119512.051104,116609.216328,0,2902.834776,19,284.77002,60.37252,0.384957,19.940001,18.395805,7.344277
2023-01-31,124431.133358,121528.298582,0,2902.834776,19,289.037628,63.804059,0.38354,19.4,18.396135,7.343091
2023-02-01,131994.870067,129092.03529,0,2902.834776,19,295.218292,68.110998,0.382487,17.870001,18.395962,7.34189
2023-02-02,146398.473619,143495.638843,0,2902.834776,19,305.813629,73.854428,0.384814,18.73,18.396072,7.340685
2023-02-03,139127.023065,136224.188289,0,2902.834776,19,300.378601,67.171215,0.385231,18.33,18.39605,7.339478
2023-02-06,134790.712835,131887.878058,0,2902.834776,19,297.837677,64.24425,0.382219,19.43,18.39639,7.338296
2023-02-07,142957.839404,140055.004628,0,2902.834776,19,304.008545,67.902284,0.382734,18.66,18.396476,7.337092
2023-02-08,135784.207888,132881.373111,0,2902.834776,19,298.602966,61.925695,0.383197,19.629999,18.396881,7.335921
2023-02-09,132199.72291,129296.888134,0,2902.834776,19,295.963837,59.186669,0.383063,20.709999,18.39764,7.334837
2023-02-10,129396.911318,126494.076541,0,2902.834776,19,294.021423,57.181967,0.38224,20.530001,18.39834,7.333735
2023-02-13,135092.690558,132189.855781,0,2902.834776,19,298.730408,60.660713,0.381828,20.34,18.398977,7.332616
2023-02-14,137500.05097,134597.216193,0,2902.834776,19,300.937836,62.210635,0.38004,18.91,18.399144,7.331419
2023-02-15,140476.943408,137574.108631,0,2902.834776,19,303.243286,63.81416,0.380159,18.23,18.399089,7.330218
2023-02-16,132733.810403,129830.975627,0,2902.834776,19,297.553101,57.346216,0.379607,20.17,18.399669,7.329087
2023-02-17,129910.094249,127007.259472,0,2902.834776,19,295.453705,55.126182,0.379687,20.02,18.4002,7.327945
2023-02-21,120407.720646,117504.88587,0,2902.834776,19,288.458862,48.402719,0.379058,22.870001,18.401663,7.327191
2023-02-22,120519.895994,117617.061218,0,2902.834776,19,288.674622,48.61092,0.378835,22.290001,18.402936,7.326329
2023-02-23,123592.685349,120689.850573,0,2902.834776,19,291.195923,51.094363,0.378823,21.139999,18.403832,7.325297
2023-02-24,117195.663228,114292.828452,0,2902.834776,19,286.320068,46.422183,0.378098,21.67,18.4049,7.324337
2023-02-27,118984.941106,116082.10633,0,2902.834776,19,288.370514,48.55273,0.376051,20.950001,18.405733,7.323283
2023-02-28,118302.039547,115399.20477,0,2902.834776,19,287.997742,48.177643,0.375561,20.700001,18.406483,7.322203
2023-03-01,115325.400573,112422.565796,0,2902.834776,19,285.682495,45.810516,0.375642,20.58,18.407193,7.321112
2023-03-02,118101.078788,115198.244012,0,2902.834776,19,288.046753,48.588432,0.375371,19.59,18.407579,7.319947
2023-03-03,125604.069469,122701.234692,0,2902.834776,19,294.001801,54.864625,0.375652,18.49,18.407606,7.318751
2023-03-06,125618.631586,122715.79681,0,2902.834776,19,294.335358,55.194565,0.375287,18.610001,18.407672,7.317557
2023-03-07,120874.49988,117971.665104,0,2902.834776,19,290.725037,50.860829,0.375175,19.59,18.408058,7.316393
2023-03-08,122051.676265,119148.841489,0,2902.834776,19,292.177032,52.476953,0.372558,19.110001,18.408287,7.31521
2023-03-09,115675.753296,112772.91852,0,2902.834776,19,287.114807,46.70916,0.373091,22.610001,18.409658,7.31441
2023-03-10,110141.498161,107238.663384,0,2902.834776,19,283.082672,42.684836,0.37096,24.799999,18.411741,7.314128
2023-03-13,112366.599374,109463.764598,0,2902.834776,19,285.182129,45.326191,0.370862,26.52,18.414384,7.3144
2023-03-14,120507.107079,117604.272302,0,2902.834776,19,291.735535,52.66001,0.37108,23.73,18.416116,7.313838
2023-03-15,122209.108262,119306.273486,0,2902.834776,19,293.265991,54.204938,0.370426,26.139999,18.418632,7.313974
2023-03-16,132038.551926,129135.71715,0,2902.834776,19,300.996674,61.10908,0.369881,22.99,18.42012,7.313248
2023-03-17,129505.633995,126602.799219,0,2902.834776,19,299.574127,59.33634,0.367273,25.51,18.422428,7.313176
2023-03-20,130511.439083,127608.604307,0,2902.834776,19,300.637268,60.264091,0.366998,24.15,18.424292,7.312716
2023-03-21,136028.464504,133125.629727,0,2902.834776,19,304.931122,63.851317,0.366575,21.379999,18.425254,7.31172
2023-03-22,130461.807226,127558.97245,0,2902.834776,19,300.784668,58.371216,0.366909,22.26,18.426501,7.310858
2023-03-23,134992.615819,132089.781043,0,2902.834776,19,304.35144,61.437204,0.36642,22.610001,18.427861,7.310058
2023-03-24,136311.065359,133408.230583,0,2902.834776,19,305.471527,62.37438,0.366069,21.74,18.428937,7.309114
2023-03-27,132976.77452,130073.939744,0,2902.834776,19,303.378693,59.466394,0.365148,20.6,18.429643,7.308031
2023-03-28,130729.061248,127826.226472,0,2902.834776,19,301.767303,57.253118,0.365192,19.969999,18.430143,7.306896
2023-03-29,138030.122012,135127.287236,0,2902.834776,19,307.269653,62.399374,0.365378,19.120001,18.430367,7.30572
2023-03-30,141794.725441,138891.890664,0,2902.834776,19,310.17804,64.810857,0.364959,19.02,18.430558,7.304542
2023-03-31,148889.15071,145986.315933,0,2902.834776,19,315.336517,68.651155,0.365314,18.700001,18.430646,7.303358
2023-04-03,147421.736528,144518.901752,0,2902.834776,19,314.570129,67.473012,0.365037,18.549999,18.430684,7.302173
2023-04-04,145834.795839,142931.961063,0,2902.834776,19,313.509033,65.78957,0.36505,19,18.430869,7.300996
2023-04-05,141311.388919,138408.554143,0,2902.834776,19,310.413879,61.008037,0.364359,19.08,18.431079,7.299822
2023-04-06,143908.604866,141005.770089,0,2902.834776,19,312.506744,62.967928,0.363508,18.4,18.431069,7.298639
2023-04-10,143021.781931,140118.947155,0,2902.834776,19,312.329865,62.68117,0.362586,18.969999,18.431244,7.297462
2023-04-11,140158.502442,137255.667665,0,2902.834776,19,310.325378,59.380879,0.362643,19.1,18.43146,7.29629
2023-04-12,136257.629609,133354.794832,0,2902.834776,19,307.584045,55.10752,0.362414,19.09,18.431674,7.295118
2023-04-13,144345.755999,141442.921222,0,2902.834776,19,313.607239,61.639653,0.362075,17.799999,18.431469,7.293946
2023-04-14,143407.635093,140504.800317,0,2902.834776,19,313.0177,60.708542,0.362049,17.07,18.431029,7.292807
2023-04-17,143266.899504,140364.064728,0,2902.834776,19,313.28299,60.99408,0.361221,16.950001,18.43055,7.291676
2023-04-18,142972.873544,140070.038768,0,2902.834776,19,313.302582,61.016612,0.360172,16.83,18.430032,7.290554
2023-04-19,142652.994957,139750.160181,0,2902.834776,19,313.155243,60.732491,0.36017,16.459999,18.429396,7.289461
2023-04-20,139064.408444,136161.573667,0,2902.834776,19,310.767609,56.168131,0.359273,17.17,18.428989,7.288318
2023-04-21,139314.366905,136411.532129,0,2902.834776,19,311.091888,56.644713,0.35886,16.77,18.428453,7.287202
2023-04-24,137909.777179,135006.942402,0,2902.834776,19,310.443359,55.348584,0.358005,16.889999,18.427956,7.286077
2023-04-25,129710.200167,126807.365391,0,2902.834776,19,304.58725,45.274471,0.35732,18.76,18.428063,7.284903
2023-04-26,132031.426746,129128.591969,0,2902.834776,19,306.434448,48.461052,0.357059,18.84,18.428196,7.283731
2023-04-27,143075.011461,140172.176685,0,2902.834776,19,314.766632,59.824827,0.355532,17.030001,18.427745,7.282599
2023-04-28,146024.62018,143121.785404,0,2902.834776,19,316.938202,62.16618,0.355622,15.78,18.426891,7.28158
2023-05-01,144695.017403,141792.182626,0,2902.834776,19,316.574585,61.519666,0.353145,16.08,18.426135,7.280527
2023-05-02,139907.655764,137004.820988,0,2902.834776,19,313.813599,56.698006,0.348932,17.780001,18.425927,7.279363
2023-05-03,136849.584528,133946.749752,0,2902.834776,19,311.76004,53.348852,0.348459,18.34,18.425899,7.27819
2023-05-04,135220.324795,132317.490019,0,2902.834776,19,310.659515,51.590074,0.348483,20.09,18.426435,7.277079
2023-05-05,144066.052371,141163.217595,0,2902.834776,19,317.262451,60.091201,0.347103,17.190001,18.426037,7.275941
2023-05-08,143793.728043,140890.893266,0,2902.834776,19,318.048492,60.969889,0.341496,16.98,18.425571,7.274816
2023-05-09,140786.095238,137883.260462,0,2902.834776,19,316.034149,57.477392,0.34127,17.709999,18.425341,7.273656
2023-05-10,144968.165011,142065.330234,0,2902.834776,19,319.473206,61.529145,0.338067,16.940001,18.424863,7.272535
2023-05-11,146300.171663,143397.336886,0,2902.834776,19,320.51474,62.688677,0.337791,16.93,18.424383,7.271414
2023-05-12,144179.999377,141277.1646,0,2902.834776,19,319.365082,60.520315,0.335828,17.030001,18.423934,7.270288
2023-05-15,146338.264205,143435.429429,0,2902.834776,19,321.094421,62.61508,0.335863,17.120001,18.423515,7.269157
2023-05-16,146246.804481,143343.969705,0,2902.834776,19,321.457977,63.05884,0.333067,17.99,18.423376,7.267993
2023-05-17,151796.644474,148893.809698,0,2902.834776,19,325.348938,67.504579,0.333046,16.870001,18.422877,7.266879
2023-05-18,160521.884895,157619.050118,0,2902.834776,19,331.391754,72.949336,0.332374,16.049999,18.422116,7.265837
2023-05-19,158319.608736,155416.773959,0,2902.834776,19,330.64502,71.358184,0.32672,16.809999,18.421598,7.264728
2023-05-22,159651.66314,156748.828364,0,2902.834776,19,331.755341,72.324787,0.326657,17.209999,18.42121,7.263594
2023-05-23,153328.192136,150425.35736,0,2902.834776,19,327.549927,63.573556,0.327022,18.530001,18.421244,7.262429
2023-05-24,150651.215784,147748.381007,0,2902.834776,19,325.869659,60.427469,0.326532,20.030001,18.42176,7.261322
2023-05-25,162413.676667,159510.841891,0,2902.834776,19,333.799103,68.379996,0.326667,19.139999,18.42199,7.260169
2023-05-26,175544.243222,172641.408446,0,2902.834776,19,342.327728,74.350503,0.327611,17.950001,18.421839,7.25901
2023-05-30,177293.126017,174390.29124,0,2902.834776,19,343.880249,75.26606,0.326074,17.459999,18.421531,7.257868
2023-05-31,173802.172846,170899.33807,0,2902.834776,19,341.924927,71.790389,0.323949,17.940001,18.421377,7.25671
2023-06-01,179914.927385,177012.092608,0,2902.834776,19,345.874847,74.365625,0.324194,15.65,18.42049,7.255718
2023-06-02,183900.42246,180997.587683,0,2902.834776,19,348.468903,75.920323,0.324157,14.6,18.419267,7.254879
2023-06-05,183740.050366,180837.21559,0,2902.834776,19,348.714478,76.068297,0.322593,14.73,18.418087,7.254018
2023-06-06,183297.633803,180394.799027,0,2902.834776,19,348.655518,75.947625,0.320965,13.96,18.416661,7.253296
2023-06-07,173973.934697,171071.09992,0,2902.834776,19,342.740448,64.835343,0.321652,13.94,18.41523,7.252577
2023-06-08,180585.118558,177682.283782,0,2902.834776,19,346.994995,68.415049,0.321819,13.65,18.413707,7.251918
2023-06-09,182566.399268,179663.564492,0,2902.834776,19,348.321503,69.458966,0.321706,13.83,18.412243,7.251222
2023-06-12,191511.699565,178261.205269,0,13250.494297,18,354.207062,73.62432,0.320544,15.01,18.411156,7.250319
2023-06-13,195189.398587,166399.830312,0,28789.568275,16,356.928802,75.301872,0.317587,14.61,18.409943,7.249479
2023-06-14,198084.845277,157151.769684,0,40933.075593,15,359.522766,76.815346,0.31224,13.88,18.408497,7.248773
2023-06-15,203619.395513,154483.459927,0,49135.935586,14,363.806793,79.093888,0.312502,14.5,18.40725,7.247953
2023-06-16,200637.903264,126176.452399,0,74461.450865,12,361.517365,74.859756,0.311348,13.54,18.405697,7.247318
2023-06-20,199496.027578,125034.576713,0,74461.450865,12,360.999847,73.896749,0.307174,13.88,18.404254,7.246612
2023-06-21,194383.815811,119922.364946,0,74461.450865,12,356.080261,65.297408,0.307417,13.2,18.402595,7.246053
2023-06-22,198558.678471,124097.227606,0,74461.450865,12,360.281677,68.652431,0.306347,12.91,18.400844,7.245561
2023-06-23,194835.608528,120374.157663,0,74461.450865,12,356.710022,63.0701,0.306619,13.44,18.399264,7.244948
2023-06-26,189768.36405,115306.913184,0,74461.450865,12,351.928131,56.45172,0.306665,14.25,18.397943,7.244172
2023-06-27,195733.284964,121271.834099,0,74461.450865,12,357.979187,61.900109,0.304739,13.74,18.39646,7.243495
2023-06-28,196380.301249,121918.850384,0,74461.450865,12,358.677826,62.483719,0.30458,13.43,18.394879,7.242884
2023-06-29,195373.595999,120912.145134,0,74461.450865,12,357.959534,61.441653,0.302177,13.54,18.393334,7.242249
2023-06-30,201099.814433,126638.363568,0,74461.450865,12,363.47937,66.118005,0.302662,13.59,18.391807,7.241604
2023-07-03,201782.960414,127321.509549,0,74461.450865,12,364.335358,66.790634,0.302225,13.57,18.390273,7.240962
2023-07-05,201647.205776,127185.754911,0,74461.450865,12,364.32547,66.774143,0.302157,14.18,18.388935,7.2402
2023-07-06,198644.889023,124183.438157,0,74461.450865,12,361.550842,62.137939,0.301732,15.44,18.387998,7.23924
2023-07-07,197329.195135,122867.744269,0,74461.450865,12,360.350403,60.190767,0.301707,14.83,18.386868,7.238368
2023-07-10,197191.172541,122729.721676,0,74461.450865,12,360.468567,60.322568,0.300724,15.07,18.385815,7.237459
2023-07-11,198996.852733,124535.401868,0,74461.450865,12,362.249481,62.346009,0.300763,14.84,18.384689,7.236586
2023-07-12,203691.857683,129230.406817,0,74461.450865,12,366.824707,67.001779,0.29986,13.54,18.383151,7.235952
2023-07-13,210302.095943,104769.601274,0,105532.49467,9,373.052856,72.065331,0.300175,13.61,18.381637,7.235303
2023-07-14,210194.991969,104662.497299,0,105532.49467,9,372.974213,71.915267,0.300154,13.34,18.380038,7.234712
2023-07-17,212882.936424,107350.441755,0,105532.49467,9,376.457214,74.452562,0.3003,13.48,18.378484,7.234091
2023-07-18,215311.330346,84468.36659,0,130842.963756,7,379.536926,76.476269,0.299736,13.3,18.376875,7.233509
2023-07-19,215213.354563,84370.390808,0,130842.963756,7,379.448303,76.288993,0.299516,13.76,18.375412,7.23283
2023-07-20,209690.875821,78847.912066,0,130842.963756,7,370.701263,60.532929,0.298888,13.99,18.374023,7.232105
2023-07-21,208947.437182,78104.473426,0,130842.963756,7,369.589539,58.868782,0.298394,13.6,18.372511,7.231459
2023-07-24,209190.238941,72867.484272,0,136322.754669,6,370.17981,59.505338,0.29796,13.91,18.371098,7.230749
2023-07-25,210507.587811,74184.833142,0,136322.754669,6,372.688782,62.184299,0.297206,13.86,18.369671,7.23005
2023-07-26,209802.625257,73479.870588,0,136322.754669,6,371.449066,60.069667,0.297143,13.19,18.368032,7.229493
2023-07-27,209259.490522,72936.735853,0,136322.754669,6,370.563568,58.538421,0.296115,14.41,18.366781,7.228692
2023-07-28,212833.993595,69943.661063,0,142890.332531,5,377.313293,65.713084,0.292819,13.33,18.365188,7.228104
2023-07-31,212871.250428,69980.917896,0,142890.332531,5,377.51004,65.898326,0.292626,13.63,18.363692,7.227452
2023-08-01,212425.271973,69534.939441,0,142890.332531,5,376.634308,64.234805,0.291916,13.93,18.362291,7.226739
2023-08-02,208565.761087,65675.428555,0,142890.332531,5,368.369415,51.119202,0.293212,16.09,18.361573,7.22571
2023-08-03,208272.322143,65381.989612,0,142890.332531,5,367.779053,50.328706,0.293192,15.92,18.360802,7.224699
2023-08-04,207410.737662,64520.405131,0,142890.332531,5,366.05722,47.997446,0.291563,17.1,18.360404,7.223593
2023-08-07,208806.958592,65916.62606,0,142890.332531,5,369.156555,52.282125,0.291674,15.77,18.359587,7.2226
2023-08-08,207324.85022,64434.517689,0,142890.332531,5,366.017883,47.971511,0.291689,15.99,18.358839,7.221583
2023-08-09,205444.727204,62554.394673,0,142890.332531,5,361.993591,43.068388,0.291989,15.96,18.358083,7.220569
2023-08-10,205727.770966,62837.438435,0,142890.332531,5,362.662659,44.091521,0.291637,15.85,18.357292,7.219568
2023-08-11,204593.417869,61703.085337,0,142890.332531,5,360.350403,41.327338,0.289949,14.84,18.356183,7.2187
2023-08-14,206423.006945,63532.674413,0,142890.332531,5,364.394348,47.523601,0.290135,14.82,18.355069,7.217835
2023-08-15,204593.569022,61703.236491,0,142890.332531,5,360.527649,42.862472,0.289565,16.459999,18.354472,7.216776
2023-08-16,202814.074784,59923.742253,0,142890.332531,5,356.710022,38.814703,0.289724,16.780001,18.353977,7.215694
2023-08-17,201011.867343,58121.534812,0,142890.332531,5,352.81369,35.164705,0.290026,17.889999,18.353831,7.214563
2023-08-18,200780.63838,57890.305848,0,142890.332531,5,352.370941,34.764649,0.289684,17.299999,18.353499,7.213451
2023-08-21,203355.673368,60465.340836,0,142890.332531,5,358.048126,43.62164,0.29028,17.129999,18.353114,7.212349
2023-08-22,203074.477473,60184.144942,0,142890.332531,5,357.536499,43.054323,0.289276,16.969999,18.352679,7.211256
2023-08-23,205641.938817,62751.606285,0,142890.332531,5,363.174286,50.667958,0.287983,15.98,18.351933,7.210245
2023-08-24,202054.90348,59164.570948,0,142890.332531,5,355.411163,42.284472,0.289215,17.200001,18.351571,7.20914
2023-08-25,203312.783667,60422.451136,0,142890.332531,5,358.166168,45.717086,0.289329,15.68,18.350732,7.208163
2023-08-28,204494.789001,61604.45647,0,142890.332531,5,360.862122,48.9187,0.288731,15.08,18.349705,7.207264
2023-08-29,208084.114519,65193.781988,0,142890.332531,5,368.743286,56.918192,0.285275,14.45,18.34848,7.206463
2023-08-30,209031.138486,66140.805955,0,142890.332531,5,370.799683,58.734097,0.285038,13.88,18.347078,7.205767
2023-08-31,209531.724532,66641.392001,0,142890.332531,5,371.911499,59.722585,0.284677,13.57,18.345579,7.205133
2023-09-01,209326.80592,66436.473388,0,142890.332531,5,371.517944,59.18217,0.284571,13.09,18.34393,7.204603
2023-09-05,209483.357227,66593.024695,0,142890.332531,5,371.990265,59.654022,0.284571,14.01,18.342571,7.203882
2023-09-06,207911.967948,53444.278949,0,154467.688999,4,368.713837,54.911918,0.284229,14.45,18.341351,7.203082
2023-09-07,206899.675308,52431.986309,0,154467.688999,4,366.076935,51.372438,0.284227,14.4,18.340116,7.202291
2023-09-08,207065.27687,52597.587871,0,154467.688999,4,366.588531,52.018633,0.283302,13.84,18.338706,7.201603
2023-09-11,208671.181423,54203.492424,0,154467.688999,4,370.907898,57.191045,0.283554,13.8,18.337285,7.200923
2023-09-12,207084.023993,52616.334994,0,154467.688999,4,366.795135,51.498419,0.282821,14.23,18.335999,7.200162
2023-09-13,207597.084121,53129.395122,0,154467.688999,4,368.192322,53.202585,0.282533,13.48,18.334479,7.199547
2023-09-14,208610.050165,54142.361166,0,154467.688999,4,371.203125,56.730744,0.274145,12.82,18.332753,7.199082
2023-09-15,206183.149116,51715.460117,0,154467.688999,4,364.846985,48.429682,0.274895,13.79,18.331333,7.198404
2023-09-18,206277.876928,51810.187929,0,154467.688999,4,365.227386,48.911488,0.274066,14,18.329978,7.197685
2023-09-19,205967.369321,51499.680322,0,154467.688999,4,364.448914,47.924714,0.273957,14.11,18.328659,7.196946
2023-09-20,203969.372993,49501.683994,0,154467.688999,4,359.197052,41.798135,0.274467,15.14,18.327663,7.196042
2023-09-21,201488.900452,47021.211453,0,154467.688999,4,352.614899,35.647415,0.275248,17.540001,18.327416,7.194931
2023-09-22,201477.707945,47010.018946,0,154467.688999,4,352.664185,35.723686,0.274302,17.200001,18.327064,7.193835
2023-09-25,202060.596383,47592.907384,0,154467.688999,4,354.339294,38.396119,0.273867,16.9,18.326619,7.192756
2023-09-26,200048.070571,34515.623716,0,165532.446855,3,349.018402,33.615142,0.273753,18.940001,18.32681,7.191641
2023-09-27,200267.183561,34734.736706,0,165532.446855,3,349.836273,34.955815,0.273687,18.219999,18.326777,7.190519
2023-09-28,201084.063301,35551.616447,0,165532.446855,3,352.762756,39.652174,0.273825,17.34,18.326469,7.189418
2023-09-29,201135.390157,35602.943303,0,165532.446855,3,353.018921,40.060142,0.272905,17.52,18.326218,7.188311
2023-10-02,201914.635215,36382.18836,0,165532.446855,3,355.965088,44.691216,0.270597,17.610001,18.325994,7.187201
2023-10-03,200136.311486,34603.864632,0,165532.446855,3,349.718018,37.98888,0.270657,19.780001,18.326447,7.186127
2023-10-04,201463.315803,35930.868948,0,165532.446855,3,354.477234,44.782824,0.269766,18.58,18.326526,7.185008
2023-10-05,201130.19679,35597.749936,0,165532.446855,3,353.432739,43.652464,0.267401,18.49,18.326577,7.18389
2023-10-06,202815.868202,37283.421348,0,165532.446855,3,359.354675,51.176881,0.268052,17.450001,18.326304,7.182788
2023-10-09,203311.236597,26359.901803,0,176951.334795,2,361.187378,53.25718,0.267878,17.700001,18.32611,7.181678
2023-10-10,203668.351815,26717.017021,0,176951.334795,2,363.187653,55.486509,0.263569,17.030001,18.325706,7.180597
2023-10-11,204163.645538,13607.504717,0,190556.140821,1,365.779144,58.263774,0.263307,16.09,18.325011,7.179588
2023-10-12,204036.271121,0,0,204036.271121,0,364.507965,56.404758,0.262737,16.690001,18.324502,7.178529
2023-10-13,204036.271121,0,0,204036.271121,0,359.926147,50.188814,0.263268,19.32,18.324812,7.177434
2023-10-16,204036.271121,0,0,204036.271121,0,363.995605,54.938654,0.262224,17.209999,18.324466,7.176346
2023-10-17,204036.271121,0,0,204036.271121,0,362.803375,53.334061,0.25947,17.879999,18.324327,7.175235
2023-10-18,204036.271121,0,0,204036.271121,0,358.044098,47.384452,0.257339,19.219999,18.324606,7.174137
2023-10-19,204036.271121,0,0,204036.271121,0,354.694,43.689867,0.257527,21.4,18.32556,7.173228
2023-10-20,204036.271121,0,0,204036.271121,0,349.402679,38.574037,0.258195,21.709999,18.326611,7.172362
2023-10-23,204036.271121,0,0,204036.271121,0,350.457062,40.079701,0.258096,20.370001,18.327245,7.17134
2023-10-24,204036.271121,0,0,204036.271121,0,353.866333,44.791934,0.256935,18.969999,18.327444,7.170236
2023-10-25,204036.271121,0,0,204036.271121,0,345.20517,36.861076,0.258524,20.190001,18.328022,7.169199
2023-10-26,204036.271121,0,0,204036.271121,0,338.623108,32.195681,0.258579,20.68,18.328751,7.168207
2023-10-27,204036.271121,0,0,204036.271121,0,340.24884,34.404038,0.257117,21.27,18.329662,7.167283
2023-10-30,204036.271121,0,0,204036.271121,0,344.081818,39.414231,0.256362,19.75,18.330102,7.166216
2023-10-31,204036.271121,0,0,204036.271121,0,345.727386,41.480755,0.25399,18.139999,18.330043,7.165106
2023-11-01,204036.271121,0,0,204036.271121,0,351.728149,48.393484,0.254285,16.870001,18.329591,7.164043
2023-11-02,204036.271121,0,0,204036.271121,0,358.113159,54.546124,0.254732,15.66,18.328765,7.163088
2023-11-03,204036.271121,0,0,204036.271121,0,362.320526,58.091728,0.251321,14.91,18.327707,7.162232
2023-11-06,204036.271121,0,0,204036.271121,0,363.798584,59.293035,0.250059,14.89,18.326644,7.161379
2023-11-07,204036.271121,0,0,204036.271121,0,367.237396,62.020768,0.249631,14.81,18.325557,7.160538
2023-11-08,204036.271121,0,0,204036.271121,0,367.473969,62.208384,0.249368,14.45,18.324359,7.159755
2023-11-09,204036.271121,0,0,204036.271121,0,364.645966,58.488787,0.249502,15.29,18.323421,7.158847
2023-11-10,204036.271121,0,0,204036.271121,0,372.844025,65.01859,0.248991,14.17,18.322138,7.158113
2023-11-13,204036.271121,0,0,204036.271121,0,371.681335,63.493138,0.234449,14.76,18.321038,7.157281
2023-11-14,204036.271121,0,0,204036.271121,0,379.682281,68.90041,0.234797,14.16,18.319753,7.15655
2023-11-15,204036.271121,0,0,204036.271121,0,379.968018,69.076567,0.234491,14.18,18.318475,7.155814
2023-11-16,204036.271121,0,0,204036.271121,0,380.293182,69.28975,0.234005,14.32,18.317242,7.155055
2023-11-17,204036.271121,0,0,204036.271121,0,380.381897,69.351829,0.233317,13.8,18.315848,7.154391
2023-11-20,204036.271121,0,0,204036.271121,0,385.013062,72.479348,0.233645,13.41,18.314335,7.153806
2023-11-21,204036.271121,0,0,204036.271121,0,382.776245,68.826146,0.233796,13.35,18.312805,7.153234
2023-11-22,204036.271121,0,0,204036.271121,0,384.342957,69.96794,0.233401,12.85,18.311122,7.152774
2023-11-24,204036.271121,0,0,204036.271121,0,383.801056,69.02621,0.232899,12.46,18.309319,7.152409
2023-11-27,204036.271121,0,0,204036.271121,0,383.466064,68.413201,0.232674,12.69,18.307589,7.151987
2023-11-28,204036.271121,0,0,204036.271121,0,384.471039,69.294207,0.23249,12.69,18.305859,7.151565
2023-11-29,204036.271121,0,0,204036.271121,0,384.096649,68.527392,0.231703,12.98,18.30422,7.151075
2023-11-30,204036.271121,0,0,204036.271121,0,383.131012,66.483844,0.231501,12.92,18.302563,7.150598
2023-12-01,204036.271121,0,0,204036.271121,0,384.224823,67.660284,0.225568,12.63,18.300818,7.15019
2023-12-04,204036.271121,0,0,204036.271121,0,380.657776,60.234961,0.225919,13.08,18.299213,7.149676
2023-12-05,204036.271121,0,0,204036.271121,0,381.613617,61.455647,0.225841,12.85,18.297538,7.149215
2023-12-06,204036.271121,0,0,204036.271121,0,379.406403,57.09693,0.224947,12.97,18.2959,7.148727
2023-12-07,204036.271121,0,0,204036.271121,0,384.70752,63.747286,0.223874,13.06,18.294292,7.148217
2023-12-08,204036.271121,0,0,204036.271121,0,386.422058,65.604342,0.22381,12.35,18.292466,7.147878
2023-12-11,204036.271121,0,0,204036.271121,0,389.722992,68.906708,0.223625,12.63,18.290728,7.147469
2023-12-12,204036.271121,0,0,204036.271121,0,392.826813,71.661812,0.223569,12.07,18.288818,7.147203
2023-12-13,204036.271121,0,0,204036.271121,0,397.822449,75.434689,0.223581,12.19,18.286947,7.146904
2023-12-14,204036.271121,0,0,204036.271121,0,397.47757,74.695331,0.223316,12.48,18.285166,7.146531
2023-12-15,204036.271121,0,0,204036.271121,0,399.399017,76.100775,0.223103,12.28,18.283324,7.146209
2023-12-18,204036.271121,0,0,204036.271121,0,401.914673,77.836418,0.219025,12.56,18.28157,7.145816
2023-12-19,204036.271121,0,0,204036.271121,0,403.968323,79.166559,0.218653,12.53,18.279807,7.14543
2023-12-20,204036.271121,0,0,204036.271121,0,397.965454,66.587032,0.218741,13.67,18.278395,7.144791
2023-12-21,204036.271121,0,0,204036.271121,0,402.595947,70.483257,0.219047,13.65,18.276977,7.144155
2023-12-22,204036.271121,0,0,204036.271121,0,403.198181,70.957591,0.218509,13.03,18.27537,7.143651
2023-12-26,204036.271121,0,0,204036.271121,0,405.666473,72.88114,0.216248,12.99,18.273753,7.143156
2023-12-27,204036.271121,0,0,204036.271121,0,406.492371,73.51328,0.216248,12.43,18.271965,7.142794
2023-12-28,204036.271121,0,0,204036.271121,0,406.294739,73.074323,0.215407,12.47,18.27019,7.142422
2023-12-29,204036.271121,0,0,204036.271121,0,404.536407,69.11986,0.214767,12.45,18.26841,7.142055
2024-01-02,204036.271121,0,0,204036.271121,0,397.690704,56.337231,0.214279,13.2,18.26686,7.141513
2024-01-03,204036.271121,0,0,204036.271121,0,393.482605,50.192425,0.21477,14.04,18.265568,7.140803
2024-01-04,204036.271121,0,0,204036.271121,0,391.45755,47.507043,0.214687,14.13,18.264305,7.140078
2024-01-05,204036.271121,0,0,204036.271121,0,391.921875,48.191488,0.214655,13.35,18.262804,7.139504
2024-01-08,204036.271121,0,0,204036.271121,0,400.022003,58.38535,0.214813,13.08,18.261221,7.138988
2024-01-09,204036.271121,0,0,204036.271121,0,400.812317,59.228275,0.212611,12.76,18.259542,7.138545
2024-01-10,204036.271121,0,0,204036.271121,0,403.528809,62.072053,0.212622,12.69,18.257843,7.138118
2024-01-11,204036.271121,0,0,204036.271121,0,404.368469,62.932666,0.212466,12.44,18.256068,7.137752
2024-01-12,204036.271121,0,0,204036.271121,0,404.575928,63.155119,0.211646,12.7,18.254373,7.137323
2024-01-16,204036.271121,0,0,204036.271121,0,404.536407,63.07746,0.211605,13.84,18.253027,7.136651
2024-01-17,204036.271121,0,0,204036.271121,0,402.254547,58.597074,0.211684,14.79,18.251972,7.135819
2024-01-18,204036.271121,0,0,204036.271121,0,407.964172,65.248541,0.212222,14.13,18.250716,7.135094
2024-01-19,204036.271121,0,0,204036.271121,0,416.054535,72.090539,0.212593,13.3,18.249208,7.134531
2024-01-22,204036.271121,0,0,204036.271121,0,416.59787,72.482376,0.212137,13.19,18.247667,7.13399
2024-01-23,204036.271121,0,0,204036.271121,0,418.326538,73.745334,0.209962,12.55,18.245933,7.133597
2024-01-24,204036.271121,0,0,204036.271121,0,420.647919,75.379493,0.208582,13.14,18.244379,7.133067
2024-01-25,204036.271121,0,0,204036.271121,0,421.161652,75.739379,0.208537,13.45,18.242921,7.132472
2024-01-26,204036.271121,0,0,204036.271121,0,418.652496,70.331891,0.208684,13.26,18.241405,7.131916
2024-01-29,204036.271121,0,0,204036.271121,0,422.939667,73.776868,0.207848,13.6,18.239994,7.131291
2024-01-30,204036.271121,0,0,204036.271121,0,420.12442,68.178347,0.207834,13.31,18.238495,7.130725
2024-01-31,204036.271121,0,0,204036.271121,0,411.895752,55.032951,0.207738,14.35,18.237314,7.129963
2024-02-01,204036.271121,0,0,204036.271121,0,416.746002,59.936347,0.207477,13.88,18.23599,7.129284
2024-02-02,204036.271121,0,0,204036.271121,0,423.789246,65.77301,0.206939,13.85,18.234658,7.128611
2024-02-05,204036.271121,0,0,204036.271121,0,423.236115,64.972469,0.202911,13.67,18.233273,7.127972
2024-02-06,204036.271121,0,0,204036.271121,0,422.386536,63.69023,0.201625,13.06,18.231703,7.12746
2024-02-07,204036.271121,0,0,204036.271121,0,426.733002,67.251081,0.201556,12.83,18.230064,7.126999
2024-02-08,204036.271121,0,0,204036.271121,0,427.523254,67.868076,0.200242,12.79,18.228414,7.126548
2024-02-09,204036.271121,0,0,204036.271121,0,431.731354,71.001145,0.199141,12.93,18.226807,7.126064
2024-02-12,204036.271121,0,0,204036.271121,0,430.042175,68.129424,0.198857,13.93,18.225505,7.125377
2024-02-13,204036.271121,0,0,204036.271121,0,423.334869,58.08356,0.199694,15.85,18.224785,7.124417
2024-02-14,204036.271121,0,0,204036.271121,0,427.948029,62.210762,0.199257,14.38,18.22362,7.123651
2024-02-15,204036.271121,0,0,204036.271121,0,429.222321,63.286129,0.199138,14.01,18.222344,7.12295
2024-02-16,204036.271121,0,0,204036.271121,0,425.330292,57.869489,0.199394,14.24,18.221138,7.122208
2024-02-20,204036.271121,0,0,204036.271121,0,422.119812,53.780422,0.198185,15.42,18.220291,7.121297
2024-02-21,204036.271121,0,0,204036.271121,0,420.430603,51.710053,0.19803,15.34,18.219419,7.120395
2024-02-22,204036.271121,0,0,204036.271121,0,432.738983,62.9133,0.198393,14.54,18.218306,7.119606
2024-02-23,204036.271121,0,0,204036.271121,0,431.4646,61.326866,0.198466,13.75,18.216955,7.118953
2024-02-26,204036.271121,0,0,204036.271121,0,431.237457,61.031462,0.198297,13.74,18.215602,7.118302
2024-02-27,204036.271121,0,0,204036.271121,0,432.274658,61.933161,0.197051,13.43,18.214155,7.117712
2024-02-28,204036.271121,0,0,204036.271121,0,429.973083,58.687949,0.197116,13.84,18.212834,7.117043
2024-02-29,204036.271121,0,0,204036.271121,0,433.657654,62.110755,0.197261,13.4,18.21138,7.116459
2024-03-01,204036.271121,0,0,204036.271121,0,440.187195,67.283826,0.197559,13.11,18.20984,7.115936
2024-03-04,204036.271121,0,0,204036.271121,0,438.616608,64.985493,0.197503,13.49,18.208415,7.115335
2024-03-05,204036.271121,0,0,204036.271121,0,430.743591,54.867757,0.197621,14.46,18.207284,7.114559
2024-03-06,204036.271121,0,0,204036.271121,0,433.450256,57.327518,0.197702,14.5,18.206166,7.113777
2024-03-07,204036.271121,0,0,204036.271121,0,440.029175,62.655226,0.197657,14.44,18.20503,7.113004
2024-03-08,204036.271121,0,0,204036.271121,0,433.677399,55.456284,0.198566,14.74,18.203986,7.112186
2024-03-11,204036.271121,0,0,204036.271121,0,432.06723,53.769694,0.197341,15.22,18.203086,7.111303
2024-03-12,204036.271121,0,0,204036.271121,0,438.260956,58.9424,0.197001,13.84,18.201772,7.110634
2024-03-13,204036.271121,0,0,204036.271121,0,434.892487,55.317321,0.197208,13.75,18.200431,7.109983
2024-03-14,204036.271121,0,0,204036.271121,0,433.795959,54.149817,0.195634,14.4,18.199286,7.109218
2024-03-15,204036.271121,0,0,204036.271121,0,428.639496,48.920933,0.196256,14.41,18.198146,7.108451
2024-03-18,204036.271121,0,0,204036.271121,0,432.7276,52.811417,0.194263,14.33,18.196982,7.107698
2024-03-19,204036.271121,0,0,204036.271121,0,433.805786,53.810633,0.194124,13.82,18.195665,7.107034
2024-03-20,204036.271121,0,0,204036.271121,0,438.949219,58.342333,0.194503,13.04,18.194114,7.106527
2024-03-21,204036.271121,0,0,204036.271121,0,441.026489,60.047202,0.193942,12.92,18.192529,7.106047
2024-03-22,204036.271121,0,0,204036.271121,0,441.530945,60.470294,0.193081,13.06,18.190986,7.105536
2024-03-25,204036.271121,0,0,204036.271121,0,439.928528,58.356261,0.192783,13.19,18.189483,7.104997
2024-03-26,204036.271121,0,0,204036.271121,0,438.504181,56.466589,0.192847,13.24,18.187996,7.104447
2024-03-27,204036.271121,0,0,204036.271121,0,439.997742,58.002323,0.192601,12.78,18.186372,7.103998
2024-03-28,204036.271121,0,0,204036.271121,0,439.186676,56.829891,0.192468,13.01,18.184818,7.103498
2024-04-01,204036.271121,0,0,204036.271121,0,440.116486,57.880989,0.191431,13.65,18.183457,7.102866
2024-04-02,204036.271121,0,0,204036.271121,0,436.318176,52.281025,0.191569,14.61,18.182385,7.10207
2024-04-03,204036.271121,0,0,204036.271121,0,437.297394,53.529277,0.190702,14.33,18.18123,7.101318
2024-04-04,204036.271121,0,0,204036.271121,0,430.61084,44.893484,0.191702,16.35,18.180681,7.100323
2024-04-05,204036.271121,0,0,204036.271121,0,435.68512,51.312717,0.192031,16.030001,18.180036,7.099357
2024-04-08,204036.271121,0,0,204036.271121,0,435.813721,51.467019,0.191558,15.19,18.17914,7.098481
2024-04-09,204036.271121,0,0,204036.271121,0,437.425995,53.458499,0.19147,14.98,18.178182,7.097633
2024-04-10,204036.271121,0,0,204036.271121,0,433.607971,48.394228,0.19184,15.8,18.177469,7.09669
2024-04-11,204036.271121,0,0,204036.271121,0,440.53186,56.45121,0.192403,14.91,18.176491,7.095852
2024-04-12,204036.271121,0,0,204036.271121,0,433.509033,48.22673,0.19315,17.309999,18.176232,7.094805
2024-04-15,204036.271121,0,0,204036.271121,0,426.37735,41.598762,0.19312,19.23,18.176547,7.093767
2024-04-16,204036.271121,0,0,204036.271121,0,426.416901,41.646659,0.193089,18.4,18.176614,7.092707
2024-04-17,204036.271121,0,0,204036.271121,0,421.21405,37.311566,0.193767,18.209999,18.176624,7.091646
2024-04-18,204036.271121,0,0,204036.271121,0,418.810455,35.474443,0.193939,18,18.176571,7.090586
2024-04-19,204036.271121,0,0,204036.271121,0,410.14563,29.781633,0.195728,18.709999,18.17673,7.089532
2024-04-22,204036.271121,0,0,204036.271121,0,414.270386,35.11928,0.195738,16.940001,18.176361,7.088505
2024-04-23,204036.271121,0,0,204036.271121,0,420.452423,42.209703,0.196424,15.69,18.175618,7.087576
2024-04-24,204036.271121,0,0,204036.271121,0,421.87674,43.735341,0.196401,15.97,18.17496,7.08662
2024-04-25,204036.271121,0,0,204036.271121,0,419.839233,42.026139,0.195018,15.37,18.174122,7.085728
2024-04-26,204036.271121,0,0,204036.271121,0,426.317993,48.868793,0.195662,15.03,18.173184,7.084878
2024-04-29,204036.271121,0,0,204036.271121,0,428.048981,50.548219,0.193262,14.67,18.172139,7.084079
2024-04-30,204036.271121,0,0,204036.271121,0,419.977661,43.391487,0.194662,15.65,18.171387,7.083157
2024-05-01,204036.271121,0,0,204036.271121,0,416.940979,41.037371,0.194902,15.39,18.170558,7.082263
2024-05-02,204036.271121,0,0,204036.271121,0,422.262512,46.513683,0.195034,14.68,18.169517,7.081464
2024-05-03,204036.271121,0,0,204036.271121,0,430.749359,53.87188,0.196097,13.49,18.168123,7.080869
2024-05-06,204036.271121,0,0,204036.271121,0,435.467529,57.382087,0.196349,13.49,18.166729,7.080274
2024-05-07,204036.271121,0,0,204036.271121,0,435.536774,57.433283,0.194915,13.23,18.165259,7.079732
2024-05-08,204036.271121,0,0,204036.271121,0,435.279541,57.158589,0.194922,13,18.163721,7.079239
2024-05-09,204036.271121,0,0,204036.271121,0,436.229126,57.957983,0.19471,12.69,18.162092,7.078815
2024-05-10,204036.271121,0,0,204036.271121,0,437.257843,58.853707,0.194375,12.55,18.160422,7.078424
2024-05-13,204036.271121,0,0,204036.271121,0,438.266785,59.759256,0.194364,13.6,18.159066,7.077807
2024-05-14,204036.271121,0,0,204036.271121,0,441.085754,62.258503,0.194375,13.42,18.157657,7.077227
2024-05-15,204036.271121,0,0,204036.271121,0,447.980072,67.564314,0.195062,12.45,18.15596,7.076859
2024-05-16,204036.271121,0,0,204036.271121,0,447.070099,66.240646,0.195103,12.42,18.154256,7.076497
2024-05-17,204036.271121,0,0,204036.271121,0,446.852478,65.908095,0.194686,11.99,18.152424,7.076244
2024-05-20,204036.271121,0,0,204036.271121,0,449.968262,68.357471,0.193711,12.15,18.150642,7.075949
2024-05-21,204036.271121,0,0,204036.271121,0,450.848602,69.034413,0.193668,11.86,18.148774,7.075728
2024-05-22,204036.271121,0,0,204036.271121,0,450.759552,68.873902,0.193658,12.29,18.147035,7.075398
2024-05-23,204036.271121,0,0,204036.271121,0,448.731842,65.158831,0.19305,12.77,18.145439,7.074954
2024-05-24,204036.271121,0,0,204036.271121,0,452.97522,68.935177,0.193143,11.93,18.143595,7.074714
2024-05-28,204036.271121,0,0,204036.271121,0,454.686432,70.331702,0.191216,12.92,18.142046,7.074236
2024-05-29,204036.271121,0,0,204036.271121,0,451.481659,64.484931,0.189273,14.28,18.140901,7.0735
2024-05-30,204036.271121,0,0,204036.271121,0,446.644775,56.808937,0.189762,14.47,18.139813,7.072734
2024-05-31,204036.271121,0,0,204036.271121,0,445.813904,55.584923,0.18962,12.92,18.138267,7.072256
2024-06-03,204036.271121,0,0,204036.271121,0,448.207581,58.367928,0.189275,13.11,18.136777,7.071738
2024-06-04,204036.271121,0,0,204036.271121,0,449.434113,59.759312,0.189127,13.16,18.135304,7.071209
2024-06-05,204036.271121,0,0,204036.271121,0,458.494598,68.21115,0.190489,12.63,18.133674,7.070797
2024-06-06,204036.271121,0,0,204036.271121,0,458.336395,67.942815,0.190491,12.58,18.13203,7.070396
2024-06-07,204036.271121,0,0,204036.271121,0,457.930786,67.212767,0.189241,12.22,18.130281,7.070081
2024-06-10,204036.271121,0,0,204036.271121,0,459.780487,68.856221,0.188793,12.74,18.128687,7.069642
2024-06-11,204036.271121,0,0,204036.271121,0,462.935822,71.482234,0.18889,12.85,18.127126,7.06918
2024-06-12,204036.271121,0,0,204036.271121,0,468.999207,75.7191,0.188496,12.04,18.125327,7.068909
2024-06-13,204036.271121,0,0,204036.271121,0,471.541321,77.245476,0.188402,11.94,18.123499,7.068664
2024-06-14,204036.271121,0,0,204036.271121,0,473.984497,78.635535,0.188321,12.66,18.121885,7.068243
2024-06-17,204036.271121,0,0,204036.271121,0,479.79071,81.524168,0.188348,12.75,18.120298,7.067802
2024-06-18,204036.271121,0,0,204036.271121,0,479.939087,81.592661,0.188139,12.3,18.11858,7.067466
2024-06-20,204036.271121,0,0,204036.271121,0,476.239746,74.206326,0.188415,13.28,18.117152,7.066912
2024-06-21,204036.271121,0,0,204036.271121,0,474.963745,71.792165,0.187624,13.2,18.115701,7.066373
2024-06-24,204036.271121,0,0,204036.271121,0,469.556427,62.511095,0.187795,13.33,18.114289,7.065809
2024-06-25,204036.271121,0,0,204036.271121,0,474.926086,67.064486,0.187731,12.84,18.112734,7.065347
2024-06-26,204036.271121,0,0,204036.271121,0,475.906891,67.833019,0.186904,12.55,18.111094,7.064951
2024-06-27,204036.271121,0,0,204036.271121,0,477.135376,68.814591,0.185934,12.24,18.109363,7.064629
2024-06-28,204036.271121,0,0,204036.271121,0,474.6586,64.538637,0.186087,12.44,18.107693,7.064258
2024-07-01,204036.271121,0,0,204036.271121,0,477.442505,67.019284,0.186136,12.22,18.105959,7.06394
2024-07-02,204036.271121,0,0,204036.271121,0,482.455505,70.958873,0.185692,12.03,18.10417,7.063669
2024-07-03,204036.271121,0,0,204036.271121,0,486.477783,73.675954,0.185886,12.09,18.102399,7.063383
2024-07-05,204036.271121,0,0,204036.271121,0,491.550201,76.643664,0.18621,12.48,18.100745,7.063001
2024-07-08,204036.271121,0,0,204036.271121,0,492.719238,77.279414,0.185911,12.37,18.099059,7.062646
2024-07-09,204036.271121,0,0,204036.271121,0,493.145203,77.519528,0.18583,12.51,18.097415,7.062258
2024-07-10,204036.271121,0,0,204036.271121,0,498.286987,80.234856,0.186149,12.85,18.095872,7.061792
2024-07-11,204036.271121,0,0,204036.271121,0,487.359467,62.858039,0.188212,12.92,18.09435,7.061312
2024-07-12,204036.271121,0,0,204036.271121,0,490.222626,64.997084,0.187798,12.46,18.092695,7.060934
2024-07-15,204036.271121,0,0,204036.271121,0,491.540283,65.96844,0.186855,13.12,18.091234,7.060411
2024-07-16,204036.271121,0,0,204036.271121,0,491.728546,66.113135,0.18685,13.19,18.089794,7.059874
2024-07-17,204036.271121,0,0,204036.271121,0,477.293915,48.933826,0.190228,14.48,18.088735,7.059108
2024-07-18,204036.271121,0,0,204036.271121,0,475.035065,46.880868,0.190151,15.93,18.088101,7.058169
2024-07-19,204036.271121,0,0,204036.271121,0,470.824646,43.239427,0.190509,16.52,18.087641,7.057184
2024-07-22,204036.271121,0,0,204036.271121,0,477.838806,50.181699,0.189,14.91,18.086709,7.056358
2024-07-23,204036.271121,0,0,204036.271121,0,476.154572,48.64323,0.189017,14.72,18.085721,7.055559
2024-07-24,204036.271121,0,0,204036.271121,0,459.074738,36.441835,0.194307,18.040001,18.085708,7.054524
2024-07-25,204036.271121,0,0,204036.271121,0,454.012238,33.740349,0.194703,18.459999,18.085818,7.053493
2024-07-26,204036.271121,0,0,204036.271121,0,458.668579,38.272901,0.194967,16.389999,18.085321,7.052519
2024-07-29,204036.271121,0,0,204036.271121,0,459.589966,39.159784,0.194933,16.6,18.084886,7.051531
2024-07-30,204036.271121,0,0,204036.271121,0,453.279144,35.407355,0.194621,17.690001,18.08477,7.050502
2024-07-31,204036.271121,0,0,204036.271121,0,466.693268,47.02689,0.197589,16.360001,18.084265,7.049531
2024-08-01,204036.271121,0,0,204036.271121,0,455.389313,40.427088,0.199885,18.59,18.084413,7.048505
2024-08-02,204036.271121,0,0,204036.271121,0,444.580688,35.322499,0.200201,23.389999,18.085965,7.048057
2024-08-05,204036.271121,7275.602792,0,196760.668328,1,431.325043,30.27389,0.203614,38.57,18.091957,7.055729
2024-08-06,204326.523204,14910.120914,0,189416.402289,2,435.44635,33.458328,0.20379,27.709999,18.094769,7.056613
2024-08-07,203667.294931,14250.892642,0,189416.402289,2,430.73053,31.675662,0.204048,27.85,18.097621,7.057553
2024-08-08,205647.218316,16230.816027,0,189416.402289,2,443.907013,41.116046,0.206799,23.790001,18.099284,7.057192
2024-08-09,205958.638742,16542.236453,0,189416.402289,2,446.22525,42.618257,0.206375,20.370001,18.099947,7.056268
2024-08-12,206070.331479,16653.92919,0,189416.402289,2,447.186218,43.264396,0.206377,20.709999,18.10071,7.055378
2024-08-13,207794.629661,18378.227372,0,189416.402289,2,458.282166,50.232824,0.208138,18.120001,18.100715,7.054347
2024-08-14,207792.883661,18376.481371,0,189416.402289,2,458.430817,50.320857,0.207775,16.190001,18.100158,7.053393
2024-08-15,209637.559614,20221.157325,0,189416.402289,2,470.012238,56.741114,0.209296,15.23,18.09932,7.052534
2024-08-16,209704.622147,20288.219858,0,189416.402289,2,470.616516,57.052983,0.208821,14.8,18.098358,7.05173
2024-08-19,210657.121524,21240.719235,0,189416.402289,2,476.798553,60.213181,0.208802,14.65,18.097352,7.050947
2024-08-20,210487.595131,21071.192842,0,189416.402289,2,475.797943,59.450653,0.208819,15.88,18.096706,7.050021
2024-08-21,210806.889677,21390.487388,0,189416.402289,2,478.01709,60.641108,0.2081,16.27,18.096173,7.049062
2024-08-22,209626.835357,20210.433067,0,189416.402289,2,470.438202,54.731352,0.209091,17.549999,18.096014,7.048041
2024-08-23,210411.417071,20995.014782,0,189416.402289,2,475.540344,57.718679,0.208683,15.86,18.095363,7.047117
2024-08-26,209595.640953,20179.238664,0,189416.402289,2,470.923645,54.231302,0.207301,16.15,18.094796,7.046169
2024-08-27,209803.279879,20386.87759,0,189416.402289,2,472.330414,55.121118,0.207161,15.43,18.09402,7.04529
2024-08-28,208963.747037,19547.344748,0,189416.402289,2,466.970703,51.048983,0.207558,17.110001,18.093734,7.044284
2024-08-29,208790.775471,19374.373181,0,189416.402289,2,466.28714,50.536205,0.206092,15.65,18.093023,7.043382
2024-08-30,209669.115017,20252.712727,0,189416.402289,2,471.844971,54.53501,0.206434,15,18.092123,7.042555
2024-09-03,207538.02984,18121.627551,0,189416.402289,2,457.519348,44.539951,0.209913,20.719999,18.092887,7.041674
2024-09-04,207348.827276,17932.424987,0,189416.402289,2,456.330444,43.822122,0.209941,21.32,18.093826,7.040865
2024-09-05,207403.161348,17986.759059,0,189416.402289,2,456.7565,44.169377,0.20994,19.9,18.09435,7.039909
2024-09-06,205672.285878,16255.883588,0,189416.402289,2,444.52121,37.080723,0.212294,22.379999,18.095596,7.039265
2024-09-09,206491.023172,17074.620883,0,189416.402289,2,450.23764,41.781792,0.212568,19.450001,18.095989,7.03828
2024-09-10,207110.400131,17693.997842,0,189416.402289,2,454.398621,45.00292,0.212805,19.08,18.096275,7.037278
2024-09-11,208643.367709,19226.96542,0,189416.402289,2,464.266083,51.811919,0.213846,17.690001,18.096157,7.036259
2024-09-12,209332.673099,19916.27081,0,189416.402289,2,468.823303,54.607106,0.213616,17.07,18.095859,7.03526
2024-09-13,209652.482105,20236.079816,0,189416.402289,2,470.923645,55.877407,0.213631,16.559999,18.095413,7.034287
2024-09-16,209292.358436,19875.956146,0,189416.402289,2,468.84314,54.257673,0.213554,17.139999,18.095136,7.033286
2024-09-17,209278.263481,19861.861191,0,189416.402289,2,469.090851,54.427059,0.212426,17.610001,18.094996,7.032271
2024-09-18,208954.241249,19537.83896,0,189416.402289,2,467.059875,52.703828,0.212522,18.23,18.095035,7.031252
2024-09-19,210883.346154,21466.943865,0,189416.402289,2,478.86908,60.529204,0.214429,16.33,18.094523,7.030297
2024-09-20,210697.985928,21281.583639,0,189416.402289,2,477.957672,59.708117,0.213636,16.15,18.09396,7.029356
2024-09-23,210823.406471,21407.004181,0,189416.402289,2,479.224609,60.51005,0.21233,15.89,18.093322,7.028438
2024-09-24,211187.782285,21771.379996,0,189416.402289,2,481.536163,61.99626,0.212369,15.39,18.092539,7.027571
2024-09-25,211248.418046,21832.015757,0,189416.402289,2,481.982605,62.291435,0.212328,15.41,18.091763,7.026701
2024-09-26,211800.167275,22383.764986,0,189416.402289,2,485.60379,64.68726,0.211543,15.37,18.090975,7.025837
2024-09-27,211355.517044,21939.114755,0,189416.402289,2,482.905243,61.548924,0.2117,16.959999,18.090648,7.024847
2024-09-30,211532.475405,22116.073116,0,189416.402289,2,484.214844,62.499766,0.211537,16.73,18.090254,7.023869
2024-10-01,210459.494155,21043.091866,0,189416.402289,2,477.468567,54.960022,0.21233,19.26,18.090593,7.022881
2024-10-02,210551.276403,21134.874114,0,189416.402289,2,478.143188,55.537654,0.212157,18.9,18.090827,7.021879
2024-10-03,210440.219191,21023.816901,0,189416.402289,2,477.786011,55.134487,0.210948,20.49,18.09152,7.020983
2024-10-04,211345.240188,21928.837899,0,189416.402289,2,483.470764,60.099171,0.210816,19.209999,18.091843,7.019994
2024-10-07,210491.395802,21074.993513,0,189416.402289,2,478.291992,54.213619,0.211249,22.639999,18.093156,7.019406
2024-10-08,211634.230632,22217.828343,0,189416.402289,2,485.43515,60.028225,0.21107,21.42,18.094117,7.01862
2024-10-09,212255.47843,22839.076141,0,189416.402289,2,489.2547,62.752131,0.211169,20.860001,18.094915,7.017764
2024-10-10,212152.083366,22735.681077,0,189416.402289,2,488.699127,62.089351,0.211124,20.93,18.095733,7.016917
2024-10-11,212263.970122,22847.567832,0,189416.402289,2,489.463074,62.673157,0.211003,20.459999,18.096415,7.016019
2024-10-14,212918.836136,23502.433846,0,189416.402289,2,493.570374,65.72888,0.211105,19.700001,18.096877,7.01506
2024-10-15,211819.041955,22402.639665,0,189416.402289,2,486.97287,57.57549,0.211184,20.639999,18.09761,7.014182
2024-10-16,211806.931446,22390.529156,0,189416.402289,2,487.03241,57.626574,0.210841,19.58,18.098037,7.013216
2024-10-17,211849.950809,22433.548519,0,189416.402289,2,487.36972,57.935599,0.210774,19.110001,18.098329,7.012226
2024-10-18,212346.856135,22930.453846,0,189416.402289,2,490.564301,60.847818,0.210158,18.030001,18.098309,7.011216
2024-10-21,212460.015819,23043.61353,0,189416.402289,2,491.506805,61.690513,0.209767,18.370001,18.098388,7.010208
2024-10-22,212508.645142,23092.242852,0,189416.402289,2,492.042542,62.188694,0.208843,18.200001,18.098417,7.009199
2024-10-23,211285.085121,21868.682832,0,189416.402289,2,484.502472,51.949378,0.209804,19.24,18.098745,7.008217
2024-10-24,211918.168983,22501.766693,0,189416.402289,2,488.431274,56.013343,0.20972,19.08,18.099028,7.007228
2024-10-25,212326.319916,22909.917627,0,189416.402289,2,491.407593,58.852555,0.207433,20.33,18.099669,7.006322
2024-10-28,212260.812485,22844.410196,0,189416.402289,2,491.486969,58.928694,0.205941,19.799999,18.100158,7.005374
2024-10-29,213049.649686,23633.247397,0,189416.402289,2,496.209351,63.281851,0.206132,19.34,18.100515,7.004398
2024-10-30,212407.983901,22991.581612,0,189416.402289,2,492.459229,58.02251,0.206086,20.35,18.101161,7.003495
2024-10-31,210431.955259,21015.55297,0,189416.402289,2,480.028168,44.746711,0.208574,23.16,18.102614,7.003014
2024-11-01,210974.855515,21558.453226,0,189416.402289,2,483.579895,48.380768,0.207822,21.879999,18.103699,7.002301
2024-11-04,210682.71545,21266.313161,0,189416.402289,2,482.171112,47.058674,0.206901,21.98,18.104812,7.001603
2024-11-05,211687.358349,22270.95606,0,189416.402289,2,488.322174,53.086716,0.206978,20.49,18.105497,7.000715
2024-11-06,213977.001188,24560.598899,0,189416.402289,2,501.586517,62.897523,0.209221,16.27,18.10497,6.999779
2024-11-07,215335.022547,25918.620258,0,189416.402289,2,509.483612,67.284174,0.209703,15.2,18.104137,6.998947
2024-11-08,215427.863054,26011.460764,0,189416.402289,2,510.078979,67.595232,0.209701,14.94,18.103229,6.998149
2024-11-11,215338.688356,25922.286067,0,189416.402289,2,509.781372,67.25102,0.209432,14.97,18.102331,6.997346
2024-11-12,215125.824692,25709.422403,0,189416.402289,2,508.858643,66.126669,0.207945,14.71,18.101359,6.996579
2024-11-13,215001.528139,25585.12585,0,189416.402289,2,508.203857,65.29246,0.207901,14.02,18.100189,6.995917
2024-11-14,214348.787007,24932.384718,0,189416.402289,2,504.671997,60.834485,0.206722,14.31,18.099103,6.995209
2024-11-15,212368.994684,22952.592395,0,189416.402289,2,492.647736,48.654716,0.20893,16.139999,18.098542,6.994286
2024-11-18,212916.578584,23500.176295,0,189416.402289,2,496.070465,51.623783,0.209049,15.58,18.097821,6.993414
2024-11-19,213486.801767,24070.399478,0,189416.402289,2,499.483307,54.452026,0.209163,16.35,18.097321,6.992475
2024-11-20,213415.203057,23998.800768,0,189416.402289,2,499.195557,54.164496,0.20875,17.16,18.097053,6.991493
2024-11-21,213705.932222,24289.529932,0,189416.402289,2,500.991302,55.735366,0.208608,16.870001,18.096702,6.990523
2024-11-22,213831.845647,24415.443358,0,189416.402289,2,501.794861,56.454548,0.208578,15.24,18.095885,6.98969
2024-11-25,213936.478648,24520.076358,0,189416.402289,2,502.588562,57.194336,0.208557,14.6,18.094886,6.988941
2024-11-26,214390.189618,24973.787329,0,189416.402289,2,505.287079,59.701083,0.208607,14.1,18.093744,6.988268
2024-11-27,213707.526391,24291.124102,0,189416.402289,2,501.308746,54.622511,0.208878,14.1,18.092603,6.987595
2024-11-29,214446.829287,25030.426998,0,189416.402289,2,505.713684,58.801438,0.209068,13.51,18.091294,6.987026
2024-12-02,215375.968863,25959.566574,0,189416.402289,2,511.219788,63.345469,0.209348,13.34,18.089937,6.98649
2024-12-03,215638.588263,26222.185974,0,189416.402289,2,512.787292,64.544398,0.20935,13.3,18.08857,6.985961
2024-12-04,216739.657634,27323.255345,0,189416.402289,2,519.126892,68.965655,0.209394,13.45,18.087246,6.985403
2024-12-05,216478.231414,27061.829125,0,189416.402289,2,517.688354,66.926259,0.209443,13.54,18.085949,6.984829
2024-12-06,217285.789234,27869.386945,0,189416.402289,2,522.321411,70.002914,0.209475,12.77,18.084432,6.984409
2024-12-09,216531.603667,27115.201378,0,189416.402289,2,518.253845,64.343735,0.209205,14.19,18.083322,6.983723
2024-12-10,216212.534476,26796.132187,0,189416.402289,2,516.487915,62.000291,0.209241,14.18,18.082209,6.983038
2024-12-11,217855.729911,28439.327622,0,189416.402289,2,525.734314,68.474592,0.210002,13.58,18.080926,6.982456
2024-12-12,217245.154973,27828.752683,0,189416.402289,2,522.341248,64.154955,0.210045,13.92,18.079741,6.981815
2024-12-13,217937.01708,28520.614791,0,189416.402289,2,526.339417,66.811736,0.209734,13.81,18.078525,6.981192
2024-12-16,219279.20836,29862.806071,0,189416.402289,2,533.919189,71.173816,0.210316,14.69,18.07756,6.980432
2024-12-17,218848.481176,29432.078887,0,189416.402289,2,531.567749,68.179977,0.210376,15.87,18.076931,6.979537
2024-12-18,215580.624425,26164.222135,0,189416.402289,2,512.390503,49.786722,0.215136,27.620001,18.079647,6.9804
2024-12-19,215176.952044,25760.549754,0,189416.402289,2,510.108704,48.123187,0.215176,24.09,18.081357,6.980143
2024-12-20,215920.349943,26503.947653,0,189416.402289,2,514.563293,51.528228,0.214522,18.360001,18.081436,6.979152
2024-12-23,216763.08647,27346.684181,0,189416.402289,2,519.576416,55.099977,0.2144,16.780001,18.081066,6.978194
2024-12-24,218010.504944,28594.102654,0,189416.402289,2,526.621826,59.605049,0.21492,14.27,18.079983,6.977498
2024-12-26,217925.088617,28508.686328,0,189416.402289,2,526.264099,59.279817,0.214844,14.73,18.079031,6.976734
2024-12-27,216698.891736,27282.489447,0,189416.402289,2,519.268433,53.169879,0.215536,15.95,18.078426,6.975835
2024-12-30,215482.677362,26066.275073,0,189416.402289,2,512.362183,47.918961,0.216217,17.4,18.078233,6.974854
2024-12-31,214726.927751,25310.525461,0,189416.402289,2,508.009796,44.908923,0.216423,17.35,18.078027,6.973874
2025-01-02,214505.116986,25088.714697,0,189416.402289,2,507.016083,44.225862,0.215366,17.93,18.077985,6.972884
2025-01-03,215939.858402,26523.456113,0,189416.402289,2,515.313416,50.936275,0.215687,16.129999,18.077432,6.971972
2025-01-06,216952.962558,27536.560268,0,189416.402289,2,521.235901,55.089754,0.215912,16.040001,18.076854,6.971067
2025-01-07,215351.251045,25934.848755,0,189416.402289,2,511.934875,48.19019,0.217131,17.82,18.076781,6.970079
2025-01-08,215321.501307,25905.099018,0,189416.402289,2,512.024292,48.257282,0.215872,17.700001,18.076674,6.969094
2025-01-10,213945.524325,24529.122036,0,189416.402289,2,503.995209,42.886768,0.216805,19.540001,18.077089,6.968149
2025-01-13,213636.085131,24219.682841,0,189416.402289,2,502.375488,41.87435,0.216747,19.190001,18.077404,6.967187
2025-01-14,213544.530249,24128.12796,0,189416.402289,2,501.898499,41.563179,0.216753,18.709999,18.077584,6.966208
2025-01-15,215563.067304,26146.665015,0,189416.402289,2,513.445313,51.046719,0.218338,16.120001,18.077029,6.965299
2025-01-16,214936.011368,25519.609079,0,189416.402289,2,509.848145,48.410931,0.218544,16.6,18.076611,6.964357
2025-01-17,216438.807384,27022.405094,0,189416.402289,2,518.453491,54.467868,0.219222,15.97,18.076015,6.963461
2025-01-21,216918.133589,27501.7313,0,189416.402289,2,521.494324,56.415197,0.218733,15.06,18.075161,6.962661
2025-01-22,218070.253594,28653.851305,0,189416.402289,2,528.162048,60.413187,0.218035,15.1,18.07432,6.961855
2025-01-23,218260.185774,28843.783484,0,189416.402289,2,529.284912,61.060964,0.218039,15.02,18.073456,6.96106
2025-01-24,217720.726515,28304.324225,0,189416.402289,2,526.293823,58.323154,0.218149,14.85,18.072545,6.960287
2025-01-27,215084.849089,25668.446799,0,189416.402289,2,510.971008,46.757188,0.221116,17.9,18.072496,6.959303
2025-01-28,216402.936865,26986.534576,0,189416.402289,2,518.523193,51.827755,0.221743,16.41,18.072026,6.958376
2025-01-29,216218.959261,26802.556972,0,189416.402289,2,517.549377,51.151297,0.221616,16.559999,18.071599,6.957439
2025-01-30,216587.698508,27171.296218,0,189416.402289,2,519.75531,52.658665,0.221369,15.84,18.070969,6.956557
2025-01-31,216440.563891,27024.161602,0,189416.402289,2,519.000122,52.066325,0.221202,16.43,18.070505,6.95563
2025-02-03,215653.832761,26237.430471,0,189416.402289,2,514.846375,48.813853,0.220065,18.620001,18.07066,6.954654
2025-02-04,216750.41319,27334.0109,0,189416.402289,2,521.166382,53.566646,0.220101,17.209999,18.070418,6.953687
2025-02-05,217137.197787,27720.795497,0,189416.402289,2,523.531372,55.241469,0.219314,15.77,18.069769,6.952814
2025-02-06,217612.147397,28195.745107,0,189416.402289,2,526.264099,57.164109,0.219361,15.5,18.069044,6.951967
2025-02-07,216444.14981,27027.747521,0,189416.402289,2,519.626099,51.389503,0.219937,16.540001,18.068613,6.951034
2025-02-10,217526.266691,28109.864402,0,189416.402289,2,525.916199,55.932309,0.220059,15.81,18.067976,6.950157
2025-02-11,217294.743117,27878.340828,0,189416.402289,2,524.664185,54.833861,0.220089,16.02,18.067399,6.949263
2025-02-12,217332.390598,27915.988309,0,189416.402289,2,524.972229,55.067672,0.219823,15.89,18.066786,6.94838
2025-02-13,218680.504398,29264.102109,0,189416.402289,2,532.524414,60.470451,0.220345,15.1,18.06595,6.94758
2025-02-14,219051.57568,29635.173391,0,189416.402289,2,534.760193,61.929881,0.219474,14.77,18.065023,6.946821
2025-02-18,219222.214326,29805.812036,0,189416.402289,2,535.972473,62.733299,0.219156,15.35,18.064258,6.945993
2025-02-19,219238.72112,29822.318831,0,189416.402289,2,536.121643,62.837226,0.219143,15.27,18.063472,6.945173
2025-02-20,218813.18546,29396.783171,0,189416.402289,2,533.845947,60.084352,0.2189,15.66,18.062796,6.944313
2025-02-21,216858.4814,27442.07911,0,189416.402289,2,522.766174,48.860783,0.220236,18.209999,18.062837,6.943337
2025-02-24,215753.09885,26336.696561,0,189416.402289,2,516.595337,43.93803,0.220689,18.98,18.063095,6.942378
2025-02-25,214556.930225,25140.527935,0,189416.402289,2,510.086609,39.426045,0.218679,19.43,18.063479,6.941439
2025-02-26,214759.151768,25342.749479,0,189416.402289,2,511.318787,40.668202,0.218646,19.1,18.063771,6.940486
2025-02-27,212393.249106,22976.846816,0,189416.402289,2,497.118774,32.417815,0.221364,21.129999,18.064632,6.939701
2025-02-28,213735.462058,24319.059768,0,189416.402289,2,504.969055,39.700839,0.222094,19.629999,18.065072,6.938776
2025-03-03,211878.634911,22462.232622,0,189416.402289,2,493.919037,34.126055,0.223653,22.780001,18.066395,6.938251
2025-03-04,211614.078472,22197.676182,0,189416.402289,2,492.428528,33.443871,0.223486,23.51,18.067923,6.937876
2025-03-05,212673.981686,23257.579397,0,189416.402289,2,498.847839,39.091089,0.223313,21.93,18.069007,6.937204
2025-03-06,210458.634694,21042.232404,0,189416.402289,2,485.124847,32.7029,0.225847,24.870001,18.070914,6.937166
2025-03-07,211003.259781,21586.857492,0,189416.402289,2,488.69223,35.647011,0.224893,23.370001,18.0724,6.936761
2025-03-10,208085.232138,27392.722569,0,180692.509568,3,469.752319,28.514577,0.229855,27.860001,18.075144,6.937724
2025-03-11,207776.915882,27084.406313,0,180692.509568,3,468.629395,28.154889,0.22919,26.92,18.077623,6.938332
2025-03-12,208943.317957,28250.808389,0,180692.509568,3,473.915924,32.473442,0.228871,24.23,18.079347,6.938124
2025-03-13,207055.162693,26362.653125,0,180692.509568,3,465.389893,29.403687,0.229895,24.66,18.08119,6.938026
2025-03-14,209652.890583,28960.381014,0,180692.509568,3,476.638611,37.762903,0.23103,21.77,18.082223,6.937329
2025-03-17,210311.334824,29618.825256,0,180692.509568,3,479.729004,39.869464,0.230942,20.51,18.082903,6.936476
2025-03-18,208465.027678,27772.518109,0,180692.509568,3,471.550903,36.361981,0.231879,21.700001,18.083915,6.935769
2025-03-19,209896.103088,29203.593519,0,180692.509568,3,477.860901,40.697021,0.231924,19.9,18.084424,6.934865
2025-03-20,209493.112999,28800.603431,0,180692.509568,3,476.24115,39.944809,0.231711,19.799999,18.084904,6.933954
2025-03-21,209838.515378,29146.00581,0,180692.509568,3,477.811157,41.081565,0.231724,19.280001,18.085238,6.933013
2025-03-24,212298.994999,31606.485431,0,180692.509568,3,488.296448,48.141492,0.232733,17.48,18.085068,6.932051
2025-03-25,212947.723882,32255.214314,0,180692.509568,3,491.082947,49.860937,0.232762,17.15,18.084807,6.9311
2025-03-26,210850.711029,30158.20146,0,180692.509568,3,482.046692,44.686545,0.233874,18.33,18.084876,6.930132
2025-03-27,210196.864384,29504.354816,0,180692.509568,3,479.299957,43.218362,0.233938,18.690001,18.085045,6.929171
2025-03-28,207427.641955,26735.132387,0,180692.509568,3,466.681091,37.17543,0.236138,21.65,18.08604,6.92846
2025-03-31,207367.37681,26674.867242,0,180692.509568,3,466.661194,37.166606,0.236107,22.280001,18.087211,6.927847
2025-04-01,208203.144663,27510.635095,0,180692.509568,3,470.422943,40.063334,0.236279,21.77,18.088239,6.927153
2025-04-02,208971.751152,28279.241583,0,180692.509568,3,473.856293,42.661554,0.236418,21.51,18.089194,6.926422
2025-04-03,203914.585651,31943.596707,0,171970.988944,4,448.489105,31.720439,0.245333,30.02,18.092522,6.928322
2025-04-04,197504.438901,34053.03843,0,163451.400472,5,420.633942,24.338939,0.25714,45.310001,18.100112,6.94225
2025-04-07,197674.306708,51271.468411,0,146402.838297,7,421.649017,25.02365,0.2565,46.98,18.108163,6.95801
2025-04-08,194267.834809,64615.601312,0,129652.233497,9,414.055756,23.323296,0.257019,52.330002,18.117701,6.98046
2025-04-09,231906.711689,102254.478193,0,129652.233497,9,463.755219,48.154883,0.29091,33.619999,18.12202,6.984282
2025-04-10,219692.292362,90040.058865,0,129652.233497,9,444.030701,42.29997,0.295569,40.720001,18.128315,6.993486
2025-04-11,225053.305741,95401.072244,0,129652.233497,9,452.211121,45.271937,0.29618,37.560001,18.133726,7.000027
2025-04-14,226809.6775,97157.444004,0,129652.233497,9,455.276306,46.386258,0.295685,30.889999,18.137277,7.002288
2025-04-15,226972.616014,97320.382517,0,129652.233497,9,455.783783,46.580188,0.295043,30.120001,18.140612,7.004166
2025-04-16,218276.724935,88624.491438,0,129652.233497,9,442.040314,42.135111,0.296672,32.639999,18.144647,7.007367
2025-04-17,218168.696237,88516.46274,0,129652.233497,9,441.960724,42.110049,0.296673,29.65,18.147847,7.009019
2025-04-21,211285.040463,81632.806966,0,129652.233497,9,431.023621,38.70328,0.29784,33.82,18.152205,7.012915
2025-04-22,218610.075849,88957.842352,0,129652.233497,9,442.338928,43.771572,0.299363,30.57,18.155657,7.014996
2025-04-23,225055.204776,95402.971279,0,129652.233497,9,452.370331,47.885556,0.299459,28.450001,18.158519,7.016121
2025-04-24,233743.183631,104090.950134,0,129652.233497,9,465.098724,52.622273,0.301035,26.469999,18.160828,7.016513
2025-04-25,237165.6756,107513.442103,0,129652.233497,9,470.2836,54.438888,0.300811,24.84,18.162683,7.016422
2025-04-28,236884.876849,107232.643353,0,129652.233497,9,470.134338,54.374252,0.300792,25.15,18.164624,7.016413
2025-04-29,238957.239759,109305.006262,0,129652.233497,9,473.239319,55.556401,0.300815,24.17,18.166291,7.016153
2025-04-30,238765.641747,109113.40825,0,129652.233497,9,473.179596,55.5266,0.300284,24.700001,18.168104,7.016023
2025-05-01,243042.532492,113390.298996,0,129652.233497,9,479.35968,58.035132,0.300631,24.6,18.169889,7.015867
2025-05-02,247900.672272,118248.438775,0,129652.233497,9,486.47525,60.778261,0.300198,22.68,18.17114,7.015296
2025-05-05,245684.97026,116032.736763,0,129652.233497,9,483.589203,59.091084,0.300152,23.639999,18.172657,7.014914
2025-05-06,242460.552631,112808.319134,0,129652.233497,9,479.091003,56.460355,0.300033,24.76,18.174483,7.014799
2025-05-07,243564.180741,113911.947244,0,129652.233497,9,480.971893,57.316068,0.299151,23.549999,18.175973,7.014398
2025-05-08,246989.885571,117337.652074,0,129652.233497,9,485.937866,59.575076,0.29912,22.48,18.177165,7.013791
2025-05-09,246707.125047,117054.891551,0,129652.233497,9,485.619385,59.358107,0.299123,21.9,18.178197,7.013093
2025-05-12,261353.302404,131701.068908,0,129652.233497,9,505.403625,67.32028,0.302852,18.389999,18.178255,7.012123
2025-05-13,267032.417514,137380.184017,0,129652.233497,9,513.106323,69.800897,0.303348,18.219999,18.178267,7.011152
2025-05-14,269261.970839,139609.737343,0,129652.233497,9,516.181458,70.755306,0.303409,18.620001,18.178389,7.010185
2025-05-15,269624.488133,139972.254637,0,129652.233497,9,516.748718,70.937769,0.303403,17.83,18.178293,7.009217
2025-05-16,271233.94062,141581.707123,0,129652.233497,9,518.997864,71.691915,0.303356,17.24,18.178033,7.008265
2025-05-19,271350.049332,141697.815835,0,129652.233497,9,519.495483,71.865865,0.302827,18.139999,18.178023,7.007296
2025-05-20,270003.808329,140351.574832,0,129652.233497,9,517.763916,70.248245,0.302848,18.09,18.177998,7.006327
2025-05-21,264694.331451,135042.097954,0,129652.233497,9,510.568634,63.819848,0.30335,20.870001,18.178742,7.005501
2025-05-22,265325.308717,135673.07522,0,129652.233497,9,511.524078,64.287189,0.303256,20.280001,18.179323,7.00462
2025-05-23,261820.817673,132168.584176,0,129652.233497,9,506.786926,60.13938,0.303479,22.290001,18.180459,7.003985
2025-05-27,270587.671138,140935.437642,0,129652.233497,9,518.709229,66.072389,0.304708,18.959999,18.180674,7.00303
2025-05-28,268817.784216,139165.550719,0,129652.233497,9,516.410339,64.091439,0.304706,19.309999,18.180986,7.002088
2025-05-29,269486.153306,139833.919809,0,129652.233497,9,517.425476,64.59621,0.304524,19.18,18.181261,7.001141
2025-05-30,268818.219018,139165.985521,0,129652.233497,9,516.609375,63.819509,0.304509,18.57,18.181369,7.000178
2025-06-02,271684.511164,142032.277667,0,129652.233497,9,520.689697,66.019457,0.304499,18.360001,18.181418,6.999212
2025-06-03,274653.223923,145000.990426,0,129652.233497,9,524.759949,68.102986,0.304315,17.690001,18.181282,6.998252
2025-06-04,275696.987758,146044.754261,0,129652.233497,9,526.2229,68.842465,0.304311,17.610001,18.181125,6.997293
2025-06-05,272674.765429,143022.531932,0,129652.233497,9,522.262085,64.483686,0.304417,18.48,18.181207,6.99633
2025-06-06,276488.327641,146836.094144,0,129652.233497,9,527.36731,67.352931,0.304603,16.77,18.180818,6.995405
2025-06-09,276769.713836,147117.480339,0,129652.233497,9,528.143555,67.779162,0.303714,17.16,18.180537,6.994462
2025-06-10,279375.145858,149722.912361,0,129652.233497,9,531.636658,69.696468,0.303798,16.950001,18.180198,6.993528
2025-06-11,277960.688539,148308.455042,0,129652.233497,9,529.845276,67.478865,0.30383,17.26,18.179945,6.992582
2025-06-12,278844.681452,149192.447955,0,129652.233497,9,531.089294,68.234738,0.303809,18.02,18.179901,6.991619
2025-06-13,273787.144275,144134.910778,0,129652.233497,9,524.421631,60.163374,0.304127,20.82,18.180627,6.990794
2025-06-16,279142.853179,149490.619682,0,129652.233497,9,531.716248,65.036127,0.304176,19.110001,18.180883,6.989849
2025-06-17,275180.448443,145528.214946,0,129652.233497,9,526.531311,59.468097,0.304369,21.6,18.181823,6.989118
2025-06-18,275046.533945,145394.300448,0,129652.233497,9,526.441711,59.373498,0.304316,20.139999,18.182362,6.988232
2025-06-20,273265.828514,143613.595018,0,129652.233497,9,524.292236,57.029727,0.304034,20.620001,18.183032,6.987388
2025-06-23,277202.222141,147549.988644,0,129652.233497,9,529.683228,61.169843,0.304265,19.83,18.183484,6.986481
2025-06-24,283380.052321,153727.818824,0,129652.233497,9,537.783142,66.406939,0.304622,17.48,18.183291,6.985531
2025-06-25,284376.636531,154724.403034,0,129652.233497,9,539.157959,67.215184,0.304608,16.76,18.1829,6.984611
2025-06-26,288187.007097,158534.7736,0,129652.233497,9,544.199219,70.059822,0.304449,16.59,18.182463,6.983702
2025-06-27,289538.604122,159886.370625,0,129652.233497,9,546.062439,71.059299,0.304191,16.32,18.181952,6.982811
2025-06-30,292128.77409,146312.854447,0,145815.919643,8,549.599243,72.908098,0.304268,16.73,18.181553,6.981894
2025-07-01,288903.554685,143087.635042,0,145815.919643,8,544.966492,66.881156,0.304451,16.83,18.181182,6.980972
2025-07-02,291474.411927,145658.492284,0,145815.919643,8,548.762268,69.132631,0.30447,16.639999,18.18076,6.980061
2025-07-03,295186.721395,149370.801752,0,145815.919643,8,554.162292,72.044301,0.304605,16.379999,18.180266,6.979167
2025-07-07,292079.571934,146263.652291,0,145815.919643,8,549.987854,66.798674,0.304529,17.790001,18.180159,6.978213
2025-07-08,292226.022206,146410.102563,0,145815.919643,8,550.296692,66.990169,0.304385,16.809999,18.179784,6.977294
2025-07-09,294867.010231,149051.090588,0,145815.919643,8,554.1922,69.388482,0.304255,15.94,18.17917,6.976436
2025-07-10,294262.390497,148446.470854,0,145815.919643,8,553.395203,68.295206,0.304255,15.78,18.178513,6.975593
2025-07-11,293348.484262,147532.564619,0,145815.919643,8,552.14978,66.53115,0.304272,16.4,18.178026,6.9747
2025-07-14,294567.142501,148751.222858,0,145815.919643,8,554.152405,67.964086,0.304062,17.200001,18.177758,6.973764
2025-07-15,294727.540906,148911.621262,0,145815.919643,8,554.6604,68.334441,0.302841,17.379999,18.17754,6.972822
2025-07-16,295066.363312,149250.443668,0,145815.919643,8,555.228333,68.769137,0.302773,17.16,18.177261,6.971888
2025-07-17,298176.790481,152360.870838,0,145815.919643,8,559.72168,72.039543,0.302898,16.52,18.176808,6.970988
2025-07-18,297750.567931,151934.648288,0,145815.919643,8,559.183655,71.079744,0.302903,16.41,18.176325,6.970096
2025-07-21,299395.049984,153579.130341,0,145815.919643,8,562.082886,73.155295,0.300744,16.65,18.175908,6.969188
2025-07-22,297300.406971,151484.487327,0,145815.919643,8,559.173645,67.890046,0.300756,16.5,18.17545,6.968291
2025-07-23,299025.106576,153209.186933,0,145815.919643,8,561.724243,69.933228,0.300572,15.37,18.174683,6.967493
2025-07-24,299766.145947,153950.226304,0,145815.919643,8,562.9198,70.868927,0.300097,15.39,18.173922,6.966693
2025-07-25,300670.590559,154854.670916,0,145815.919643,8,564.27478,71.934942,0.300062,14.93,18.173037,6.965948
2025-07-28,301406.032297,155590.112654,0,145815.919643,8,566.038147,73.304077,0.296709,15.03,18.172179,6.96519
2025-07-29,300699.637929,154883.718285,0,145815.919643,8,565.161438,71.438095,0.296375,15.98,18.17158,6.964333
2025-07-30,301165.98549,155350.065847,0,145815.919643,8,565.918701,72.098756,0.296162,15.48,18.170846,6.963525
2025-07-31,299001.184677,153185.265034,0,145815.919643,8,562.9198,65.624935,0.296251,16.719999,18.17045,6.962616
2025-08-01,291207.995031,145392.075388,0,145815.919643,8,551.830994,48.340611,0.296773,20.379999,18.171053,6.961762
2025-08-04,298090.194583,152274.27494,0,145815.919643,8,562.013062,59.015025,0.295553,17.52,18.170875,6.960821
2025-08-05,295188.906941,132490.318215,0,162698.588726,7,558.197327,54.472484,0.294126,17.85,18.170788,6.959874
2025-08-06,299370.04306,136671.454334,0,162698.588726,7,565.221252,60.499776,0.292932,16.77,18.170406,6.958964
2025-08-07,300285.899905,137587.311179,0,162698.588726,7,567.134155,61.976169,0.29052,16.57,18.16997,6.958066
2025-08-08,303546.965405,98155.348912,0,205391.616493,5,572.424438,65.784982,0.29051,15.15,18.169148,6.957297
2025-08-11,302685.123456,97293.506962,0,205391.616493,5,570.730713,63.588825,0.290194,16.25,18.168625,6.956421
2025-08-12,305722.780651,79030.511629,0,226692.269022,4,577.904114,68.400378,0.28841,14.73,18.167689,6.955706
2025-08-13,305799.189044,79106.920023,0,226692.269022,4,578.193054,68.58048,0.288367,14.49,18.166688,6.955024
2025-08-14,305616.262402,78923.99338,0,226692.269022,4,577.744751,67.933533,0.288372,14.83,18.165781,6.954295
2025-08-15,304617.045379,77924.776358,0,226692.269022,4,575.204224,64.235427,0.287051,15.09,18.164944,6.953534
2025-08-18,304464.176391,77771.907369,0,226692.269022,4,574.974976,63.897405,0.287054,14.99,18.164081,6.952786
2025-08-19,301630.382941,74938.113919,0,226692.269022,4,567.174011,53.567447,0.286115,15.57,18.163376,6.951972
2025-08-20,300429.207628,73736.938606,0,226692.269022,4,563.806458,49.822933,0.286227,15.69,18.162704,6.951147
2025-08-21,299472.32321,72780.054188,0,226692.269022,4,561.196228,47.07603,0.285912,16.6,18.162279,6.95025
2025-08-22,302520.957996,75828.688975,0,226692.269022,4,569.854004,55.783813,0.286433,14.22,18.161209,6.949609
2025-08-25,301868.073279,75175.804257,0,226692.269022,4,568.210083,53.968082,0.286426,14.79,18.160293,6.948888
2025-08-26,302611.71469,75919.445668,0,226692.269022,4,570.491638,56.103617,0.285748,14.62,18.159332,6.948189
2025-08-27,302883.900747,76191.631726,0,226692.269022,4,571.368408,56.930524,0.285495,14.85,18.158434,6.94746
2025-08-28,304117.778739,77425.509717,0,226692.269022,4,574.945129,60.22245,0.285291,14.43,18.157423,6.946789
2025-08-29,301757.05328,75064.784258,0,226692.269022,4,568.289917,52.2239,0.285668,15.36,18.156664,6.945999
2025-09-02,299974.017041,73281.74802,0,226692.269022,4,563.527466,47.374878,0.285506,17.17,18.156396,6.945076
2025-09-03,301517.486053,74825.217032,0,226692.269022,4,567.961121,51.856532,0.28562,16.35,18.155907,6.944198
2025-09-04,303305.834179,76613.565157,0,226692.269022,4,573.101929,56.484047,0.285482,15.3,18.155133,6.943416
2025-09-05,303438.676079,76746.407057,0,226692.269022,4,573.928894,57.196781,0.282932,15.18,18.154327,6.942648
2025-09-08,304366.091672,77673.82265,0,226692.269022,4,576.728455,59.608655,0.28294,15.11,18.153502,6.941888
2025-09-09,304926.945011,78234.675989,0,226692.269022,4,578.362488,60.990331,0.28295,15.04,18.152659,6.941137
2025-09-10,304865.946231,78173.677209,0,226692.269022,4,578.551758,61.156078,0.28092,15.35,18.1519,6.94035
2025-09-11,306036.129514,36632.232493,0,269403.897021,2,581.91925,64.080338,0.280623,14.71,18.150969,6.939642
2025-09-12,306470.747123,17658.455925,0,288812.291198,1,584.489624,66.173598,0.28048,14.76,18.150051,6.938927
2025-09-15,306871.705682,18059.414484,0,288812.291198,1,589.49115,69.854877,0.279541,15.69,18.149386,6.938106
2025-09-16,306818.717052,18006.425854,0,288812.291198,1,588.99292,69.048737,0.279347,16.360001,18.148902,6.93723
2025-09-17,306709.409052,17897.117854,0,288812.291198,1,587.817322,67.081615,0.279336,15.72,18.148245,6.936407
2025-09-18,307167.634879,18355.343681,0,288812.291198,1,593.117676,71.081778,0.279431,15.7,18.147584,6.935586
2025-09-19,307515.297576,18703.006378,0,288812.291198,1,597.13269,73.689905,0.279517,15.45,18.146855,6.934791
2025-09-22,307807.748101,18995.456903,0,288812.291198,1,600.667725,75.762594,0.279507,16.1,18.146302,6.933935
2025-09-23,307429.669488,18617.37829,0,288812.291198,1,596.677917,69.142003,0.278159,16.639999,18.145895,6.933043
2025-09-24,307239.050547,18426.759349,0,288812.291198,1,594.583252,65.88673,0.278189,16.18,18.145364,6.932182
2025-09-25,307008.142034,18195.850836,0,288812.291198,1,592.019836,62.037376,0.27825,16.74,18.144985,6.931284
2025-09-26,307215.239436,18402.948239,0,288812.291198,1,594.453552,64.177232,0.278237,15.29,18.144215,6.930508
2025-09-29,307438.840481,18626.549283,0,288812.291198,1,597.206543,66.479017,0.278274,16.120001,18.143669,6.929652
2025-09-30,307575.444864,18763.153666,0,288812.291198,1,598.842407,67.802899,0.278168,16.280001,18.143166,6.928785
2025-10-01,307822.615516,19010.324318,0,288812.291198,1,601.715027,70.040501,0.278101,16.290001,18.142666,6.927918
2025-10-02,308036.302113,0,0,308036.302113,0,604.188721,71.854463,0.27812,16.629999,18.142259,6.927028
2025-10-03,308036.302113,0,0,308036.302113,0,601.645264,67.339769,0.277608,16.65,18.141857,6.926138
2025-10-06,308036.302113,0,0,308036.302113,0,606.163696,70.844417,0.277719,16.370001,18.141379,6.925266
2025-10-07,308036.302113,0,0,308036.302113,0,602.971863,65.497687,0.277812,17.24,18.141137,6.924349
2025-10-08,308036.302113,0,0,308036.302113,0,609.884277,70.661745,0.277788,16.299999,18.140641,6.923482
2025-10-09,308036.302113,0,0,308036.302113,0,609.146118,69.46605,0.277443,16.43,18.14018,6.922607
2025-10-10,308036.302113,0,0,308036.302113,0,588.000061,45.640226,0.280333,21.66,18.141128,6.921916
2025-10-13,308036.302113,0,0,308036.302113,0,600.47821,55.368252,0.281257,19.030001,18.141367,6.921
2025-10-14,308036.302113,0,0,308036.302113,0,596.478394,52.146816,0.281391,20.809999,18.142084,6.920207
2025-10-15,308036.302113,0,0,308036.302113,0,600.687622,55.106972,0.281489,20.639999,18.142756,6.919398
2025-10-16,308036.302113,0,0,308036.302113,0,598.463318,53.233008,0.281394,25.309999,18.144683,6.919465
2025-10-17,308036.302113,0,0,308036.302113,0,602.393311,56.075159,0.280956,20.780001,18.145391,6.91867
2025-10-20,308036.302113,0,0,308036.302113,0,609.983887,61.004509,0.281304,18.23,18.145414,6.91774
2025-10-21,308036.302113,0,0,308036.302113,0,609.824402,60.849995,0.281307,17.870001,18.14534,6.916812
2025-10-22,308036.302113,0,0,308036.302113,0,603.949341,55.293985,0.28151,18.6,18.145462,6.915888
2025-10-23,308036.302113,0,0,308036.302113,0,609.026428,58.795337,0.281652,17.299999,18.145235,6.914973
2025-10-24,308036.302113,0,0,308036.302113,0,615.529785,62.812959,0.281896,16.370001,18.144758,6.914106
2025-10-27,308036.302113,0,0,308036.302113,0,626.491882,68.405125,0.281922,15.79,18.144127,6.913285
2025-10-28,308036.302113,0,0,308036.302113,0,631.30957,70.504427,0.281907,16.42,18.143664,6.912416
2025-10-29,308036.302113,0,0,308036.302113,0,634.152344,71.699358,0.281872,16.92,18.143336,6.911517
2025-10-30,308036.302113,0,0,308036.302113,0,624.457031,62.412629,0.282559,16.91,18.143005,6.91062
2025-10-31,308036.302113,0,0,308036.302113,0,627.46936,63.973941,0.282407,17.440001,18.142817,6.909703
2025-11-03,308036.302113,0,0,308036.302113,0,630.47168,65.511599,0.282257,17.17,18.142556,6.908796
2025-11-04,308036.302113,0,0,308036.302113,0,617.674377,54.779031,0.281634,19,18.142786,6.907884
2025-11-05,308036.302113,0,0,308036.302113,0,621.694153,57.153512,0.281607,18.01,18.14275,6.906959
2025-11-06,308036.302113,0,0,308036.302113,0,610.113647,49.147113,0.28257,19.5,18.143114,6.90607
2025-11-07,308036.302113,0,0,308036.302113,0,608.188538,47.944716,0.282257,19.08,18.143365,6.905162
2025-11-10,308036.302113,0,0,308036.302113,0,621.644226,56.040165,0.281665,17.6,18.143219,6.904244
2025-11-11,308036.302113,0,0,308036.302113,0,619.988464,54.908565,0.281133,17.280001,18.142988,6.903335
2025-11-12,308036.302113,0,0,308036.302113,0,619.499695,54.558341,0.281139,17.51,18.142819,6.902419
2025-11-13,308036.302113,0,0,308036.302113,0,606.85199,46.324404,0.282305,20,18.143316,6.901563
2025-11-14,308036.302113,0,0,308036.302113,0,607.310791,46.639011,0.282289,19.83,18.143766,6.900695
2025-11-17,308036.302113,0,0,308036.302113,0,602.124023,43.532576,0.282499,22.379999,18.144898,6.90012
2025-11-18,308036.302113,0,0,308036.302113,0,594.792725,39.525237,0.282776,24.690001,18.146647,6.900027
2025-11-19,308036.302113,0,0,308036.302113,0,598.343689,42.29599,0.281267,23.66,18.14812,6.899694
2025-11-20,308036.302113,0,0,308036.302113,0,584.17981,35.340644,0.282727,26.42,18.150328,6.900097
2025-11-21,308036.302113,0,0,308036.302113,0,588.568604,38.704195,0.282748,23.43,18.151738,6.899715
2025-11-24,308036.302113,0,0,308036.302113,0,603.620178,48.582815,0.284281,20.52,18.15237,6.898902
2025-11-25,308036.302113,0,0,308036.302113,0,607.340698,50.697944,0.284334,18.559999,18.152479,6.897985
2025-11-26,308036.302113,0,0,308036.302113,0,612.707031,53.659039,0.284496,17.190001,18.152222,6.897082
2025-11-28,308036.302113,0,0,308036.302113,0,617.674377,56.276805,0.284628,16.35,18.151741,6.896225
2025-12-01,308036.302113,0,0,308036.302113,0,615.599609,54.882276,0.28462,17.24,18.151498,6.895322
2025-12-02,308036.302113,0,0,308036.302113,0,620.417358,57.51493,0.284551,16.59,18.151082,6.89445
2025-12-03,308036.302113,0,0,308036.302113,0,621.933533,58.338817,0.284398,16.08,18.15053,6.893614
2025-12-04,308036.302113,0,0,308036.302113,0,621.35498,57.877584,0.28415,15.78,18.149899,6.892804
2025-12-05,308036.302113,0,0,308036.302113,0,623.888489,59.391642,0.284164,15.41,18.149169,6.892031
2025-12-08,308036.302113,0,0,308036.302113,0,622.691589,58.325036,0.283843,16.66,18.148773,6.891156
2025-12-09,308036.302113,0,0,308036.302113,0,623.459595,58.83588,0.283813,16.93,18.148448,6.890267
2025-12-10,308036.302113,0,0,308036.302113,0,626.013062,60.566607,0.283671,15.77,18.147815,6.889459
2025-12-11,308036.302113,0,0,308036.302113,0,623.988281,58.467398,0.283525,14.85,18.146938,6.888753
2025-12-12,308036.302113,0,0,308036.302113,0,612.058716,47.927455,0.284501,15.74,18.146298,6.887948
2025-12-15,308036.302113,0,0,308036.302113,0,608.986511,45.645373,0.283837,16.5,18.14586,6.887084
2025-12-16,308036.302113,0,0,308036.302113,0,610.19342,46.718697,0.283714,16.48,18.145417,6.886222
2025-12-17,308036.302113,0,0,308036.302113,0,598.882263,38.954907,0.284533,17.620001,18.145278,6.885312
2025-12-18,308036.302113,0,0,308036.302113,0,607.560181,46.324631,0.284539,16.870001,18.144939,6.884429
2025-12-19,308036.302113,0,0,308036.302113,0,615.479919,52.017878,0.284867,14.91,18.14408,6.883716
2025-12-22,308036.302113,0,0,308036.302113,0,618.430237,53.976312,0.281337,14.08,18.143001,6.88312
2025-12-23,308036.302113,0,0,308036.302113,0,621.326538,55.880121,0.281306,14,18.141901,6.882538
2025-12-24,308036.302113,0,0,308036.302113,0,623.144287,57.080106,0.281157,13.47,18.140661,6.882045
2025-12-26,308036.302113,0,0,308036.302113,0,623.104309,57.043359,0.280952,13.6,18.139456,6.881529
2025-12-29,308036.302113,0,0,308036.302113,0,620.088135,54.207945,0.28061,14.2,18.138411,6.880915
2025-12-30,308036.302113,0,0,308036.302113,0,618.649902,52.858718,0.280629,14.33,18.137401,6.880282
2025-12-31,308036.302113,0,0,308036.302113,0,613.536377,48.259527,0.280328,14.95,18.136556,6.879565
2026-01-02,308036.302113,0,0,308036.302113,0,612.3479,47.230928,0.279834,14.51,18.135595,6.878907
2026-01-05,308036.302113,0,0,308036.302113,0,617.211731,51.762228,0.279745,14.9,18.134738,6.878197
2026-01-06,308036.302113,0,0,308036.302113,0,622.634888,56.271123,0.279889,14.75,18.133841,6.877506
2026-01-07,308036.302113,0,0,308036.302113,0,623.234192,56.752213,0.279272,15.38,18.133112,6.876741
2026-01-08,308036.302113,0,0,308036.302113,0,619.688599,53.034763,0.279082,15.45,18.132401,6.875969
2026-01-09,308036.302113,0,0,308036.302113,0,625.86084,58.171352,0.278389,14.49,18.131437,6.875314
2026-01-12,308036.302113,0,0,308036.302113,0,626.380188,58.58183,0.278388,15.12,18.13064,6.874579
2026-01-13,308036.302113,0,0,308036.302113,0,625.451355,57.495128,0.277682,15.98,18.130071,6.873758
2026-01-14,308036.302113,0,0,308036.302113,0,618.769775,50.270914,0.277988,16.75,18.129706,6.872886
2026-01-15,308036.302113,0,0,308036.302113,0,620.997009,52.417168,0.278,15.84,18.129101,6.872077
2026-01-16,308036.302113,0,0,308036.302113,0,620.477661,51.855163,0.276751,15.86,18.128501,6.871268
2026-01-20,308036.302113,0,0,308036.302113,0,607.29425,40.101335,0.277879,20.09,18.12902,6.870434
2026-01-21,308036.302113,0,0,308036.302113,0,615.503906,48.005035,0.277631,16.9,18.128695,6.869555
2026-01-22,308036.302113,0,0,308036.302113,0,619.978271,51.742438,0.277674,15.64,18.128038,6.868766
2026-01-23,308036.302113,0,0,308036.302113,0,621.935791,53.323209,0.277312,16.09,18.127499,6.867939
2026-01-26,308036.302113,0,0,308036.302113,0,624.672363,55.516941,0.277343,16.15,18.126977,6.867107
2026-01-27,308036.302113,0,0,308036.302113,0,630.335205,59.734209,0.277419,16.35,18.126508,6.866262
2026-01-28,308036.302113,0,0,308036.302113,0,632.422546,61.19461,0.275029,16.35,18.12604,6.865416
2026-01-29,308036.302113,0,0,308036.302113,0,628.637329,57.146888,0.274645,16.879999,18.125711,6.86454
2026-01-30,308036.302113,0,0,308036.302113,0,621.086853,50.037084,0.27506,17.440001,18.12553,6.863644
2026-02-02,308036.302113,0,0,308036.302113,0,625.351501,53.552081,0.275125,16.34,18.125059,6.8628
2026-02-03,308036.302113,0,0,308036.302113,0,615.743591,45.74404,0.275801,18,18.125026,6.861895
2026-02-04,308036.302113,0,0,308036.302113,0,604.987183,38.905013,0.276478,18.639999,18.125162,6.860996
2026-02-05,308036.302113,0,0,308036.302113,0,596.278198,34.418247,0.27672,21.77,18.126122,6.860347
2026-02-06,308036.302113,0,0,308036.302113,0,608.882263,44.410208,0.277759,20.370001,18.126713,6.85954
2026-02-09,308036.302113,0,0,308036.302113,0,613.546387,47.59226,0.277833,17.360001,18.126511,6.858648
2026-02-10,308036.302113,0,0,308036.302113,0,610.699951,45.866717,0.277443,17.790001,18.126423,6.857747
2026-02-11,308036.302113,0,0,308036.302113,0,612.337891,47.056273,0.277115,17.65,18.126297,6.856849
2026-02-12,308036.302113,0,0,308036.302113,0,599.883606,39.880243,0.278253,20.82,18.127006,6.856086
2026-02-13,308036.302113,0,0,308036.302113,0,601.161987,40.876911,0.278259,20.6,18.127657,6.855301
2026-02-17,308036.302113,0,0,308036.302113,0,600.542725,40.526425,0.277772,20.290001,18.128225,6.854489
2026-02-18,308036.302113,0,0,308036.302113,0,605.0271,44.25393,0.277862,19.620001,18.128617,6.853631
2026-02-19,308036.302113,0,0,308036.302113,0,602.710022,42.762574,0.277902,20.23,18.12917,6.852815
2026-02-20,308036.302113,0,0,308036.302113,0,608.043335,47.175308,0.278083,19.09,18.129422,6.851932
2026-02-23,308036.302113,0,0,308036.302113,0,600.652588,42.307625,0.278444,21.01,18.130179,6.851191
2026-02-24,308036.302113,0,0,308036.302113,0,607.104492,47.409171,0.27751,19.549999,18.130551,6.850329
2026-02-25,308036.302113,0,0,308036.302113,0,615.903381,53.454078,0.277594,17.93,18.130499,6.849431
2026-02-26,308036.302113,0,0,308036.302113,0,608.472778,48.395109,0.277557,18.629999,18.13063,6.848536
2026-02-27,308036.302113,0,0,308036.302113,0,606.525208,47.135931,0.277588,19.860001,18.131084,6.847695
2026-03-02,308036.302113,0,0,308036.302113,0,607.324219,47.736727,0.275406,21.440001,18.131952,6.847006
2026-03-03,308036.302113,0,0,308036.302113,0,600.822449,43.413082,0.275168,23.57,18.133378,6.846674
2026-03-04,308036.302113,0,0,308036.302113,0,609.980896,50.248685,0.274333,21.15,18.134169,6.845951
2026-03-05,308036.302113,0,0,308036.302113,0,608.143127,48.970342,0.274333,23.75,18.135641,6.845657
2026-03-06,308036.302113,0,0,308036.302113,0,598.99469,43.093126,0.274612,29.49,18.138616,6.847227
2026-03-09,308036.302113,0,0,308036.302113,0,606.994629,48.871743,0.272846,25.5,18.140545,6.847367
2026-03-10,308036.302113,0,0,308036.302113,0,607.004639,48.878738,0.272738,24.93,18.142323,6.847351
2026-03-11,308036.302113,0,0,308036.302113,0,606.924744,48.821325,0.268366,24.23,18.143917,6.847163
2026-03-12,308036.302113,0,0,308036.302113,0,596.507874,41.909312,0.269235,27.290001,18.146312,6.847866
2026-03-13,308036.302113,0,0,308036.302113,0,592.97229,39.847249,0.269077,27.190001,18.148678,6.848532
2026-03-16,308036.302113,0,0,308036.302113,0,599.623901,45.300154,0.268376,23.51,18.150081,6.848185
2026-03-17,308036.302113,0,0,308036.302113,0,602.550232,47.552715,0.266999,22.370001,18.151185,6.847629
2026-03-18,308036.302113,0,0,308036.302113,0,594.150879,42.183177,0.267518,25.09,18.152999,6.847653
2026-03-19,308036.302113,0,0,308036.302113,0,592.273193,41.066792,0.266678,24.059999,18.154544,6.847424
2026-03-20,308036.302113,0,0,308036.302113,0,581.326965,35.215694,0.267288,26.780001,18.156798,6.847949
2026-03-23,308036.302113,0,0,308036.302113,0,588,40.757176,0.267544,26.15,18.158887,6.848273
2026-03-24,308036.302113,0,0,308036.302113,0,583.97998,38.614315,0.267687,26.950001,18.161183,6.848852
2026-03-25,308036.302113,0,0,308036.302113,0,587.820007,41.764035,0.266591,25.33,18.163056,6.848937
2026-03-26,308036.302113,11957.49464,0,296078.807473,1,573.789978,34.748647,0.26819,27.440001,18.165478,6.849683
2026-03-27,307258.608267,11179.800793,0,296078.807473,1,562.580017,30.360437,0.268313,31.049999,18.168841,6.851952
2026-03-30,306947.257269,22533.661488,0,284413.595781,2,558.280029,28.855145,0.26839,30.610001,18.172088,6.854005
2026-03-31,309632.613379,25219.017598,0,284413.595781,2,577.179993,42.378277,0.269223,25.25,18.173934,6.854064
