date,strategyNormalized,nasdaqCompositeNormalized,sp500Normalized
2016-03-01,1,1,1
2016-03-02,1.000541,1.00294691,1.00409431
2016-03-03,0.99406905,1.00379986,1.00760737
2016-03-04,0.99469931,1.00584696,1.01093842
2016-03-07,0.97360677,1.00397686,1.01183311
2016-03-08,0.94817037,0.9913041,1.00046
2016-03-09,0.965429,0.99675447,1.00551471
2016-03-10,0.96008722,0.99414877,1.00567138
2016-03-11,1.01464909,1.01255333,1.02215986
2016-03-14,1.01832653,1.0129392,1.02087095
2016-03-15,1.01577684,1.00833116,1.01899567
2016-03-16,1.0440991,1.01585852,1.0247024
2016-03-17,1.04128753,1.0182084,1.03146056
2016-03-18,1.045839,1.02261383,1.0360048
2016-03-21,1.05686811,1.02543288,1.03702587
2016-03-22,1.06642924,1.0281602,1.03611599
2016-03-23,1.03911605,1.01690118,1.02949932
2016-03-24,1.03680248,1.01789063,1.0291101
2016-03-28,1.03008668,1.01645981,1.02967123
2016-03-29,1.08324276,1.0334826,1.03874948
2016-03-30,1.09860873,1.03831669,1.04326837
2016-03-31,1.09256363,1.03843611,1.04114035
2016-04-01,1.12859846,1.0479657,1.04773172
2016-04-04,1.11392857,1.04311662,1.04437026
2016-04-05,1.08062223,1.03290901,1.03377566
2016-04-06,1.13714172,1.04928354,1.04463818
2016-04-07,1.08771311,1.03385577,1.03212781
2016-04-08,1.08452709,1.03435044,1.03500392
2016-04-11,1.07057361,1.03066355,1.03216823
2016-04-12,1.09847581,1.03891371,1.04214118
2016-04-13,1.14249583,1.05497693,1.05260442
2016-04-14,1.14210594,1.05465072,1.05278644
2016-04-15,1.13276753,1.05301521,1.0517502
2016-04-18,1.14875393,1.05766375,1.05862972
2016-04-19,1.12592378,1.05346511,1.06189505
2016-04-20,1.12814903,1.05512832,1.06270373
2016-04-21,1.12779692,1.05465072,1.05718402
2016-04-22,1.0761328,1.04619368,1.05723462
2016-04-25,1.07365626,1.04396749,1.05531886
2016-04-26,1.05684709,1.04236602,1.05729521
2016-04-27,1.02998157,1.0370053,1.05903906
2016-04-28,0.99073591,1.02466947,1.04926332
2016-04-29,0.97240938,1.01828722,1.0439508
2016-05-02,1.00027207,1.02729225,1.052104
2016-05-03,0.97051617,1.01569859,1.04297528
2016-05-04,0.94873947,1.0076851,1.03678325
2016-05-05,0.94707581,1.00586185,1.03653545
2016-05-06,0.96304113,1.00992836,1.03982608
2016-05-09,0.96960378,1.01292431,1.04060958
2016-05-10,1.01351237,1.0256482,1.05360018
2016-05-11,0.98398728,1.01515904,1.04352616
2016-05-12,0.96946238,1.01017784,1.04334932
2016-05-13,0.95634784,1.00598773,1.03450351
2016-05-16,0.99494476,1.01830857,1.04463818
2016-05-17,0.95498187,1.00557188,1.03480678
2016-05-18,0.96577901,1.01055954,1.0350191
2016-05-19,0.94903106,1.00488948,1.03118258
2016-05-20,0.98349124,1.01705049,1.03738979
2016-05-23,0.97763401,1.01624439,1.03522636
2016-05-24,1.04303794,1.03656174,1.04938969
2016-05-25,1.06568894,1.0437756,1.05670891
2016-05-26,1.07512495,1.04524265,1.05648653
2016-05-27,1.09239077,1.05200868,1.06101554
2016-05-31,1.096771,1.05511125,1.05994894
2016-06-01,1.09648999,1.05600689,1.06115202
2016-06-02,1.1031804,1.06008183,1.06414944
2016-06-03,1.08608172,1.05393209,1.06105083
2016-06-06,1.09706044,1.05951677,1.06624709
2016-06-07,1.08724264,1.05803265,1.06762196
2016-06-08,1.09267912,1.06078131,1.07115533
2016-06-09,1.08566051,1.05736524,1.06931534
2016-06-10,1.04658714,1.04370302,1.05950418
2016-06-13,1.01683665,1.03387066,1.0509061
2016-06-14,1.01616448,1.0328279,1.04901564
2016-06-15,1.00601006,1.03098987,1.0470847
2016-06-16,1.01526396,1.03312006,1.05036521
2016-06-17,0.97579253,1.0236139,1.04694316
2016-06-20,0.99457137,1.031476,1.053024
2016-06-21,1.00422701,1.03287267,1.05587986
2016-06-22,0.99571433,1.03064648,1.05413601
2016-06-23,1.04322858,1.04700613,1.06822357
2016-06-24,0.91514333,1.00391929,1.02985319
2016-06-27,0.85547528,0.97970826,1.01121645
2016-06-28,0.92465545,1.00048405,1.02918593
2016-06-29,0.98533127,1.01911675,1.04671572
2016-06-30,1.02564533,1.03264027,1.06091447
2016-07-01,1.04316857,1.03688368,1.06298177
2016-07-05,1.01880709,1.02842456,1.05570302
2016-07-06,1.04786869,1.03615661,1.06135416
2016-07-07,1.05656089,1.03992024,1.06042911
2016-07-08,1.11428354,1.05696854,1.0766042
2016-07-11,1.13329049,1.06376664,1.08027393
2016-07-12,1.15090665,1.07105504,1.08784589
2016-07-13,1.14071616,1.06741084,1.0879925
2016-07-14,1.16687332,1.07345188,1.09371447
2016-07-15,1.1590785,1.07249866,1.09269847
2016-07-18,1.18253321,1.07808335,1.0953016
2016-07-19,1.1674626,1.07394448,1.09372965
2016-07-20,1.21387352,1.0853655,1.09840021
2016-07-21,1.2034538,1.08194724,1.0944322
2016-07-22,1.2196243,1.08754692,1.09941621
2016-07-25,1.21773143,1.08700737,1.09610534
2016-07-26,1.22147842,1.08965577,1.09645915
2016-07-27,1.24919401,1.09600178,1.095145
2016-07-28,1.26306051,1.09923658,1.09690403
2016-07-29,1.27146674,1.10076121,1.09869342
2016-08-01,1.29200604,1.10546744,1.09729831
2016-08-02,1.25955939,1.09555823,1.09031772
2016-08-03,1.27278914,1.10025165,1.09373471
2016-08-04,1.28401966,1.10163978,1.09396721
2016-08-05,1.32344919,1.11334016,1.10337915
2016-08-08,1.31686922,1.11163853,1.1023782
2016-08-09,1.32577642,1.11426985,1.1028079
2016-08-10,1.31345297,1.1098132,1.09964871
2016-08-11,1.33137534,1.11489248,1.10485509
2016-08-12,1.33373635,1.11584997,1.10397557
2016-08-15,1.35060722,1.12206156,1.10705888
2016-08-16,1.32574024,1.1146174,1.10099322
2016-08-17,1.33283916,1.11494798,1.10305052
2016-08-18,1.3331796,1.11739803,1.10547681
2016-08-19,1.32838621,1.11702059,1.10388462
2016-08-22,1.32221897,1.11834698,1.10326278
2016-08-23,1.3233993,1.1216479,1.10541609
2016-08-24,1.30174915,1.11260872,1.09962341
2016-08-25,1.29128847,1.11143809,1.09812217
2016-08-26,1.29311123,1.11287099,1.09638844
2016-08-29,1.29564941,1.11573055,1.10212041
2016-08-30,1.28667929,1.11373894,1.09996722
2016-08-31,1.28107596,1.1116556,1.09735384
2016-09-01,1.28541405,1.11463874,1.09730843
2016-09-02,1.29337775,1.1194771,1.10191827
2016-09-06,1.30792213,1.12502347,1.10520384
2016-09-07,1.30734976,1.12673364,1.10504205
2016-09-08,1.29154231,1.12151993,1.10258553
2016-09-09,1.22851155,1.0930378,1.07554785
2016-09-12,1.27267834,1.11137198,1.09133372
2016-09-13,1.24995371,1.09929416,1.07514851
2016-09-14,1.26129118,1.10324333,1.07451667
2016-09-15,1.30093725,1.11943233,1.08537925
2016-09-16,1.29939263,1.11834052,1.08128488
2016-09-19,1.28672458,1.11630623,1.08126476
2016-09-20,1.29126218,1.11765396,1.08158821
2016-09-21,1.31612837,1.12913256,1.09339608
2016-09-22,1.3370088,1.13858749,1.10050292
2016-09-23,1.31974124,1.13138645,1.09418959
2016-09-26,1.29677168,1.12109564,1.08479295
2016-09-27,1.32051786,1.13137791,1.09178354
2016-09-28,1.32402417,1.13411585,1.09756623
2016-09-29,1.30643252,1.12358192,1.08733536
2016-09-30,1.32309573,1.13271918,1.09599921
2016-10-03,1.3185014,1.13034587,1.09242549
2016-10-04,1.31441472,1.12795549,1.08701191
2016-10-05,1.3222042,1.1335764,1.09168247
2016-10-06,1.32073663,1.13162103,1.09220818
2016-10-07,1.31546758,1.1285397,1.0886547
2016-10-10,1.32921096,1.13627384,1.09366894
2016-10-11,1.29671756,1.11881396,1.08005662
2016-10-12,1.2944563,1.11715709,1.081295
2016-10-13,1.28622313,1.11167903,1.07794378
2016-10-14,1.28810153,1.11185603,1.0781611
2016-10-17,1.28122439,1.10879813,1.07488565
2016-10-18,1.30091266,1.11818486,1.08150738
2016-10-19,1.30040219,1.11873295,1.08387801
2016-10-20,1.29738055,1.11775631,1.0823869
2016-10-21,1.30481231,1.12107638,1.08229582
2016-10-24,1.33040556,1.13225648,1.08743655
2016-10-25,1.32277393,1.12662056,1.08330677
2016-10-26,1.30689718,1.11955602,1.08142137
2016-10-27,1.29613507,1.112242,1.07819146
2016-10-28,1.28174224,1.10672552,1.07484011
2016-10-31,1.27882559,1.10652082,1.07470869
2016-11-01,1.26164657,1.09893807,1.06741476
2016-11-02,1.24389711,1.08870047,1.06044935
2016-11-03,1.22266509,1.07864424,1.05575856
2016-11-04,1.21496836,1.07607685,1.05399952
2016-11-07,1.26611188,1.1016227,1.07742313
2016-11-08,1.2802001,1.10744842,1.08148714
2016-11-09,1.29032839,1.11972657,1.0934668
2016-11-10,1.25437003,1.110713,1.09559987
2016-11-11,1.25484681,1.11674978,1.09406828
2016-11-14,1.23138768,1.11276011,1.09394191
2016-11-15,1.2611347,1.12496162,1.10212547
2016-11-16,1.27410996,1.1290046,1.10038162
2016-11-17,1.2895994,1.13740407,1.10552741
2016-11-18,1.28089319,1.13474703,1.10288874
2016-11-21,1.30382423,1.14484386,1.11111783
2016-11-22,1.3105711,1.14857344,1.11352388
2016-11-23,1.30101271,1.14736439,1.11442363
2016-11-25,1.3079081,1.1512538,1.11878592
2016-11-28,1.3018995,1.14483324,1.11290722
2016-11-29,1.30963423,1.14720228,1.11439328
2016-11-30,1.28154684,1.13520984,1.11143634
2016-12-01,1.24299961,1.11973511,1.10752905
2016-12-02,1.24650666,1.12070321,1.10796875
2016-12-05,1.26198667,1.13205604,1.11441858
2016-12-06,1.26707878,1.13719718,1.11821973
2016-12-07,1.29575897,1.15015346,1.13293913
2016-12-08,1.29917463,1.15518589,1.13538553
2016-12-09,1.317206,1.16097319,1.14212857
2016-12-12,1.30493696,1.15415812,1.14082947
2016-12-13,1.33444021,1.1650951,1.14829024
2016-12-14,1.32919655,1.15930352,1.13896937
2016-12-15,1.33238061,1.1636067,1.14339225
2016-12-16,1.32295162,1.15940806,1.1413906
2016-12-19,1.33137229,1.16373248,1.14364499
2016-12-20,1.34016927,1.16938328,1.14780501
2016-12-21,1.33806814,1.16671572,1.14498444
2016-12-22,1.33096222,1.16159583,1.14285136
2016-12-23,1.33231934,1.16485198,1.14428188
2016-12-27,1.34381717,1.17012961,1.14685466
2016-12-28,1.32448111,1.15970657,1.13727093
2016-12-29,1.32071194,1.15832688,1.13693737
2016-12-30,1.29591633,1.14788468,1.13166533
2017-01-03,1.31541006,1.15768508,1.14126929
2017-01-04,1.32822885,1.16790342,1.14779995
2017-01-05,1.34157193,1.17023623,1.14691537
2017-01-06,1.36147746,1.17729869,1.15094903
2017-01-09,1.36885896,1.17959308,1.14686478
2017-01-10,1.3732853,1.18385784,1.14686478
2017-01-11,1.3775946,1.18638046,1.15010999
2017-01-12,1.37472503,1.1829346,1.14764322
2017-01-13,1.37870493,1.1886131,1.14976618
2017-01-17,1.37384118,1.18106659,1.14635424
2017-01-18,1.37632903,1.18467455,1.14837613
2017-01-19,1.37584025,1.18135448,1.14423129
2017-01-20,1.37763634,1.18460636,1.14808304
2017-01-23,1.3778162,1.18409669,1.14499456
2017-01-24,1.38343343,1.19433637,1.15251098
2017-01-25,1.39209288,1.20614546,1.16176114
2017-01-26,1.39234024,1.20589817,1.1609068
2017-01-27,1.39309312,1.20709222,1.15990091
2017-01-30,1.38953511,1.19705515,1.15293044
2017-01-31,1.38864105,1.19728547,1.15190444
2017-02-01,1.3914602,1.20322624,1.15224812
2017-02-02,1.39103888,1.20185092,1.15290526
2017-02-03,1.39225168,1.20836956,1.16128084
2017-02-06,1.39238819,1.20768289,1.15882432
2017-02-07,1.3939071,1.20995823,1.15908717
2017-02-08,1.3946052,1.21171317,1.15989079
2017-02-09,1.39618257,1.21869244,1.16656312
2017-02-10,1.39762242,1.22273323,1.17072314
2017-02-13,1.40002537,1.22909413,1.17686457
2017-02-14,1.40143614,1.23306246,1.18158066
2017-02-15,1.4040262,1.24092456,1.18747948
2017-02-16,1.40383125,1.23995645,1.18645336
2017-02-17,1.40578688,1.24500596,1.18844489
2017-02-21,1.40790943,1.2508423,1.19563268
2017-02-22,1.40801859,1.24970781,1.19433877
2017-02-23,1.40623794,1.24435125,1.19483918
2017-02-24,1.40708767,1.24644105,1.19662351
2017-02-27,1.4075654,1.24997863,1.19784165
2017-02-28,1.40610018,1.24220399,1.19475316
2017-03-01,1.41112242,1.25896231,1.21109004
2017-03-02,1.41112242,1.24983369,1.2039932
2017-03-03,1.41112242,1.2518658,1.20459987
2017-03-06,1.41112242,1.2472663,1.2006521
2017-03-07,1.41112242,1.24401443,1.19715415
2017-03-08,1.41112242,1.24478627,1.1944196
2017-03-09,1.41112242,1.245055,1.19537501
2017-03-10,1.41112242,1.2499424,1.19928229
2017-03-13,1.41112242,1.25293835,1.19972199
2017-03-14,1.41112242,1.24889536,1.1956681
2017-03-15,1.41112242,1.25811363,1.20568152
2017-03-16,1.41112242,1.25826502,1.20372023
2017-03-17,1.41112242,1.25831625,1.20213816
2017-03-20,1.41112242,1.25842922,1.19972199
2017-03-21,1.41112242,1.23546357,1.18483587
2017-03-22,1.41112242,1.24139373,1.18707508
2017-03-23,1.41112242,1.24055139,1.18581646
2017-03-24,1.41112242,1.24290773,1.18481563
2017-03-27,1.41112242,1.24538767,1.18360761
2017-03-28,1.41112242,1.25280195,1.19219051
2017-03-29,1.41112242,1.25758054,1.19348442
2017-03-30,1.41112242,1.26116081,1.19698743
2017-03-31,1.41112242,1.26060647,1.19428817
2017-04-03,1.41112242,1.25696862,1.192327
2017-04-04,1.41112242,1.25780658,1.19299413
2017-04-05,1.41112242,1.2505288,1.1893497
2017-04-06,1.41112242,1.2536144,1.19164456
2017-04-07,1.41112242,1.25337128,1.19065892
2017-04-10,1.41112242,1.2540366,1.19147772
2017-04-11,1.41112242,1.25101712,1.18976928
2017-04-12,1.41112242,1.24448994,1.18529581
2017-04-13,1.41112242,1.23787738,1.17721838
2017-04-17,1.41112242,1.24888901,1.18735817
2017-04-18,1.41112242,1.24732815,1.18391082
2017-04-19,1.41112242,1.25021956,1.18187881
2017-04-20,1.41112242,1.26168109,1.19081058
2017-04-21,1.41112242,1.26034628,1.18719639
2017-04-24,1.41112242,1.27597657,1.20006568
2017-04-25,1.41112242,1.28486227,1.2073749
2017-04-26,1.41112242,1.28480678,1.20678848
2017-04-27,1.41112242,1.28986264,1.20745573
2017-04-28,1.41112242,1.28957901,1.20514569
2017-05-01,1.41112242,1.29895939,1.20723335
2017-05-02,1.41112242,1.2997633,1.20866882
2017-05-03,1.41112242,1.29489715,1.20713216
2017-05-04,1.41112242,1.29549209,1.20783484
2017-05-05,1.41112242,1.30091258,1.21277331
2017-05-08,1.41112242,1.30131782,1.21281872
2017-05-09,1.41112242,1.3051411,1.21157528
2017-05-10,1.41112242,1.30696435,1.21294509
2017-05-11,1.41112242,1.30415384,1.21032172
2017-05-12,1.41112242,1.3052776,1.20853233
2017-05-15,1.41112242,1.31134207,1.2143049
2017-05-16,1.41112242,1.31564952,1.2134708
2017-05-17,1.41112242,1.28182363,1.19141206
2017-05-18,1.41112242,1.29118256,1.19580458
2017-05-19,1.41112242,1.29727484,1.20389719
2017-05-22,1.41112242,1.30791965,1.21010946
2017-05-23,1.41112242,1.309005,1.21233349
2017-05-24,1.41112242,1.31418882,1.21535114
2017-05-25,1.41112242,1.32319593,1.22074966
2017-05-26,1.41112242,1.32424723,1.22112877
2017-05-30,1.41112242,1.32275457,1.21965777
2017-05-31,1.41112242,1.32175876,1.21909676
2017-06-01,1.41112242,1.33206029,1.22832668
2017-06-02,1.41112242,1.34463487,1.23288099
2017-06-05,1.41112242,1.34247698,1.23137975
2017-06-06,1.41112242,1.33807999,1.2279577
2017-06-07,1.41112242,1.34283942,1.22988345
2017-06-08,1.41112242,1.34803813,1.23021208
2017-06-09,1.41112242,1.32376318,1.22919102
2017-06-12,1.41112242,1.31684149,1.22798793
2017-06-13,1.41112242,1.32641803,1.233528
2017-06-14,1.41112242,1.32098473,1.23229962
2017-06-15,1.41112242,1.31471765,1.22953976
2017-06-16,1.41112242,1.31178771,1.22988851
2017-06-19,1.41112242,1.33039271,1.24015467
2017-06-20,1.41112242,1.31952185,1.2318498
2017-06-21,1.41112242,1.32931381,1.23113207
2017-06-22,1.41112242,1.32989803,1.23057095
2017-06-23,1.41112242,1.33598812,1.23249176
2017-06-26,1.41112242,1.33212849,1.23288099
2017-06-27,1.41112242,1.31069174,1.22292815
2017-06-28,1.41112242,1.3294119,1.23369979
2017-06-29,1.41112242,1.31020769,1.22308994
2017-06-30,1.41112242,1.30936963,1.22496522
2017-07-03,1.41112242,1.30289575,1.22779591
2017-07-05,1.41112242,1.31159582,1.22958024
2017-07-06,1.41112242,1.29850304,1.21806052
2017-07-07,1.41112242,1.31206925,1.22585991
2017-07-10,1.41112242,1.31703983,1.22699723
2017-07-11,1.41112242,1.32064561,1.22603688
2017-07-12,1.41112242,1.33511809,1.23499382
2017-07-13,1.41112242,1.33794776,1.23730892
2017-07-14,1.41112242,1.34605725,1.24309149
2017-07-17,1.41112242,1.34647519,1.24302571
2017-07-18,1.41112242,1.35284671,1.24376887
2017-07-19,1.41112242,1.36153188,1.25045119
2017-07-20,1.41112242,1.36258953,1.25025905
2017-07-21,1.41112242,1.36210975,1.24979911
2017-07-24,1.41112242,1.36702702,1.24846966
2017-07-25,1.41112242,1.367317,1.25211915
2017-07-26,1.41112242,1.36957307,1.25247308
2017-07-27,1.41112242,1.36092413,1.25125481
2017-07-28,1.41112242,1.35932277,1.24957673
2017-07-31,1.41112242,1.35365916,1.24866686
2017-08-01,1.41112242,1.3568193,1.25172499
2017-08-02,1.41112242,1.35675746,1.25234165
2017-08-03,1.41112242,1.35200011,1.24960697
2017-08-04,1.41112242,1.35439268,1.2519676
2017-08-07,1.41112242,1.36126106,1.25402984
2017-08-08,1.41112242,1.35842286,1.25100207
2017-08-09,1.41112242,1.35455688,1.2505472
2017-08-10,1.41112242,1.3256717,1.23244623
2017-08-11,1.41112242,1.33413509,1.2340183
2017-08-14,1.41112242,1.35197668,1.24641247
2017-08-15,1.41112242,1.35043706,1.24579075
2017-08-16,1.41112242,1.35301726,1.2475599
2017-08-17,1.41112242,1.32674642,1.22830138
2017-08-18,1.41112242,1.32559912,1.226047
2017-08-21,1.41112242,1.32487414,1.22747246
2017-08-22,1.41112242,1.34286077,1.2396745
2017-08-23,1.41112242,1.33879436,1.23539317
2017-08-24,1.41112242,1.33728462,1.23283039
2017-08-25,1.41112242,1.33607131,1.23489275
2017-08-28,1.41112242,1.33977736,1.23549424
2017-08-29,1.41112242,1.34380118,1.23653554
2017-08-30,1.41112242,1.35796442,1.24224233
2017-08-31,1.41112242,1.37083334,1.24934917
2017-09-01,1.41112242,1.37225562,1.25182606
2017-09-05,1.41112242,1.35951247,1.24237376
2017-09-06,1.41112242,1.36329536,1.24626081
2017-09-07,1.41112242,1.36426774,1.24603843
2017-09-08,1.41112242,1.3562329,1.24418326
2017-09-11,1.41112242,1.37160091,1.25766934
2017-09-12,1.41112242,1.37629641,1.26190007
2017-09-13,1.41112242,1.37755668,1.26285548
2017-09-14,1.41112242,1.37092288,1.26146544
2017-09-15,1.41112242,1.37505759,1.26379559
2017-09-18,1.41112242,1.37637325,1.26563558
2017-09-19,1.41112242,1.37779761,1.26704068
2017-09-20,1.41112242,1.37667176,1.26784443
2017-09-21,1.41112242,1.36956026,1.26398268
2017-09-22,1.41112242,1.37046225,1.26480148
2017-09-25,1.41112242,1.35845055,1.26199102
2017-09-26,1.41112242,1.3604913,1.2620821
2017-09-27,1.41112242,1.3760789,1.26723789
2017-09-28,1.41112242,1.37611951,1.26876442
2017-09-29,1.41112242,1.3851842,1.27346533
2017-10-02,1.41112242,1.38961107,1.27839874
2017-10-03,1.41112242,1.39280745,1.2811586
2017-10-04,1.41112242,1.39343009,1.28275584
2017-10-05,1.41112242,1.40424764,1.28999929
2017-10-06,1.41112242,1.40527551,1.2886143
2017-10-09,1.41112242,1.40304713,1.28628909
2017-10-10,1.41112242,1.40465069,1.28927638
2017-10-11,1.41112242,1.40812642,1.2916016
2017-10-12,1.41112242,1.40555903,1.28942299
2017-10-13,1.41112242,1.40860621,1.29055524
2017-10-16,1.41112242,1.41248718,1.29281468
2017-10-17,1.41112242,1.41241471,1.2936842
2017-10-18,1.41112242,1.41253413,1.29464455
2017-10-19,1.41112242,1.40845055,1.29506919
2017-10-20,1.41112242,1.41356399,1.30169585
2017-10-23,1.41112242,1.40456114,1.29652489
2017-10-24,1.41112242,1.40703472,1.29862255
2017-10-25,1.41112242,1.39966948,1.292567
2017-10-26,1.41112242,1.3981512,1.29420979
2017-10-27,1.41112242,1.42896188,1.30465797
2017-10-30,1.41112242,1.42847147,1.30049289
2017-10-31,1.41112242,1.43459352,1.30172115
2017-11-01,1.41112242,1.43221802,1.30379364
2017-11-02,1.41112242,1.43187901,1.30404131
2017-11-03,1.41112242,1.44243428,1.30808003
2017-11-06,1.41112242,1.44712551,1.30974292
2017-11-07,1.41112242,1.44314646,1.30949525
2017-11-08,1.41112242,1.44769703,1.31138571
2017-11-09,1.41112242,1.43936576,1.30645242
2017-11-10,1.41112242,1.43955557,1.30527969
2017-11-13,1.41112242,1.44097577,1.30656361
2017-11-14,1.41112242,1.43676859,1.30354596
2017-11-15,1.41112242,1.43001745,1.29634299
2017-11-16,1.41112242,1.44858621,1.30696789
2017-11-17,1.41112242,1.44634721,1.30353584
2017-11-20,1.41112242,1.44803604,1.30519874
2017-11-21,1.41112242,1.46334012,1.31373623
2017-11-22,1.41112242,1.4643807,1.31275058
2017-11-24,1.41112242,1.46902934,1.31544972
2017-11-27,1.41112242,1.46676046,1.31494425
2017-11-28,1.41112242,1.4739764,1.32789449
2017-11-29,1.41112242,1.45521793,1.3274042
2017-11-30,1.41112242,1.46579027,1.3382769
2017-12-01,1.41112242,1.46016498,1.33556752
2017-12-04,1.41112242,1.44476501,1.33416229
2017-12-05,1.41112242,1.44195876,1.32917335
2017-12-06,1.41112242,1.44498033,1.32902169
2017-12-07,1.41112242,1.45275497,1.33291885
2017-12-08,1.41112242,1.45856362,1.34025831
2017-12-11,1.41112242,1.46602694,1.34454976
2017-12-12,1.41112242,1.46330597,1.34663237
2017-12-13,1.41112242,1.46618041,1.34599547
2017-12-14,1.41112242,1.46207132,1.34051611
2017-12-15,1.41112242,1.47914106,1.35254636
2017-12-18,1.41112242,1.49154717,1.35979981
2017-12-19,1.41112242,1.48495606,1.35540729
2017-12-20,1.41112242,1.48433978,1.35428515
2017-12-21,1.41112242,1.485278,1.3569743
2017-12-22,1.41112242,1.48412654,1.35635258
2017-12-26,1.41112242,1.47907068,1.35491699
2017-12-27,1.41112242,1.47972955,1.35598865
2017-12-28,1.41112242,1.48203685,1.35847553
2017-12-29,1.41112242,1.47206371,1.35143435
2018-01-02,1.41112242,1.49413591,1.36265579
2018-01-03,1.41112242,1.50663802,1.37137518
2018-01-04,1.41112242,1.50927798,1.37689995
2018-01-05,1.41112242,1.52178435,1.38658475
2018-01-08,1.41112242,1.52622611,1.38888973
2018-01-09,1.41112242,1.52754604,1.39069936
2018-01-10,1.41112242,1.52541148,1.38915258
2018-01-11,1.41112242,1.53782404,1.39892339
2018-01-12,1.41112242,1.54833246,1.40836557
2018-01-16,1.41112242,1.54036374,1.4034018
2018-01-17,1.41112242,1.55626911,1.4166149
2018-01-18,1.41112242,1.5557936,1.4143251
2018-01-19,1.41112242,1.56439349,1.42052725
2018-01-22,1.41112242,1.57967196,1.43198625
2018-01-23,1.41112242,1.59081582,1.43509992
2018-01-24,1.41112242,1.58117108,1.43429629
2018-01-25,1.41112242,1.58033947,1.43516063
2018-01-26,1.41112242,1.60051387,1.45215465
2018-01-29,1.41112242,1.5921421,1.44237878
2018-01-30,1.41112242,1.57848853,1.42665856
2018-01-31,1.41112242,1.58040767,1.42735618
2018-02-01,1.41112242,1.5749445,1.42643112
2018-02-02,1.41112242,1.54404428,1.39617859
2018-02-05,1.41112242,1.48574071,1.33896428
2018-02-06,1.43301125,1.51737456,1.36231704
2018-02-07,1.42171052,1.50374869,1.3555033
2018-02-08,1.38992448,1.44514671,1.30462256
2018-02-09,1.41769126,1.46590116,1.32410852
2018-02-12,1.44732315,1.48881777,1.34253294
2018-02-13,1.45583081,1.49554538,1.34604088
2018-02-14,1.48976876,1.52328983,1.36408114
2018-02-15,1.52493534,1.54734519,1.38054439
2018-02-16,1.51638493,1.54372869,1.38105998
2018-02-20,1.51916885,1.54262835,1.37299267
2018-02-21,1.5135809,1.53919947,1.36544601
2018-02-22,1.51312542,1.53746368,1.36677534
2018-02-23,1.55332491,1.56460892,1.38868253
2018-02-26,1.579622,1.58253578,1.40500929
2018-02-27,1.55521194,1.56310772,1.387156
2018-02-28,1.54256823,1.55088059,1.37176441
2018-03-01,1.51206532,1.53116682,1.35348647
2018-03-02,1.52909911,1.54765224,1.36035081
2018-03-05,1.55004381,1.56318445,1.37535824
2018-03-06,1.55809207,1.57199113,1.37898762
2018-03-07,1.56240494,1.57724534,1.37832036
2018-03-08,1.57322187,1.58391975,1.38447191
2018-03-09,1.61391199,1.61225049,1.40853241
2018-03-12,1.62445294,1.61811661,1.40673797
2018-03-13,1.59634879,1.60163119,1.39778608
2018-03-14,1.59570751,1.59860327,1.38978442
2018-03-15,1.59358381,1.59538982,1.38869771
2018-03-16,1.58729992,1.59544312,1.39106328
2018-03-19,1.54587317,1.56606962,1.37130435
2018-03-20,1.55201563,1.57034708,1.37333635
2018-03-21,1.54233767,1.56629348,1.37080394
2018-03-22,1.49841074,1.5282071,1.33631055
2018-03-23,1.45551356,1.49110154,1.30829228
2018-03-26,1.5406385,1.53969206,1.34382191
2018-03-27,1.47511763,1.49454323,1.32060563
2018-03-28,1.45200661,1.4818385,1.31675388
2018-03-29,1.49040663,1.50619457,1.33488521
2018-04-02,1.43512567,1.46496929,1.30506731
2018-04-03,1.45725005,1.48014322,1.32153056
2018-04-04,1.48989267,1.501644,1.33681602
2018-04-05,1.50159148,1.5089879,1.34599041
2018-04-06,1.45315066,1.4745628,1.31648596
2018-04-09,1.46623082,1.48207517,1.32087848
2018-04-10,1.51316837,1.51277287,1.34297276
2018-04-11,1.50086525,1.50738435,1.33555234
2018-04-12,1.52646895,1.52257119,1.34657165
2018-04-13,1.51506567,1.51540638,1.3426846
2018-04-16,1.53052226,1.52598935,1.35357248
2018-04-17,1.57957583,1.55260575,1.3680036
2018-04-18,1.58392955,1.55562097,1.36914091
2018-04-19,1.56301664,1.54342799,1.36130104
2018-04-20,1.52859273,1.523825,1.34968025
2018-04-23,1.52219983,1.52008699,1.34975615
2018-04-24,1.47914579,1.49423191,1.33169565
2018-04-25,1.48101997,1.49346215,1.33414206
2018-04-26,1.52605447,1.51797169,1.34806277
2018-04-27,1.52690795,1.51821044,1.349564
2018-04-30,1.51105557,1.50679586,1.33851446
2018-05-01,1.53524431,1.52053481,1.34192639
2018-05-02,1.52237604,1.51418026,1.33225666
2018-05-03,1.52170306,1.51146148,1.32925418
2018-05-04,1.56406276,1.53736352,1.3462835
2018-05-07,1.58202545,1.54921738,1.35093887
2018-05-08,1.57934789,1.54957774,1.35058001
2018-05-09,1.60455317,1.56514628,1.36365662
2018-05-10,1.62914355,1.57901955,1.37643496
2018-05-11,1.62653262,1.57857381,1.37878535
2018-05-14,1.62961743,1.58037352,1.3800035
2018-05-15,1.60337826,1.56764537,1.37056132
2018-05-16,1.61872799,1.57759716,1.37612657
2018-05-17,1.6061567,1.5742217,1.37494878
2018-05-18,1.59350684,1.56822324,1.37132965
2018-05-21,1.60571021,1.57668882,1.38145932
2018-05-22,1.60203484,1.57336656,1.37712739
2018-05-23,1.62203299,1.58349535,1.38160087
2018-05-24,1.62092196,1.58316914,1.37880559
2018-05-25,1.62273828,1.58517783,1.37555544
2018-05-29,1.61082844,1.57723253,1.35964826
2018-05-30,1.62788234,1.59127645,1.37691007
2018-05-31,1.62597028,1.58694131,1.36743754
2018-06-01,1.66509453,1.61086871,1.38227318
2018-06-04,1.68679405,1.62198478,1.38846521
2018-06-05,1.69446514,1.62868042,1.38944074
2018-06-06,1.70931995,1.63963666,1.40134462
2018-06-07,1.68800683,1.62808548,1.4003438
2018-06-08,1.68781396,1.63031167,1.40472114
2018-06-11,1.69096723,1.63338665,1.40622237
2018-06-12,1.70428144,1.64273923,1.40867396
2018-06-13,1.70359145,1.64101417,1.40300246
2018-06-14,1.73031756,1.65494709,1.40647005
2018-06-15,1.72055336,1.65182099,1.40503953
2018-06-18,1.71788924,1.65195958,1.40205223
2018-06-19,1.70908139,1.64738777,1.39641121
2018-06-20,1.72754334,1.65931201,1.39880208
2018-06-21,1.70392493,1.64469252,1.38992597
2018-06-22,1.69774878,1.64039996,1.39251392
2018-06-25,1.64054454,1.60610918,1.37340213
2018-06-26,1.65033072,1.61242531,1.3764299
2018-06-27,1.61540418,1.58757248,1.36458661
2018-06-28,1.6356398,1.60006824,1.37301797
2018-06-29,1.64059862,1.6014798,1.37405927
2018-07-02,1.6565948,1.61371754,1.37827482
2018-07-03,1.62707913,1.59985282,1.37145601
2018-07-05,1.65764975,1.61771367,1.38327907
2018-07-06,1.69787727,1.63945539,1.39501105
2018-07-09,1.72067835,1.65391505,1.40731921
2018-07-10,1.72220679,1.65455477,1.4122072
2018-07-11,1.70830221,1.6454729,1.40218872
2018-07-12,1.75506868,1.66835546,1.41445653
2018-07-13,1.75704588,1.66879474,1.41598306
2018-07-16,1.74924592,1.66447459,1.41452724
2018-07-17,1.76590012,1.67500852,1.42014815
2018-07-18,1.76018895,1.67486348,1.42321639
2018-07-19,1.74595444,1.6686497,1.41759043
2018-07-20,1.74500012,1.66756227,1.41624592
2018-07-23,1.75280759,1.67218312,1.41884905
2018-07-24,1.76395204,1.67194854,1.42563244
2018-07-25,1.80368334,1.69145344,1.43860798
2018-07-26,1.76085442,1.67438161,1.4342457
2018-07-27,1.72366405,1.64991039,1.42483388
2018-07-30,1.68548142,1.6270044,1.41663514
2018-07-31,1.70539458,1.63591562,1.42355502
2018-08-01,1.71523755,1.64348556,1.42207402
2018-08-02,1.7524061,1.66382842,1.42907979
2018-08-03,1.76050796,1.66581576,1.4357167
2018-08-06,1.77604896,1.6759809,1.44079659
2018-08-07,1.78595703,1.68109433,1.44486566
2018-08-08,1.78904036,1.68209014,1.44448656
2018-08-09,1.78696306,1.68282575,1.44240408
2018-08-10,1.7633764,1.67159453,1.43214298
2018-08-13,1.75909526,1.66745774,1.42640583
2018-08-14,1.77603344,1.67837128,1.4355195
2018-08-15,1.74170735,1.65773626,1.42460644
2018-08-16,1.75052152,1.66464514,1.43588848
2018-08-17,1.74917365,1.66673702,1.4406601
2018-08-20,1.7456549,1.6677349,1.44415805
2018-08-21,1.75560256,1.67587209,1.44714535
2018-08-22,1.76556636,1.68225434,1.44656916
2018-08-23,1.76109539,1.67998546,1.44412264
2018-08-24,1.78739874,1.69438328,1.45307452
2018-08-27,1.81622745,1.70971932,1.4642202
2018-08-28,1.82020147,1.71230806,1.46461448
2018-08-29,1.85449828,1.72929243,1.47296488
2018-08-30,1.84850694,1.72474405,1.46643916
2018-08-31,1.85178301,1.72926046,1.46663637
2018-09-04,1.83757261,1.72536034,1.46421008
2018-09-05,1.79902222,1.70487243,1.46010571
2018-09-06,1.77297335,1.6894255,1.45477296
2018-09-07,1.76167234,1.68512024,1.45155305
2018-09-10,1.76996265,1.68973047,1.45430784
2018-09-11,1.79160732,1.700032,1.45974672
2018-09-12,1.78272322,1.69614249,1.46026737
2018-09-13,1.81379772,1.70882587,1.46798088
2018-09-14,1.80470809,1.7080433,1.46838528
2018-09-17,1.76234309,1.68368088,1.46020678
2018-09-18,1.7858804,1.69654335,1.46804665
2018-09-19,1.78331962,1.69524903,1.46988652
2018-09-20,1.81549096,1.71192209,1.4814113
2018-09-21,1.79895015,1.70312176,1.48086535
2018-09-24,1.80609183,1.70446303,1.47565909
2018-09-25,1.80935929,1.70749532,1.47373321
2018-09-26,1.81110284,1.70384893,1.46888569
2018-09-27,1.8359537,1.71485202,1.47294464
2018-09-28,1.83496489,1.71578598,1.47293452
2018-10-01,1.84002166,1.71385612,1.47829763
2018-10-02,1.83288837,1.70580639,1.47771121
2018-10-03,1.8357958,1.71125249,1.47876263
2018-10-04,1.7792436,1.68020931,1.4666819
2018-10-05,1.74394103,1.66079197,1.45857412
2018-10-08,1.72582719,1.64959699,1.45799781
2018-10-09,1.73453704,1.65003835,1.45593051
2018-10-10,1.62162907,1.58266156,1.40808248
2018-10-11,1.58569485,1.56283263,1.37911398
2018-10-12,1.66975222,1.59862035,1.39870595
2018-10-15,1.63243645,1.58451469,1.39044662
2018-10-16,1.72338681,1.6303075,1.42033511
2018-10-17,1.72418477,1.62971256,1.41997624
2018-10-18,1.65395502,1.5961148,1.39954005
2018-10-19,1.65065461,1.58841471,1.39903458
2018-10-22,1.66476891,1.59259419,1.39301939
2018-10-23,1.65304997,1.58596466,1.38534131
2018-10-24,1.53076554,1.51577955,1.34258353
2018-10-25,1.64530728,1.56054668,1.3675892
2018-10-26,1.56426217,1.52832007,1.34389262
2018-10-29,1.49745284,1.50338833,1.33507723
2018-10-30,1.55483686,1.52713446,1.35599359
2018-10-31,1.64178532,1.55789401,1.37070793
2018-11-01,1.69189874,1.5852226,1.38517965
2018-11-02,1.63341079,1.5687884,1.3764299
2018-11-05,1.62183707,1.56278786,1.38413834
2018-11-06,1.64955497,1.57283346,1.39280208
2018-11-07,1.77484792,1.61437006,1.42234181
2018-11-08,1.74875553,1.60586825,1.41877328
2018-11-09,1.68344893,1.57943103,1.40572196
2018-11-12,1.57447726,1.53549769,1.37802715
2018-11-13,1.57678625,1.53549769,1.37598502
2018-11-14,1.54961138,1.52174812,1.36557238
2018-11-15,1.61200968,1.54789953,1.38003891
2018-11-16,1.59784099,1.54551987,1.38310716
2018-11-19,1.48899777,1.4987376,1.36008796
2018-11-20,1.43254342,1.47322153,1.33540067
2018-11-21,1.45841483,1.48674724,1.33946469
2018-11-23,1.43139799,1.47965281,1.33068471
2018-11-26,1.51593223,1.51011812,1.35135339
2018-11-27,1.52797327,1.5102994,1.35576109
2018-11-28,1.65889373,1.55484256,1.38690832
2018-11-29,1.64274404,1.55089558,1.38388055
2018-11-30,1.67161323,1.56314822,1.39518789
2018-12-03,1.74446554,1.58681116,1.41045323
2018-12-04,1.59168079,1.52644789,1.36480405
2018-12-06,1.61824726,1.53280869,1.36272651
2018-12-07,1.49665135,1.48610753,1.33094756
2018-12-10,1.53348178,1.49704023,1.3332929
2018-12-11,1.54510706,1.49945196,1.33281778
2018-12-12,1.5779779,1.51362801,1.34004099
2018-12-13,1.5783497,1.50766162,1.33977308
2018-12-14,1.48908352,1.47361396,1.31420122
2018-12-17,1.40961157,1.44015051,1.28690069
2018-12-18,1.42977845,1.44658607,1.28701188
2018-12-19,1.3494346,1.41522303,1.26719741
2018-12-20,1.29808312,1.39210381,1.24721104
2018-12-21,1.17756611,1.35043289,1.22153317
2018-12-24,1.06809389,1.32056461,1.18841465
2018-12-26,1.38737101,1.39763727,1.24735258
2018-12-27,1.40592775,1.40299601,1.25803326
2018-12-28,1.40204205,1.40406855,1.25647131
2018-12-31,1.44295774,1.41489245,1.26714188
2019-01-02,1.46161844,1.42143036,1.26874924
2019-01-03,1.29857646,1.37826251,1.23733916
2019-01-04,1.52920086,1.43697964,1.27982408
2019-01-07,1.59215842,1.45502177,1.28879621
2019-01-08,1.64177468,1.4707011,1.30129145
2019-01-09,1.68796408,1.48351244,1.3066242
2019-01-10,1.70354445,1.48969415,1.31252808
2019-01-11,1.68091392,1.48658304,1.31233606
2019-01-14,1.62628654,1.47260316,1.30543642
2019-01-15,1.74091072,1.49774606,1.3194329
2019-01-16,1.73848572,1.5000618,1.32236466
2019-01-17,1.78409975,1.51067464,1.33240326
2019-01-18,1.84436187,1.52619196,1.3499684
2019-01-22,1.71989105,1.49700608,1.33085649
2019-01-23,1.72531607,1.49815973,1.33378825
2019-01-24,1.76254195,1.50832903,1.33562318
2019-01-25,1.83499482,1.52781894,1.34696087
2019-01-28,1.75642547,1.51093484,1.3363915
2019-01-29,1.69722206,1.49869709,1.33444539
2019-01-30,1.85408878,1.53170418,1.35519503
2019-01-31,1.94871058,1.55274226,1.36684618
2019-02-01,1.92019146,1.54893167,1.36807444
2019-02-04,1.99727943,1.56677326,1.37734483
2019-02-05,2.05178919,1.57840326,1.38382995
2019-02-06,2.01662209,1.57268842,1.38075171
2019-02-07,1.92203853,1.55415173,1.36783182
2019-02-08,1.93204867,1.55625214,1.36875675
2019-02-11,1.9056108,1.55832049,1.36972734
2019-02-12,2.0011831,1.58107727,1.38738343
2019-02-13,2.00211639,1.58230547,1.39157887
2019-02-14,2.00899603,1.58370651,1.3878889
2019-02-15,2.03362598,1.59340029,1.4029874
2019-02-19,2.03944716,1.59646236,1.40509012
2019-02-20,2.03682637,1.59695276,1.40758712
2019-02-21,2.01056372,1.59069213,1.40262336
2019-02-22,2.06044793,1.60515606,1.41161572
2019-02-25,2.08218779,1.61089641,1.41335463
2019-02-26,2.08433791,1.60979607,1.41223744
2019-02-27,2.07824141,1.61090703,1.41146911
2019-02-28,2.06229578,1.60622007,1.40748099
2019-03-01,2.10267953,1.61961573,1.41718603
2019-03-04,2.09853987,1.61582431,1.41168655
2019-03-05,2.10142775,1.6155663,1.41008918
2019-03-06,2.06552442,1.60054584,1.40088962
2019-03-07,1.99261235,1.58253578,1.38950639
2019-03-08,1.98272559,1.57969549,1.38654439
2019-03-11,2.10473482,1.61166409,1.40687951
2019-03-12,2.1346929,1.61869448,1.41103448
2019-03-13,2.18022307,1.62986395,1.42084058
2019-03-14,2.16725768,1.62719848,1.41960726
2019-03-15,2.22486763,1.63948516,1.42668386
2019-03-18,2.235037,1.64501873,1.43197108
2019-03-19,2.25212038,1.64703813,1.43178411
2019-03-20,2.26975453,1.64810859,1.42756844
2019-03-21,2.35529013,1.67156256,1.4430611
2019-03-22,2.23650956,1.62970611,1.41567973
2019-03-25,2.22000878,1.62861222,1.41449195
2019-03-26,2.23756389,1.64012279,1.42465185
2019-03-27,2.19881475,1.6298575,1.41803531
2019-03-28,2.20283716,1.63535691,1.42312532
2019-03-29,2.23814703,1.64818314,1.43270904
2019-04-01,2.30033314,1.66941957,1.44928348
2019-04-02,2.31385483,1.67363736,1.44930878
2019-04-03,2.34185105,1.68362966,1.45242244
2019-04-04,2.33799742,1.68282575,1.45545021
2019-04-05,2.363795,1.69282876,1.46219831
2019-04-08,2.37133108,1.69606783,1.4637299
2019-04-09,2.35229545,1.68655741,1.45484873
2019-04-10,2.37714403,1.69827705,1.45990851
2019-04-11,2.3639147,1.69467752,1.45996416
2019-04-12,2.38515276,1.70252473,1.46961354
2019-04-15,2.38378309,1.70078676,1.46868861
2019-04-16,2.40098747,1.70595143,1.4694367
2019-04-17,2.41657842,1.70506651,1.46609548
2019-04-18,2.42272279,1.70548872,1.46841058
2019-04-22,2.43467348,1.70915853,1.46989663
2019-04-23,2.50196508,1.73166574,1.48289229
2019-04-24,2.48402517,1.72765472,1.47964214
2019-04-25,2.50322601,1.73120949,1.4790962
2019-04-26,2.50747577,1.73712038,1.48602619
2019-04-29,2.51425752,1.74041495,1.4876185
2019-04-30,2.47112932,1.72624317,1.48903385
2019-05-01,2.45267055,1.71648754,1.47786287
2019-05-02,2.42800037,1.71374314,1.47472391
2019-05-03,2.51481284,1.74087339,1.48893772
2019-05-06,2.47915384,1.73219248,1.48228069
2019-05-07,2.372811,1.6981746,1.45780579
2019-05-08,2.35852196,1.69381603,1.45546539
2019-05-09,2.32969843,1.68683676,1.45106781
2019-05-10,2.33496264,1.68819084,1.45646622
2019-05-13,2.16070314,1.63063371,1.42132087
2019-05-14,2.21436529,1.64928567,1.4327141
2019-05-15,2.28542955,1.66797802,1.44107969
2019-05-16,2.33617303,1.68416275,1.4538985
2019-05-17,2.28282002,1.66672629,1.44541161
2019-05-20,2.19659539,1.64243853,1.43565598
2019-05-21,2.24816899,1.66020984,1.44785308
2019-05-22,2.22500919,1.65277202,1.44376377
2019-05-23,2.14966307,1.62663759,1.42656255
2019-05-24,2.14613941,1.62849915,1.42849349
2019-05-28,2.1251675,1.62217459,1.41652889
2019-05-29,2.0854584,1.60937178,1.40673797
2019-05-30,2.10461907,1.613724,1.40968996
2019-05-31,2.02969618,1.58929328,1.39108858
2019-06-03,1.93021494,1.56367704,1.38724189
2019-06-04,2.05794051,1.60506652,1.41697377
2019-06-05,2.09179786,1.61537867,1.4285389
2019-06-06,2.12906344,1.62392307,1.43730383
2019-06-07,2.22374345,1.65090838,1.45239221
2019-06-10,2.28037548,1.66819553,1.45916042
2019-06-11,2.28663393,1.66806757,1.45864989
2019-06-12,2.25654648,1.6617025,1.45567777
2019-06-13,2.28593354,1.67117232,1.46164224
2019-06-14,2.26356864,1.66254265,1.45928679
2019-06-17,2.29177064,1.6728548,1.46064648
2019-06-18,2.36715523,1.69606783,1.47484016
2019-06-19,2.38636612,1.70319849,1.4792428
2019-06-20,2.43565172,1.71684998,1.49325446
2019-06-21,2.42672409,1.71266415,1.49137412
2019-06-24,2.42439226,1.70711788,1.48879123
2019-06-25,2.33307642,1.68132038,1.47465308
2019-06-26,2.35429243,1.68670463,1.47283345
2019-06-27,2.37377665,1.69902755,1.47846436
2019-06-28,2.3789943,1.70723304,1.48697654
2019-07-01,2.4497136,1.72534118,1.49838508
2019-07-02,2.47074099,1.72916446,1.50277254
2019-07-03,2.51165294,1.74220185,1.51430238
2019-07-05,2.4982823,1.74040214,1.51156769
2019-07-08,2.45686906,1.7268807,1.50425859
2019-07-09,2.48286456,1.73612458,1.50611869
2019-07-10,2.53776833,1.7490895,1.51291233
2019-07-11,2.53297124,1.74770553,1.51636968
2019-07-12,2.56489735,1.75796219,1.52337557
2019-07-15,2.58001124,1.76095835,1.52364348
2019-07-16,2.54994652,1.75341173,1.51845734
2019-07-17,2.52141713,1.74539615,1.50853992
2019-07-18,2.52704206,1.75009384,1.51394351
2019-07-19,2.48527638,1.73713964,1.50459228
2019-07-22,2.52783818,1.74943268,1.50884832
2019-07-23,2.56442044,1.75951045,1.51918013
2019-07-24,2.60414704,1.77445834,1.52630227
2019-07-25,2.54905566,1.75676814,1.51827025
2019-07-26,2.60692205,1.77631563,1.52948677
2019-07-29,2.58407218,1.76845145,1.52701494
2019-07-30,2.55781627,1.76424646,1.5230773
2019-07-31,2.47819883,1.74330854,1.5064978
2019-08-01,2.44962924,1.7295974,1.49294114
2019-08-02,2.3686751,1.70677023,1.48206843
2019-08-05,2.18415966,1.64748377,1.43793567
2019-08-06,2.26174805,1.67034925,1.4566533
2019-08-07,2.29147138,1.67665257,1.45777037
2019-08-08,2.41839692,1.71425281,1.4851215
2019-08-09,2.36242034,1.69718952,1.47529504
2019-08-12,2.29402887,1.67677627,1.45712335
2019-08-13,2.42162071,1.70939093,1.47917209
2019-08-14,2.25053835,1.65769784,1.43584307
2019-08-15,2.2430611,1.65613697,1.43938137
2019-08-16,2.33308013,1.68372357,1.46014606
2019-08-19,2.42408498,1.7065016,1.4778224
2019-08-20,2.37771405,1.69493345,1.46612583
2019-08-21,2.42940712,1.71021191,1.47821668
2019-08-22,2.40935324,1.70406644,1.47746859
2019-08-23,2.22956411,1.65297037,1.43913369
2019-08-26,2.31251792,1.67471428,1.45493968
2019-08-27,2.29920079,1.66900163,1.45027925
2019-08-28,2.31828204,1.67538377,1.45977202
2019-08-29,2.40681857,1.70022816,1.47829257
2019-08-30,2.39123715,1.69798697,1.4792428
2019-09-03,2.33147704,1.67906858,1.46903736
2019-09-04,2.41543589,1.7009723,1.48496478
2019-09-05,2.52545123,1.73081498,1.50428389
2019-09-06,2.51773516,1.72788077,1.5056537
2019-09-09,2.50207217,1.72454789,1.50551215
2019-09-10,2.48367108,1.72384851,1.50599739
2019-09-11,2.54035555,1.74208461,1.51688527
2019-09-12,2.56503624,1.74737068,1.52125261
2019-09-13,2.54204185,1.74358363,1.5201506
2019-09-16,2.51156358,1.73864293,1.51538403
2019-09-17,2.54027203,1.74556889,1.51929638
2019-09-18,2.5358782,1.74372867,1.51981703
2019-09-19,2.54505414,1.74489929,1.51984739
2019-09-20,2.47936974,1.73099406,1.51240686
2019-09-23,2.47897786,1.7298831,1.51226025
2019-09-24,2.3983274,1.70454404,1.49953251
2019-09-25,2.46506941,1.7224027,1.50876749
2019-09-26,2.44195581,1.71244029,1.50510281
2019-09-27,2.36742586,1.6930292,1.49710116
2019-09-30,2.42121275,1.70576162,1.50465794
2019-10-01,2.37192304,1.68642955,1.48621328
2019-10-02,2.27175821,1.66010957,1.4596053
2019-10-03,2.3343974,1.67866334,1.47124114
2019-10-04,2.42093352,1.70216437,1.49215763
2019-10-07,2.39854029,1.69658177,1.48547531
2019-10-08,2.30925053,1.66832558,1.4623601
2019-10-09,2.36545315,1.68537617,1.47567414
2019-10-10,2.41069533,1.69540678,1.48514162
2019-10-11,2.47909345,1.71806548,1.50138755
2019-10-14,2.47518503,1.71627638,1.49930495
2019-10-15,2.55069724,1.73761297,1.51423154
2019-10-16,2.53357942,1.73238229,1.51120377
2019-10-17,2.54605699,1.73934876,1.51537897
2019-10-18,2.485066,1.72499571,1.50943968
2019-10-21,2.5358898,1.74065807,1.51981197
2019-10-22,2.48511521,1.72814305,1.51438827
2019-10-23,2.49625147,1.73144615,1.51869996
2019-10-24,2.55687878,1.74552193,1.52161654
2019-10-25,2.59435418,1.75774479,1.52781363
2019-10-28,2.64671877,1.77541583,1.53634087
2019-10-29,2.6029295,1.76493719,1.53506201
2019-10-30,2.6237697,1.77072251,1.54005614
2019-10-31,2.62479244,1.76824466,1.53540076
2019-11-01,2.66584408,1.78829756,1.55023628
2019-11-04,2.69355008,1.79827704,1.5559785
2019-11-05,2.69483951,1.79859253,1.55413357
2019-11-06,2.68519531,1.7934642,1.55522535
2019-11-07,2.69845556,1.79855838,1.55947126
2019-11-08,2.71267779,1.80725635,1.56346456
2019-11-11,2.70581464,1.80490449,1.56039631
2019-11-12,2.71678028,1.80955511,1.56283778
2019-11-13,2.71547392,1.80870425,1.5639498
2019-11-14,2.71177181,1.80804746,1.56525889
2019-11-15,2.74203193,1.8212278,1.57730432
2019-11-18,2.74368163,1.82317047,1.57809794
2019-11-19,2.7495087,1.8275887,1.57716277
2019-11-20,2.7216649,1.81822123,1.57123866
2019-11-21,2.71299135,1.81384548,1.56875178
2019-11-22,2.7148587,1.81676043,1.57216371
2019-11-25,2.75553906,1.84077321,1.5839664
2019-11-26,2.76131994,1.84406549,1.58744411
2019-11-27,2.78606636,1.85627335,1.59407078
2019-11-29,2.76767325,1.84780569,1.58767661
2019-12-02,2.73021719,1.82701937,1.57397334
2019-12-03,2.70228022,1.81692244,1.56352515
2019-12-04,2.71932738,1.82673783,1.57341221
2019-12-05,2.72364401,1.82759724,1.57577272
2019-12-06,2.76148247,1.84589946,1.59016855
2019-12-09,2.74263349,1.83850006,1.58513913
2019-12-10,2.73923039,1.83729519,1.58340034
2019-12-11,2.75796946,1.84537053,1.58800512
2019-12-12,2.78465851,1.85886219,1.60162262
2019-12-13,2.79640557,1.86260656,1.60173887
2019-12-16,2.83174392,1.8795271,1.61318775
2019-12-17,2.83224244,1.88147394,1.61372864
2019-12-18,2.83371205,1.88240789,1.61303103
2019-12-19,2.84666133,1.89509117,1.620224
2019-12-20,2.85521044,1.90313881,1.62823566
2019-12-23,2.85603101,1.90755079,1.62964594
2019-12-24,2.85581695,1.9090924,1.62932743
2019-12-26,2.85949872,1.9239145,1.63768289
2019-12-27,2.85882464,1.92055184,1.63773855
2019-12-30,2.85398382,1.90762326,1.62827107
2019-12-31,2.8552081,1.91329739,1.633068
2020-01-02,2.86710853,1.93879867,1.64675115
2020-01-03,2.85967399,1.92356903,1.6351253
2020-01-06,2.86310426,1.93438023,1.64090281
2020-01-07,2.86286617,1.93376405,1.63630297
2020-01-08,2.86831467,1.94669909,1.64432486
2020-01-09,2.87456633,1.96251908,1.65526827
2020-01-10,2.87257939,1.95727997,1.65054219
2020-01-13,2.88111763,1.97755235,1.66205673
2020-01-14,2.87800001,1.97273326,1.65953949
2020-01-15,2.87806683,1.97430485,1.66264315
2020-01-16,2.88536044,1.99529378,1.67655374
2020-01-17,2.8891152,2.00207699,1.68302887
2020-01-21,2.88846942,1.9982108,1.67856551
2020-01-22,2.89024389,2.00097436,1.67905074
2020-01-23,2.89270694,2.00496423,1.6809665
2020-01-24,2.88605476,1.98629093,1.66576693
2020-01-27,2.87008947,1.94884625,1.63956323
2020-01-28,2.88162827,1.97664609,1.65604672
2020-01-29,2.8827573,1.97781473,1.65461114
2020-01-30,2.88517059,1.98288329,1.65979728
2020-01-31,2.87286594,1.95132639,1.63040921
2020-02-03,2.88427237,1.97743948,1.6422372
2020-02-04,2.90225556,2.01892902,1.66683859
2020-02-05,2.90482238,2.02760992,1.68559152
2020-02-06,2.91176405,2.04114427,1.69119725
2020-02-07,2.9081095,2.03013254,1.68206334
2020-02-10,2.91782744,2.05313661,1.6943868
2020-02-11,2.91790679,2.05538644,1.69724773
2020-02-12,2.92589151,2.07394229,1.70821644
2020-02-13,2.92589151,2.07095904,1.70543129
2020-02-14,2.92589151,2.07505533,1.7085753
2020-02-18,2.92589151,2.0753881,1.70358636
2020-02-19,2.92589151,2.09339378,1.71160308
2020-02-20,2.92589151,2.07927532,1.70507242
2020-02-21,2.92589151,2.04209093,1.68713829
2020-02-24,2.92589151,1.9663255,1.63059617
2020-02-25,2.92589151,1.91180701,1.58122172
2020-02-26,2.93159265,1.91504181,1.57524701
2020-02-27,2.88496529,1.82669743,1.505679
2020-02-28,2.88615981,1.82688714,1.4932747
2020-03-02,3.07154826,1.908941,1.56202392
2020-03-03,2.96868032,1.8517762,1.51811871
2020-03-04,3.12029635,1.92299762,1.58218725
2020-03-05,3.01994684,1.86339766,1.52851618
2020-03-06,2.96505542,1.82864635,1.50244909
2020-03-09,2.79387196,1.69538554,1.38830849
2020-03-10,3.01977415,1.7793095,1.4568858
2020-03-11,2.86216995,1.69567759,1.38569005
2020-03-12,2.62327651,1.53569593,1.25389336
2020-03-13,3.02583068,1.67922205,1.370344
2020-03-16,2.64118825,1.47231954,1.20612122
2020-03-17,3.03509105,1.56405229,1.27843403
2020-03-18,2.88758524,1.49049806,1.21217182
2020-03-19,2.9155983,1.52477395,1.2178785
2020-03-20,2.73871122,1.4669737,1.16507188
2020-03-23,2.73412966,1.46295415,1.13094242
2020-03-24,3.14422798,1.58176811,1.23705619
2020-03-25,3.10408029,1.57461183,1.25132564
2020-03-26,3.4073296,1.66273027,1.32942609
2020-03-27,3.21984639,1.59979097,1.28464124
2020-03-30,3.42628618,1.65774261,1.32769729
2020-03-31,3.3746417,1.64195239,1.30643724
2020-04-01,3.15085737,1.56955389,1.24876793
2020-04-02,3.25983591,1.59657751,1.27727648
2020-04-03,3.18324157,1.57221936,1.25794219
2020-04-06,3.60976213,1.68740193,1.34641492
2020-04-07,3.60577989,1.68186191,1.34425655
2020-04-08,3.73813308,1.72528568,1.39003716
2020-04-09,3.74563739,1.73865146,1.4101752
2020-04-13,3.8094876,1.74693359,1.39592586
2020-04-14,4.10906081,1.8158777,1.43860292
2020-04-15,4.02859617,1.78974316,1.40690987
2020-04-16,4.15562166,1.81942174,1.41509343
2020-04-17,4.22280813,1.84453673,1.45300887
2020-04-20,4.13433006,1.82547132,1.42702755
2020-04-21,3.88722529,1.76203307,1.38325377
2020-04-22,4.08900506,1.8115361,1.41497212
2020-04-23,4.07259617,1.81140179,1.41420885
2020-04-24,4.18268017,1.84120593,1.43389189
2020-04-27,4.23597819,1.86160013,1.45499028
2020-04-28,4.1021635,1.83549349,1.44736266
2020-04-29,4.36012205,1.90095313,1.48583923
2020-04-30,4.3554062,1.89558803,1.47215102
2020-05-01,4.15304053,1.83490063,1.43084388
2020-05-04,4.23014862,1.85745261,1.43692472
2020-05-05,4.31113576,1.87843738,1.44991532
2020-05-06,4.35207848,1.88809055,1.43979577
2020-05-07,4.44764367,1.91480296,1.45636009
2020-05-08,4.55163971,1.94501026,1.48093112
2020-05-11,4.61713434,1.96015431,1.4811282
2020-05-12,4.44537912,1.9196839,1.4507646
2020-05-13,4.34951871,1.88996284,1.4254303
2020-05-14,4.43239961,1.9071391,1.44185813
2020-05-15,4.47988259,1.92224484,1.44751939
2020-05-18,4.62066292,1.96921483,1.49311798
2020-05-19,4.59695581,1.95861042,1.47746353
2020-05-20,4.75613594,1.99927074,1.50206492
2020-05-21,4.66673997,1.97988734,1.49038848
2020-05-22,4.69096016,1.98835501,1.49389642
2020-05-26,4.6629453,1.99168789,1.51225519
2020-05-27,4.70523769,2.007071,1.53467785
2020-05-28,4.69250844,1.99782285,1.53144288
2020-05-29,4.81123474,2.02359901,1.5388127
2020-06-01,4.8292587,2.03685807,1.54458514
2020-06-02,4.87996069,2.04886977,1.55726747
2020-06-03,4.9114493,2.06476244,1.57852258
2020-06-04,4.85065356,2.05045406,1.57320501
2020-06-05,5.01864923,2.09273283,1.61444131
2020-06-08,5.07941403,2.11633184,1.63388174
2020-06-09,5.13010463,2.12251574,1.62113881
2020-06-10,5.19827996,2.13671729,1.61252556
2020-06-11,4.92767797,2.02420895,1.51747675
2020-06-12,4.96906577,2.04469664,1.53729628
2020-06-15,5.03202967,2.07395499,1.55007462
2020-06-16,5.12728416,2.11017356,1.57946775
2020-06-17,5.14327667,2.11329966,1.5737812
2020-06-18,5.15757488,2.12023405,1.57471637
2020-06-19,5.155146,2.12088876,1.56582002
2020-06-22,5.22127104,2.14442175,1.57599017
2020-06-23,5.27031896,2.16039106,1.58277862
2020-06-24,5.14836425,2.11300958,1.54185565
2020-06-25,5.20220771,2.13600303,1.55875353
2020-06-26,5.0677766,2.08060805,1.52098976
2020-06-29,5.12591402,2.10554209,1.54332652
2020-06-30,5.23800921,2.14490987,1.56710899
2020-07-01,5.30628962,2.16535092,1.57497922
2020-07-02,5.33554082,2.17665252,1.5821316
2020-07-06,5.44514498,2.22484864,1.60725858
2020-07-07,5.43434165,2.20570826,1.5898704
2020-07-08,5.45414842,2.2373976,1.60231505
2020-07-09,5.46683465,2.24917899,1.59327222
2020-07-10,5.46683465,2.26403962,1.60994772
2020-07-13,5.46683465,2.21571981,1.59487452
2020-07-14,5.46683465,2.23656172,1.616256
2020-07-15,5.46683465,2.24976331,1.63093492
2020-07-16,5.46683465,2.23341647,1.62537979
2020-07-17,5.46683465,2.2396772,1.63000987
2020-07-20,5.46683465,2.29595053,1.64371326
2020-07-21,5.46683465,2.27745653,1.64647312
2020-07-22,5.46683465,2.28295157,1.65593553
2020-07-23,5.46683465,2.23077015,1.63553464
2020-07-24,5.46683465,2.20982162,1.62541002
2020-07-27,5.46683465,2.24673092,1.63743016
2020-07-28,5.46683465,2.21811874,1.62683043
2020-07-29,5.46683465,2.24815341,1.6470493
2020-07-30,5.46683465,2.2577212,1.64087245
2020-07-31,5.46683465,2.29129762,1.65345877
2020-08-03,5.46683465,2.32488903,1.6653323
2020-08-04,5.46683465,2.33307099,1.67134736
2020-08-05,5.46683465,2.34527468,1.68209369
2020-08-06,5.46683465,2.36866046,1.69290568
2020-08-07,5.46683465,2.34795723,1.69397734
2020-08-10,5.46683465,2.33886901,1.6986226
2020-08-11,5.46683465,2.29930486,1.68508605
2020-08-12,5.46683465,2.34822586,1.70867144
2020-08-13,5.46683465,2.35467839,1.70517349
2020-08-14,5.46683465,2.34973123,1.7048804
2020-08-17,5.46683465,2.37327922,1.70950036
2020-08-18,5.46683465,2.39057481,1.713438
2020-08-19,5.46683465,2.37684658,1.70589134
2020-08-20,5.46683465,2.40211318,1.71127963
2020-08-21,5.46683465,2.41210329,1.71716832
2020-08-24,5.46683465,2.42658638,1.73441508
2020-08-25,5.46683465,2.44508476,1.74065264
2020-08-26,5.46683465,2.48743162,1.75839969
2020-08-27,5.46683465,2.47896187,1.76134157
2020-08-28,5.46683465,2.49395037,1.77319992
2020-08-31,5.46683465,2.51097316,1.76930781
2020-09-01,5.46683465,2.54598893,1.78262185
2020-09-02,5.46683465,2.57088881,1.81001346
2020-09-03,5.46683465,2.44329993,1.74643521
2020-09-04,5.46683465,2.41238691,1.73223141
2020-09-08,5.46683465,2.31313762,1.684151
2020-09-09,5.46683465,2.37580163,1.7180782
2020-09-10,5.46683465,2.3284693,1.68786614
2020-09-11,5.46683465,2.31438706,1.6887659
2020-09-14,5.46683465,2.35769579,1.71028386
2020-09-15,5.46683465,2.38619927,1.71921045
2020-09-16,5.46683465,2.35637784,1.71126951
2020-09-17,5.46683465,2.32648414,1.69687368
2020-09-18,5.46683465,2.30153532,1.67789825
2020-09-21,5.46683465,2.29844754,1.65848313
2020-09-22,5.46683465,2.33786238,1.67592696
2020-09-23,5.46683465,2.26735543,1.63617154
2020-09-24,5.46683465,2.27573126,1.64105953
2020-09-25,5.46683465,2.32718342,1.66727829
2020-09-28,5.46683465,2.37067768,1.69413913
2020-09-29,5.46683465,2.3637943,1.6859858
2020-09-30,5.46683465,2.3813352,1.69990145
2020-10-01,5.46683465,2.41524001,1.70889888
2020-10-02,5.46683465,2.36161278,1.69253164
2020-10-05,5.46683465,2.41651527,1.72295101
2020-10-06,5.46683465,2.37858226,1.69887533
2020-10-07,5.46683465,2.4233622,1.72843025
2020-10-08,5.46683465,2.43538473,1.74227519
2020-10-09,5.46683465,2.469281,1.75759594
2020-10-12,5.46683465,2.53246749,1.78644831
2020-10-13,5.46683465,2.529832,1.77518133
2020-10-14,5.46683465,2.50953817,1.76342405
2020-10-15,5.46683465,2.49783987,1.76072997
2020-10-16,5.46683465,2.48881767,1.76096752
2020-10-19,5.46683465,2.44773107,1.73221117
2020-10-20,5.46683465,2.45575102,1.74039991
2020-10-21,5.46683465,2.4489701,1.73657851
2020-10-22,5.46683465,2.45351619,1.74564159
2020-10-23,5.46683465,2.46252986,1.75165665
2020-10-26,5.46683465,2.42215545,1.7190942
2020-10-27,5.46683465,2.43759582,1.71389288
2020-10-28,5.46683465,2.34665427,1.65341323
2020-10-29,5.46683465,2.38519055,1.67316711
2020-10-30,5.46683465,2.32676339,1.65287234
2020-11-02,5.46683465,2.33657671,1.67323276
2020-11-03,5.46683465,2.37985544,1.70301512
2020-11-04,5.46683465,2.47159247,1.74056157
2020-11-05,5.46683465,2.53559567,1.77443324
2020-11-06,5.46683465,2.53651276,1.77392271
2020-11-09,5.46683465,2.49782072,1.7946774
2020-11-10,5.46683465,2.46371974,1.79216523
2020-11-11,5.46683465,2.51331232,1.80587861
2020-11-12,5.46683465,2.49692716,1.7878586
2020-11-13,5.46683465,2.52245176,1.81219195
2020-11-16,5.46683465,2.5426752,1.83330046
2020-11-17,5.46683465,2.53738903,1.82451542
2020-11-18,5.46683465,2.51654712,1.80341703
2020-11-19,5.46683465,2.53853414,1.81053411
2020-11-20,5.46683465,2.52792764,1.79823595
2020-11-23,5.46683465,2.53339936,1.80837068
2020-11-24,5.46683465,2.56669861,1.83759697
2020-11-25,5.46683465,2.57898331,1.83468544
2020-11-27,5.46683465,2.6027485,1.83908315
2020-11-30,5.46683465,2.60123251,1.83063155
2020-12-01,5.46683465,2.63457653,1.85126494
2020-12-02,5.46683465,2.63335249,1.85458087
2020-12-03,5.46683465,2.63928255,1.85342332
2020-12-04,5.46683465,2.65784506,1.86980067
2020-12-07,5.46683465,2.66972662,1.86618142
2020-12-08,5.46683465,2.68312207,1.87138274
2020-12-09,5.46683465,2.63113057,1.85650674
2020-12-10,5.46683465,2.64538752,1.85412093
2020-12-11,5.46683465,2.63942977,1.85177547
2020-12-14,5.46683465,2.65268675,1.8437031
2020-12-15,5.46683465,2.68574277,1.86752605
2020-12-16,5.46683465,2.69920466,1.87083679
2020-12-17,5.46683465,2.72192719,1.88160842
2020-12-18,5.46683465,2.71998452,1.87500187
2020-12-21,5.46683465,2.71718681,1.86767759
2020-12-22,5.46683465,2.73113265,1.86380572
2020-12-23,5.46683465,2.72328345,1.86519577
2020-12-24,5.46683465,2.73045253,1.8717922
2020-12-28,5.46683465,2.7506439,1.88811896
2020-12-29,5.46683465,2.74015256,1.88391341
2020-12-30,5.46683465,2.74437046,1.88644076
2020-12-31,5.46683465,2.74826851,1.89858726
2021-01-04,5.46683465,2.70778956,1.87057394
2021-01-05,5.46683465,2.7334868,1.88382245
2021-01-06,5.46683465,2.71681802,1.89457878
2021-01-07,5.46683465,2.78648077,1.92270836
2021-01-08,5.46683465,2.81516125,1.93326761
2021-01-11,5.46683465,2.77985957,1.92059552
2021-01-12,5.46683465,2.78753613,1.92139409
2021-01-13,5.46683465,2.79958843,1.92576649
2021-01-14,5.46683465,2.79611041,1.91853822
2021-01-15,5.46683465,2.77177152,1.90474388
2021-01-19,5.46683465,2.81413754,1.92024159
2021-01-20,5.46683465,2.86959436,1.94700136
2021-01-21,5.46683465,2.88530149,1.94761802
2021-01-22,5.46683465,2.88789221,1.9417545
2021-01-25,5.46683465,2.90770854,1.94877557
2021-01-26,5.46683465,2.90559094,1.94587417
2021-01-27,5.46683465,2.82979344,1.89590824
2021-01-28,5.46683465,2.84398667,1.91441349
2021-01-29,5.46683465,2.78716525,1.87744334
2021-02-01,5.46683465,2.8581093,1.90757963
2021-02-02,5.46683465,2.9027593,1.93409159
2021-02-03,5.46683465,2.90228159,1.93604265
2021-02-04,5.46683465,2.93793499,1.95705514
2021-02-05,5.46683465,2.95468686,1.96468275
2021-02-08,5.46683465,2.98269348,1.97922013
2021-02-09,5.46683465,2.98697115,1.97701621
2021-02-10,5.46683465,2.97947159,1.97633378
2021-02-11,5.46683465,2.99082422,1.97961934
2021-02-12,5.46683465,3.00568693,1.9889454
2021-02-16,5.46683465,2.99545797,1.98781315
2021-02-17,5.46683465,2.97797039,1.98717625
2021-02-18,5.46683465,2.95661891,1.9784012
2021-02-19,5.46683465,2.9585593,1.97473147
2021-02-22,5.46683465,2.88575775,1.95946119
2021-02-23,5.46683465,2.87128964,1.9619229
2021-02-24,5.46683465,2.89960113,1.98419389
2021-02-25,5.46683465,2.7975583,1.93562319
2021-02-26,5.46683465,2.81310759,1.92642856
2021-03-01,5.46683465,2.89765221,1.97225977
2021-03-02,5.46683465,2.84859898,1.95632223
2021-03-03,5.46683465,2.77161159,1.93076049
2021-03-04,5.46683465,2.71312467,1.90485506
2021-03-05,5.47787174,2.75506442,1.94199206
2021-03-08,5.4549308,2.68874955,1.93158447
2021-03-09,5.50932407,2.78783266,1.95892536
2021-03-10,5.49909686,2.78676855,1.9707383
2021-03-11,5.53406827,2.85710288,1.99122508
2021-03-12,5.50045992,2.8402977,1.99324697
2021-03-15,5.50482803,2.87011892,2.00618697
2021-03-16,5.4771386,2.87264799,2.00303789
2021-03-17,5.47254393,2.88408391,2.0088054
2021-03-18,5.41817474,2.7968632,1.97915435
2021-03-19,5.42374885,2.81798873,1.97796151
2021-03-22,5.45120397,2.85259719,1.99185692
2021-03-23,5.44329542,2.82064567,1.97665735
2021-03-24,5.40203438,2.76396481,1.9658503
2021-03-25,5.39858283,2.76733184,1.97615188
2021-03-26,5.41816553,2.80167396,2.00901766
2021-03-29,5.41327131,2.7848111,2.00727381
2021-03-30,5.40149605,2.78177017,2.00093517
2021-03-31,5.42788207,2.82473342,2.00818356
2021-04-01,5.45345883,2.87446905,2.03193073
2021-04-05,5.48918693,2.9225498,2.06126821
2021-04-06,5.48687183,2.92101237,2.0592615
2021-04-07,5.48006883,2.91897807,2.06229939
2021-04-08,5.50011223,2.94893153,2.0710036
2021-04-09,5.51088989,2.964046,2.08699161
2021-04-12,5.50735725,2.95334351,2.0865824
2021-04-13,5.5303735,2.98449747,2.09345662
2021-04-14,5.50219993,2.95501526,2.08489914
2021-04-15,5.53218565,2.99359422,2.1080294
2021-04-16,5.53362529,2.99649001,2.1156369
2021-04-19,5.51413821,2.96715482,2.10441015
2021-04-20,5.49891886,2.93975376,2.09009528
2021-04-21,5.51191722,2.97471414,2.10954582
2021-04-22,5.48595478,2.94660736,2.09011552
2021-04-23,5.51093961,2.98891361,2.11295775
2021-04-26,5.5228164,3.01492238,2.11672362
2021-04-27,5.51362645,3.00456743,2.11626874
2021-04-28,5.50542165,2.99621076,2.11447935
2021-04-29,5.50970197,3.00293192,2.12877917
2021-04-30,5.49621002,2.97737108,2.11346323
2021-05-03,5.48235801,2.96296482,2.11927121
2021-05-04,5.44718473,2.90717752,2.10511801
2021-05-05,5.44023226,2.89628532,2.10659888
2021-05-06,5.45443231,2.90703675,2.12380022
2021-05-07,5.4697343,2.93249743,2.13945973
2021-05-10,5.42108914,2.8577832,2.11713308
2021-05-11,5.41806243,2.85513251,2.09876925
2021-05-12,5.37072171,2.77884669,2.05375191
2021-05-13,5.38977699,2.79874402,2.07875252
2021-05-14,5.44966916,2.86377947,2.10976326
2021-05-17,5.43162927,2.85291912,2.10442545
2021-05-18,5.4118677,2.83683883,2.08650144
2021-05-19,5.41442006,2.83600733,2.08036001
2021-05-20,5.46665154,2.88633145,2.10231767
2021-05-21,5.45023452,2.8725243,2.10066971
2021-05-24,5.49686119,2.9130778,2.12149006
2021-05-25,5.50029119,2.91222485,2.11698129
2021-05-26,5.50982876,2.92946087,2.12095448
2021-05-27,5.49857802,2.92909416,2.12342605
2021-05-28,5.50654115,2.9317511,2.12505872
2021-06-01,5.49505902,2.92913685,2.12401248
2021-06-02,5.50010146,2.93336954,2.12708579
2021-06-03,5.47017996,2.90312809,2.11936722
2021-06-04,5.51883588,2.94577148,2.13808992
2021-06-07,5.524851,2.96010735,2.13638642
2021-06-08,5.52561466,2.96931718,2.13676034
2021-06-09,5.52570135,2.96651094,2.13286317
2021-06-10,5.55604406,2.98966432,2.14278577
2021-06-11,5.55300424,3.00013213,2.14696085
2021-06-14,5.58097582,3.02246233,2.15085802
2021-06-15,5.56012301,3.00086576,2.14653115
2021-06-16,5.54763934,2.99379039,2.13496108
2021-06-17,5.58649247,3.01973501,2.13403084
2021-06-18,5.56196526,2.99180732,2.10602282
2021-06-21,5.5797525,3.01549816,2.13551196
2021-06-22,5.60819095,3.03933581,2.14645538
2021-06-23,5.60907917,3.04327238,2.14413016
2021-06-24,5.62650361,3.06416532,2.15659023
2021-06-25,5.62187746,3.06217787,2.16377297
2021-06-28,5.65767831,3.09205678,2.16878202
2021-06-29,5.66879682,3.09798912,2.16938351
2021-06-30,5.66199409,3.09279041,2.17226479
2021-07-01,5.6624569,3.09672031,2.18360755
2021-07-02,5.70028152,3.12165852,2.19998478
2021-07-06,5.71119543,3.12684223,2.19553673
2021-07-07,5.717674,3.12714502,2.20291149
2021-07-08,5.6963587,3.10469549,2.1840523
2021-07-09,5.7169366,3.13500504,2.20868393
2021-07-12,5.7288305,3.14168371,2.21630649
2021-07-13,5.72668881,3.12982985,2.20851215
2021-07-14,5.73229833,3.12285694,2.21108492
2021-07-15,5.70788443,3.101145,2.20387183
2021-07-16,5.67996831,3.07643294,2.18725716
2021-07-19,5.65145899,3.04396541,2.15254646
2021-07-20,5.68750039,3.09170922,2.18518468
2021-07-21,5.71293287,3.12008485,2.20319458
2021-07-22,5.73531787,3.13131169,2.2076377
2021-07-23,5.77341896,3.16380713,2.23003518
2021-07-26,5.77446559,3.16460032,2.23534757
2021-07-27,5.73458456,3.12618982,2.22481362
2021-07-28,5.74691047,3.14794007,2.22439922
2021-07-29,5.7523762,3.15128358,2.23375538
2021-07-30,5.7336605,3.12876991,2.22167959
2021-08-02,5.73168934,3.13055911,2.21758547
2021-08-03,5.75209218,3.14766499,2.23577727
2021-08-04,5.7567385,3.15176773,2.22542028
2021-08-05,5.77893608,3.17620262,2.23878492
2021-08-06,5.76241856,3.16354475,2.24253548
2021-08-09,5.76712312,3.168752,2.24042771
2021-08-10,5.74841043,3.15337972,2.24265173
2021-08-11,5.74053578,3.14848587,2.24551278
2021-08-12,5.75105234,3.15938661,2.25482353
2021-08-13,5.763146,3.16080264,2.25844772
2021-08-16,5.76334764,3.15458876,2.26436678
2021-08-17,5.73135977,3.12525149,2.24837877
2021-08-18,5.69716893,3.0974731,2.22421213
2021-08-19,5.71337331,3.10085929,2.22700728
2021-08-20,5.74913184,3.13772174,2.24513861
2021-08-23,5.80199772,3.18633787,2.2642757
2021-08-24,5.81269465,3.20278904,2.26766246
2021-08-25,5.81634767,3.20749318,2.27269694
2021-08-26,5.79142311,3.18701153,2.25945867
2021-08-27,5.82681962,3.22618127,2.27935915
2021-08-30,5.86764474,3.2552647,2.28917537
2021-08-31,5.86398829,3.25384679,2.28608701
2021-09-01,5.86908964,3.26453846,2.28679955
2021-09-02,5.86665539,3.269187,2.2933001
2021-09-03,5.86980226,3.27608308,2.29253177
2021-09-07,5.87295093,3.2783883,2.28474731
2021-09-08,5.85189138,3.25968938,2.28173472
2021-09-09,5.83611066,3.25150326,2.27122594
2021-09-10,5.80553882,3.22319386,2.25368622
2021-09-13,5.80150209,3.22108064,2.25881671
2021-09-14,5.78962392,3.20661878,2.24583611
2021-09-15,5.81698388,3.23301134,2.26486731
2021-09-16,5.81834943,3.23735918,2.26135419
2021-09-17,5.77241267,3.20794298,2.24075128
2021-09-20,5.69506032,3.13755972,2.20270935
2021-09-21,5.69909231,3.14448995,2.20091996
2021-09-22,5.73198636,3.17657141,2.22187186
2021-09-23,5.76284735,3.20970657,2.24883364
2021-09-24,5.7659413,3.20873846,2.25211921
2021-09-27,5.73358626,3.19216339,2.24586646
2021-09-28,5.63074042,3.10190195,2.20013139
2021-09-29,5.62445723,3.09460085,2.2035838
2021-09-30,5.61108899,3.08098341,2.17733975
2021-10-01,5.63178085,3.10617108,2.2023606
2021-10-04,5.55561727,3.03980727,2.17376097
2021-10-05,5.6005888,3.07783815,2.19663875
2021-10-06,5.62153903,3.09235539,2.2056511
2021-10-07,5.65312175,3.12479086,2.22395421
2021-10-08,5.63483588,3.10890902,2.21969818
2021-10-11,5.60587589,3.08900544,2.20445826
2021-10-12,5.5903838,3.08468092,2.19913057
2021-10-13,5.61832209,3.10722436,2.20577747
2021-10-14,5.68463344,3.16091551,2.24341488
2021-10-15,5.7073703,3.17667595,2.26015122
2021-10-18,5.74382662,3.2032176,2.26777871
2021-10-19,5.77143012,3.22609381,2.28454517
2021-10-20,5.76604161,3.22451368,2.29291581
2021-10-21,5.78914163,3.24456241,2.29978509
2021-10-22,5.75657479,3.21780107,2.29731845
2021-10-25,5.79479921,3.24691011,2.30822657
2021-10-26,5.80596209,3.24882925,2.31242707
2021-10-27,5.81453405,3.24885694,2.30074569
2021-10-28,5.85397972,3.29412312,2.32336037
2021-10-29,5.87278144,3.30484249,2.32788937
2021-11-01,5.88384185,3.32563963,2.33207975
2021-11-02,5.90054004,3.33708617,2.34066265
2021-11-03,5.94347282,3.37162652,2.35578633
2021-11-04,5.9935083,3.39907652,2.36563809
2021-11-05,5.99611766,3.40574665,2.37446854
2021-11-08,5.98931556,3.40804333,2.37657657
2021-11-09,5.95883822,3.38761082,2.36826146
2021-11-10,5.8962631,3.33135228,2.34878056
2021-11-11,5.9065359,3.34874615,2.3500746
2021-11-12,5.95022783,3.38215618,2.36704838
2021-11-15,5.9481428,3.38063999,2.36702295
2021-11-16,5.97795899,3.40623081,2.37617204
2021-11-17,5.97984921,3.3950806,2.36999013
2021-11-18,6.02394251,3.4104635,2.37801203
2021-11-19,6.04780097,3.42405324,2.37468599
2021-11-22,5.99630376,3.38083407,2.36709379
2021-11-23,5.97642382,3.36385605,2.37101638
2021-11-24,5.9896019,3.37880206,2.37645514
2021-11-26,5.90849393,3.3034075,2.32245061
2021-11-29,5.99920208,3.36549594,2.35310743
2021-11-30,5.93626376,3.3132229,2.30848943
2021-12-01,5.86488817,3.25274,2.28121419
2021-12-02,5.89426886,3.27987888,2.31359474
2021-12-03,5.82277002,3.21679235,2.29404819
2021-12-06,5.8542153,3.24657755,2.32095937
2021-12-07,5.97936353,3.34504427,2.36901967
2021-12-08,5.99813358,3.36638304,2.37632877
2021-12-09,5.93420916,3.30888984,2.35926416
2021-12-10,5.97985259,3.33303465,2.38179295
2021-12-13,5.91770663,3.28669395,2.36003249
2021-12-14,5.87435383,3.24924073,2.34240145
2021-12-15,5.96903861,3.31917003,2.38069611
2021-12-16,5.86141606,3.2370414,2.3598807
2021-12-17,5.84070008,3.2347491,2.335603
2021-12-20,5.80056749,3.19450275,2.30900502
2021-12-21,5.89099449,3.27130022,2.35005436
2021-12-22,5.941284,3.30985357,2.37397837
2021-12-23,5.97267783,3.33789018,2.3887533
2021-12-27,6.04212601,3.38435249,2.42181111
2021-12-28,6.02155449,3.36525917,2.4193647
2021-12-29,6.02055863,3.36195398,2.4227564
2021-12-30,6.007323,3.35669551,2.41551295
2021-12-31,5.98020935,3.3360989,2.40916938
2022-01-03,6.02005551,3.37615137,2.42452555
2022-01-04,5.96397055,3.33135436,2.42299901
2022-01-05,5.83574812,3.21992699,2.37601038
2022-01-06,5.83144834,3.21580946,2.37372046
2022-01-07,5.78734885,3.18489852,2.36410637
2022-01-10,5.78832164,3.18637619,2.36069962
2022-01-11,5.84846689,3.23128836,2.38232359
2022-01-12,5.86424107,3.23873877,2.3890364
2022-01-13,5.76328438,3.15737147,2.35500788
2022-01-14,5.78735158,3.17591046,2.35693894
2022-01-18,5.68861636,3.0934195,2.31359968
2022-01-19,5.64557746,3.05788542,2.29118196
2022-01-20,5.59708714,3.01817196,2.26589331
2022-01-21,5.47450531,2.93605417,2.22303434
2022-01-24,5.49243275,2.95443739,2.22919602
2022-01-25,5.37419649,2.8870884,2.20206245
2022-01-26,5.35955402,2.88769188,2.19876676
2022-01-27,5.30901737,2.84731747,2.18692841
2022-01-28,5.46894434,2.9364061,2.24017497
2022-01-31,5.64083716,3.03648064,2.28248281
2022-02-01,5.67717747,3.05910946,2.29814749
2022-02-02,5.72328797,3.07436658,2.31980182
2022-02-03,5.50336338,2.95948909,2.26321935
2022-02-04,5.57098539,3.00622856,2.27489061
2022-02-07,5.52520858,2.9886706,2.26646962
2022-02-08,5.58582354,3.02679331,2.2855107
2022-02-09,5.70531539,3.08989462,2.31868993
2022-02-10,5.57994006,3.02491457,2.27668518
2022-02-11,5.41641012,2.94079455,2.23349771
2022-02-14,5.42024069,2.9407454,2.22491974
2022-02-15,5.55164296,3.01513124,2.25999943
2022-02-16,5.54934781,3.01178982,2.26199096
2022-02-17,5.39803942,2.92492312,2.21409752
2022-02-18,5.33658891,2.88896069,2.19823094
2022-02-22,5.28526593,2.85344576,2.1759344
2022-02-23,5.16901911,2.78008571,2.13587083
2022-02-24,5.34999109,2.87307863,2.16781674
2022-02-25,5.44142576,2.92021064,2.21631661
2022-02-28,5.44915608,2.93231834,2.21090302
2022-03-01,5.35635595,2.88563197,2.17669261
2022-03-02,5.44901455,2.93245037,2.21727202
2022-03-03,5.36157036,2.88680061,2.20562099
2022-03-04,5.27648085,2.83892873,2.1881215
2022-03-07,5.07553637,2.73604565,2.12353218
2022-03-08,5.02386746,2.72849487,2.10817108
2022-03-09,5.35614396,2.82658426,2.16234738
2022-03-10,5.24643618,2.79980375,2.15306699
2022-03-11,5.06686358,2.73878568,2.12515991
2022-03-14,4.9048475,2.6827916,2.10938909
2022-03-15,5.17922236,2.76113525,2.15454811
2022-03-16,5.53225679,2.8651803,2.202775
2022-03-17,5.6347268,2.90318577,2.22997446
2022-03-18,5.84317854,2.96269182,2.25598108
2022-03-21,5.80505548,2.95088273,2.2550005
2022-03-22,6.01215031,3.00853378,2.28049128
2022-03-23,5.85700188,2.96882449,2.2525035
2022-03-24,6.09505896,3.02623668,2.28481321
2022-03-25,6.08156121,3.02143029,2.29638846
2022-03-28,6.2488126,3.06100735,2.31279606
2022-03-29,6.44441798,3.11745977,2.34114295
2022-03-30,6.31483053,3.07963776,2.3264085
2022-03-31,6.17253313,3.03235228,2.28999429
2022-04-01,6.14486452,3.04109086,2.29780368
2022-04-04,6.37427258,3.09888892,2.31639507
2022-04-05,6.12828899,3.02886592,2.28732033
2022-04-06,5.89756556,2.96162147,2.26509463
2022-04-07,5.92036788,2.96342961,2.27472895
2022-04-08,5.7761417,2.92370345,2.26869858
2022-04-11,5.54056185,2.85993681,2.2304091
2022-04-12,5.49644123,2.85132421,2.22278679
2022-04-13,5.69377424,2.90932906,2.2476255
2022-04-14,5.47491272,2.84695492,2.22033002
2022-04-18,5.47422267,2.84296317,2.21987515
2022-04-19,5.69365184,2.90422635,2.25552102
2022-04-20,5.55003038,2.86870309,2.25412604
2022-04-21,5.35589791,2.80933344,2.22087103
2022-04-22,5.12661373,2.73782194,2.15926395
2022-04-25,5.2345578,2.7731255,2.1715673
2022-04-26,4.9294347,2.66349795,2.1104457
2022-04-27,4.91563506,2.66311187,2.11487351
2022-04-28,5.31942657,2.74469678,2.16721008
2022-04-29,4.85901741,2.6302114,2.08857393
2022-05-02,5.02914311,2.67315321,2.10042709
2022-05-03,5.03216485,2.67906847,2.11058712
2022-05-04,5.41893261,2.76459828,2.17361436
2022-05-05,4.90468677,2.62659719,2.09612564
2022-05-06,4.78337981,2.58970059,2.08423176
2022-05-09,4.42163317,2.47851624,2.01745901
2022-05-10,4.54961754,2.50291489,2.02241772
2022-05-11,4.24153929,2.42328557,1.98912224
2022-05-12,4.21240253,2.42471847,1.98654441
2022-05-13,4.63288111,2.51727221,2.03396262
2022-05-16,4.49276819,2.48694767,2.02593578
2022-05-17,4.80249425,2.55555256,2.06679816
2022-05-18,4.2832124,2.43478125,1.98330931
2022-05-19,4.21641258,2.42845867,1.97173912
2022-05-20,4.18093986,2.42123419,1.97202727
2022-05-23,4.34676799,2.45975548,2.00861832
2022-05-24,4.12755616,2.40200656,1.99230673
2022-05-25,4.27314053,2.43831883,2.01113556
2022-05-26,4.58644912,2.50355044,2.05112348
2022-05-27,4.98640659,2.58681543,2.10187292
2022-05-31,4.94190121,2.57620893,2.08868499
2022-06-01,4.84968086,2.55767223,2.07305585
2022-06-02,5.19625977,2.62642872,2.11126437
2022-06-03,4.8727599,2.5615682,2.07675087
2022-06-06,4.90419475,2.57194001,2.08326647
2022-06-07,5.00833745,2.59621934,2.10310624
2022-06-08,4.91745418,2.57724951,2.08040542
2022-06-09,4.60664029,2.50644623,2.03089449
2022-06-10,4.23852549,2.4181208,1.97177454
2022-06-13,3.80867402,2.30493651,1.89533193
2022-06-14,3.82413621,2.30901343,1.88817956
2022-06-15,4.12344613,2.36675839,1.91573283
2022-06-16,3.68129359,2.27015084,1.85344861
2022-06-17,3.83100054,2.3026163,1.85752781
2022-06-21,4.15684084,2.36039312,1.90299496
2022-06-22,4.1310159,2.35693446,1.90051808
2022-06-23,4.33560387,2.39512756,1.91863423
2022-06-24,4.84989461,2.47518336,1.97727401
2022-06-27,4.72883745,2.45746963,1.97139543
2022-06-28,4.29936785,2.38432698,1.93168554
2022-06-29,4.30782057,2.38354858,1.93031068
2022-06-30,4.13747006,2.35174429,1.91340255
2022-07-01,4.22378275,2.37287815,1.93359624
2022-07-05,4.44848361,2.41432958,1.93665931
2022-07-06,4.53669974,2.4227758,1.94357931
2022-07-07,4.8575928,2.478111,1.97266417
2022-07-08,4.87215749,2.4810878,1.97102633
2022-07-11,4.54902969,2.4250681,1.9483054
2022-07-12,4.40752023,2.40206632,1.9302955
2022-07-13,4.37463287,2.39840921,1.92169236
2022-07-14,4.42124042,2.39917908,1.91592991
2022-07-15,4.68480998,2.44208881,1.95271815
2022-07-18,4.54874097,2.42239201,1.93638646
2022-07-19,5.02109889,2.4976864,1.98988551
2022-07-20,5.26957,2.53702877,2.00161748
2022-07-21,5.50328568,2.57156476,2.02135618
2022-07-22,5.21514395,2.52347964,2.00249194
2022-07-25,5.1090106,2.51251059,2.00512555
2022-07-26,4.80669839,2.46557704,1.98197998
2022-07-27,5.49686641,2.56576673,2.03382119
2022-07-28,5.65821997,2.59352388,2.05849823
2022-07-29,5.97508337,2.64216355,2.08774488
2022-08-01,5.95139784,2.63753416,2.081851
2022-08-02,5.89477783,2.63322234,2.06798089
2022-08-03,6.39161984,2.70133058,2.10032096
2022-08-04,6.47503485,2.71250849,2.0986883
2022-08-05,6.31848181,2.69906805,2.09527636
2022-08-08,6.24611181,2.6962768,2.09268335
2022-08-09,6.03839336,2.66417806,2.08379218
2022-08-10,6.55767797,2.74112921,2.12815745
2022-08-11,6.44677725,2.7251599,2.12665609
2022-08-12,6.81895008,2.78215416,2.16349481
2022-08-15,6.96547144,2.79939644,2.17208289
2022-08-16,6.91492553,2.79395887,2.17615702
2022-08-17,6.68821181,2.75889625,2.16040645
2022-08-18,6.72859359,2.76470052,2.16530962
2022-08-19,6.35843264,2.70923308,2.13737712
2022-08-22,5.87645318,2.64021879,2.09163711
2022-08-23,5.85244227,2.64016111,2.08695632
2022-08-24,5.898829,2.65087215,2.09304222
2022-08-25,6.21594452,2.69517001,2.12253654
2022-08-26,5.51659901,2.5890715,2.05103241
2022-08-29,5.33987021,2.56262148,2.0373595
2022-08-30,5.15479969,2.53393454,2.01489118
2022-08-31,5.05916661,2.51966051,1.99914072
2022-09-01,5.06149738,2.51303515,2.00513061
2022-09-02,4.84199477,2.48013905,1.98360253
2022-09-06,4.71704669,2.46181122,1.97547956
2022-09-07,5.02775092,2.51447888,2.01171186
2022-09-08,5.10549453,2.52945446,2.02501073
2022-09-09,5.46276214,2.58280223,2.05593558
2022-09-12,5.64183628,2.6156623,2.07769616
2022-09-13,4.84452208,2.48071692,1.98786362
2022-09-14,4.95572256,2.49907869,1.99459654
2022-09-15,4.71637894,2.46339989,1.97202221
2022-09-16,4.62789382,2.44123169,1.95785889
2022-09-19,4.72277533,2.45970217,1.97128412
2022-09-20,4.60072269,2.43625247,1.9490636
2022-09-21,4.35972444,2.3925687,1.91570247
2022-09-22,4.18649257,2.35986211,1.89955773
2022-09-23,3.96808916,2.3174534,1.86682338
2022-09-26,3.90272387,2.30359086,1.84751944
2022-09-27,3.90293501,2.30925874,1.84360203
2022-09-28,4.1506667,2.35662731,1.87986963
2022-09-29,3.78352997,2.28964294,1.84015468
2022-09-30,3.57523601,2.25512195,1.81242963
2022-10-03,3.86044845,2.30625841,1.85934237
2022-10-04,4.27772077,2.3832331,1.91620794
2022-10-05,4.26202837,2.37731137,1.91234113
2022-10-06,4.15061458,2.36124815,1.89274904
2022-10-07,3.67614569,2.27149441,1.83974522
2022-10-10,3.54449472,2.24797411,1.825961
2022-10-11,3.38152495,2.22325789,1.81405724
2022-10-12,3.37356859,2.22131939,1.80808758
2022-10-13,3.65298145,2.27080138,1.85503574
2022-10-14,3.30187876,2.2009104,1.81114065
2022-10-17,3.69160209,2.27648405,1.85909975
2022-10-18,3.7837671,2.29708294,1.88034475
2022-10-19,3.73294189,2.27748839,1.8677989
2022-10-20,3.66643941,2.26348508,1.8529482
2022-10-21,3.96356361,2.31570273,1.89690906
2022-10-24,4.09579741,2.33551052,1.91944809
2022-10-25,4.37638112,2.38807572,1.95067109
2022-10-26,4.07778344,2.3394298,1.93626009
2022-10-27,3.84216994,2.30140517,1.92448257
2022-10-28,4.24860343,2.36746204,1.97187561
2022-10-31,4.08053211,2.343089,1.95717645
2022-11-01,3.94368045,2.32234079,1.94914962
2022-11-02,3.53110693,2.24428514,1.90041701
2022-11-03,3.3040728,2.20550585,1.88029921
2022-11-04,3.48399554,2.23371925,1.90590649
2022-11-07,3.60338206,2.25275489,1.92422984
2022-11-08,3.6883409,2.26377516,1.93500147
2022-11-09,3.4161088,2.20768716,1.89479623
2022-11-10,4.40473464,2.36995696,1.99983328
2022-11-11,4.66377315,2.41456198,2.01831323
2022-11-14,4.52351015,2.38745724,2.00027803
2022-11-15,4.71159371,2.42204237,2.01770669
2022-11-16,4.52063814,2.38477907,2.00105648
2022-11-17,4.48663178,2.37652672,1.99487457
2022-11-18,4.48044119,2.3767612,2.00436734
2022-11-21,4.33132006,2.35084219,1.99658301
2022-11-22,4.51978035,2.38280662,2.02369658
2022-11-23,4.65415798,2.40645686,2.03566612
2022-11-25,4.55509971,2.39388436,2.03508993
2022-11-28,4.34191316,2.35617105,2.00365961
2022-11-29,4.23005652,2.34215712,2.00047005
2022-11-30,4.8666933,2.44541107,2.06238035
2022-12-01,4.87535948,2.4484924,2.06059096
2022-12-02,4.81286386,2.44402503,2.05812925
2022-12-05,4.56328097,2.39678015,2.02130065
2022-12-06,4.28481991,2.34879082,1.99219555
2022-12-07,4.21077618,2.33677703,1.98848534
2022-12-08,4.36269326,2.36310128,2.00344229
2022-12-09,4.2714758,2.34660097,1.98871784
2022-12-12,4.42435983,2.37626663,2.01711533
2022-12-13,4.56474494,2.40037729,2.03181942
2022-12-14,4.45801562,2.38205591,2.01952138
2022-12-15,4.01879376,2.30521367,1.96919152
2022-12-16,3.88706043,2.28279809,1.94725916
2022-12-19,3.70761623,2.24881228,1.92971919
2022-12-20,3.69306736,2.24904259,1.93172096
2022-12-21,3.85549398,2.28364251,1.96044178
2022-12-22,3.56569426,2.23390479,1.93211006
2022-12-23,3.58608443,2.23854063,1.94344788
2022-12-27,3.40627763,2.20770007,1.93557765
2022-12-28,3.2599027,2.17785948,1.91231077
2022-12-29,3.53199007,2.23432481,1.94570227
2022-12-30,3.52094842,2.23184925,1.94075874
2023-01-03,3.42802049,2.21489685,1.93299464
2023-01-04,3.47560083,2.23020291,1.94756743
2023-01-05,3.29850131,2.19746674,1.92488697
2023-01-06,3.59809111,2.25377214,1.9688529
2023-01-09,3.66155006,2.26792267,1.96734154
2023-01-10,3.75747412,2.29073474,1.98107011
2023-01-11,3.9692,2.33104523,2.00652572
2023-01-12,4.02908357,2.34585026,2.01337982
2023-01-13,4.11304053,2.36249572,2.02142702
2023-01-17,4.11164565,2.3658969,2.01732253
2023-01-18,3.94190085,2.33644864,1.98592775
2023-01-19,3.80679205,2.31411406,1.97075853
2023-01-20,4.15537581,2.3755607,2.00804213
2023-01-23,4.44289807,2.4233218,2.03190038
2023-01-24,4.39763355,2.41689468,2.03045467
2023-01-25,4.36226294,2.41243605,2.03008569
2023-01-26,4.62472471,2.454881,2.05243257
2023-01-27,4.76471814,2.47818785,2.05755307
2023-01-30,4.46511511,2.42959087,2.03086919
2023-01-31,4.65802869,2.4702639,2.06060614
2023-02-01,4.9557313,2.51968613,2.08214422
2023-02-02,5.52584433,2.60167606,2.11275043
2023-02-03,5.23771158,2.56033562,2.09087372
2023-02-06,5.06439343,2.53485371,2.07803479
2023-02-07,5.3872728,2.58311792,2.10478432
2023-02-08,5.10324587,2.53977296,2.08146178
2023-02-09,4.96125463,2.5139841,2.0630829
2023-02-10,4.85003343,2.49874613,2.0676119
2023-02-13,5.07381562,2.53577913,2.09128319
2023-02-14,5.16813672,2.55035614,2.09069676
2023-02-15,5.28560456,2.573906,2.09649463
2023-02-16,4.97895773,2.5281111,2.06758661
2023-02-17,4.86714193,2.5134914,2.06186476
2023-02-21,4.49105894,2.45059271,2.02054244
2023-02-22,4.49506193,2.45374234,2.017363
2023-02-23,4.61569201,2.47151146,2.0281144
2023-02-24,4.36339555,2.42983201,2.00674304
2023-02-27,4.43210655,2.44519367,2.01290977
2023-02-28,4.40475076,2.44275414,2.00679857
2023-03-01,4.28741728,2.42653536,1.99731592
2023-03-02,4.39607769,2.44434072,2.01245995
2023-03-03,4.69121527,2.49253871,2.04495663
2023-03-06,4.69061271,2.48970914,2.04636185
2023-03-07,4.50334207,2.4587022,2.01499743
2023-03-08,4.54859049,2.46844075,2.01784824
2023-03-09,4.29757575,2.41776471,1.98060005
2023-03-10,4.07937607,2.3752323,1.95192465
2023-03-13,4.16554667,2.38588357,1.94897771
2023-03-14,4.48519024,2.43691363,1.98109035
2023-03-15,4.55165254,2.43817161,1.96726059
2023-03-16,4.93884228,2.49856705,2.00180963
2023-03-17,4.83773258,2.4800643,1.97975077
2023-03-20,4.87627795,2.48966645,1.99740699
2023-03-21,5.09383218,2.52902382,2.02333771
2023-03-22,4.87356512,2.48847657,1.99002705
2023-03-23,5.05209647,2.51351931,1.99596635
2023-03-24,5.10378176,2.52131519,2.00722321
2023-03-27,4.97059736,2.5095615,2.01052902
2023-03-28,4.88143364,2.49831112,2.00736476
2023-03-29,5.16978259,2.54312521,2.03594415
2023-03-30,5.31837649,2.56172584,2.04758012
2023-03-31,5.59942828,2.60617321,2.0771401
2023-04-03,5.54003518,2.59925152,2.08482312
2023-04-04,5.47671919,2.58579193,2.07273746
2023-04-05,5.2968658,2.55818409,2.06757143
2023-04-06,5.39920162,2.57760997,2.0749716
2023-04-10,5.36233256,2.5768424,2.0770389
2023-04-11,5.24852221,2.56565158,2.07695301
2023-04-12,5.09365476,2.54378616,2.06836505
2023-04-13,5.41357921,2.59430853,2.09579714
2023-04-14,5.37600206,2.58518199,2.09146015
2023-04-17,5.36908851,2.59248539,2.09837485
2023-04-18,5.35678984,2.59156642,2.10016942
2023-04-19,5.34373336,2.59238106,2.09999245
2023-04-20,5.20092276,2.57155393,2.08749215
2023-04-21,5.2103374,2.57430478,2.08937755
2023-04-24,5.15335335,2.56678607,2.09115682
2023-04-25,4.82849291,2.51602693,2.05809383
2023-04-26,4.91976771,2.52779541,2.05018831
2023-04-27,5.35626284,2.58918457,2.0903026
2023-04-28,5.47292292,2.60716902,2.10755429
2023-05-01,5.41840118,2.60418785,2.10674055
2023-05-02,5.22708497,2.57602131,2.0823313
2023-05-03,5.10543056,2.56425491,2.06775851
2023-05-04,5.04055401,2.55168887,2.05283192
2023-05-05,5.39038415,2.60905192,2.09075748
2023-05-08,5.37699127,2.61363862,2.09170277
2023-05-09,5.25724759,2.59714039,2.08212398
2023-05-10,5.42196552,2.62419826,2.09146015
2023-05-11,5.47441868,2.62890428,2.08791173
2023-05-12,5.38933917,2.61957096,2.08460592
2023-05-15,5.47394694,2.63673015,2.09077253
2023-05-16,5.46921235,2.63200477,2.07743825
2023-05-17,5.68948212,2.66559409,2.10214071
2023-05-18,6.03644909,2.70574027,2.12199553
2023-05-19,5.94689545,2.69914281,2.11892741
2023-05-22,5.99892302,2.71255118,2.11925591
2023-05-23,5.74671897,2.67832006,2.09547357
2023-05-24,5.63968969,2.66209483,2.08013763
2023-05-25,6.10803278,2.70771272,2.09835461
2023-05-26,6.63250012,2.76690766,2.12573622
2023-05-30,6.69692095,2.77580805,2.12577151
2023-05-31,6.56372458,2.75829277,2.11278597
2023-06-01,6.79511811,2.79362423,2.13360632
2023-06-02,6.9459605,2.82343254,2.16461706
2023-06-05,6.9384359,2.82101446,2.16028008
2023-06-06,6.92088185,2.83103455,2.16536515
2023-06-07,6.56709749,2.79446011,2.15711076
2023-06-08,6.81745271,2.82295276,2.17046035
2023-06-09,6.89226034,2.82734975,2.17295217
2023-06-12,7.23079927,2.87059017,2.19320658
2023-06-13,7.37792893,2.89434494,2.20841096
2023-06-14,7.47781689,2.90568069,2.21022059
2023-06-15,7.67200743,2.93901826,2.23713696
2023-06-16,7.57500648,2.91913383,2.22892304
2023-06-20,7.53655601,2.91438284,2.21836885
2023-06-21,7.3772965,2.87917944,2.20673288
2023-06-22,7.50636166,2.90656134,2.21492162
2023-06-23,7.39030641,2.87711516,2.19795796
2023-06-26,7.23201773,2.84369242,2.18809608
2023-06-27,7.4160815,2.89058121,2.21316259
2023-06-28,7.43578706,2.89827485,2.21237896
2023-06-29,7.40325879,2.8981853,2.22227614
2023-06-30,7.58147626,2.94010569,2.24954125
2023-07-03,7.60161104,2.94625752,2.25217474
2023-07-05,7.59665227,2.94090117,2.24774174
2023-07-06,7.50246976,2.91688838,2.22993398
2023-07-07,7.46109466,2.9129818,2.223545
2023-07-10,7.45537733,2.91826172,2.22889268
2023-07-11,7.51134285,2.93430141,2.24392035
2023-07-12,7.65739987,2.96804838,2.26055057
2023-07-13,7.86432986,3.01487761,2.27969778
2023-07-14,7.86137751,3.00957436,2.27736244
2023-07-17,7.92705038,3.03756182,2.28614254
2023-07-18,7.98686157,3.06073852,2.30241365
2023-07-19,7.98341518,3.06167247,2.30784253
2023-07-20,7.80610383,2.99882917,2.29224868
2023-07-21,7.78197056,2.99232542,2.29299158
2023-07-24,7.78880443,2.99788251,2.30224186
2023-07-25,7.82929791,3.01615474,2.30872192
2023-07-26,7.80715465,3.01247014,2.30836306
2023-07-27,7.78983241,2.9960146,2.2935326
2023-07-28,7.85579299,3.05285309,2.31618775
2023-07-31,7.85623936,3.05911362,2.31958957
2023-08-01,7.84937131,3.04586955,2.31340766
2023-08-02,7.79082691,2.97966776,2.28139116
2023-08-03,7.78633747,2.9767399,2.27557823
2023-08-04,7.77310674,2.96597576,2.2635175
2023-08-07,7.79417888,2.98413513,2.28394369
2023-08-08,7.77166352,2.9606619,2.27430937
2023-08-09,7.74316441,2.92605323,2.25830112
2023-08-10,7.74738251,2.92945879,2.25886731
2023-08-11,7.7300318,2.90959769,2.25645101
2023-08-14,7.75764098,2.94019315,2.26942668
2023-08-15,7.72984506,2.90665505,2.24321274
2023-08-16,7.70289782,2.87330041,2.22626438
2023-08-17,7.67565403,2.83967277,2.20909339
2023-08-18,7.67209279,2.83409672,2.20876489
2023-08-21,7.71093432,2.87819634,2.2239594
2023-08-22,7.70655812,2.87996201,2.21778242
2023-08-23,7.74528646,2.92584229,2.24227756
2023-08-24,7.69105706,2.87102726,2.21210105
2023-08-25,7.71004749,2.89804037,2.22696187
2023-08-28,7.72777213,2.92245172,2.24091294
2023-08-29,7.7819001,2.97333663,2.27342479
2023-08-30,7.79623203,2.98944671,2.28213924
2023-08-31,7.80377709,2.99278604,2.27849481
2023-09-01,7.80061828,2.99211218,2.28259412
2023-09-05,7.8028524,2.98979655,2.27302051
2023-09-06,7.77891044,2.9581349,2.25717393
2023-09-07,7.76927972,2.93177026,2.24992554
2023-09-08,7.77079905,2.93447842,2.25313533
2023-09-11,7.78601275,2.96782015,2.26828418
2023-09-12,7.77088658,2.93705435,2.2553643
2023-09-13,7.77573152,2.94557949,2.25816463
2023-09-14,7.78504606,2.9695602,2.27720078
2023-09-15,7.76198307,2.92313413,2.2495109
2023-09-18,7.76279902,2.92354144,2.25113344
2023-09-19,7.75982762,2.91670721,2.24629123
2023-09-20,7.74086629,2.8721276,2.22518778
2023-09-21,7.71738434,2.81985248,2.18869262
2023-09-22,7.71738434,2.81725719,2.18366826
2023-09-25,7.71738434,2.82994712,2.1924533
2023-09-26,7.71738434,2.78565551,2.16014853
2023-09-27,7.71738434,2.79189042,2.16064388
2023-09-28,7.71738434,2.81501194,2.17337693
2023-09-29,7.71738434,2.81885876,2.16748799
2023-10-02,7.71738434,2.83771948,2.16766001
2023-10-03,7.71738434,2.78477257,2.13786754
2023-10-04,7.71738434,2.82241758,2.15520512
2023-10-05,7.71738434,2.81896746,2.15239467
2023-10-06,7.71738434,2.86406934,2.17782498
2023-10-09,7.71738434,2.8753497,2.19155367
2023-10-10,7.71738434,2.89211011,2.20296726
2023-10-11,7.71738434,2.91276002,2.21242462
2023-10-12,7.71738434,2.89453673,2.19860486
2023-10-13,7.71738434,2.85892831,2.18757037
2023-10-16,7.71738434,2.89320628,2.2107463
2023-10-17,7.71738434,2.88590705,2.2105291
2023-10-18,7.71738434,2.83911198,2.18090841
2023-10-19,7.71738434,2.81179193,2.16240809
2023-10-20,7.71738434,2.76863897,2.13519357
2023-10-23,7.71738434,2.77600004,2.13159456
2023-10-24,7.71738434,2.80191697,2.14708228
2023-10-25,7.71738434,2.73396867,2.11629392
2023-10-26,7.71738434,2.68586022,2.09125283
2023-10-27,7.71738434,2.69596757,2.08121423
2023-10-30,7.71738434,2.72720066,2.10620966
2023-10-31,7.71738434,2.74037017,2.11984727
2023-11-01,7.71738434,2.78519905,2.14211839
2023-11-02,7.71738434,2.8348239,2.18251565
2023-11-03,7.71738434,2.87407881,2.20301761
2023-11-06,7.71738434,2.88271494,2.20687949
2023-11-07,7.71738434,2.90853379,2.21314729
2023-11-08,7.71738434,2.91078341,2.21537131
2023-11-09,7.71738434,2.88328427,2.19746261
2023-11-10,7.71738434,2.94227867,2.23177915
2023-11-13,7.71738434,2.93580262,2.22991375
2023-11-14,7.71738434,3.00545454,2.27244939
2023-11-15,7.71738434,3.00747176,2.27607852
2023-11-16,7.71738434,3.0095679,2.27878803
2023-11-17,7.71738434,3.01208636,2.28170954
2023-11-20,7.71738434,3.04600179,2.29857201
2023-11-21,7.71738434,3.02797257,2.29392676
2023-11-22,7.71738434,3.04202065,2.30324269
2023-11-24,7.71738434,3.0388198,2.30461743
2023-11-27,7.71738434,3.03672365,2.30011385
2023-11-28,7.71738434,3.04541101,2.30236823
2023-11-29,7.71738434,3.04044907,2.30018962
2023-11-30,7.71738434,3.03356777,2.3088937
2023-12-01,7.71738434,3.05037316,2.32245555
2023-12-04,7.71738434,3.02488271,2.30989453
2023-12-05,7.71738434,3.03435471,2.3085805
2023-12-06,7.71738434,3.01661329,2.29956272
2023-12-07,7.71738434,3.05782795,2.31788607
2023-12-08,7.71738434,3.07147079,2.32737896
2023-12-11,7.71738434,3.07755244,2.33651275
2023-12-12,7.71738434,3.0990703,2.34725921
2023-12-13,7.71738434,3.14183718,2.37930088
2023-12-14,7.71738434,3.14772246,2.38559904
2023-12-15,7.71738434,3.15888767,2.38541714
2023-12-18,7.71738434,3.17826878,2.39621913
2023-12-19,7.71738434,3.19925354,2.41027633
2023-12-20,7.71738434,3.15121548,2.37488319
2023-12-21,7.71738434,3.19086272,2.39934797
2023-12-22,7.71738434,3.19706786,2.40333103
2023-12-26,7.71738434,3.21446818,2.41350118
2023-12-27,7.71738434,3.21971583,2.41695359
2023-12-28,7.71738434,3.21885434,2.41784829
2023-12-29,7.71738434,3.20098714,2.4110143
2024-01-02,7.71738434,3.14865663,2.39736656
2024-01-03,7.71738434,3.11161073,2.37814852
2024-01-04,7.71738434,3.09414438,2.36999532
2024-01-05,7.71738434,3.09708078,2.37432218
2024-01-08,7.71738434,3.16525273,2.40783486
2024-01-09,7.71738434,3.16822536,2.40427632
2024-01-10,7.71738434,3.19209529,2.41789888
2024-01-11,7.71738434,3.19221045,2.41627634
2024-01-12,7.71738434,3.19275833,2.4180909
2024-01-16,7.71738434,3.18670021,2.40906818
2024-01-17,7.71738434,3.16777973,2.39553669
2024-01-18,7.71738434,3.21043374,2.41663002
2024-01-19,7.71738434,3.26487748,2.4463872
2024-01-22,7.71738434,3.27539443,2.45175537
2024-01-23,7.71738434,3.28939357,2.45891786
2024-01-24,7.71738434,3.30133052,2.46091433
2024-01-25,7.71738434,3.30742487,2.47385964
2024-01-26,7.71738434,3.29566701,2.47224721
2024-01-29,7.71738434,3.33248885,2.49092943
2024-01-30,7.71738434,3.30729701,2.48943325
2024-01-31,7.71738434,3.23354006,2.44933908
2024-02-01,7.71738434,3.27568222,2.47994036
2024-02-02,7.71738434,3.33268293,2.50643714
2024-02-05,7.71738434,3.32601488,2.49845079
2024-02-06,7.71738434,3.32842879,2.50422324
2024-02-07,7.71738434,3.35991115,2.52486169
2024-02-08,7.71738434,3.36781594,2.52630233
2024-02-09,7.71738434,3.40981317,2.54080922
2024-02-12,7.71738434,3.39955422,2.53839811
2024-02-13,7.71738434,3.33836559,2.50368741
2024-02-14,7.71738434,3.38177031,2.52767214
2024-02-15,7.71738434,3.39179665,2.54238635
2024-02-16,7.71738434,3.36396496,2.53017408
2024-02-20,7.71738434,3.33307317,2.51497957
2024-02-21,7.71738434,3.32243044,2.518159
2024-02-22,7.71738434,3.42067976,2.57134979
2024-02-23,7.71738434,3.41112674,2.57224448
2024-02-26,7.71738434,3.40674038,2.56250403
2024-02-27,7.71738434,3.41933203,2.56687656
2024-02-28,7.71738434,3.40066102,2.56262028
2024-02-29,7.71738434,3.43140558,2.57602046
2024-03-01,7.71738434,3.47043247,2.59664879
2024-03-04,7.71738434,3.4560537,2.59355031
2024-03-05,7.71738434,3.39892304,2.56711399
2024-03-06,7.71738434,3.4185303,2.58031179
2024-03-07,7.71738434,3.4700997,2.60689965
2024-03-08,7.71738434,3.42995352,2.58988046
2024-03-11,7.71738434,3.41591377,2.586974
2024-03-12,7.71738434,3.46844919,2.61595273
2024-03-13,7.71738434,3.44971196,2.61091825
2024-03-14,7.71738434,3.43921229,2.60342207
2024-03-15,7.71738434,3.40608359,2.5865443
2024-03-18,7.71738434,3.43386427,2.60288624
2024-03-19,7.71738434,3.44737071,2.61759033
2024-03-20,7.71738434,3.49057698,2.64089781
2024-03-21,7.71738434,3.49749222,2.64944517
2024-03-22,7.71738434,3.50324547,2.64573015
2024-03-25,7.71738434,3.49378846,2.63764754
2024-03-26,7.71738434,3.47912399,2.63026266
2024-03-27,7.71738434,3.49699744,2.65296348
2024-03-28,7.71738434,3.49271998,2.65592547
2024-04-01,7.71738434,3.49642395,2.65057754
2024-04-02,7.71738434,3.46307784,2.63138986
2024-04-03,7.71738434,3.47096972,2.63426102
2024-04-04,7.71738434,3.4222705,2.60176916
2024-04-05,7.71738434,3.46479853,2.6306467
2024-04-08,7.71738434,3.46595864,2.62966118
2024-04-09,7.71738434,3.47719194,2.63346234
2024-04-10,7.71738434,3.44813204,2.60855774
2024-04-11,7.71738434,3.50609836,2.62797792
2024-04-12,7.71738434,3.44914055,2.58973903
2024-04-15,7.71738434,3.38728659,2.55860686
2024-04-16,7.71738434,3.38307098,2.55334507
2024-04-17,7.71738434,3.34428731,2.5385852
2024-04-18,7.71738434,3.32682951,2.53297959
2024-04-19,7.71738434,3.25870212,2.51079437
2024-04-22,7.71738434,3.29480323,2.53271674
2024-04-23,7.71738434,3.34711688,2.56301962
2024-04-24,7.71738434,3.35055222,2.56356557
2024-04-25,7.71738434,3.32901728,2.55183359
2024-04-26,7.71738434,3.39643041,2.57788562
2024-04-29,7.71738434,3.40819681,2.5860793
2024-04-30,7.71738434,3.33883913,2.54539895
2024-05-01,7.71738434,3.3276783,2.53665438
2024-05-02,7.71738434,3.37789143,2.55981007
2024-05-03,7.71738434,3.44514026,2.59195294
2024-05-06,7.71738434,3.48627807,2.61871777
2024-05-07,7.71738434,3.48271904,2.62223583
2024-05-08,7.71738434,3.4763646,2.62222053
2024-05-09,7.71738434,3.48564044,2.63557012
2024-05-10,7.71738434,3.48449117,2.63991722
2024-05-13,7.71738434,3.49459227,2.6392802
2024-05-14,7.71738434,3.5208076,2.65204855
2024-05-15,7.71738434,3.57011052,2.68311976
2024-05-16,7.71738434,3.56071306,2.67753439
2024-05-17,7.71738434,3.55807966,2.68065311
2024-05-20,7.71738434,3.58130092,2.68310964
2024-05-21,7.71738434,3.58935065,2.68982244
2024-05-22,7.71738434,3.5827232,2.68254345
2024-05-23,7.71738434,3.56875404,2.66274416
2024-05-24,7.71738434,3.60815181,2.68138615
2024-05-28,7.71738434,3.62928192,2.68205328
2024-05-29,7.71738434,3.60810724,2.66229447
2024-05-30,7.71738434,3.56897811,2.64638716
2024-05-31,7.71738434,3.56853872,2.66763203
2024-06-03,7.71738434,3.58850852,2.67060933
2024-06-04,7.71738434,3.5945604,2.67462275
2024-06-05,7.71738434,3.66511004,2.70631074
2024-06-06,7.71738434,3.66195812,2.70576997
2024-06-07,7.71738434,3.6534311,2.70275245
2024-06-10,7.71738434,3.6660971,2.70972786
2024-06-11,7.71738434,3.69830058,2.71707225
2024-06-12,7.71738434,3.75478486,2.74017735
2024-06-13,7.71738434,3.76739171,2.74660212
2024-06-14,7.71738434,3.77193801,2.74552034
2024-06-17,7.71738434,3.80779153,2.76656307
2024-06-18,7.71738434,3.8089027,2.77353848
2024-06-20,7.71738434,3.7789128,2.76653271
2024-06-21,7.71738434,3.77204005,2.76221103
2024-06-24,7.71738434,3.73098344,2.75374438
2024-06-25,7.71738434,3.77807276,2.76457648
2024-06-26,7.71738434,3.79673315,2.76892358
2024-06-27,7.71738434,3.80814554,2.77143589
2024-06-28,7.71738434,3.7812605,2.7601183
2024-07-01,7.71738434,3.81254273,2.76750318
2024-07-02,7.71738434,3.84441304,2.78464874
2024-07-03,7.71738434,3.87843321,2.79880713
2024-07-05,7.71738434,3.91350209,2.81405717
2024-07-08,7.71738434,3.92437305,2.81691822
2024-07-09,7.71738434,3.92982102,2.81900576
2024-07-10,7.71738434,3.97634102,2.84778236
2024-07-11,7.71738434,3.89871413,2.82282716
2024-07-12,7.71738434,3.9232448,2.83840077
2024-07-15,7.71738434,3.93905022,2.84642267
2024-07-16,7.71738434,3.94689088,2.86460953
2024-07-17,7.71738434,3.83762358,2.82471256
2024-07-18,7.71738434,3.81081976,2.80263346
2024-07-19,7.71738434,3.78005354,2.78262192
2024-07-22,7.71738434,3.83989465,2.81265207
2024-07-23,7.71738434,3.83771521,2.80826967
2024-07-24,7.71738434,3.69805736,2.74326077
2024-07-25,7.71738434,3.66379229,2.72915322
2024-07-26,7.71738434,3.7013563,2.75942081
2024-07-29,7.71738434,3.70398304,2.76166508
2024-07-30,7.71738434,3.65647807,2.74796674
2024-07-31,7.71738434,3.75285739,2.79136648
2024-08-01,7.71738434,3.66644277,2.75314289
2024-08-02,7.71738434,3.57731146,2.702535
2024-08-05,7.71738434,3.45446941,2.62154328
2024-08-06,7.73981496,3.49003098,2.64868696
2024-08-07,7.70149936,3.45355878,2.6282003
2024-08-08,7.81652197,3.55254589,2.6887609
2024-08-09,7.83462492,3.57073107,2.70132192
2024-08-12,7.84112121,3.5782602,2.70143817
2024-08-13,7.94127025,3.66504798,2.74695086
2024-08-14,7.94117609,3.66611209,2.75745446
2024-08-15,8.0482997,3.75181244,2.80194115
2024-08-16,8.05220364,3.7597493,2.8075164
2024-08-19,8.10752536,3.81200298,2.83481187
2024-08-20,8.09768257,3.79924494,2.82918603
2024-08-21,8.11623715,3.82100603,2.84118087
2024-08-22,8.04769567,3.75711132,2.81580115
2024-08-23,8.09326757,3.81222038,2.84813604
2024-08-26,8.04591906,3.77980407,2.8391538
2024-08-27,8.05798314,3.78599879,2.8436828
2024-08-28,8.0092202,3.74360904,2.82668903
2024-08-29,7.99919787,3.7351649,2.82657772
2024-08-30,8.0502087,3.77721315,2.85510651
2024-09-03,7.92638622,3.65410705,2.79471794
2024-09-04,7.91539729,3.64301869,2.79023929
2024-09-05,7.91855541,3.65226454,2.7818183
2024-09-06,7.81796354,3.55911586,2.73380342
2024-09-09,7.86553605,3.60043485,2.76546105
2024-09-10,7.90151805,3.63056135,2.77783005
2024-09-11,7.99055337,3.70938437,2.80745568
2024-09-12,8.030595,3.74651981,2.82849841
2024-09-13,8.04917007,3.77089306,2.84379412
2024-09-16,8.02826352,3.75130725,2.84736771
2024-09-17,8.02746316,3.75896882,2.84812098
2024-09-18,8.00864457,3.74729197,2.83987153
2024-09-19,8.12065376,3.84126153,2.88808361
2024-09-20,8.10990332,3.82726031,2.88247776
2024-09-23,8.1172118,3.83279366,2.89057543
2024-09-24,8.13837243,3.85417075,2.89783418
2024-09-25,8.14189696,3.85581085,2.89244059
2024-09-26,8.17394832,3.87885719,2.90412222
2024-09-27,8.14812968,3.86378145,2.90048272
2024-09-30,8.15841421,3.87861855,2.91277077
2024-10-01,8.09609855,3.8191656,2.88561178
2024-10-02,8.10143335,3.82231294,2.88601113
2024-10-03,8.09500411,3.82089733,2.88115855
2024-10-04,8.1475621,3.86767512,2.90700326
2024-10-07,8.09798164,3.82205306,2.87913666
2024-10-08,8.16434797,3.87728581,2.90703362
2024-10-09,8.20042126,3.90046459,2.92771254
2024-10-10,8.19442105,3.89842426,2.92165182
2024-10-11,8.20092097,3.91140802,2.93933321
2024-10-14,8.23894818,3.94547276,2.96198861
2024-10-15,8.17509527,3.90557605,2.93944946
2024-10-16,8.17439918,3.91655572,2.95320357
2024-10-17,8.17690046,3.91794801,2.9526981
2024-10-18,8.20576326,3.9426711,2.9644249
2024-10-21,8.21234665,3.95343086,2.95902143
2024-10-22,8.21518545,3.96190915,2.95761633
2024-10-23,8.14413092,3.89727269,2.93043192
2024-10-24,8.1808938,3.92687859,2.93671996
2024-10-25,8.20462718,3.94886749,2.93584057
2024-10-28,8.2008527,3.9592266,2.94362478
2024-10-29,8.24665126,3.99026561,2.94837617
2024-10-30,8.20940011,3.96791396,2.93864584
2024-10-31,8.09462684,3.85857003,2.88394382
2024-11-01,8.12616702,3.88944037,2.89574639
2024-11-04,8.10922318,3.87665901,2.88760331
2024-11-05,8.16756114,3.931928,2.92302163
2024-11-06,8.30046461,4.0479935,2.99696217
2024-11-07,8.37929103,4.10897743,3.01923329
2024-11-08,8.38468247,4.11267035,3.03057604
2024-11-11,8.37951756,4.11522504,3.03351286
2024-11-12,8.36718423,4.11152337,3.02473794
2024-11-13,8.3599733,4.10071654,3.02544037
2024-11-14,8.32210134,4.0744733,3.00713726
2024-11-15,8.20713558,3.98330748,2.96743255
2024-11-18,8.23893428,4.00712431,2.9790584
2024-11-19,8.27203944,4.04884645,2.99086615
2024-11-20,8.26789211,4.04429807,2.9909318
2024-11-21,8.28477434,4.04563705,3.00690476
2024-11-22,8.29208725,4.05229657,3.01733258
2024-11-25,8.29816907,4.0632121,3.02644638
2024-11-26,8.32450946,4.08868568,3.04376372
2024-11-27,8.28487818,4.06441489,3.03219365
2024-11-29,8.32779835,4.09804024,3.04919754
2024-12-02,8.38173617,4.13765541,3.05666337
2024-12-03,8.39698249,4.15406639,3.0580433
2024-12-04,8.46089082,4.20827336,3.0765488
2024-12-05,8.44571858,4.20084002,3.07079634
2024-12-06,8.49259135,4.23485353,3.07845937
2024-12-09,8.44883156,4.20860821,3.05954466
2024-12-10,8.43031433,4.19806376,3.05047652
2024-12-11,8.52567271,4.27219597,3.07538606
2024-12-12,8.49024077,4.24403775,3.05873585
2024-12-13,8.53039925,4.24913005,3.0586549
2024-12-16,8.60828502,4.30183602,3.07027581
2024-12-17,8.59158667,4.2880118,3.05841228
2024-12-18,8.46468872,4.1352544,2.968211
2024-12-19,8.44902466,4.13100672,2.96564316
2024-12-20,8.47789941,4.17361805,2.99787711
2024-12-23,8.51061993,4.21461968,3.01972346
2024-12-24,8.55900423,4.27139424,3.05306953
2024-12-26,8.55570293,4.26909736,3.05183103
2024-12-27,8.50812025,4.20548211,3.01809079
2024-12-30,8.46092171,4.15532,2.9857912
2024-12-31,8.43158685,4.11779014,2.97299768
2025-01-02,8.42301565,4.11139301,2.96638607
2025-01-03,8.47870068,4.18408378,3.00375075
2025-01-06,8.51802168,4.2359647,3.02038565
2025-01-07,8.45583958,4.15593639,2.98684755
2025-01-08,8.45472399,4.15363367,2.99150811
2025-01-10,8.40129493,4.08598398,2.94540405
2025-01-13,8.3892977,4.07030434,2.95004437
2025-01-14,8.38574817,4.06098393,2.95342595
2025-01-15,8.46407219,4.16053183,3.00751143
2025-01-16,8.43973363,4.12365418,3.00115749
2025-01-17,8.4980457,4.18590046,3.03114223
2025-01-21,8.51667692,4.21289212,3.05771997
2025-01-22,8.56139528,4.26674757,3.07648808
2025-01-23,8.56876757,4.27620251,3.09283496
2025-01-24,8.54784601,4.25501117,3.0840045
2025-01-27,8.4455044,4.12440926,3.03903751
2025-01-28,8.49664745,4.20794725,3.06705096
2025-01-29,8.48951757,4.18635276,3.05270055
2025-01-30,8.50383846,4.19689304,3.06880481
2025-01-31,8.49813833,4.18531198,3.05331709
2025-02-03,8.46765577,4.13509906,3.03008563
2025-02-04,8.51021179,4.19097985,3.05197764
2025-02-05,8.52524484,4.19914911,3.06390682
2025-02-06,8.54367391,4.22040042,3.07507261
2025-02-07,8.49835038,4.16312692,3.04596776
2025-02-10,8.54034788,4.20382743,3.06641394
2025-02-11,8.53137069,4.18881332,3.06745524
2025-02-12,8.53284357,4.19011191,3.0590999
2025-02-13,8.58512719,4.25316449,3.09099497
2025-02-14,8.59954473,4.27046424,3.09077259
2025-02-18,8.60619216,4.27355411,3.09832949
2025-02-19,8.60683724,4.27675059,3.10569413
2025-02-20,8.59034774,4.25672956,3.09223347
2025-02-21,8.5144984,4.16325686,3.03946721
2025-02-24,8.47161204,4.11270242,3.02436377
2025-02-25,8.42524274,4.05714565,3.01021057
2025-02-26,8.43309955,4.0675664,3.01062003
2025-02-27,8.34116478,3.95437128,2.96285788
2025-02-28,8.39327728,4.01895234,3.00983146
2025-03-03,8.32113587,3.912954,2.95686824
2025-03-04,8.31086773,3.89908729,2.92069147
2025-03-05,8.35205265,3.9561434,2.95328428
2025-03-06,8.26591455,3.85304917,2.90065969
2025-03-07,8.28711325,3.88012204,2.91667312
2025-03-10,8.17354179,3.72490616,2.83800143
2025-03-11,8.16159797,3.71803549,2.81652382
2025-03-12,8.20689092,3.76331646,2.8302878
2025-03-13,8.13356875,3.68965571,2.79097232
2025-03-14,8.23438238,3.78584303,2.85032477
2025-03-17,8.25995627,3.79747948,2.86861283
2025-03-18,8.18827791,3.73253983,2.83805203
2025-03-19,8.24382711,3.78513918,2.86869872
2025-03-20,8.22819965,3.77252441,2.86243092
2025-03-21,8.24161115,3.79223183,2.86479143
2025-03-24,8.33707015,3.87849485,2.91534354
2025-03-25,8.3622408,3.89625107,2.91993326
2025-03-26,8.28086136,3.81674752,2.88735576
2025-03-27,8.25549397,3.79649201,2.87780733
2025-03-28,8.1479496,3.6939163,2.82100741
2025-03-31,8.14562985,3.68886231,2.83663162
2025-04-01,8.17807861,3.72097626,2.84735759
2025-04-02,8.20791658,3.75320932,2.86651517
2025-04-03,8.01129487,3.5292155,2.72778835
2025-04-04,7.76219983,3.32390603,2.56480407
2025-04-07,7.77044146,3.32720476,2.5588243
2025-04-08,7.61829149,3.25569555,2.51864942
2025-04-09,9.24137786,3.65169105,2.75830868
2025-04-10,8.71440741,3.49439402,2.66285029
2025-04-11,8.94566607,3.56628723,2.71102683
2025-04-14,9.02152388,3.58910784,2.73256516
2025-04-15,9.02860885,3.58733572,2.72784388
2025-04-16,8.65345614,3.47730293,2.66671735
2025-04-17,8.64882426,3.47288678,2.67025565
2025-04-21,8.35180069,3.38427586,2.60732442
2025-04-22,8.6678966,3.47586566,2.67281312
2025-04-23,8.9459546,3.56278796,2.71734523
2025-04-24,9.32053498,3.66044838,2.77239623
2025-04-25,9.46810194,3.70669974,2.79283748
2025-04-28,9.45608888,3.70311551,2.79462687
2025-04-29,9.54543622,3.7234135,2.81084244
2025-04-30,9.53723095,3.7202191,2.81500247
2025-05-01,9.72155279,3.77659925,2.83273445
2025-05-02,9.93091155,3.83353166,2.87445093
2025-05-05,9.83554493,3.8050665,2.85610734
2025-05-06,9.69664882,3.77210419,2.83413462
2025-05-07,9.74426988,3.78244622,2.84645278
2025-05-08,9.8918957,3.82295724,2.86296156
2025-05-09,9.87974346,3.82312341,2.86092462
2025-05-12,10.51047939,3.9893252,2.95407285
2025-05-13,10.75499246,4.0536697,2.97548456
2025-05-14,10.85099502,4.08282373,2.97853269
2025-05-15,10.86662841,4.0754691,2.99084098
2025-05-16,10.9359358,4.09653258,3.01179263
2025-05-19,10.94103787,4.09746258,3.0144313
2025-05-20,10.88311897,4.08194953,3.00273462
2025-05-21,10.65456779,4.02436034,2.9542851
2025-05-22,10.68176464,4.03568318,2.95297083
2025-05-23,10.5309062,3.99548161,2.93316142
2025-05-27,10.90838405,4.09398664,2.99317113
2025-05-28,10.83222979,4.07304228,2.9764955
2025-05-29,10.86103513,4.08902012,2.9884348
2025-05-30,10.83231371,4.07577813,2.98819219
2025-06-02,10.95577493,4.10325166,3.00044988
2025-06-03,11.08358021,4.13659172,3.01785336
2025-06-04,11.12852858,4.14971209,3.01807574
2025-06-05,10.99848522,4.11515882,3.00214819
2025-06-06,11.16263098,4.16452337,3.03301233
2025-06-09,11.1748561,4.17759293,3.03580254
2025-06-10,11.28699824,4.20398111,3.05244781
2025-06-11,11.22616011,4.18284725,3.04407224
2025-06-12,11.26422858,4.19278613,3.05570796
2025-06-13,11.04660194,4.13826972,3.02118952
2025-06-16,11.27716097,4.20104285,3.04956653
2025-06-17,11.10667206,4.16263422,3.02409598
2025-06-18,11.10093994,4.16800348,3.02316081
2025-06-20,11.02437361,4.14692293,3.01657438
2025-06-23,11.19385301,4.18606497,3.04555311
2025-06-24,11.45968841,4.24610391,3.0794249
2025-06-25,11.50259364,4.25911599,3.07941478
2025-06-26,11.66655095,4.30056076,3.10411206
2025-06-27,11.72472894,4.32306818,3.12031233
2025-06-30,11.83622629,4.34359648,3.13642696
2025-07-01,11.6799167,4.30801992,3.13291877
2025-07-02,11.80446968,4.34858633,3.14778477
2025-07-03,11.98431117,4.39293312,3.17403401
2025-07-07,11.84838652,4.35272072,3.14907881
2025-07-08,11.85485631,4.35398766,3.14682442
2025-07-09,11.97052039,4.39511673,3.1659008
2025-07-10,11.94407002,4.39923655,3.17459501
2025-07-11,11.90407429,4.38961295,3.16412671
2025-07-14,11.95753629,4.40129854,3.16857995
2025-07-15,11.96494869,4.40928871,3.1560441
2025-07-16,11.97981963,4.4205241,3.16612342
2025-07-17,12.11596016,4.45361011,3.18313743
2025-07-18,12.09732009,4.45574248,3.1828494
2025-07-21,12.17003159,4.4724879,3.18730264
2025-07-22,12.07835328,4.4551111,3.18933465
2025-07-23,12.15393205,4.48226269,3.21424937
2025-07-24,12.18653924,4.49035323,3.21649363
2025-07-25,12.22616375,4.50109175,3.22927703
2025-07-28,12.25946615,4.51607379,3.22984816
2025-07-29,12.22867036,4.49895271,3.22028961
2025-07-30,12.24917494,4.50564429,3.21626607
2025-07-31,12.1544007,4.50410457,3.20438255
2025-08-01,11.81303632,4.40338844,3.15313764
2025-08-04,12.11482611,4.48941906,3.19960574
2025-08-05,11.98826381,4.46019924,3.18406249
2025-08-06,12.15098166,4.5141205,3.20724853
2025-08-07,12.18694993,4.52974641,3.20469082
2025-08-08,12.31369966,4.57395494,3.22968649
2025-08-11,12.28029883,4.5601757,3.22159895
2025-08-12,12.39885889,4.6234007,3.25814939
2025-08-13,12.40109365,4.6300623,3.26867347
2025-08-14,12.3957846,4.62953546,3.26966417
2025-08-15,12.36679547,4.61083675,3.26019152
2025-08-18,12.36238217,4.61228443,3.25986301
2025-08-19,12.28001293,4.54515284,3.24076639
2025-08-20,12.24507692,4.51485392,3.23288592
2025-08-21,12.21726471,4.49938377,3.21994086
2025-08-22,12.3059362,4.58387466,3.26884031
2025-08-25,12.28697916,4.57379918,3.25489418
2025-08-26,12.30865113,4.5940526,3.2683499
2025-08-27,12.31659033,4.60383405,3.27616447
2025-08-28,12.35249651,4.62836056,3.2865064
2025-08-29,12.28382871,4.57513441,3.26547873
2025-09-02,12.2320132,4.53762163,3.24287417
2025-09-03,12.27691823,4.58412871,3.25941307
2025-09-04,12.32895144,4.62889991,3.28661772
2025-09-05,12.33294004,4.62734352,3.27621507
2025-09-08,12.35994383,4.64830663,3.28311471
2025-09-09,12.37626419,4.66553433,3.29194022
2025-09-10,12.37459096,4.66693537,3.30176163
2025-09-11,12.40864123,4.70041578,3.32978002
2025-09-12,12.41689187,4.72131933,3.32817253
2025-09-15,12.41689187,4.76559825,3.34383697
2025-09-16,12.41689187,4.76244466,3.33953034
2025-09-17,12.41689187,4.74695701,3.33629043
2025-09-18,12.41689187,4.79160701,3.35226833
2025-09-19,12.41689187,4.82588707,3.36864556
2025-09-22,12.41689187,4.85947202,3.38350144
2025-09-23,12.41689187,4.81351719,3.36488488
2025-09-24,12.41689187,4.797394,3.35530634
2025-09-25,12.41689187,4.77326398,3.3384994
2025-09-26,12.41689187,4.79445365,3.35820268
2025-09-29,12.41689187,4.81728717,3.36705337
2025-09-30,12.41689187,4.83197059,3.38082748
2025-10-01,12.41689187,4.85226025,3.39232202
2025-10-02,12.41689187,4.87121509,3.39441968
2025-10-03,12.41689187,4.85766575,3.39464206
2025-10-06,12.41689187,4.89203118,3.40702094
2025-10-07,12.41689187,4.85933958,3.3940354
2025-10-08,12.41689187,4.9137198,3.41381469
2025-10-09,12.41689187,4.90972159,3.40440769
2025-10-10,12.41689187,4.7348237,3.3121085
2025-10-13,12.41689187,4.83934854,3.36377299
2025-10-14,12.41689187,4.80247756,3.35851095
2025-10-15,12.41689187,4.83411796,3.37203232
2025-10-16,12.41689187,4.81118616,3.35080744
2025-10-17,12.41689187,4.83622702,3.3684686
2025-10-20,12.41689187,4.90245193,3.40441781
2025-10-21,12.41689187,4.89459004,3.40452912
2025-10-22,12.41689187,4.84911291,3.38635731
2025-10-23,12.41689187,4.89205909,3.40609095
2025-10-24,12.41689187,4.94815521,3.43300732
2025-10-27,12.41689187,5.04040013,3.47519915
2025-10-28,12.41689187,5.08092156,3.48315021
2025-10-29,12.41689187,5.10885154,3.48299842
2025-10-30,12.41689187,5.02839051,3.44849998
2025-10-31,12.41689187,5.05905844,3.45752788
2025-11-03,12.41689187,5.08246337,3.46347729
2025-11-04,12.41689187,4.97881272,3.42282705
2025-11-05,12.41689187,5.01104578,3.43533254
2025-11-06,12.41689187,4.91598212,3.39693174
2025-11-07,12.41689187,4.90543726,3.40121813
2025-11-10,12.41689187,5.01688192,3.45360035
2025-11-11,12.41689187,5.00432879,3.46076779
2025-11-12,12.41689187,4.9911422,3.4629464
2025-11-13,12.41689187,4.87682508,3.4056109
2025-11-14,12.41689187,4.88327136,3.40390221
2025-11-17,12.41689187,4.84221892,3.37271476
2025-11-18,12.41689187,4.78353146,3.34486815
2025-11-19,12.41689187,4.81154683,3.35742424
2025-11-20,12.41689187,4.70787494,3.30515826
2025-11-21,12.41689187,4.74946256,3.33762495
2025-11-24,12.41689187,4.87717701,3.38924872
2025-11-25,12.41689187,4.90992608,3.41996106
2025-11-26,12.41689187,4.95024927,3.44358175
2025-11-28,12.41689187,4.98244818,3.46202135
2025-12-01,12.41689187,4.96330592,3.44359187
2025-12-02,12.41689187,4.99267943,3.45205358
2025-12-03,12.41689187,5.00129848,3.46233998
2025-12-04,12.41689187,5.01218444,3.46608042
2025-12-05,12.41689187,5.02774871,3.47279298
2025-12-08,12.41689187,5.02087596,3.46071719
2025-12-09,12.41689187,5.02739887,3.45768436
2025-12-10,12.41689187,5.04395895,3.4810222
2025-12-11,12.41689187,5.03110263,3.48826046
2025-12-12,12.41689187,4.94608697,3.45106288
2025-12-15,12.41689187,4.91671138,3.44555304
2025-12-16,12.41689187,4.92823705,3.43733912
2025-12-17,12.41689187,4.83907366,3.39749299
2025-12-18,12.41689187,4.90582542,3.42444959
2025-12-19,12.41689187,4.97006539,3.45464659
2025-12-22,12.41689187,4.99591214,3.47688241
2025-12-23,12.41689187,5.02427485,3.49270358
2025-12-24,12.41689187,5.03525035,3.50395526
2025-12-26,12.41689187,5.03094062,3.50288878
2025-12-29,12.41689187,5.00561863,3.49065652
2025-12-30,12.41689187,4.99383308,3.48585454
2025-12-31,12.41689187,4.95607083,3.46020678
2026-01-02,12.41689187,4.95471477,3.46676286
2026-01-05,12.41689187,4.98887321,3.48879111
2026-01-06,12.41689187,5.02114667,3.51041014
2026-01-07,12.41689187,5.02905979,3.4983346
2026-01-08,12.41689187,5.00682767,3.49860239
2026-01-09,12.41689187,5.04762647,3.52125755
2026-01-12,12.41689187,5.06096467,3.5268128
2026-01-13,12.41689187,5.05584029,3.51997388
2026-01-14,12.41689187,5.00506429,3.50120059
2026-01-15,12.41689187,5.01748956,3.51023343
2026-01-16,12.41689187,5.01437012,3.5079788
2026-01-20,12.41689187,4.89472873,3.43562057
2026-01-21,12.41689187,4.95240955,3.47543165
2026-01-22,12.41689187,4.99744521,3.49450309
2026-01-23,12.41689187,5.01135273,3.49564534
2026-01-26,12.41689187,5.03270191,3.51314483
2026-01-27,12.41689187,5.07870588,3.52748512
2026-01-28,12.41689187,5.08730995,3.52719684
2026-01-29,12.41689187,5.05056266,3.52263748
2026-01-30,12.41689187,5.00294691,3.50748344
2026-02-02,12.41689187,5.03072946,3.52639322
2026-02-03,12.41689187,4.9588854,3.49675747
2026-02-04,12.41689187,4.88412223,3.47902055
2026-02-05,12.41689187,4.80650575,3.43639901
2026-02-06,12.41689187,4.91112471,3.50408163
2026-02-09,12.41689187,4.95536281,3.52051958
2026-02-10,12.41689187,4.92631999,3.50888879
2026-02-11,12.41689187,4.91864343,3.50871701
2026-02-12,12.41689187,4.8185666,3.45376695
2026-02-13,12.41689187,4.80780225,3.45549069
2026-02-17,12.41689187,4.81456422,3.45905441
2026-02-18,12.41689187,4.85193415,3.47830775
2026-02-19,12.41689187,4.83681551,3.46849153
2026-02-20,12.41689187,4.88017525,3.49256191
2026-02-23,12.41689187,4.82498914,3.45628937
2026-02-24,12.41689187,4.87540072,3.48273557
2026-02-25,12.41689187,4.93689858,3.51107234
2026-02-26,12.41689187,4.87853556,3.4922334
2026-02-27,12.41689187,4.83371939,3.47707937
2026-03-02,12.41689187,4.85091669,3.47846448
2026-03-03,12.41689187,4.80140929,3.44561375
2026-03-04,12.41689187,4.86341692,3.4723381
2026-03-05,12.41689187,4.85094459,3.45273083
2026-03-06,12.41689187,4.77389953,3.40688963
2026-03-09,12.41689187,4.83963424,3.43518099
2026-03-10,12.41689187,4.83987955,3.42784647
2026-03-11,12.41689187,4.84393773,3.4249753
2026-03-12,12.41689187,4.75775759,3.37282089
2026-03-13,12.41689187,4.71369817,3.35238457
2026-03-16,12.41689187,4.77102082,3.38634719
2026-03-17,12.41689187,4.79348534,3.3947936
2026-03-18,12.41689187,4.72373325,3.34859872
2026-03-19,12.41689187,4.71056998,3.3393941
2026-03-20,12.41689187,4.61608856,3.28884174
2026-03-23,12.41689187,4.67987873,3.32650951
2026-03-24,12.41689187,4.64045764,3.3140598
2026-03-25,12.41689187,4.6762666,3.3320191
2026-03-26,12.41689187,4.56501186,3.2740214
2026-03-27,12.38684256,4.46698203,3.21927373
2026-03-30,12.37481227,4.43420338,3.20657128
2026-03-31,12.47857174,4.60393859,3.29998236
